"Z","Y","gender","age","income","income.missing","race","education","smoking.ever","smoking.now","location_region","hidden_confounder","Y0","Y1","true_unit_ATT","dataset_id","dataset_label","scenario_order","scenario_class","omitted_confounding_strength","ps","w"
1,3.5998749875267,"Male",32,54453,1,"White","Some college","Never",0,"North",-1.58520290819562,2.6998749875267,3.5998749875267,0.9,"hidden_h2_weak","H2: weak hidden variable",2,"weak_hidden",0.06,0.175321176732181,1
1,5.14198032735794,"Male",30,72909,0,"Mexican American","College+","Never",0,"Coastal",1.24315279488556,4.24198032735794,5.14198032735794,0.9,"hidden_h2_weak","H2: weak hidden variable",2,"weak_hidden",0.06,0.170642331928085,1
0,2.67551609284972,"Male",45,55421,0,"Black","<HS","Ever",2,"South",-1.77793753615003,2.67551609284972,3.57551609284971,0.9,"hidden_h2_weak","H2: weak hidden variable",2,"weak_hidden",0.06,0.287270062034035,1.25839614434065
0,4.34657892941336,"Male",47,57985,0,"Black","Some college","Ever",6,"Coastal",0.392983434989814,4.34657892941336,5.24657892941336,0.9,"hidden_h2_weak","H2: weak hidden variable",2,"weak_hidden",0.06,0.266900173041732,1.13667877538586
0,2.82225002211614,"Male",53,42401,0,"White","College+","Ever",5,"North",-0.466574580232892,2.82225002211614,3.72225002211614,0.9,"hidden_h2_weak","H2: weak hidden variable",2,"weak_hidden",0.06,0.222426029830838,0.893091402398723
0,4.13651595157407,"Female",47,66418,0,"White","College+","Never",0,"Inland",-2.23787598024699,4.13651595157407,5.03651595157407,0.9,"hidden_h2_weak","H2: weak hidden variable",2,"weak_hidden",0.06,0.169825827857295,0.63868473292603
0,2.37501539555702,"Male",28,49770,0,"Mexican American","Some college","Never",0,"Coastal",-1.03059290219376,2.37501539555702,3.27501539555702,0.9,"hidden_h2_weak","H2: weak hidden variable",2,"weak_hidden",0.06,0.177940618284517,0.675808916602679
0,3.89098222085521,"Female",66,76691,0,"Other","HS","Never",0,"North",-1.02100129206917,3.89098222085521,4.79098222085521,0.9,"hidden_h2_weak","H2: weak hidden variable",2,"weak_hidden",0.06,0.440484185363104,2.45793258255023
1,3.93870468372147,"Female",47,56595,0,"White","College+","Ever",9,"North",0.110255169666016,3.03870468372147,3.93870468372147,0.9,"hidden_h2_weak","H2: weak hidden variable",2,"weak_hidden",0.06,0.198364455766636,1
0,3.719715994579,"Male",67,53850,0,"White","College+","Never",0,"Inland",-0.516707337266665,3.719715994579,4.619715994579,0.9,"hidden_h2_weak","H2: weak hidden variable",2,"weak_hidden",0.06,0.240939411866791,0.991022273830452
0,4.06091879656647,"Male",38,48071,0,"White","Some college","Ever",4,"South",1.24592989970317,4.06091879656647,4.96091879656647,0.9,"hidden_h2_weak","H2: weak hidden variable",2,"weak_hidden",0.06,0.211692407885135,0.838419915696452
1,3.43399837955289,"Male",31,54453,1,"Black","Some college","Never",0,"Coastal",-0.48617286252595,2.53399837955289,3.43399837955289,0.9,"hidden_h2_weak","H2: weak hidden variable",2,"weak_hidden",0.06,0.181345457528639,1
0,3.07088818517646,"Male",18,36135,0,"White","<HS","Never",0,"North",0.297359364670003,3.07088818517646,3.97088818517646,0.9,"hidden_h2_weak","H2: weak hidden variable",2,"weak_hidden",0.06,0.125859021785637,0.449526071210498
0,2.60921905240025,"Male",49,59132,0,"White","HS","Never",0,"Inland",-1.57014824143359,2.60921905240025,3.50921905240025,0.9,"hidden_h2_weak","H2: weak hidden variable",2,"weak_hidden",0.06,0.254275176446374,1.06457772943152
0,2.96252606485161,"Female",56,63836,0,"White","Some college","Ever",3,"North",-0.888335721380648,2.96252606485161,3.86252606485161,0.9,"hidden_h2_weak","H2: weak hidden variable",2,"weak_hidden",0.06,0.286634683561804,1.25449450145203
1,2.78153666932907,"Female",63,59029,0,"Mexican American","<HS","Ever",1,"Coastal",0.104706136137313,1.88153666932907,2.78153666932907,0.9,"hidden_h2_weak","H2: weak hidden variable",2,"weak_hidden",0.06,0.406251608642836,1
0,2.86203410687024,"Male",54,69102,0,"Mexican American","<HS","Never",0,"Inland",0.215205564673192,2.86203410687024,3.76203410687024,0.9,"hidden_h2_weak","H2: weak hidden variable",2,"weak_hidden",0.06,0.32786113536162,1.52294052326725
0,3.89296546954977,"Female",45,94031,0,"Other","Some college","Never",0,"Coastal",0.84601836074944,3.89296546954977,4.79296546954977,0.9,"hidden_h2_weak","H2: weak hidden variable",2,"weak_hidden",0.06,0.309909515255363,1.40210611652198
0,2.05194637126535,"Female",43,56490,0,"Mexican American","HS","Never",0,"North",-1.12212994986873,2.05194637126535,2.95194637126535,0.9,"hidden_h2_weak","H2: weak hidden variable",2,"weak_hidden",0.06,0.26087339001176,1.1019527071665
0,2.05944076691308,"Male",20,53532,0,"White","College+","Never",1,"Inland",-0.122673009496179,2.05944076691308,2.95944076691308,0.9,"hidden_h2_weak","H2: weak hidden variable",2,"weak_hidden",0.06,0.102677739192086,0.357256276982036
0,4.94808968537941,"Female",72,69789,0,"White","<HS","Ever",2,"Coastal",0.81695518688882,4.94808968537941,5.84808968537941,0.9,"hidden_h2_weak","H2: weak hidden variable",2,"weak_hidden",0.06,0.404609703535501,2.12171259284135
0,2.92207124877689,"Male",63,66527,0,"White","Some college","Never",0,"Inland",-0.799229618627938,2.92207124877689,3.82207124877689,0.9,"hidden_h2_weak","H2: weak hidden variable",2,"weak_hidden",0.06,0.281293778459627,1.22197053689363
0,3.38654389379435,"Male",42,62619,0,"Black","HS","Never",0,"North",-0.482862422522604,3.38654389379435,4.28654389379435,0.9,"hidden_h2_weak","H2: weak hidden variable",2,"weak_hidden",0.06,0.241468654335175,0.993892107481363
1,3.79207424468859,"Male",54,70383,0,"White","Some college","Ever",3,"North",-1.06205820320075,2.89207424468859,3.79207424468859,0.9,"hidden_h2_weak","H2: weak hidden variable",2,"weak_hidden",0.06,0.301650199349426,1
0,3.58215256792189,"Female",47,71352,0,"Black","College+","Ever",5,"South",-1.54847471481926,3.58215256792189,4.48215256792189,0.9,"hidden_h2_weak","H2: weak hidden variable",2,"weak_hidden",0.06,0.225529256017262,0.909180019399574
0,2.15871860865258,"Male",58,65605,0,"Mexican American","College+","Never",0,"Inland",-1.05628552711626,2.15871860865258,3.05871860865258,0.9,"hidden_h2_weak","H2: weak hidden variable",2,"weak_hidden",0.06,0.265413142199952,1.12805761514887
0,3.07253506663176,"Male",64,43203,0,"White","HS","Never",0,"Inland",0.00192682411504412,3.07253506663176,3.97253506663176,0.9,"hidden_h2_weak","H2: weak hidden variable",2,"weak_hidden",0.06,0.301104365478133,1.3451067022114
1,3.20648590772442,"Male",62,66546,0,"Mexican American","HS","Never",0,"Inland",-0.771493347304958,2.30648590772442,3.20648590772442,0.9,"hidden_h2_weak","H2: weak hidden variable",2,"weak_hidden",0.06,0.37844866900328,1
1,3.96635158890637,"Male",37,45292,0,"Mexican American","Some college","Ever",6,"Coastal",-0.231832962951555,3.06635158890637,3.96635158890637,0.9,"hidden_h2_weak","H2: weak hidden variable",2,"weak_hidden",0.06,0.249178018780346,1
1,4.4185112799907,"Male",45,54668,0,"White","Some college","Never",0,"Inland",1.53312348560153,3.5185112799907,4.4185112799907,0.9,"hidden_h2_weak","H2: weak hidden variable",2,"weak_hidden",0.06,0.198873203717032,1
1,4.5107173606834,"Female",24,54453,1,"Other","College+","Ever",7,"Inland",1.63525722579952,3.6107173606834,4.5107173606834,0.9,"hidden_h2_weak","H2: weak hidden variable",2,"weak_hidden",0.06,0.21076807134587,1
0,1.72775930633864,"Female",29,53364,0,"White","HS","Never",0,"North",-0.545843218834577,1.72775930633864,2.62775930633864,0.9,"hidden_h2_weak","H2: weak hidden variable",2,"weak_hidden",0.06,0.165392428229482,0.618707407020248
0,2.30018386251108,"Female",69,54453,1,"Other","College+","Never",0,"North",-1.03751545508512,2.30018386251108,3.20018386251108,0.9,"hidden_h2_weak","H2: weak hidden variable",2,"weak_hidden",0.06,0.353575578694076,1.70771942272338
1,2.64326781094328,"Female",57,68879,0,"Black","College+","Never",0,"North",-2.07713479415641,1.74326781094328,2.64326781094328,0.9,"hidden_h2_weak","H2: weak hidden variable",2,"weak_hidden",0.06,0.215093541229917,1
0,3.09588599259134,"Female",54,60551,0,"White","HS","Never",0,"North",-0.370665539532414,3.09588599259134,3.99588599259134,0.9,"hidden_h2_weak","H2: weak hidden variable",2,"weak_hidden",0.06,0.26141599196251,1.10505594188298
0,3.24091398945114,"Male",46,81460,0,"Black","College+","Never",0,"North",-0.951046830300657,3.24091398945114,4.14091398945114,0.9,"hidden_h2_weak","H2: weak hidden variable",2,"weak_hidden",0.06,0.20063026981988,0.783611445675472
0,3.25012689053105,"Male",18,57002,0,"White","Some college","Ever",6,"Inland",1.58022211015998,3.25012689053105,4.15012689053105,0.9,"hidden_h2_weak","H2: weak hidden variable",2,"weak_hidden",0.06,0.153883017435368,0.567822103284546
0,4.39416542556138,"Male",39,53260,0,"White","College+","Never",0,"Coastal",-0.675736550211331,4.39416542556138,5.29416542556138,0.9,"hidden_h2_weak","H2: weak hidden variable",2,"weak_hidden",0.06,0.147404819461363,0.539785012818107
0,3.46298830165593,"Female",27,58676,0,"Black","HS","Never",0,"Coastal",-1.24340642464466,3.46298830165593,4.36298830165593,0.9,"hidden_h2_weak","H2: weak hidden variable",2,"weak_hidden",0.06,0.17233667088469,0.650093760859314
0,2.50444718872296,"Female",44,72781,0,"White","Some college","Ever",6,"North",-1.71546519134776,2.50444718872296,3.40444718872296,0.9,"hidden_h2_weak","H2: weak hidden variable",2,"weak_hidden",0.06,0.243606346341335,1.0055246791489
0,3.36001582294089,"Female",45,54453,1,"White","<HS","Ever",3,"Coastal",0.866890190492329,3.36001582294089,4.26001582294089,0.9,"hidden_h2_weak","H2: weak hidden variable",2,"weak_hidden",0.06,0.28233322052487,1.22826238244015
0,5.36134596980116,"Female",34,35403,0,"White","Some college","Ever",3,"South",0.0632957268328851,5.36134596980116,6.26134596980116,0.9,"hidden_h2_weak","H2: weak hidden variable",2,"weak_hidden",0.06,0.175542424972703,0.664761399129403
0,2.00576262216725,"Female",22,49019,0,"Mexican American","College+","Ever",3,"Coastal",-0.297738102813706,2.00576262216725,2.90576262216725,0.9,"hidden_h2_weak","H2: weak hidden variable",2,"weak_hidden",0.06,0.155000218413879,0.572700715637693
1,4.54092101161341,"Female",68,47954,0,"Mexican American","College+","Never",0,"Coastal",1.49345587941695,3.64092101161341,4.54092101161341,0.9,"hidden_h2_weak","H2: weak hidden variable",2,"weak_hidden",0.06,0.272829079239264,1
1,4.49947191914407,"Male",41,35172,0,"Mexican American","<HS","Ever",7,"South",0.101867913093419,3.59947191914407,4.49947191914407,0.9,"hidden_h2_weak","H2: weak hidden variable",2,"weak_hidden",0.06,0.281800298549007,1
0,4.08982952729732,"Male",52,67855,0,"Black","Some college","Never",0,"North",0.336323951194164,4.08982952729732,4.98982952729732,0.9,"hidden_h2_weak","H2: weak hidden variable",2,"weak_hidden",0.06,0.24875750752324,1.03382746142047
0,2.69443087340346,"Male",41,48449,0,"Black","College+","Never",0,"South",1.01779430020145,2.69443087340346,3.59443087340346,0.9,"hidden_h2_weak","H2: weak hidden variable",2,"weak_hidden",0.06,0.157576781168258,0.58400142776338
0,1.00598906712091,"Male",26,58402,0,"White","Some college","Never",0,"North",-0.627541581280794,1.00598906712091,1.90598906712091,0.9,"hidden_h2_weak","H2: weak hidden variable",2,"weak_hidden",0.06,0.144016895408914,0.525291368060913
0,3.5272528210596,"Female",25,39941,0,"Mexican American","College+","Ever",6,"Inland",-0.452962687262853,3.5272528210596,4.4272528210596,0.9,"hidden_h2_weak","H2: weak hidden variable",2,"weak_hidden",0.06,0.15511371689063,0.573197064681191
0,2.57054878544823,"Female",37,25070,0,"Mexican American","Some college","Ever",10,"Inland",-0.278017081770293,2.57054878544823,3.47054878544823,0.9,"hidden_h2_weak","H2: weak hidden variable",2,"weak_hidden",0.06,0.212066137887242,0.840298473233862
0,3.00398470748574,"Female",58,77664,0,"Mexican American","<HS","Ever",4,"Inland",0.634643471709949,3.00398470748574,3.90398470748574,0.9,"hidden_h2_weak","H2: weak hidden variable",2,"weak_hidden",0.06,0.402510430665636,2.10328838495854
0,3.11911037834751,"Male",39,50846,0,"White","Some college","Never",0,"North",-1.10388034592453,3.11911037834751,4.01911037834751,0.9,"hidden_h2_weak","H2: weak hidden variable",2,"weak_hidden",0.06,0.17589953244744,0.666402376075931
1,3.12272584724073,"Male",35,42523,0,"White","Some college","Never",1,"North",-0.418322791904115,2.22272584724073,3.12272584724073,0.9,"hidden_h2_weak","H2: weak hidden variable",2,"weak_hidden",0.06,0.156850104940002,1
0,3.46434103963578,"Male",64,54453,1,"White","Some college","Ever",6,"North",-1.44244930309374,3.46434103963578,4.36434103963578,0.9,"hidden_h2_weak","H2: weak hidden variable",2,"weak_hidden",0.06,0.354474857773176,1.71444788133129
0,3.08623251441381,"Male",68,69465,0,"White","HS","Never",0,"North",0.293414001400681,3.08623251441381,3.98623251441381,0.9,"hidden_h2_weak","H2: weak hidden variable",2,"weak_hidden",0.06,0.352592202627448,1.7003831415904
1,5.82196173814522,"Male",56,59289,0,"White","HS","Ever",5,"Inland",1.00867221998032,4.92196173814522,5.82196173814522,0.9,"hidden_h2_weak","H2: weak hidden variable",2,"weak_hidden",0.06,0.340430717298398,1
0,1.63030246400992,"Male",38,54453,1,"Other","College+","Never",0,"North",-0.149247862465979,1.63030246400992,2.53030246400992,0.9,"hidden_h2_weak","H2: weak hidden variable",2,"weak_hidden",0.06,0.232587765266915,0.946259297051881
0,4.22398017152451,"Male",21,54453,1,"Mexican American","College+","Ever",6,"Inland",0.582413159824185,4.22398017152451,5.12398017152451,0.9,"hidden_h2_weak","H2: weak hidden variable",2,"weak_hidden",0.06,0.18328679699263,0.700670152691548
0,3.14395670131307,"Male",51,27462,0,"White","<HS","Never",0,"North",-0.388095418632552,3.14395670131307,4.04395670131307,0.9,"hidden_h2_weak","H2: weak hidden variable",2,"weak_hidden",0.06,0.218430480371271,0.872564699543954
0,2.44006880370581,"Female",65,58789,0,"White","College+","Never",0,"South",-2.10270030384622,2.44006880370581,3.34006880370581,0.9,"hidden_h2_weak","H2: weak hidden variable",2,"weak_hidden",0.06,0.224186615638055,0.902203329303813
0,4.17538787921551,"Female",61,28801,0,"Mexican American","Some college","Never",0,"Coastal",0.390542653559423,4.17538787921551,5.07538787921551,0.9,"hidden_h2_weak","H2: weak hidden variable",2,"weak_hidden",0.06,0.265997672262298,1.13144230027312
0,2.40494523694998,"Female",23,38215,0,"Mexican American","Some college","Never",0,"Inland",-2.01884571348734,2.40494523694998,3.30494523694998,0.9,"hidden_h2_weak","H2: weak hidden variable",2,"weak_hidden",0.06,0.144057591703474,0.525464787246923
1,1.98116972599647,"Male",46,13287,0,"White","College+","Never",1,"Coastal",0.43528289566152,1.08116972599647,1.98116972599647,0.9,"hidden_h2_weak","H2: weak hidden variable",2,"weak_hidden",0.06,0.13780595246614,1
0,3.57361126415286,"Female",73,54453,1,"Mexican American","<HS","Never",0,"South",0.654404947304201,3.57361126415286,4.47361126415286,0.9,"hidden_h2_weak","H2: weak hidden variable",2,"weak_hidden",0.06,0.415251805278824,2.2171478343745
0,3.19795169880501,"Male",58,35448,0,"Black","<HS","Never",0,"Inland",0.533128333026083,3.19795169880501,4.09795169880501,0.9,"hidden_h2_weak","H2: weak hidden variable",2,"weak_hidden",0.06,0.265796211186834,1.13027514374932
0,2.87477316661043,"Male",53,42567,0,"White","College+","Never",0,"South",1.01305865790927,2.87477316661043,3.77477316661043,0.9,"hidden_h2_weak","H2: weak hidden variable",2,"weak_hidden",0.06,0.180455062154983,0.687461386658523
0,0.967200734492664,"Female",41,47023,0,"Mexican American","Some college","Never",0,"South",-0.648879500530167,0.967200734492664,1.86720073449266,0.9,"hidden_h2_weak","H2: weak hidden variable",2,"weak_hidden",0.06,0.206870714645097,0.814342387844968
0,4.67197318984617,"Female",49,46780,0,"White","Some college","Never",0,"South",1.17341416571254,4.67197318984617,5.57197318984617,0.9,"hidden_h2_weak","H2: weak hidden variable",2,"weak_hidden",0.06,0.193085413357197,0.747091701278396
0,3.31849841428186,"Male",37,82894,0,"Mexican American","College+","Never",0,"Coastal",-0.632980319054226,3.31849841428186,4.21849841428186,0.9,"hidden_h2_weak","H2: weak hidden variable",2,"weak_hidden",0.06,0.202018160159782,0.790404521443258
0,3.20702266207542,"Male",50,66901,0,"White","<HS","Never",0,"Coastal",2.24606919474463,3.20702266207542,4.10702266207542,0.9,"hidden_h2_weak","H2: weak hidden variable",2,"weak_hidden",0.06,0.254630514649198,1.06657365207216
1,3.96969806585169,"Male",61,63251,0,"White","Some college","Ever",6,"South",-0.0910423685169661,3.06969806585169,3.96969806585169,0.9,"hidden_h2_weak","H2: weak hidden variable",2,"weak_hidden",0.06,0.322721115597413,1
0,2.09032121152253,"Male",53,55207,0,"Other","Some college","Never",0,"North",-0.97715433653345,2.09032121152253,2.99032121152253,0.9,"hidden_h2_weak","H2: weak hidden variable",2,"weak_hidden",0.06,0.31686803287575,1.44819095777606
1,2.98050112842859,"Male",34,14145,0,"White","HS","Ever",7,"South",0.393434927604617,2.08050112842859,2.98050112842859,0.9,"hidden_h2_weak","H2: weak hidden variable",2,"weak_hidden",0.06,0.197957203079488,1
0,2.1789310328301,"Female",48,37541,0,"Mexican American","Some college","Ever",7,"North",-0.111924804629388,2.1789310328301,3.0789310328301,0.9,"hidden_h2_weak","H2: weak hidden variable",2,"weak_hidden",0.06,0.270490921644224,1.15764128113143
0,2.9160344977075,"Female",60,65184,0,"Black","College+","Ever",5,"Inland",1.51584671906436,2.9160344977075,3.8160344977075,0.9,"hidden_h2_weak","H2: weak hidden variable",2,"weak_hidden",0.06,0.271314384013662,1.16247771075196
0,3.13854531623662,"Male",32,58553,0,"White","Some college","Ever",7,"South",0.742640177320447,3.13854531623662,4.03854531623662,0.9,"hidden_h2_weak","H2: weak hidden variable",2,"weak_hidden",0.06,0.198160365221191,0.771580577371945
1,4.68881477982336,"Female",58,64944,0,"Mexican American","HS","Never",0,"Coastal",0.142223512522261,3.78881477982336,4.68881477982336,0.9,"hidden_h2_weak","H2: weak hidden variable",2,"weak_hidden",0.06,0.338480701481962,1
0,3.5869482947847,"Female",52,73621,0,"Black","Some college","Ever",3,"South",1.0460311118737,3.5869482947847,4.4869482947847,0.9,"hidden_h2_weak","H2: weak hidden variable",2,"weak_hidden",0.06,0.293127417446829,1.2946945417138
0,3.00947246729311,"Male",49,105569,0,"Mexican American","College+","Never",0,"South",-1.39156771501268,3.00947246729311,3.90947246729311,0.9,"hidden_h2_weak","H2: weak hidden variable",2,"weak_hidden",0.06,0.271518709627809,1.16367946655048
0,1.6353439438347,"Female",18,22412,0,"Mexican American","Some college","Ever",4,"Coastal",-1.21014908495048,1.6353439438347,2.5353439438347,0.9,"hidden_h2_weak","H2: weak hidden variable",2,"weak_hidden",0.06,0.152887138878605,0.563484131666051
0,4.32220468643716,"Male",28,76413,0,"White","Some college","Never",0,"South",0.610682984603907,4.32220468643716,5.22220468643716,0.9,"hidden_h2_weak","H2: weak hidden variable",2,"weak_hidden",0.06,0.162789531031546,0.607077076489356
1,4.26030879174826,"Male",66,79644,0,"White","Some college","Never",0,"Inland",2.03780226315867,3.36030879174826,4.26030879174826,0.9,"hidden_h2_weak","H2: weak hidden variable",2,"weak_hidden",0.06,0.310162033233859,1
0,2.37133194503123,"Female",30,57388,0,"White","College+","Never",0,"Coastal",-0.151624775632063,2.37133194503123,3.27133194503123,0.9,"hidden_h2_weak","H2: weak hidden variable",2,"weak_hidden",0.06,0.118717503338608,0.420582910878181
1,3.48350614962277,"Female",37,54453,1,"Black","Some college","Never",0,"Coastal",0.682513565319364,2.58350614962277,3.48350614962277,0.9,"hidden_h2_weak","H2: weak hidden variable",2,"weak_hidden",0.06,0.18902457725831,1
0,1.80177600168547,"Female",50,35439,0,"White","Some college","Ever",9,"Inland",0.0435484347083121,1.80177600168547,2.70177600168547,0.9,"hidden_h2_weak","H2: weak hidden variable",2,"weak_hidden",0.06,0.226750884503462,0.915548952908001
1,4.4902346157302,"Female",35,53539,0,"White","Some college","Ever",9,"North",0.479127068636439,3.5902346157302,4.4902346157302,0.9,"hidden_h2_weak","H2: weak hidden variable",2,"weak_hidden",0.06,0.190247205374457,1
0,2.66280921904542,"Female",56,35987,0,"White","Some college","Never",0,"North",-0.401210267129204,2.66280921904542,3.56280921904542,0.9,"hidden_h2_weak","H2: weak hidden variable",2,"weak_hidden",0.06,0.207530752025124,0.8176210309158
0,3.45220862805873,"Female",48,43601,0,"White","HS","Never",0,"South",1.79841288772624,3.45220862805873,4.35220862805873,0.9,"hidden_h2_weak","H2: weak hidden variable",2,"weak_hidden",0.06,0.220344008700788,0.882368992372498
0,3.67356619339847,"Male",43,69761,0,"Black","HS","Never",0,"Inland",0.713911600095037,3.67356619339847,4.57356619339847,0.9,"hidden_h2_weak","H2: weak hidden variable",2,"weak_hidden",0.06,0.252976661648692,1.05730016355628
1,3.70713195608452,"Male",41,50637,0,"Black","College+","Never",0,"South",1.13433027362189,2.80713195608452,3.70713195608452,0.9,"hidden_h2_weak","H2: weak hidden variable",2,"weak_hidden",0.06,0.159221203956446,1
0,5.54575045528314,"Male",33,43486,0,"Black","College+","Never",0,"North",-1.09830579113809,5.54575045528314,6.44575045528314,0.9,"hidden_h2_weak","H2: weak hidden variable",2,"weak_hidden",0.06,0.13273498048356,0.477843379057309
0,4.20639668270582,"Female",46,93366,0,"Black","College+","Never",0,"North",0.294647995439239,4.20639668270582,5.10639668270582,0.9,"hidden_h2_weak","H2: weak hidden variable",2,"weak_hidden",0.06,0.198798890565866,0.77468371538214
1,3.55340109369383,"Male",46,54453,1,"White","HS","Never",0,"Coastal",1.241868044972,2.65340109369383,3.55340109369383,0.9,"hidden_h2_weak","H2: weak hidden variable",2,"weak_hidden",0.06,0.26108641377782,1
0,3.94326987803967,"Male",34,47284,0,"Black","HS","Never",0,"South",0.445169569543884,3.94326987803967,4.84326987803968,0.9,"hidden_h2_weak","H2: weak hidden variable",2,"weak_hidden",0.06,0.197223256496861,0.767035307319599
1,5.13786017999757,"Male",45,42809,0,"Mexican American","<HS","Never",0,"North",0.158250361038054,4.23786017999757,5.13786017999757,0.9,"hidden_h2_weak","H2: weak hidden variable",2,"weak_hidden",0.06,0.257246434008474,1
0,3.18621648665927,"Male",36,54453,1,"Mexican American","HS","Never",0,"Coastal",-0.232423783835103,3.18621648665927,4.08621648665927,0.9,"hidden_h2_weak","H2: weak hidden variable",2,"weak_hidden",0.06,0.269203674590199,1.15010274773504
0,2.26970252190665,"Female",19,48337,0,"White","<HS","Never",0,"North",-0.321518028819402,2.26970252190665,3.16970252190665,0.9,"hidden_h2_weak","H2: weak hidden variable",2,"weak_hidden",0.06,0.127161908707761,0.454857499432139
0,3.90232772772618,"Female",57,77046,0,"White","HS","Ever",8,"South",0.710376064154124,3.90232772772618,4.80232772772618,0.9,"hidden_h2_weak","H2: weak hidden variable",2,"weak_hidden",0.06,0.34729276047184,1.66122826918982
0,2.57149854902091,"Male",55,81955,0,"Black","Some college","Never",0,"Coastal",-1.5135057442123,2.57149854902091,3.47149854902091,0.9,"hidden_h2_weak","H2: weak hidden variable",2,"weak_hidden",0.06,0.276674666506109,1.19422932558708
0,2.87019388660434,"Female",72,21774,0,"White","Some college","Never",0,"Coastal",0.836367679235389,2.87019388660434,3.77019388660434,0.9,"hidden_h2_weak","H2: weak hidden variable",2,"weak_hidden",0.06,0.254505640745432,1.06587202275077
0,3.66060997418693,"Female",21,34005,0,"Black","College+","Ever",3,"North",-0.438071456511471,3.66060997418693,4.56060997418693,0.9,"hidden_h2_weak","H2: weak hidden variable",2,"weak_hidden",0.06,0.119528485677658,0.423846030196971
0,2.15677751110051,"Female",43,23975,0,"White","Some college","Ever",6,"Inland",-1.88626879723275,2.15677751110051,3.05677751110051,0.9,"hidden_h2_weak","H2: weak hidden variable",2,"weak_hidden",0.06,0.193138022931624,0.747343985439012
0,2.87108822627105,"Male",18,55430,0,"Black","HS","Ever",8,"North",0.232560498115972,2.87108822627105,3.77108822627105,0.9,"hidden_h2_weak","H2: weak hidden variable",2,"weak_hidden",0.06,0.18951434144147,0.730043533615541
0,2.58632934968502,"Female",49,67832,0,"White","Some college","Ever",2,"Inland",-1.91417839957088,2.58632934968502,3.48632934968502,0.9,"hidden_h2_weak","H2: weak hidden variable",2,"weak_hidden",0.06,0.26190606965982,1.10786270277907
0,2.53647406000788,"Male",57,54453,1,"Black","HS","Never",0,"South",1.18163270327228,2.53647406000788,3.43647406000788,0.9,"hidden_h2_weak","H2: weak hidden variable",2,"weak_hidden",0.06,0.322948691399669,1.4892374866885
0,2.69904946223562,"Female",18,33190,0,"Mexican American","Some college","Ever",3,"North",-1.15152796778286,2.69904946223562,3.59904946223562,0.9,"hidden_h2_weak","H2: weak hidden variable",2,"weak_hidden",0.06,0.161496081509435,0.601324508633655
0,3.58607134821622,"Female",53,33207,0,"Other","HS","Ever",4,"North",-1.63885679272754,3.58607134821622,4.48607134821622,0.9,"hidden_h2_weak","H2: weak hidden variable",2,"weak_hidden",0.06,0.378001023664808,1.89738436855159
0,2.78658732420747,"Female",38,31654,0,"White","Some college","Never",0,"South",-0.980600125052852,2.78658732420747,3.68658732420747,0.9,"hidden_h2_weak","H2: weak hidden variable",2,"weak_hidden",0.06,0.14770160102846,0.541060142602391
1,3.7723176705908,"Female",51,63259,0,"White","College+","Ever",3,"South",-0.244441278926047,2.8723176705908,3.7723176705908,0.9,"hidden_h2_weak","H2: weak hidden variable",2,"weak_hidden",0.06,0.223172983915044,1
0,2.30781118459341,"Female",47,44955,0,"Mexican American","College+","Never",0,"South",-0.35415038288297,2.30781118459341,3.20781118459341,0.9,"hidden_h2_weak","H2: weak hidden variable",2,"weak_hidden",0.06,0.189939448914179,0.732065099658793
0,3.34353614277555,"Female",48,69278,0,"Mexican American","Some college","Never",0,"Inland",-0.0263613637183168,3.34353614277555,4.24353614277555,0.9,"hidden_h2_weak","H2: weak hidden variable",2,"weak_hidden",0.06,0.255904949296375,1.07374778727514
0,5.73713813530546,"Female",38,54453,1,"White","HS","Never",0,"North",-0.421207190615594,5.73713813530546,6.63713813530546,0.9,"hidden_h2_weak","H2: weak hidden variable",2,"weak_hidden",0.06,0.215590276343253,0.858100614430407
0,2.57925517893971,"Male",37,51444,0,"White","<HS","Never",0,"South",1.13216505954178,2.57925517893971,3.47925517893971,0.9,"hidden_h2_weak","H2: weak hidden variable",2,"weak_hidden",0.06,0.19127448005635,0.738427555454365
0,2.5068756691591,"Male",32,43951,0,"White","HS","Ever",4,"South",-0.651144829949767,2.5068756691591,3.4068756691591,0.9,"hidden_h2_weak","H2: weak hidden variable",2,"weak_hidden",0.06,0.220709454877649,0.88424689473143
0,2.98870216561572,"Female",40,56224,0,"White","Some college","Never",0,"Coastal",2.28873062276895,2.98870216561572,3.88870216561572,0.9,"hidden_h2_weak","H2: weak hidden variable",2,"weak_hidden",0.06,0.172065108472069,0.648856470093173
0,4.27468731774985,"Female",74,75093,0,"Black","College+","Ever",4,"South",0.656096093094957,4.27468731774985,5.17468731774985,0.9,"hidden_h2_weak","H2: weak hidden variable",2,"weak_hidden",0.06,0.348475298238194,1.66991022790024
1,3.13800547157179,"Male",27,70642,0,"Black","HS","Ever",5,"South",0.205563808122149,2.23800547157179,3.13800547157179,0.9,"hidden_h2_weak","H2: weak hidden variable",2,"weak_hidden",0.06,0.238577716893144,1
1,4.25750800252128,"Female",39,78397,0,"White","Some college","Ever",2,"North",0.274000968429136,3.35750800252128,4.25750800252128,0.9,"hidden_h2_weak","H2: weak hidden variable",2,"weak_hidden",0.06,0.232843982336317,1
0,4.94428717353296,"Female",44,63306,0,"Mexican American","Some college","Never",0,"North",0.344730119586976,4.94428717353296,5.84428717353296,0.9,"hidden_h2_weak","H2: weak hidden variable",2,"weak_hidden",0.06,0.233732917389687,0.952339335232934
0,2.53112607943999,"Male",55,83469,0,"White","HS","Never",1,"South",-1.8196317332088,2.53112607943999,3.43112607943999,0.9,"hidden_h2_weak","H2: weak hidden variable",2,"weak_hidden",0.06,0.307148710917133,1.38407836462618
0,4.24751843935701,"Male",49,54453,1,"Mexican American","Some college","Never",0,"Coastal",1.49300639125955,4.24751843935701,5.14751843935701,0.9,"hidden_h2_weak","H2: weak hidden variable",2,"weak_hidden",0.06,0.28413306172292,1.23920020949431
1,2.71223387927658,"Female",25,54453,1,"Other","Some college","Never",0,"Inland",1.22520628934973,1.81223387927658,2.71223387927658,0.9,"hidden_h2_weak","H2: weak hidden variable",2,"weak_hidden",0.06,0.209399934817208,1
0,2.93912497153548,"Male",53,93136,0,"White","HS","Never",0,"North",-1.56578388885984,2.93912497153548,3.83912497153548,0.9,"hidden_h2_weak","H2: weak hidden variable",2,"weak_hidden",0.06,0.310472470625202,1.40579987358918
0,2.95517302167856,"Male",58,61807,0,"White","College+","Never",0,"North",0.317305170335511,2.95517302167856,3.85517302167856,0.9,"hidden_h2_weak","H2: weak hidden variable",2,"weak_hidden",0.06,0.214687889916997,0.853527002594416
1,4.41582172856697,"Female",50,33243,0,"Black","Some college","Ever",7,"Coastal",1.87119906230509,3.51582172856697,4.41582172856697,0.9,"hidden_h2_weak","H2: weak hidden variable",2,"weak_hidden",0.06,0.237221842101216,1
1,3.96408139998611,"Female",44,44117,0,"Other","College+","Never",0,"Coastal",0.420729941741803,3.06408139998611,3.96408139998611,0.9,"hidden_h2_weak","H2: weak hidden variable",2,"weak_hidden",0.06,0.209513459477617,1
0,3.46686915810018,"Female",48,44190,0,"Other","HS","Ever",6,"Inland",0.937100691510425,3.46686915810018,4.36686915810018,0.9,"hidden_h2_weak","H2: weak hidden variable",2,"weak_hidden",0.06,0.365288347522844,1.7968480786626
1,4.99356021715195,"Male",41,48504,0,"White","College+","Never",0,"Coastal",0.856970935670522,4.09356021715195,4.99356021715195,0.9,"hidden_h2_weak","H2: weak hidden variable",2,"weak_hidden",0.06,0.14947106030284,1
1,2.03218145821584,"Female",32,36005,0,"Black","<HS","Never",1,"Inland",1.21027931168726,1.13218145821584,2.03218145821584,0.9,"hidden_h2_weak","H2: weak hidden variable",2,"weak_hidden",0.06,0.160190717465739,1
1,4.18106779721413,"Female",59,59140,0,"White","HS","Never",0,"Inland",1.84258499541918,3.28106779721413,4.18106779721413,0.9,"hidden_h2_weak","H2: weak hidden variable",2,"weak_hidden",0.06,0.281167685728885,1
1,1.61827570880553,"Female",51,60297,0,"Mexican American","<HS","Never",0,"North",-0.132798144943659,0.718275708805526,1.61827570880553,0.9,"hidden_h2_weak","H2: weak hidden variable",2,"weak_hidden",0.06,0.286828381747443,1
0,0.830322579487057,"Male",32,61382,0,"White","<HS","Never",0,"North",-1.51522679602329,0.830322579487057,1.73032257948706,0.9,"hidden_h2_weak","H2: weak hidden variable",2,"weak_hidden",0.06,0.183378787424746,0.701100782846237
0,4.28299430120875,"Female",33,90978,0,"Black","College+","Ever",5,"North",1.4380387031452,4.28299430120875,5.18299430120875,0.9,"hidden_h2_weak","H2: weak hidden variable",2,"weak_hidden",0.06,0.193847349997246,0.750748710189161
0,3.07379464316589,"Female",21,32371,0,"Black","Some college","Ever",6,"Inland",-0.361004293183109,3.07379464316589,3.97379464316589,0.9,"hidden_h2_weak","H2: weak hidden variable",2,"weak_hidden",0.06,0.142524801197516,0.518944470371339
0,2.25078047562265,"Male",55,66736,0,"White","<HS","Ever",5,"Coastal",-0.615021208639762,2.25078047562265,3.15078047562265,0.9,"hidden_h2_weak","H2: weak hidden variable",2,"weak_hidden",0.06,0.330820222964693,1.54348088175282
0,3.81054781859131,"Female",31,44983,0,"White","Some college","Ever",3,"Coastal",-0.0742719852912573,3.81054781859131,4.71054781859131,0.9,"hidden_h2_weak","H2: weak hidden variable",2,"weak_hidden",0.06,0.17399494562472,0.657666832745578
0,4.22780696506342,"Female",53,54453,1,"Mexican American","Some college","Never",0,"Coastal",0.444968717761395,4.22780696506342,5.12780696506342,0.9,"hidden_h2_weak","H2: weak hidden variable",2,"weak_hidden",0.06,0.285709543863112,1.2488259447913
1,4.05479355166357,"Female",41,57743,0,"Other","Some college","Ever",4,"Coastal",-0.905139534546097,3.15479355166357,4.05479355166357,0.9,"hidden_h2_weak","H2: weak hidden variable",2,"weak_hidden",0.06,0.304788714254852,1
0,1.04226002554284,"Male",33,87953,0,"Black","College+","Never",0,"Coastal",-0.277839869830603,1.04226002554284,1.94226002554284,0.9,"hidden_h2_weak","H2: weak hidden variable",2,"weak_hidden",0.06,0.164338764256947,0.613990671055676
0,1.59274881628004,"Male",41,41813,0,"White","College+","Ever",4,"South",-0.529026190906708,1.59274881628004,2.49274881628004,0.9,"hidden_h2_weak","H2: weak hidden variable",2,"weak_hidden",0.06,0.180993941839774,0.689967980322083
0,3.31135064722169,"Male",61,45001,0,"Mexican American","College+","Never",0,"North",0.51970155963953,3.31135064722169,4.21135064722169,0.9,"hidden_h2_weak","H2: weak hidden variable",2,"weak_hidden",0.06,0.255509183060396,1.07151728335058
0,3.94452855953841,"Male",36,54453,1,"Mexican American","HS","Never",0,"South",-0.722828480193377,3.94452855953841,4.84452855953841,0.9,"hidden_h2_weak","H2: weak hidden variable",2,"weak_hidden",0.06,0.269203674590199,1.15010274773504
1,2.58069150558156,"Male",18,34296,0,"Mexican American","<HS","Never",0,"Inland",2.22402742391952,1.68069150558156,2.58069150558156,0.9,"hidden_h2_weak","H2: weak hidden variable",2,"weak_hidden",0.06,0.155646439895616,1
1,2.65025405567804,"Male",49,57482,0,"White","HS","Ever",5,"Coastal",0.885399907544117,1.75025405567804,2.65025405567804,0.9,"hidden_h2_weak","H2: weak hidden variable",2,"weak_hidden",0.06,0.305207183134326,1
1,3.33348310325084,"Female",36,54453,1,"Other","<HS","Ever",3,"Coastal",0.0941200309656358,2.43348310325084,3.33348310325084,0.9,"hidden_h2_weak","H2: weak hidden variable",2,"weak_hidden",0.06,0.336782227086603,1
1,4.59352644914048,"Female",53,26745,0,"Mexican American","HS","Ever",8,"Coastal",1.30787308018945,3.69352644914048,4.59352644914048,0.9,"hidden_h2_weak","H2: weak hidden variable",2,"weak_hidden",0.06,0.322259932899691,1
0,3.82029199574844,"Female",46,75911,0,"White","College+","Ever",9,"South",0.189802953199665,3.82029199574844,4.72029199574844,0.9,"hidden_h2_weak","H2: weak hidden variable",2,"weak_hidden",0.06,0.212616055353612,0.843065881324155
0,4.17345124154463,"Female",29,19662,0,"White","<HS","Ever",2,"Coastal",0.00892073077635615,4.17345124154463,5.07345124154463,0.9,"hidden_h2_weak","H2: weak hidden variable",2,"weak_hidden",0.06,0.168423644131874,0.632343326561837
0,2.41422714533259,"Male",30,42718,0,"Black","<HS","Never",0,"Coastal",0.364087150884862,2.41422714533259,3.31422714533259,0.9,"hidden_h2_weak","H2: weak hidden variable",2,"weak_hidden",0.06,0.1708932832734,0.643526703059306
0,2.94730071472255,"Female",54,54453,1,"Mexican American","<HS","Never",0,"Coastal",0.588389319836845,2.94730071472255,3.84730071472255,0.9,"hidden_h2_weak","H2: weak hidden variable",2,"weak_hidden",0.06,0.320316852118803,1.47138152304504
1,3.65807274464965,"Female",68,94176,0,"Black","College+","Ever",5,"Inland",0.362906763408521,2.75807274464965,3.65807274464965,0.9,"hidden_h2_weak","H2: weak hidden variable",2,"weak_hidden",0.06,0.342567655856283,1
1,3.42949148572833,"Female",61,65728,0,"Mexican American","Some college","Ever",5,"Coastal",2.02872141901437,2.52949148572833,3.42949148572833,0.9,"hidden_h2_weak","H2: weak hidden variable",2,"weak_hidden",0.06,0.367206936081629,1
0,3.24504195061046,"Male",41,41632,0,"Mexican American","<HS","Never",0,"Inland",-0.198877201447622,3.24504195061046,4.14504195061046,0.9,"hidden_h2_weak","H2: weak hidden variable",2,"weak_hidden",0.06,0.239889489007135,0.985340862628628
0,2.95291980432689,"Female",33,54453,1,"Black","Some college","Ever",6,"Coastal",-1.33204861557465,2.95291980432689,3.85291980432689,0.9,"hidden_h2_weak","H2: weak hidden variable",2,"weak_hidden",0.06,0.216820393529444,0.864352257287125
0,3.4185817434008,"Male",49,50197,0,"Mexican American","Some college","Ever",2,"Inland",-0.98090087811765,3.4185817434008,4.3185817434008,0.9,"hidden_h2_weak","H2: weak hidden variable",2,"weak_hidden",0.06,0.31014043333921,1.40362052567891
0,3.13888640968984,"Female",52,54453,1,"Mexican American","College+","Ever",7,"Inland",-0.996619334417606,3.13888640968984,4.03888640968984,0.9,"hidden_h2_weak","H2: weak hidden variable",2,"weak_hidden",0.06,0.287395017067814,1.25916426936179
1,4.13607050956398,"Male",41,47819,0,"Black","College+","Ever",6,"North",-0.797584494629244,3.23607050956398,4.13607050956398,0.9,"hidden_h2_weak","H2: weak hidden variable",2,"weak_hidden",0.06,0.194421282568779,1
0,3.01988231929439,"Male",50,54453,1,"White","HS","Ever",12,"Inland",0.031001849093239,3.01988231929439,3.91988231929439,0.9,"hidden_h2_weak","H2: weak hidden variable",2,"weak_hidden",0.06,0.327170877889511,1.51817512349061
0,4.01482595723697,"Female",38,73938,0,"White","Some college","Ever",11,"Inland",2.47159235258937,4.01482595723697,4.91482595723697,0.9,"hidden_h2_weak","H2: weak hidden variable",2,"weak_hidden",0.06,0.218040635048419,0.870573143458969
0,2.9493321963649,"Male",41,88769,0,"White","HS","Ever",4,"Inland",0.89402697891619,2.9493321963649,3.8493321963649,0.9,"hidden_h2_weak","H2: weak hidden variable",2,"weak_hidden",0.06,0.306902349031624,1.38247662811494
0,3.58055805335461,"Male",18,64150,0,"Other","College+","Never",0,"North",0.340919177761103,3.58055805335461,4.48055805335461,0.9,"hidden_h2_weak","H2: weak hidden variable",2,"weak_hidden",0.06,0.154803077619867,0.571838900714472
0,2.30658493920694,"Female",43,54213,0,"Black","Some college","Never",0,"Coastal",0.43619477574638,2.30658493920694,3.20658493920694,0.9,"hidden_h2_weak","H2: weak hidden variable",2,"weak_hidden",0.06,0.189238898161554,0.728734815979678
0,2.85463455493958,"Female",68,68437,0,"Black","HS","Never",0,"South",-0.731731850676444,2.85463455493958,3.75463455493958,0.9,"hidden_h2_weak","H2: weak hidden variable",2,"weak_hidden",0.06,0.347658811759225,1.66391238172859
0,3.06253664484212,"Male",48,30216,0,"White","College+","Never",0,"Inland",-1.57421932475544,3.06253664484212,3.96253664484212,0.9,"hidden_h2_weak","H2: weak hidden variable",2,"weak_hidden",0.06,0.15567065367326,0.575634582338258
1,2.87588769849532,"Female",52,25003,0,"White","<HS","Never",0,"Coastal",1.37951149834187,1.97588769849532,2.87588769849532,0.9,"hidden_h2_weak","H2: weak hidden variable",2,"weak_hidden",0.06,0.206573933625258,1
0,2.88717434361035,"Male",64,54453,1,"White","HS","Ever",4,"Inland",0.336568771949992,2.88717434361035,3.78717434361035,0.9,"hidden_h2_weak","H2: weak hidden variable",2,"weak_hidden",0.06,0.404912043481405,2.12437677938249
0,3.33062019807004,"Female",62,54079,0,"Mexican American","College+","Never",0,"Inland",-1.10991093977618,3.33062019807004,4.23062019807004,0.9,"hidden_h2_weak","H2: weak hidden variable",2,"weak_hidden",0.06,0.254403236033879,1.06529681652923
0,2.73605624532537,"Female",61,54453,1,"White","HS","Ever",5,"South",-0.565033556033614,2.73605624532537,3.63605624532537,0.9,"hidden_h2_weak","H2: weak hidden variable",2,"weak_hidden",0.06,0.369912361167439,1.83294695537477
0,3.58426423682516,"Female",29,34577,0,"White","Some college","Ever",6,"North",-0.773506792569514,3.58426423682516,4.48426423682516,0.9,"hidden_h2_weak","H2: weak hidden variable",2,"weak_hidden",0.06,0.158145019282258,0.586503009851208
0,1.35524838857904,"Female",30,12473,0,"White","Some college","Never",0,"Inland",-0.111785335855476,1.35524838857904,2.25524838857904,0.9,"hidden_h2_weak","H2: weak hidden variable",2,"weak_hidden",0.06,0.11572805812339,0.408606088144862
0,2.9287108894592,"Female",57,64777,0,"Black","College+","Never",1,"Inland",1.6306171468246,2.9287108894592,3.8287108894592,0.9,"hidden_h2_weak","H2: weak hidden variable",2,"weak_hidden",0.06,0.210510823809615,0.832492372164564
0,3.49290335138757,"Female",58,54453,1,"Mexican American","Some college","Never",0,"Inland",-0.249088411953107,3.49290335138757,4.39290335138757,0.9,"hidden_h2_weak","H2: weak hidden variable",2,"weak_hidden",0.06,0.30822856363863,1.39111255121768
0,3.9505075059959,"Male",67,54453,1,"Other","College+","Ever",8,"Coastal",0.583777606178097,3.9505075059959,4.8505075059959,0.9,"hidden_h2_weak","H2: weak hidden variable",2,"weak_hidden",0.06,0.421160517794497,2.27165051169006
0,1.80277545825279,"Male",68,54453,1,"White","College+","Never",0,"North",-0.867734913373078,1.80277545825279,2.70277545825279,0.9,"hidden_h2_weak","H2: weak hidden variable",2,"weak_hidden",0.06,0.269762648491479,1.15337301423156
0,3.06178618245887,"Female",49,70411,0,"Black","College+","Never",0,"Inland",1.02490147215895,3.06178618245887,3.96178618245887,0.9,"hidden_h2_weak","H2: weak hidden variable",2,"weak_hidden",0.06,0.188697719869864,0.72616609590964
1,3.97732698686858,"Male",53,53921,0,"Other","HS","Never",0,"South",-2.33378894264428,3.07732698686858,3.97732698686858,0.9,"hidden_h2_weak","H2: weak hidden variable",2,"weak_hidden",0.06,0.361345765370031,1
0,2.87178532357713,"Female",64,62107,0,"White","HS","Ever",4,"North",-0.180649014305461,2.87178532357713,3.77178532357713,0.9,"hidden_h2_weak","H2: weak hidden variable",2,"weak_hidden",0.06,0.366514464814442,1.80636882195212
0,2.92019582747907,"Female",50,34607,0,"White","College+","Never",0,"Inland",-0.253846936227025,2.92019582747907,3.82019582747907,0.9,"hidden_h2_weak","H2: weak hidden variable",2,"weak_hidden",0.06,0.154273801465972,0.569527119933844
0,3.47243858907746,"Female",46,21338,0,"White","Some college","Never",0,"Inland",1.20149868117547,3.47243858907746,4.37243858907746,0.9,"hidden_h2_weak","H2: weak hidden variable",2,"weak_hidden",0.06,0.16270163192564,0.606685585676623
0,3.41529216595707,"Male",33,55556,0,"White","Some college","Ever",9,"South",-1.46254014193175,3.41529216595707,4.31529216595707,0.9,"hidden_h2_weak","H2: weak hidden variable",2,"weak_hidden",0.06,0.197560605180565,0.768670330853493
0,2.12580268013555,"Female",41,54453,1,"White","<HS","Ever",5,"South",0.212931938913419,2.12580268013555,3.02580268013555,0.9,"hidden_h2_weak","H2: weak hidden variable",2,"weak_hidden",0.06,0.263530305216033,1.1171916902796
0,5.96234838628616,"Male",47,48366,0,"Black","Some college","Ever",6,"South",0.831318719692934,5.96234838628616,6.86234838628616,0.9,"hidden_h2_weak","H2: weak hidden variable",2,"weak_hidden",0.06,0.256424254870429,1.07667814989454
0,2.04959495784673,"Female",35,33458,0,"White","College+","Never",0,"South",-1.01447819890918,2.04959495784673,2.94959495784673,0.9,"hidden_h2_weak","H2: weak hidden variable",2,"weak_hidden",0.06,0.115920289634228,0.409373801901925
0,1.84004338491109,"Male",38,34220,0,"White","Some college","Never",0,"North",-0.312450422537637,1.84004338491109,2.74004338491109,0.9,"hidden_h2_weak","H2: weak hidden variable",2,"weak_hidden",0.06,0.159803110674974,0.593821847647416
1,3.57204374449065,"Female",56,73991,0,"White","HS","Never",0,"North",-1.35430511924014,2.67204374449065,3.57204374449065,0.9,"hidden_h2_weak","H2: weak hidden variable",2,"weak_hidden",0.06,0.28502113286448,1
0,1.88908676302002,"Female",35,65908,0,"White","HS","Ever",1,"Inland",-1.2229656151639,1.88908676302002,2.78908676302002,0.9,"hidden_h2_weak","H2: weak hidden variable",2,"weak_hidden",0.06,0.242523111823801,0.999621890409588
1,3.9847570322746,"Male",42,55308,0,"White","Some college","Never",0,"Coastal",0.499334411358916,3.0847570322746,3.9847570322746,0.9,"hidden_h2_weak","H2: weak hidden variable",2,"weak_hidden",0.06,0.189312502079136,1
0,2.62254455177453,"Female",40,47251,0,"Mexican American","College+","Never",0,"North",0.363912977124536,2.62254455177453,3.52254455177453,0.9,"hidden_h2_weak","H2: weak hidden variable",2,"weak_hidden",0.06,0.169592339130405,0.637627288956851
0,2.87958575811094,"Female",45,52643,0,"White","College+","Ever",3,"Inland",0.212295181524705,2.87958575811094,3.77958575811094,0.9,"hidden_h2_weak","H2: weak hidden variable",2,"weak_hidden",0.06,0.192072176920658,0.742239233273978
0,2.15435256017944,"Male",35,55103,0,"White","<HS","Never",0,"Coastal",0.880629618504536,2.15435256017944,3.05435256017944,0.9,"hidden_h2_weak","H2: weak hidden variable",2,"weak_hidden",0.06,0.187813380167937,0.721975916599311
0,2.1687204293742,"Female",43,47098,0,"Black","College+","Never",0,"Inland",-0.739147144294927,2.1687204293742,3.0687204293742,0.9,"hidden_h2_weak","H2: weak hidden variable",2,"weak_hidden",0.06,0.151947346553692,0.559399811172242
0,4.49708162254498,"Male",41,53228,0,"White","College+","Never",0,"Inland",0.71792523909481,4.49708162254498,5.39708162254498,0.9,"hidden_h2_weak","H2: weak hidden variable",2,"weak_hidden",0.06,0.15288860705724,0.563490519433754
0,2.82720869602567,"Male",26,75638,0,"White","Some college","Never",0,"North",-0.711096413492957,2.82720869602567,3.72720869602567,0.9,"hidden_h2_weak","H2: weak hidden variable",2,"weak_hidden",0.06,0.156415171136664,0.578898102171418
0,0.588874175140325,"Male",32,55844,0,"White","College+","Never",0,"Inland",-0.00111256342212047,0.588874175140325,1.48887417514033,0.9,"hidden_h2_weak","H2: weak hidden variable",2,"weak_hidden",0.06,0.131062829024849,0.470915705435138
0,2.7240194045911,"Male",72,53410,0,"Mexican American","College+","Never",0,"South",-2.17204746030122,2.7240194045911,3.6240194045911,0.9,"hidden_h2_weak","H2: weak hidden variable",2,"weak_hidden",0.06,0.313317737344912,1.42456137355381
0,3.22746970891445,"Male",60,33647,0,"White","College+","Never",0,"Inland",1.62337743811549,3.22746970891445,4.12746970891445,0.9,"hidden_h2_weak","H2: weak hidden variable",2,"weak_hidden",0.06,0.195840541509348,0.760348054759185
0,2.46833432693801,"Female",32,47420,0,"Black","College+","Ever",2,"South",-1.34713519804835,2.46833432693801,3.36833432693801,0.9,"hidden_h2_weak","H2: weak hidden variable",2,"weak_hidden",0.06,0.157140433479238,0.582082762805519
0,5.06033811224474,"Male",38,75226,0,"Mexican American","Some college","Ever",10,"Inland",0.271362791590058,5.06033811224474,5.96033811224474,0.9,"hidden_h2_weak","H2: weak hidden variable",2,"weak_hidden",0.06,0.283009232452482,1.23236413978351
1,3.63215638886403,"Female",47,41829,0,"Mexican American","HS","Ever",7,"Inland",1.76281967620641,2.73215638886403,3.63215638886403,0.9,"hidden_h2_weak","H2: weak hidden variable",2,"weak_hidden",0.06,0.31354165537006,1
1,4.06316786354867,"Male",46,47877,0,"White","Some college","Ever",6,"South",0.78875665678667,3.16316786354867,4.06316786354867,0.9,"hidden_h2_weak","H2: weak hidden variable",2,"weak_hidden",0.06,0.240184139529961,1
0,0.826065924582289,"Male",56,54453,1,"Other","College+","Never",0,"North",-1.49772806706224,0.826065924582289,1.72606592458229,0.9,"hidden_h2_weak","H2: weak hidden variable",2,"weak_hidden",0.06,0.308889389506615,1.3954280287609
0,3.80739309459018,"Female",60,60806,0,"White","Some college","Never",0,"South",-1.58623272310585,3.80739309459018,4.70739309459018,0.9,"hidden_h2_weak","H2: weak hidden variable",2,"weak_hidden",0.06,0.247194898601542,1.02520086236341
0,3.56114271882042,"Male",42,54453,1,"White","<HS","Never",0,"Coastal",0.548496472030917,3.56114271882042,4.46114271882042,0.9,"hidden_h2_weak","H2: weak hidden variable",2,"weak_hidden",0.06,0.233230931174179,0.949671868270647
0,5.36917888417238,"Female",50,75684,0,"Mexican American","Some college","Ever",8,"North",-0.174519908676419,5.36917888417238,6.26917888417238,0.9,"hidden_h2_weak","H2: weak hidden variable",2,"weak_hidden",0.06,0.323406344315111,1.49235665451613
1,3.3292404687374,"Female",52,66584,0,"White","<HS","Never",0,"North",-0.813137977426731,2.4292404687374,3.3292404687374,0.9,"hidden_h2_weak","H2: weak hidden variable",2,"weak_hidden",0.06,0.247633079161927,1
1,4.65716914813294,"Female",68,54453,1,"White","Some college","Ever",7,"Coastal",-0.340406372298255,3.75716914813294,4.65716914813294,0.9,"hidden_h2_weak","H2: weak hidden variable",2,"weak_hidden",0.06,0.355277630521403,1
0,3.12898361059492,"Male",49,64730,0,"Black","Some college","Ever",6,"South",-0.303296927810757,3.12898361059492,4.02898361059492,0.9,"hidden_h2_weak","H2: weak hidden variable",2,"weak_hidden",0.06,0.283082959406433,1.23281195189657
1,4.78759088367591,"Male",34,69220,0,"White","HS","Ever",4,"Inland",-0.441139883119391,3.88759088367591,4.78759088367591,0.9,"hidden_h2_weak","H2: weak hidden variable",2,"weak_hidden",0.06,0.254279868106875,1
0,2.2740739534554,"Male",42,25988,0,"White","HS","Ever",6,"North",0.549703270662377,2.2740739534554,3.1740739534554,0.9,"hidden_h2_weak","H2: weak hidden variable",2,"weak_hidden",0.06,0.239491140119106,0.983189396042685
0,2.26261688850015,"Female",30,33769,0,"White","Some college","Never",0,"South",-0.962867987971694,2.26261688850015,3.16261688850015,0.9,"hidden_h2_weak","H2: weak hidden variable",2,"weak_hidden",0.06,0.128592792126821,0.460731059636794
0,3.40115684197647,"Female",74,52108,0,"White","HS","Never",0,"South",1.14991405169422,3.40115684197647,4.30115684197647,0.9,"hidden_h2_weak","H2: weak hidden variable",2,"weak_hidden",0.06,0.341948711932664,1.62238245457812
0,4.54277674355383,"Female",43,62381,0,"Mexican American","Some college","Never",0,"Inland",1.06974685486397,4.54277674355383,5.44277674355383,0.9,"hidden_h2_weak","H2: weak hidden variable",2,"weak_hidden",0.06,0.228968168623846,0.927160273581454
1,2.97099998663769,"Female",49,54453,1,"Mexican American","College+","Ever",4,"Inland",-0.295098949383892,2.07099998663769,2.97099998663769,0.9,"hidden_h2_weak","H2: weak hidden variable",2,"weak_hidden",0.06,0.276854970392815,1
0,2.47948645535635,"Female",58,54453,1,"White","Some college","Never",0,"Inland",1.70065733597856,2.47948645535635,3.37948645535635,0.9,"hidden_h2_weak","H2: weak hidden variable",2,"weak_hidden",0.06,0.256187970962563,1.07534432829864
0,2.45801221263708,"Male",26,41142,0,"Black","HS","Never",0,"Coastal",-0.0847916656726412,2.45801221263708,3.35801221263708,0.9,"hidden_h2_weak","H2: weak hidden variable",2,"weak_hidden",0.06,0.166448758854543,0.623448050118164
1,5.00785774940412,"Male",78,69235,0,"Other","College+","Never",0,"South",-1.46435077830101,4.10785774940412,5.00785774940412,0.9,"hidden_h2_weak","H2: weak hidden variable",2,"weak_hidden",0.06,0.40758738626603,1
1,5.14163492580973,"Female",61,63446,0,"Mexican American","HS","Never",0,"Inland",-0.0205136082276335,4.24163492580973,5.14163492580973,0.9,"hidden_h2_weak","H2: weak hidden variable",2,"weak_hidden",0.06,0.351197969979706,1
0,3.05446505391939,"Female",65,56260,0,"White","Some college","Ever",3,"Inland",-0.339635274552319,3.05446505391939,3.95446505391939,0.9,"hidden_h2_weak","H2: weak hidden variable",2,"weak_hidden",0.06,0.318586066438832,1.45971402346948
0,3.20126874752184,"Female",56,44887,0,"White","<HS","Ever",6,"South",-1.12447022738396,3.20126874752184,4.10126874752184,0.9,"hidden_h2_weak","H2: weak hidden variable",2,"weak_hidden",0.06,0.291338583287249,1.28354538123134
1,5.12989424996862,"Male",62,54453,1,"Mexican American","HS","Ever",5,"Coastal",1.34710468858221,4.22989424996862,5.12989424996862,0.9,"hidden_h2_weak","H2: weak hidden variable",2,"weak_hidden",0.06,0.456369345105229,1
0,5.22110242444409,"Female",37,62770,0,"Mexican American","College+","Ever",6,"Coastal",-0.804748219842753,5.22110242444409,6.12110242444409,0.9,"hidden_h2_weak","H2: weak hidden variable",2,"weak_hidden",0.06,0.212925936692643,0.844627033649008
0,2.50135936272625,"Male",63,59734,0,"White","Some college","Never",0,"Coastal",0.559860217338553,2.50135936272625,3.40135936272625,0.9,"hidden_h2_weak","H2: weak hidden variable",2,"weak_hidden",0.06,0.273616472548836,1.17605671270048
0,3.4490246568674,"Male",28,10410,0,"White","<HS","Ever",4,"North",0.360762285808017,3.4490246568674,4.3490246568674,0.9,"hidden_h2_weak","H2: weak hidden variable",2,"weak_hidden",0.06,0.167917082922476,0.630057647742102
1,3.49462869052723,"Male",59,72934,0,"White","Some college","Never",0,"Inland",0.911271903821884,2.59462869052723,3.49462869052723,0.9,"hidden_h2_weak","H2: weak hidden variable",2,"weak_hidden",0.06,0.271257563763369,1
0,2.72287886643163,"Female",53,58701,0,"White","Some college","Ever",5,"Inland",-0.650919522337519,2.72287886643163,3.62287886643163,0.9,"hidden_h2_weak","H2: weak hidden variable",2,"weak_hidden",0.06,0.266209949186955,1.13267281139484
0,4.02321467708701,"Male",40,62278,0,"White","Some college","Ever",5,"Inland",-1.81574064802688,4.02321467708701,4.92321467708701,0.9,"hidden_h2_weak","H2: weak hidden variable",2,"weak_hidden",0.06,0.232235906965934,0.944394793144834
0,3.19117670117006,"Male",55,78142,0,"White","HS","Ever",3,"Inland",-0.470746369474328,3.19117670117006,4.09117670117006,0.9,"hidden_h2_weak","H2: weak hidden variable",2,"weak_hidden",0.06,0.361651515115639,1.76882337704642
0,3.333849054705,"Female",64,54453,1,"White","College+","Ever",5,"Inland",-0.545726707964217,3.333849054705,4.233849054705,0.9,"hidden_h2_weak","H2: weak hidden variable",2,"weak_hidden",0.06,0.289439000584552,1.27176742153417
1,3.95152702012691,"Male",43,53747,0,"White","<HS","Never",0,"South",2.6674020829448,3.05152702012691,3.95152702012691,0.9,"hidden_h2_weak","H2: weak hidden variable",2,"weak_hidden",0.06,0.214285160288739,1
0,5.31050136238618,"Male",57,72915,0,"White","Some college","Ever",3,"South",0.808547563415164,5.31050136238618,6.21050136238618,0.9,"hidden_h2_weak","H2: weak hidden variable",2,"weak_hidden",0.06,0.31855136664945,1.45948071273738
0,1.96413916405096,"Female",28,43172,0,"White","Some college","Never",1,"Inland",-1.36598213013669,1.96413916405096,2.86413916405096,0.9,"hidden_h2_weak","H2: weak hidden variable",2,"weak_hidden",0.06,0.12922400077574,0.463328211561704
1,3.17777489676585,"Female",59,22636,0,"Mexican American","HS","Ever",6,"Coastal",1.30696279358361,2.27777489676585,3.17777489676585,0.9,"hidden_h2_weak","H2: weak hidden variable",2,"weak_hidden",0.06,0.347821516046822,1
0,0.18584506673547,"Female",28,15016,0,"Mexican American","<HS","Never",0,"Coastal",0.169577627815557,0.18584506673547,1.08584506673547,0.9,"hidden_h2_weak","H2: weak hidden variable",2,"weak_hidden",0.06,0.159431547964939,0.592179254606012
0,4.0362422329656,"Female",44,57247,0,"White","Some college","Ever",8,"North",0.0882831365028764,4.0362422329656,4.9362422329656,0.9,"hidden_h2_weak","H2: weak hidden variable",2,"weak_hidden",0.06,0.226347992448475,0.913446261080043
0,4.64068111589182,"Male",61,58800,0,"Mexican American","Some college","Never",0,"South",0.303641189543198,4.64068111589182,5.54068111589182,0.9,"hidden_h2_weak","H2: weak hidden variable",2,"weak_hidden",0.06,0.317060524828952,1.44947914137831
1,4.27403310427908,"Female",37,74372,0,"Black","HS","Never",0,"Inland",1.35048237172631,3.37403310427908,4.27403310427908,0.9,"hidden_h2_weak","H2: weak hidden variable",2,"weak_hidden",0.06,0.220137468593098,1
1,4.00604411752743,"Male",44,54453,1,"White","HS","Never",0,"Coastal",0.844123179775845,3.10604411752743,4.00604411752743,0.9,"hidden_h2_weak","H2: weak hidden variable",2,"weak_hidden",0.06,0.252846224822956,1
1,6.19320033081451,"Female",64,68105,0,"White","College+","Never",0,"South",1.2999046308619,5.29320033081451,6.19320033081451,0.9,"hidden_h2_weak","H2: weak hidden variable",2,"weak_hidden",0.06,0.229614131781702,1
0,4.04958248517513,"Female",67,50406,0,"White","Some college","Never",0,"South",1.12061784902201,4.04958248517513,4.94958248517514,0.9,"hidden_h2_weak","H2: weak hidden variable",2,"weak_hidden",0.06,0.264793212876792,1.12447383359513
0,2.44415226897301,"Female",24,54453,1,"White","<HS","Ever",4,"Coastal",0.579403926345128,2.44415226897301,3.34415226897301,0.9,"hidden_h2_weak","H2: weak hidden variable",2,"weak_hidden",0.06,0.199355338480857,0.77739200545327
0,1.32443649872716,"Male",80,45130,0,"White","College+","Never",1,"South",-0.481134245216526,1.32443649872716,2.22443649872716,0.9,"hidden_h2_weak","H2: weak hidden variable",2,"weak_hidden",0.06,0.284878608483821,1.24374710344819
0,2.64176364521651,"Female",49,36015,0,"White","Some college","Never",0,"South",-0.365991407148368,2.64176364521651,3.54176364521651,0.9,"hidden_h2_weak","H2: weak hidden variable",2,"weak_hidden",0.06,0.183805244825152,0.703098404379829
0,3.35424020303647,"Female",18,54453,1,"White","College+","Never",0,"South",1.84831250691793,3.35424020303647,4.25424020303647,0.9,"hidden_h2_weak","H2: weak hidden variable",2,"weak_hidden",0.06,0.104013095768584,0.362441878705629
0,2.51439789947323,"Male",29,69606,0,"Mexican American","Some college","Ever",9,"South",0.211902001237003,2.51439789947323,3.41439789947323,0.9,"hidden_h2_weak","H2: weak hidden variable",2,"weak_hidden",0.06,0.240259617992069,0.987341936676661
1,4.72389626532795,"Female",44,57557,0,"Mexican American","Some college","Never",0,"South",0.0872765130378965,3.82389626532795,4.72389626532795,0.9,"hidden_h2_weak","H2: weak hidden variable",2,"weak_hidden",0.06,0.227978073961392,1
0,4.004118753054,"Male",57,48443,0,"White","Some college","Ever",7,"Coastal",0.170971210967922,4.004118753054,4.904118753054,0.9,"hidden_h2_weak","H2: weak hidden variable",2,"weak_hidden",0.06,0.28591028710725,1.25005469987195
0,3.43292222487069,"Female",48,49822,0,"Mexican American","HS","Ever",5,"South",0.660340944790541,3.43292222487069,4.33292222487069,0.9,"hidden_h2_weak","H2: weak hidden variable",2,"weak_hidden",0.06,0.329928626578002,1.53727281411888
1,4.59952659903272,"Female",65,19702,0,"Mexican American","College+","Ever",6,"Coastal",-0.787872225094262,3.69952659903272,4.59952659903272,0.9,"hidden_h2_weak","H2: weak hidden variable",2,"weak_hidden",0.06,0.279700520121386,1
0,3.95910562797826,"Male",57,55307,0,"Mexican American","<HS","Ever",3,"South",0.166759255152493,3.95910562797826,4.85910562797826,0.9,"hidden_h2_weak","H2: weak hidden variable",2,"weak_hidden",0.06,0.387026874684934,1.97129536700405
0,1.64192649676612,"Female",58,61138,0,"White","HS","Never",0,"North",-1.17935144501848,1.64192649676612,2.54192649676612,0.9,"hidden_h2_weak","H2: weak hidden variable",2,"weak_hidden",0.06,0.279087481593081,1.20867573135968
1,3.00131670285278,"Female",32,53912,0,"Mexican American","College+","Ever",2,"Inland",0.723896819443174,2.10131670285278,3.00131670285278,0.9,"hidden_h2_weak","H2: weak hidden variable",2,"weak_hidden",0.06,0.190264428785913,1
0,4.35894811536987,"Male",80,34595,0,"Mexican American","College+","Never",0,"Coastal",1.06002886954156,4.35894811536987,5.25894811536987,0.9,"hidden_h2_weak","H2: weak hidden variable",2,"weak_hidden",0.06,0.32781384232902,1.52261370930453
1,4.28731359910001,"Male",48,57121,0,"Mexican American","College+","Never",0,"Coastal",0.366673820847447,3.38731359910001,4.28731359910001,0.9,"hidden_h2_weak","H2: weak hidden variable",2,"weak_hidden",0.06,0.217269191920504,1
0,3.2361059453518,"Male",60,46629,0,"Mexican American","<HS","Never",0,"Coastal",0.240564514780073,3.2361059453518,4.1361059453518,0.9,"hidden_h2_weak","H2: weak hidden variable",2,"weak_hidden",0.06,0.328474346479791,1.52718222783236
0,4.13489745597368,"Male",45,8000,0,"Mexican American","College+","Ever",9,"South",-0.429425421976666,4.13489745597368,5.03489745597368,0.9,"hidden_h2_weak","H2: weak hidden variable",2,"weak_hidden",0.06,0.201389506799045,0.787324631244271
0,3.36362474784136,"Female",71,57164,0,"Mexican American","Some college","Never",0,"North",0.0689345162026944,3.36362474784136,4.26362474784136,0.9,"hidden_h2_weak","H2: weak hidden variable",2,"weak_hidden",0.06,0.345400409997855,1.6474002674033
1,4.326535657569,"Male",43,60995,0,"White","Some college","Ever",5,"Coastal",1.68549820552194,3.426535657569,4.326535657569,0.9,"hidden_h2_weak","H2: weak hidden variable",2,"weak_hidden",0.06,0.242646923735642,1
0,2.45075929636192,"Female",37,19370,0,"Mexican American","Some college","Never",0,"South",1.65027504888565,2.45075929636192,3.35075929636192,0.9,"hidden_h2_weak","H2: weak hidden variable",2,"weak_hidden",0.06,0.169931237820775,0.639162317606036
1,3.18052351436442,"Female",65,52327,0,"White","Some college","Ever",2,"Coastal",2.3077905231472,2.28052351436442,3.18052351436442,0.9,"hidden_h2_weak","H2: weak hidden variable",2,"weak_hidden",0.06,0.314703725172516,1
0,3.76604481652491,"Male",59,58349,0,"Mexican American","College+","Ever",4,"South",-1.42581225179791,3.76604481652491,4.66604481652491,0.9,"hidden_h2_weak","H2: weak hidden variable",2,"weak_hidden",0.06,0.316371332934941,1.44487032197416
0,3.10333440902948,"Female",39,56302,0,"Mexican American","Some college","Never",0,"South",0.189295364292748,3.10333440902948,4.00333440902948,0.9,"hidden_h2_weak","H2: weak hidden variable",2,"weak_hidden",0.06,0.2083765744295,0.821830527306301
1,4.25399362734166,"Female",50,45589,0,"Mexican American","Some college","Ever",5,"Inland",0.465187460543807,3.35399362734166,4.25399362734166,0.9,"hidden_h2_weak","H2: weak hidden variable",2,"weak_hidden",0.06,0.290050711314679,1
0,3.71238860878521,"Female",61,43909,0,"White","HS","Never",0,"Inland",0.0606775358572245,3.71238860878521,4.61238860878521,0.9,"hidden_h2_weak","H2: weak hidden variable",2,"weak_hidden",0.06,0.272616768827017,1.17014934438074
0,4.66262380582615,"Female",46,64938,0,"White","College+","Never",0,"Coastal",0.657411456828325,4.66262380582615,5.56262380582615,0.9,"hidden_h2_weak","H2: weak hidden variable",2,"weak_hidden",0.06,0.165648581605571,0.619855879961977
1,4.1803987308393,"Male",44,49280,0,"White","College+","Never",0,"Coastal",2.03254445349905,3.2803987308393,4.1803987308393,0.9,"hidden_h2_weak","H2: weak hidden variable",2,"weak_hidden",0.06,0.158472085886319,1
0,2.46094303712522,"Female",26,8000,0,"White","<HS","Ever",8,"North",1.33061505102366,2.46094303712522,3.36094303712522,0.9,"hidden_h2_weak","H2: weak hidden variable",2,"weak_hidden",0.06,0.147704962311327,0.54107458952817
0,3.52876051150553,"Male",41,56476,0,"Black","Some college","Never",0,"South",0.170329410313839,3.52876051150553,4.42876051150553,0.9,"hidden_h2_weak","H2: weak hidden variable",2,"weak_hidden",0.06,0.196742030540998,0.764705332483416
0,2.48438267008138,"Female",49,56177,0,"White","Some college","Never",0,"Coastal",1.44304474039526,2.48438267008138,3.38438267008138,0.9,"hidden_h2_weak","H2: weak hidden variable",2,"weak_hidden",0.06,0.20147408993473,0.787738737478851
0,2.14738296564503,"Female",46,32349,0,"Black","College+","Never",0,"North",-0.931267847369423,2.14738296564503,3.04738296564503,0.9,"hidden_h2_weak","H2: weak hidden variable",2,"weak_hidden",0.06,0.149589941748556,0.549194295093865
0,3.9048326633071,"Female",65,54453,1,"Other","College+","Never",0,"North",0.172012770552066,3.9048326633071,4.8048326633071,0.9,"hidden_h2_weak","H2: weak hidden variable",2,"weak_hidden",0.06,0.334104487414332,1.56649218605474
0,2.71488754502009,"Female",54,50572,0,"Mexican American","College+","Ever",5,"Coastal",-0.275198367067137,2.71488754502009,3.61488754502009,0.9,"hidden_h2_weak","H2: weak hidden variable",2,"weak_hidden",0.06,0.267948321923624,1.14277653262199
0,3.42455917806705,"Male",39,25383,0,"Mexican American","Some college","Never",0,"North",0.0342864734061818,3.42455917806705,4.32455917806705,0.9,"hidden_h2_weak","H2: weak hidden variable",2,"weak_hidden",0.06,0.193025116316172,0.746802593065926
0,4.11450334371097,"Male",32,81963,0,"White","<HS","Ever",5,"Coastal",-1.30598898043047,4.11450334371097,5.01450334371097,0.9,"hidden_h2_weak","H2: weak hidden variable",2,"weak_hidden",0.06,0.246945404234849,1.02382680855617
0,3.96241482811222,"Male",73,51272,0,"Mexican American","HS","Ever",12,"Inland",1.12150880494252,3.96241482811222,4.86241482811222,0.9,"hidden_h2_weak","H2: weak hidden variable",2,"weak_hidden",0.06,0.472061792696932,2.76143393225323
0,1.58292156937228,"Female",47,54453,1,"White","HS","Ever",6,"Inland",-0.8924277301411,1.58292156937228,2.48292156937228,0.9,"hidden_h2_weak","H2: weak hidden variable",2,"weak_hidden",0.06,0.301757261706321,1.34928382668082
0,3.4357331339605,"Male",29,64072,0,"White","Some college","Ever",7,"North",-0.903290653004856,3.4357331339605,4.3357331339605,0.9,"hidden_h2_weak","H2: weak hidden variable",2,"weak_hidden",0.06,0.192871787361841,0.746067616249455
1,4.68192970383663,"Female",35,79066,0,"White","College+","Ever",2,"Coastal",-1.18439116039338,3.78192970383663,4.68192970383663,0.9,"hidden_h2_weak","H2: weak hidden variable",2,"weak_hidden",0.06,0.182544536776391,1
0,3.3336787876551,"Female",65,54453,1,"Black","College+","Never",0,"Coastal",-0.57806022447242,3.3336787876551,4.2336787876551,0.9,"hidden_h2_weak","H2: weak hidden variable",2,"weak_hidden",0.06,0.254177774596487,1.06403095865276
0,4.14961346519509,"Female",46,24783,0,"White","<HS","Never",0,"Inland",1.01938886905562,4.14961346519509,5.04961346519509,0.9,"hidden_h2_weak","H2: weak hidden variable",2,"weak_hidden",0.06,0.185968425633791,0.713263460565644
0,3.09915575441582,"Male",40,32700,0,"Black","<HS","Never",0,"North",-0.244057741483773,3.09915575441582,3.99915575441582,0.9,"hidden_h2_weak","H2: weak hidden variable",2,"weak_hidden",0.06,0.194663260549421,0.754672446054692
0,2.4512662532195,"Female",28,57736,0,"White","HS","Never",0,"South",1.40627988081622,2.4512662532195,3.3512662532195,0.9,"hidden_h2_weak","H2: weak hidden variable",2,"weak_hidden",0.06,0.165816437002929,0.620608848250431
0,3.0032532636362,"Male",25,81164,0,"White","HS","Ever",4,"Coastal",-0.425624312258693,3.0032532636362,3.9032532636362,0.9,"hidden_h2_weak","H2: weak hidden variable",2,"weak_hidden",0.06,0.23097806725567,0.937743427997016
0,3.14717063962101,"Female",62,73877,0,"White","Some college","Ever",8,"Inland",0.172190470082582,3.14717063962101,4.04717063962101,0.9,"hidden_h2_weak","H2: weak hidden variable",2,"weak_hidden",0.06,0.321507652287375,1.4794434608573
0,3.67372258452234,"Female",70,55021,0,"White","HS","Never",0,"North",-1.2906641201229,3.67372258452234,4.57372258452234,0.9,"hidden_h2_weak","H2: weak hidden variable",2,"weak_hidden",0.06,0.326398618250356,1.51285517288542
1,3.78959432742678,"Female",21,29132,0,"White","Some college","Ever",11,"South",-0.21323471404549,2.88959432742678,3.78959432742678,0.9,"hidden_h2_weak","H2: weak hidden variable",2,"weak_hidden",0.06,0.130495005763648,1
0,2.01988090115448,"Male",46,55036,0,"Black","HS","Never",0,"Inland",0.184926978268598,2.01988090115448,2.91988090115448,0.9,"hidden_h2_weak","H2: weak hidden variable",2,"weak_hidden",0.06,0.249538331428651,1.03815156863783
0,2.67210607137274,"Female",48,66532,0,"White","HS","Ever",4,"Coastal",1.73973721127965,2.67210607137274,3.57210607137274,0.9,"hidden_h2_weak","H2: weak hidden variable",2,"weak_hidden",0.06,0.295768160743874,1.31125687063189
0,3.42244213669662,"Female",42,24287,0,"White","HS","Ever",7,"North",-0.443598846863351,3.42244213669662,4.32244213669662,0.9,"hidden_h2_weak","H2: weak hidden variable",2,"weak_hidden",0.06,0.223068248903119,0.896410428189306
0,4.15147479043151,"Male",48,73223,0,"White","Some college","Never",0,"South",0.83013109620187,4.15147479043151,5.05147479043151,0.9,"hidden_h2_weak","H2: weak hidden variable",2,"weak_hidden",0.06,0.227232913874523,0.918067542856235
0,3.12325858417931,"Male",35,26618,0,"White","College+","Never",0,"South",-0.877559505285397,3.12325858417931,4.02325858417931,0.9,"hidden_h2_weak","H2: weak hidden variable",2,"weak_hidden",0.06,0.120085071879371,0.426089025955109
0,1.50784050960846,"Female",31,41656,0,"White","HS","Never",0,"North",-1.55360359999343,1.50784050960846,2.40784050960846,0.9,"hidden_h2_weak","H2: weak hidden variable",2,"weak_hidden",0.06,0.162262665890734,0.604731719498936
0,3.69695367424029,"Male",35,79547,0,"Black","Some college","Never",0,"Coastal",-0.244933359965825,3.69695367424029,4.59695367424029,0.9,"hidden_h2_weak","H2: weak hidden variable",2,"weak_hidden",0.06,0.196835299944418,0.765156701303844
0,3.04201387728842,"Female",45,67123,0,"White","Some college","Never",0,"South",0.481969794071126,3.04201387728842,3.94201387728842,0.9,"hidden_h2_weak","H2: weak hidden variable",2,"weak_hidden",0.06,0.197544096320833,0.768590285583898
0,4.49191838537294,"Male",34,27530,0,"Other","Some college","Ever",7,"Coastal",-2.46625187671766,4.49191838537294,5.39191838537294,0.9,"hidden_h2_weak","H2: weak hidden variable",2,"weak_hidden",0.06,0.253486419643477,1.06015409919808
0,1.11510561652829,"Male",45,51101,0,"Mexican American","Some college","Never",0,"North",-0.542435061339017,1.11510561652829,2.01510561652829,0.9,"hidden_h2_weak","H2: weak hidden variable",2,"weak_hidden",0.06,0.239395055795835,0.982670785756953
0,3.53941931895795,"Female",30,20212,0,"White","<HS","Ever",7,"North",-0.0269531422042861,3.53941931895795,4.43941931895795,0.9,"hidden_h2_weak","H2: weak hidden variable",2,"weak_hidden",0.06,0.168917896645362,0.634576152332863
0,3.45752115739038,"Female",36,50948,0,"White","College+","Never",0,"North",-0.82580657925018,3.45752115739038,4.35752115739038,0.9,"hidden_h2_weak","H2: weak hidden variable",2,"weak_hidden",0.06,0.128817023268082,0.46165324327235
0,3.76267604162088,"Male",39,61964,0,"Black","<HS","Ever",9,"Coastal",1.0308916010599,3.76267604162088,4.66267604162088,0.9,"hidden_h2_weak","H2: weak hidden variable",2,"weak_hidden",0.06,0.26291161178742,1.11363330420995
0,3.06126396139846,"Male",66,48788,0,"Other","HS","Never",0,"Inland",0.540111706743185,3.06126396139846,3.96126396139846,0.9,"hidden_h2_weak","H2: weak hidden variable",2,"weak_hidden",0.06,0.421181056517101,2.27184190403312
0,3.63758948146795,"Male",53,54957,0,"White","Some college","Never",0,"South",0.137349750804372,3.63758948146795,4.53758948146795,0.9,"hidden_h2_weak","H2: weak hidden variable",2,"weak_hidden",0.06,0.228097950895652,0.922595224647642
0,2.6940442275272,"Male",29,26371,0,"White","Some college","Never",0,"Coastal",-1.24485273681719,2.6940442275272,3.5940442275272,0.9,"hidden_h2_weak","H2: weak hidden variable",2,"weak_hidden",0.06,0.130316313582613,0.467831515547144
1,4.35566573602755,"Male",57,54453,1,"Mexican American","College+","Never",0,"Coastal",-0.395056565991173,3.45566573602755,4.35566573602755,0.9,"hidden_h2_weak","H2: weak hidden variable",2,"weak_hidden",0.06,0.27373705763265,1
1,2.8798556974219,"Female",66,59203,0,"Black","Some college","Ever",3,"South",-0.726988177832906,1.9798556974219,2.8798556974219,0.9,"hidden_h2_weak","H2: weak hidden variable",2,"weak_hidden",0.06,0.340872344934002,1
0,2.11598953353683,"Male",38,62129,0,"Black","Some college","Never",0,"Inland",-1.11899888319331,2.11598953353683,3.01598953353683,0.9,"hidden_h2_weak","H2: weak hidden variable",2,"weak_hidden",0.06,0.191599252560899,0.739978525508533
0,4.94989228903212,"Female",55,69504,0,"White","Some college","Ever",4,"Inland",1.06246068823723,4.94989228903212,5.84989228903212,0.9,"hidden_h2_weak","H2: weak hidden variable",2,"weak_hidden",0.06,0.287892613916658,1.26222577658583
0,2.84978753346313,"Female",50,54453,1,"Black","College+","Never",0,"North",0.134060794794617,2.84978753346313,3.74978753346313,0.9,"hidden_h2_weak","H2: weak hidden variable",2,"weak_hidden",0.06,0.197791798995543,0.769791649088057
0,3.40799661996187,"Male",32,45970,0,"White","College+","Ever",7,"Inland",-0.477859553190598,3.40799661996187,4.30799661996187,0.9,"hidden_h2_weak","H2: weak hidden variable",2,"weak_hidden",0.06,0.155367934348016,0.574309286879669
0,1.47759369054536,"Female",62,70910,0,"White","HS","Ever",7,"North",2.01948298100342,1.47759369054536,2.37759369054536,0.9,"hidden_h2_weak","H2: weak hidden variable",2,"weak_hidden",0.06,0.36507059765705,1.7951611061821
0,1.67646092498951,"Female",33,68256,0,"White","HS","Ever",5,"South",-0.0625024315946755,1.67646092498951,2.57646092498951,0.9,"hidden_h2_weak","H2: weak hidden variable",2,"weak_hidden",0.06,0.234021127525647,0.953872413412169
0,4.09423972739115,"Female",42,61630,0,"White","Some college","Never",0,"Inland",-0.693446029596296,4.09423972739115,4.99423972739115,0.9,"hidden_h2_weak","H2: weak hidden variable",2,"weak_hidden",0.06,0.182810104446388,0.698440188911793
0,3.65785928981202,"Female",31,54453,1,"White","Some college","Ever",4,"South",-0.473316800277616,3.65785928981202,4.55785928981202,0.9,"hidden_h2_weak","H2: weak hidden variable",2,"weak_hidden",0.06,0.20073830110659,0.784139361719047
0,2.28499098866217,"Female",46,71082,0,"White","HS","Never",0,"South",-0.733109557069737,2.28499098866217,3.18499098866217,0.9,"hidden_h2_weak","H2: weak hidden variable",2,"weak_hidden",0.06,0.240144040382606,0.98671686584266
0,2.74170580440848,"Male",25,54453,1,"Black","HS","Ever",3,"Inland",-1.91795866881329,2.74170580440848,3.64170580440848,0.9,"hidden_h2_weak","H2: weak hidden variable",2,"weak_hidden",0.06,0.238716023123648,0.979009472818594
0,1.83346477172173,"Female",56,58225,0,"White","College+","Never",0,"South",1.83129544264802,1.83346477172173,2.73346477172173,0.9,"hidden_h2_weak","H2: weak hidden variable",2,"weak_hidden",0.06,0.19172615376899,0.740584888289666
0,1.33114432959604,"Female",39,50537,0,"Other","HS","Ever",9,"Inland",-0.122200199062055,1.33114432959604,2.23114432959604,0.9,"hidden_h2_weak","H2: weak hidden variable",2,"weak_hidden",0.06,0.326597637459419,1.51422501149617
0,2.78484139667171,"Male",57,33436,0,"White","College+","Never",0,"South",-1.19603128047487,2.78484139667171,3.68484139667171,0.9,"hidden_h2_weak","H2: weak hidden variable",2,"weak_hidden",0.06,0.185665224446645,0.711835426137537
0,2.92052020949989,"Female",48,44728,0,"White","Some college","Ever",8,"North",-0.48638534497604,2.92052020949989,3.82052020949989,0.9,"hidden_h2_weak","H2: weak hidden variable",2,"weak_hidden",0.06,0.229116190616992,0.927937803354253
0,2.00580834497627,"Male",30,42277,0,"White","HS","Never",0,"Coastal",-0.66159781031476,2.00580834497627,2.90580834497627,0.9,"hidden_h2_weak","H2: weak hidden variable",2,"weak_hidden",0.06,0.170656052726963,0.642449549778218
0,4.2318210891934,"Male",53,27656,0,"White","College+","Never",0,"South",0.0516359221343963,4.2318210891934,5.1318210891934,0.9,"hidden_h2_weak","H2: weak hidden variable",2,"weak_hidden",0.06,0.168354708137914,0.632032113520006
0,2.3931956021481,"Female",35,48591,0,"White","<HS","Ever",7,"Coastal",-0.978580323685718,2.3931956021481,3.2931956021481,0.9,"hidden_h2_weak","H2: weak hidden variable",2,"weak_hidden",0.06,0.209917909306491,0.829524633271685
0,2.57821583896789,"Female",19,73772,0,"Black","Some college","Ever",1,"Coastal",-0.658291270724142,2.57821583896789,3.47821583896789,0.9,"hidden_h2_weak","H2: weak hidden variable",2,"weak_hidden",0.06,0.170361267079283,0.641111923942354
0,4.14828192445573,"Female",22,28783,0,"Other","College+","Ever",3,"Inland",-0.530003885757906,4.14828192445573,5.04828192445573,0.9,"hidden_h2_weak","H2: weak hidden variable",2,"weak_hidden",0.06,0.165482373517992,0.61911059966133
1,4.08638383814992,"Female",42,61578,0,"White","Some college","Never",0,"South",0.195886525005759,3.18638383814992,4.08638383814992,0.9,"hidden_h2_weak","H2: weak hidden variable",2,"weak_hidden",0.06,0.182766312227166,1
0,3.70888772047256,"Female",41,23030,0,"Other","HS","Never",0,"North",0.201675917345679,3.70888772047256,4.60888772047257,0.9,"hidden_h2_weak","H2: weak hidden variable",2,"weak_hidden",0.06,0.253273732863634,1.0589628753836
1,4.25902068048739,"Male",40,37993,0,"Other","Some college","Never",0,"South",0.71423148316295,3.35902068048739,4.25902068048739,0.9,"hidden_h2_weak","H2: weak hidden variable",2,"weak_hidden",0.06,0.241258547713829,1
1,4.02111938439558,"Female",51,72379,0,"White","HS","Ever",3,"South",0.648556735153738,3.12111938439558,4.02111938439558,0.9,"hidden_h2_weak","H2: weak hidden variable",2,"weak_hidden",0.06,0.317432497166386,1
1,2.65725775503968,"Female",43,47762,0,"White","HS","Ever",3,"Coastal",1.95127518045274,1.75725775503968,2.65725775503968,0.9,"hidden_h2_weak","H2: weak hidden variable",2,"weak_hidden",0.06,0.254069939728028,1
0,2.45315261393246,"Female",44,58899,0,"White","College+","Never",0,"South",-0.396875548009389,2.45315261393246,3.35315261393246,0.9,"hidden_h2_weak","H2: weak hidden variable",2,"weak_hidden",0.06,0.155251461658837,0.57379962623272
0,4.24947586642849,"Male",58,54453,1,"White","HS","Never",0,"South",-0.549466509668796,4.24947586642849,5.14947586642849,0.9,"hidden_h2_weak","H2: weak hidden variable",2,"weak_hidden",0.06,0.314024771894153,1.42924765519988
0,3.88694912060564,"Male",49,72094,0,"White","<HS","Never",0,"Coastal",-0.812860903062713,3.88694912060564,4.78694912060564,0.9,"hidden_h2_weak","H2: weak hidden variable",2,"weak_hidden",0.06,0.256094149097693,1.07481493931285
0,4.97357956918992,"Female",80,68056,0,"Mexican American","Some college","Ever",6,"Coastal",0.315710441531721,4.97357956918992,5.87357956918992,0.9,"hidden_h2_weak","H2: weak hidden variable",2,"weak_hidden",0.06,0.468714816311842,2.75443792715866
0,3.41809835493356,"Female",73,69669,0,"Mexican American","College+","Never",0,"South",0.504279254907616,3.41809835493356,4.31809835493356,0.9,"hidden_h2_weak","H2: weak hidden variable",2,"weak_hidden",0.06,0.320823277044116,1.47480665880312
0,2.88146388850998,"Female",29,48376,0,"White","College+","Never",0,"South",0.496076312385959,2.88146388850998,3.78146388850998,0.9,"hidden_h2_weak","H2: weak hidden variable",2,"weak_hidden",0.06,0.111350554573333,0.391213580611903
0,1.27077353283155,"Male",34,56414,0,"White","HS","Never",0,"North",-1.43048218059259,1.27077353283155,2.17077353283155,0.9,"hidden_h2_weak","H2: weak hidden variable",2,"weak_hidden",0.06,0.195452430770886,0.758475158293741
0,1.65257995899486,"Male",41,54374,0,"Other","College+","Never",0,"Inland",-0.638631543844527,1.65257995899486,2.55257995899486,0.9,"hidden_h2_weak","H2: weak hidden variable",2,"weak_hidden",0.06,0.221630239791098,0.888986310891811
1,3.34808938815881,"Female",51,48118,0,"White","HS","Never",0,"South",0.383856638257724,2.44808938815881,3.34808938815881,0.9,"hidden_h2_weak","H2: weak hidden variable",2,"weak_hidden",0.06,0.236230719880147,1
1,4.92328092089652,"Male",32,33627,0,"Black","Some college","Ever",5,"North",0.227074050689388,4.02328092089652,4.92328092089652,0.9,"hidden_h2_weak","H2: weak hidden variable",2,"weak_hidden",0.06,0.18736830672006,1
0,3.56491465733697,"Male",60,54453,1,"White","<HS","Never",0,"Inland",0.201030699299144,3.56491465733697,4.46491465733697,0.9,"hidden_h2_weak","H2: weak hidden variable",2,"weak_hidden",0.06,0.309658411202156,1.40046047340229
0,4.25787567404729,"Female",53,63808,0,"Black","HS","Never",0,"North",-0.419369361685116,4.25787567404729,5.15787567404729,0.9,"hidden_h2_weak","H2: weak hidden variable",2,"weak_hidden",0.06,0.273061771891422,1.1727769139358
0,2.75955581981342,"Female",58,41825,0,"White","Some college","Never",0,"Coastal",-0.844374639016004,2.75955581981342,3.65955581981342,0.9,"hidden_h2_weak","H2: weak hidden variable",2,"weak_hidden",0.06,0.220320329910332,0.882247375929883
1,5.02065373307337,"Male",49,55090,0,"White","College+","Ever",3,"North",-0.435066874473908,4.12065373307337,5.02065373307337,0.9,"hidden_h2_weak","H2: weak hidden variable",2,"weak_hidden",0.06,0.221334999829156,1
1,2.52090262624039,"Female",59,77347,0,"White","HS","Ever",3,"Inland",0.363584427441393,1.62090262624039,2.52090262624039,0.9,"hidden_h2_weak","H2: weak hidden variable",2,"weak_hidden",0.06,0.362403445445736,1
0,1.46020783864681,"Female",58,72059,0,"Mexican American","Some college","Never",0,"Coastal",-1.51965512036617,1.46020783864681,2.36020783864681,0.9,"hidden_h2_weak","H2: weak hidden variable",2,"weak_hidden",0.06,0.302402364328622,1.35341876839249
0,1.79551674569158,"Male",53,84817,0,"White","HS","Never",0,"North",0.227019071383901,1.79551674569158,2.69551674569158,0.9,"hidden_h2_weak","H2: weak hidden variable",2,"weak_hidden",0.06,0.300522212510929,1.34138875796999
0,2.81982706268896,"Male",79,56188,0,"White","Some college","Ever",6,"Coastal",-1.76726021081434,2.81982706268896,3.71982706268896,0.9,"hidden_h2_weak","H2: weak hidden variable",2,"weak_hidden",0.06,0.403073602429667,2.10821832652535
0,5.31993102660642,"Male",55,54453,1,"White","<HS","Never",0,"North",-1.68923892561119,5.31993102660642,6.21993102660642,0.9,"hidden_h2_weak","H2: weak hidden variable",2,"weak_hidden",0.06,0.28707827899351,1.25721773720509
0,4.5580004674951,"Female",48,74009,0,"Black","College+","Never",0,"Inland",2.35586187813891,4.5580004674951,5.4580004674951,0.9,"hidden_h2_weak","H2: weak hidden variable",2,"weak_hidden",0.06,0.188499526647651,0.725226222556682
1,3.67050914574323,"Male",46,54453,1,"White","HS","Never",0,"North",0.394637788439516,2.77050914574323,3.67050914574323,0.9,"hidden_h2_weak","H2: weak hidden variable",2,"weak_hidden",0.06,0.26108641377782,1
0,2.87365656657805,"Female",44,59006,0,"White","Some college","Never",0,"South",-1.55226653526295,2.87365656657805,3.77365656657805,0.9,"hidden_h2_weak","H2: weak hidden variable",2,"weak_hidden",0.06,0.187085956028481,0.718536068505445
1,4.44461637987562,"Male",58,49311,0,"White","Some college","Ever",10,"Coastal",-0.56565989159643,3.54461637987562,4.44461637987562,0.9,"hidden_h2_weak","H2: weak hidden variable",2,"weak_hidden",0.06,0.288731974862394,1
0,3.14317373496666,"Male",30,65695,0,"Mexican American","<HS","Ever",5,"Inland",-0.402821915232339,3.14317373496666,4.04317373496666,0.9,"hidden_h2_weak","H2: weak hidden variable",2,"weak_hidden",0.06,0.270441548809869,1.15735164730733
0,2.2335843816612,"Male",28,40046,0,"White","HS","Ever",7,"South",0.855937216882955,2.2335843816612,3.1335843816612,0.9,"hidden_h2_weak","H2: weak hidden variable",2,"weak_hidden",0.06,0.200597202825786,0.783449885852791
1,5.71603052049848,"Male",52,34568,0,"White","HS","Ever",7,"North",-0.666906318916609,4.81603052049848,5.71603052049848,0.9,"hidden_h2_weak","H2: weak hidden variable",2,"weak_hidden",0.06,0.289969914912756,1
0,3.65742856117477,"Male",34,39171,0,"Black","HS","Ever",3,"Coastal",0.991055248900107,3.65742856117477,4.55742856117477,0.9,"hidden_h2_weak","H2: weak hidden variable",2,"weak_hidden",0.06,0.235340301804738,0.960904256892231
0,2.2230491296735,"Female",46,71152,0,"Black","Some college","Ever",4,"Coastal",-0.612904910082013,2.2230491296735,3.1230491296735,0.9,"hidden_h2_weak","H2: weak hidden variable",2,"weak_hidden",0.06,0.26349649087486,1.11699705424789
1,3.59574632289392,"Female",54,61865,0,"White","Some college","Never",0,"South",0.311746230030617,2.69574632289392,3.59574632289392,0.9,"hidden_h2_weak","H2: weak hidden variable",2,"weak_hidden",0.06,0.224934415212341,1
0,5.35152694221882,"Male",50,11286,0,"Black","College+","Never",1,"Coastal",0.598316175910343,5.35152694221882,6.25152694221882,0.9,"hidden_h2_weak","H2: weak hidden variable",2,"weak_hidden",0.06,0.155001629428149,0.572706885435758
0,2.00371369391798,"Female",38,16799,0,"White","Some college","Never",0,"Inland",-0.318118619026772,2.00371369391798,2.90371369391798,0.9,"hidden_h2_weak","H2: weak hidden variable",2,"weak_hidden",0.06,0.1374666574312,0.497592118317816
0,2.66659836699447,"Female",57,51769,0,"White","<HS","Ever",4,"Inland",-0.141294846407342,2.66659836699447,3.56659836699447,0.9,"hidden_h2_weak","H2: weak hidden variable",2,"weak_hidden",0.06,0.30575306101606,1.37501948479632
1,4.46485147328819,"Female",43,42813,0,"White","College+","Ever",7,"North",1.58000150846851,3.56485147328819,4.46485147328819,0.9,"hidden_h2_weak","H2: weak hidden variable",2,"weak_hidden",0.06,0.174782306259822,1
0,3.09771050031651,"Male",42,63673,0,"White","Some college","Never",0,"South",1.98282211066889,3.09771050031651,3.99771050031651,0.9,"hidden_h2_weak","H2: weak hidden variable",2,"weak_hidden",0.06,0.196656596698921,0.764291975123152
0,1.79148373717849,"Male",35,36700,0,"White","College+","Never",0,"Coastal",-0.569265460673927,1.79148373717849,2.69148373717849,0.9,"hidden_h2_weak","H2: weak hidden variable",2,"weak_hidden",0.06,0.126221969207997,0.451009658582111
1,4.75109569508661,"Male",66,54453,1,"Black","Some college","Never",0,"South",0.351464727595628,3.85109569508661,4.75109569508661,0.9,"hidden_h2_weak","H2: weak hidden variable",2,"weak_hidden",0.06,0.320394666506688,1
0,3.57084200810177,"Male",48,61574,0,"White","Some college","Ever",9,"South",-1.01691453067868,3.57084200810177,4.47084200810177,0.9,"hidden_h2_weak","H2: weak hidden variable",2,"weak_hidden",0.06,0.260382262631036,1.09914779023752
1,4.67681617383375,"Female",43,25408,0,"White","<HS","Ever",10,"Coastal",0.854700389325004,3.77681617383375,4.67681617383375,0.9,"hidden_h2_weak","H2: weak hidden variable",2,"weak_hidden",0.06,0.214809390945316,1
0,4.46913480225998,"Female",65,71502,0,"Mexican American","Some college","Ever",4,"Inland",-1.62349993384816,4.46913480225998,5.36913480225998,0.9,"hidden_h2_weak","H2: weak hidden variable",2,"weak_hidden",0.06,0.396250209665636,2.04910646922902
0,4.18992024469475,"Female",63,48801,0,"White","<HS","Never",0,"South",2.07182984423875,4.18992024469475,5.08992024469475,0.9,"hidden_h2_weak","H2: weak hidden variable",2,"weak_hidden",0.06,0.27405342487326,1.17864382582247
1,4.02485316724732,"Female",74,54453,1,"Other","<HS","Ever",7,"South",-1.39085002114974,3.12485316724732,4.02485316724732,0.9,"hidden_h2_weak","H2: weak hidden variable",2,"weak_hidden",0.06,0.531320937381641,1
0,2.46117878277268,"Female",29,63759,0,"White","Some college","Ever",9,"Coastal",0.275267126996215,2.46117878277268,3.36117878277268,0.9,"hidden_h2_weak","H2: weak hidden variable",2,"weak_hidden",0.06,0.17942232593907,0.682666824529699
0,2.87801027929665,"Female",44,37759,0,"White","College+","Never",0,"South",0.919749784760297,2.87801027929665,3.77801027929665,0.9,"hidden_h2_weak","H2: weak hidden variable",2,"weak_hidden",0.06,0.140254683224255,0.509330361116938
1,4.79814441281693,"Male",43,71484,0,"White","HS","Ever",4,"North",0.462214314474074,3.89814441281693,4.79814441281693,0.9,"hidden_h2_weak","H2: weak hidden variable",2,"weak_hidden",0.06,0.295476801656552,1
0,2.54026289472131,"Male",63,30262,0,"White","<HS","Ever",3,"South",-0.975586967996453,2.54026289472131,3.44026289472131,0.9,"hidden_h2_weak","H2: weak hidden variable",2,"weak_hidden",0.06,0.325412235017628,1.50607787984876
0,3.12486393385379,"Female",57,61275,0,"White","College+","Ever",6,"Inland",-0.938227711324907,3.12486393385379,4.02486393385379,0.9,"hidden_h2_weak","H2: weak hidden variable",2,"weak_hidden",0.06,0.242013957417502,0.996853222137549
0,4.2304702790277,"Female",49,40687,0,"White","HS","Ever",9,"Coastal",1.71654919879246,4.2304702790277,5.1304702790277,0.9,"hidden_h2_weak","H2: weak hidden variable",2,"weak_hidden",0.06,0.266428917091607,1.13394285447504
0,4.74810976620785,"Female",43,37537,0,"White","College+","Never",0,"South",-0.119972238181027,4.74810976620785,5.64810976620785,0.9,"hidden_h2_weak","H2: weak hidden variable",2,"weak_hidden",0.06,0.137524121262962,0.497833288573651
0,1.81416097456993,"Male",43,46988,0,"Black","<HS","Ever",8,"North",-0.949404343306588,1.81416097456993,2.71416097456993,0.9,"hidden_h2_weak","H2: weak hidden variable",2,"weak_hidden",0.06,0.2640991740702,1.12046879257335
0,0.710072017552694,"Male",44,59565,0,"White","College+","Never",0,"Inland",-1.98822280522193,0.710072017552694,1.61007201755269,0.9,"hidden_h2_weak","H2: weak hidden variable",2,"weak_hidden",0.06,0.166358855063833,0.623044108526689
0,3.72684072139173,"Female",65,30683,0,"White","Some college","Ever",3,"Inland",-0.840087915704073,3.72684072139173,4.62684072139173,0.9,"hidden_h2_weak","H2: weak hidden variable",2,"weak_hidden",0.06,0.288131612462075,1.26369775713901
1,4.63421560719889,"Female",57,54453,1,"Mexican American","HS","Ever",8,"Inland",0.230174030194177,3.73421560719889,4.63421560719889,0.9,"hidden_h2_weak","H2: weak hidden variable",2,"weak_hidden",0.06,0.407540199493028,1
0,1.57555218752947,"Male",52,55943,0,"White","Some college","Never",0,"Inland",-0.684978419429473,1.57555218752947,2.47555218752947,0.9,"hidden_h2_weak","H2: weak hidden variable",2,"weak_hidden",0.06,0.225289420864153,0.907932002840036
0,3.69426910535968,"Male",40,31054,0,"Mexican American","College+","Never",0,"Inland",-0.335311245743472,3.69426910535968,4.59426910535968,0.9,"hidden_h2_weak","H2: weak hidden variable",2,"weak_hidden",0.06,0.167806620405755,0.629559594141976
0,5.14085741482533,"Female",65,44751,0,"White","Some college","Ever",4,"North",0.293025001445205,5.14085741482533,6.04085741482533,0.9,"hidden_h2_weak","H2: weak hidden variable",2,"weak_hidden",0.06,0.303773200382708,1.36223091662834
1,4.55510584156868,"Female",30,54453,1,"White","Some college","Ever",4,"Inland",-0.114204916129421,3.65510584156868,4.55510584156868,0.9,"hidden_h2_weak","H2: weak hidden variable",2,"weak_hidden",0.06,0.197298303925381,1
0,2.9579574531581,"Male",23,43828,0,"White","Some college","Ever",7,"North",-1.98792110235884,2.9579574531581,3.8579574531581,0.9,"hidden_h2_weak","H2: weak hidden variable",2,"weak_hidden",0.06,0.157749552209513,0.584761668932474
0,2.49507531931732,"Female",51,54478,0,"Mexican American","Some college","Never",0,"North",-0.552154501460148,2.49507531931732,3.39507531931732,0.9,"hidden_h2_weak","H2: weak hidden variable",2,"weak_hidden",0.06,0.252360481935967,1.05385560962639
0,3.01587702332594,"Female",40,59685,0,"White","HS","Ever",4,"North",-0.316542998763139,3.01587702332594,3.91587702332594,0.9,"hidden_h2_weak","H2: weak hidden variable",2,"weak_hidden",0.06,0.253738140704387,1.06156482499258
0,3.09688917096323,"Female",63,49405,0,"White","College+","Never",0,"North",0.051497286904582,3.09688917096323,3.99688917096323,0.9,"hidden_h2_weak","H2: weak hidden variable",2,"weak_hidden",0.06,0.207921741077633,0.819565791298323
0,2.67716781922299,"Male",58,54453,1,"White","College+","Ever",6,"Inland",1.15044685306172,2.67716781922299,3.57716781922299,0.9,"hidden_h2_weak","H2: weak hidden variable",2,"weak_hidden",0.06,0.278233880768159,1.20355387045915
0,3.0560301945737,"Female",19,42056,0,"White","College+","Ever",2,"Inland",-0.0963489463587737,3.0560301945737,3.9560301945737,0.9,"hidden_h2_weak","H2: weak hidden variable",2,"weak_hidden",0.06,0.113735724405721,0.400668930456451
0,3.36027093322417,"Male",54,71240,0,"White","HS","Ever",6,"Coastal",0.810166519573268,3.36027093322417,4.26027093322417,0.9,"hidden_h2_weak","H2: weak hidden variable",2,"weak_hidden",0.06,0.344932612298539,1.64399423805175
0,3.15239484371016,"Male",59,63230,0,"Black","HS","Never",0,"North",-0.769673207831679,3.15239484371016,4.05239484371017,0.9,"hidden_h2_weak","H2: weak hidden variable",2,"weak_hidden",0.06,0.315541048743633,1.43933030484095
1,3.4496431700742,"Female",80,37130,0,"Mexican American","College+","Never",0,"Inland",0.879282445983997,2.5496431700742,3.4496431700742,0.9,"hidden_h2_weak","H2: weak hidden variable",2,"weak_hidden",0.06,0.31380720112259,1
0,3.07498361460701,"Female",47,54453,1,"Mexican American","Some college","Never",0,"South",0.491994936048178,3.07498361460701,3.97498361460701,0.9,"hidden_h2_weak","H2: weak hidden variable",2,"weak_hidden",0.06,0.260033601911993,1.09715878595961
0,3.36907232179683,"Male",36,54453,1,"White","<HS","Never",0,"North",0.20028688954621,3.36907232179683,4.26907232179683,0.9,"hidden_h2_weak","H2: weak hidden variable",2,"weak_hidden",0.06,0.210878770431498,0.83433631275649
0,2.81111297437732,"Female",80,92324,0,"White","Some college","Ever",5,"Coastal",0.0349145280994504,2.81111297437732,3.71111297437732,0.9,"hidden_h2_weak","H2: weak hidden variable",2,"weak_hidden",0.06,0.439863106041445,2.45174540559439
1,5.88581376351387,"Male",80,50930,0,"Black","Some college","Never",0,"South",0.221338334894899,4.98581376351387,5.88581376351387,0.9,"hidden_h2_weak","H2: weak hidden variable",2,"weak_hidden",0.06,0.355160834244887,1
0,2.00445491439339,"Female",23,57742,0,"Other","College+","Ever",10,"Inland",-2.4186479427698,2.00445491439339,2.90445491439339,0.9,"hidden_h2_weak","H2: weak hidden variable",2,"weak_hidden",0.06,0.1880452368248,0.723073617239387
0,3.4032437220637,"Female",32,45180,0,"Black","College+","Never",0,"North",0.764429459159141,3.4032437220637,4.3032437220637,0.9,"hidden_h2_weak","H2: weak hidden variable",2,"weak_hidden",0.06,0.122646699215014,0.436448859113973
0,3.18862337784916,"Male",45,45861,0,"White","Some college","Ever",7,"North",0.407537443161885,3.18862337784916,4.08862337784916,0.9,"hidden_h2_weak","H2: weak hidden variable",2,"weak_hidden",0.06,0.233465165923106,0.950916115994699
0,5.60577277339444,"Female",50,62438,0,"White","College+","Never",0,"Inland",-0.516058962350849,5.60577277339444,6.50577277339444,0.9,"hidden_h2_weak","H2: weak hidden variable",2,"weak_hidden",0.06,0.175873263376999,0.666281616229243
0,1.93227439232455,"Female",21,31892,0,"Black","Some college","Never",0,"North",-0.295871323327744,1.93227439232455,2.83227439232455,0.9,"hidden_h2_weak","H2: weak hidden variable",2,"weak_hidden",0.06,0.113491306746395,0.399697664088482
0,2.01358986927015,"Male",64,58110,0,"White","College+","Ever",2,"North",-1.52135927267558,2.01358986927015,2.91358986927015,0.9,"hidden_h2_weak","H2: weak hidden variable",2,"weak_hidden",0.06,0.286397320760368,1.25303871990819
0,4.03197717001898,"Female",37,51096,0,"Mexican American","HS","Never",0,"South",-0.181677950886368,4.03197717001898,4.93197717001898,0.9,"hidden_h2_weak","H2: weak hidden variable",2,"weak_hidden",0.06,0.231239703777508,0.939125150109008
0,2.33899723181194,"Male",35,51594,0,"Other","HS","Never",0,"North",-0.00587227827241988,2.33899723181194,3.23899723181194,0.9,"hidden_h2_weak","H2: weak hidden variable",2,"weak_hidden",0.06,0.274663903332225,1.18226357439137
0,3.57504435617128,"Male",41,77216,0,"White","HS","Never",0,"Inland",-0.935146392156462,3.57504435617128,4.47504435617128,0.9,"hidden_h2_weak","H2: weak hidden variable",2,"weak_hidden",0.06,0.241106025760504,0.991925311109369
0,4.46372277761766,"Female",38,40405,0,"White","Some college","Never",0,"Inland",-0.47801191392852,4.46372277761766,5.36372277761766,0.9,"hidden_h2_weak","H2: weak hidden variable",2,"weak_hidden",0.06,0.154020925476079,0.568423625356846
0,3.65194549926238,"Male",52,69782,0,"Mexican American","HS","Ever",11,"Inland",-1.42544247236019,3.65194549926238,4.55194549926238,0.9,"hidden_h2_weak","H2: weak hidden variable",2,"weak_hidden",0.06,0.387825464573163,1.97793981833676
0,2.89738348211922,"Female",33,89288,0,"Other","Some college","Never",0,"Inland",-0.0180274751211344,2.89738348211922,3.79738348211922,0.9,"hidden_h2_weak","H2: weak hidden variable",2,"weak_hidden",0.06,0.252326516824749,1.05366590373156
0,2.15463600376147,"Male",45,37343,0,"White","College+","Ever",8,"Inland",0.917271171532463,2.15463600376147,3.05463600376147,0.9,"hidden_h2_weak","H2: weak hidden variable",2,"weak_hidden",0.06,0.187637651210216,0.721144363994367
0,3.84249161839448,"Male",61,104028,0,"White","College+","Never",0,"South",-1.40113488853827,3.84249161839448,4.74249161839448,0.9,"hidden_h2_weak","H2: weak hidden variable",2,"weak_hidden",0.06,0.270098718923874,1.15534159912435
0,3.21266116350897,"Male",78,45215,0,"White","College+","Never",0,"Inland",-2.1663486426997,3.21266116350897,4.11266116350897,0.9,"hidden_h2_weak","H2: weak hidden variable",2,"weak_hidden",0.06,0.27711076150272,1.19683324584806
0,2.76699640066873,"Male",45,28106,0,"Black","College+","Never",0,"Coastal",-0.0857625358606725,2.76699640066873,3.66699640066873,0.9,"hidden_h2_weak","H2: weak hidden variable",2,"weak_hidden",0.06,0.153847235116932,0.567666061359723
0,3.78513953140237,"Male",18,32452,0,"Black","College+","Ever",6,"South",0.395005329908677,3.78513953140237,4.68513953140237,0.9,"hidden_h2_weak","H2: weak hidden variable",2,"weak_hidden",0.06,0.1187302485729,0.420634146950196
0,2.73122969302426,"Male",33,70238,0,"Other","HS","Ever",8,"Inland",-1.35651698739375,2.73122969302426,3.63122969302426,0.9,"hidden_h2_weak","H2: weak hidden variable",2,"weak_hidden",0.06,0.340917107197676,1.61495627312901
1,3.33459587438354,"Female",68,50993,0,"Black","Some college","Never",0,"South",0.0636318349046647,2.43459587438354,3.33459587438354,0.9,"hidden_h2_weak","H2: weak hidden variable",2,"weak_hidden",0.06,0.28219144262862,1
0,1.88448646862087,"Male",55,30686,0,"Other","College+","Ever",4,"Inland",-0.0278550755629705,1.88448646862087,2.78448646862087,0.9,"hidden_h2_weak","H2: weak hidden variable",2,"weak_hidden",0.06,0.305600316889741,1.37403026444284
0,1.92683483458942,"Male",19,21847,0,"White","Some college","Never",0,"Inland",-0.562848691513298,1.92683483458942,2.82683483458942,0.9,"hidden_h2_weak","H2: weak hidden variable",2,"weak_hidden",0.06,0.105319293058412,0.367529222135192
1,4.59346506668403,"Male",26,51333,0,"Other","HS","Never",0,"Inland",-0.501191817785592,3.69346506668403,4.59346506668403,0.9,"hidden_h2_weak","H2: weak hidden variable",2,"weak_hidden",0.06,0.237437807653746,1
0,3.439339356384,"Female",62,56165,0,"White","<HS","Never",0,"Coastal",0.062094224881261,3.439339356384,4.339339356384,0.9,"hidden_h2_weak","H2: weak hidden variable",2,"weak_hidden",0.06,0.278037645246272,1.20237811069926
0,3.63461276706325,"Female",37,48607,0,"Mexican American","Some college","Never",0,"North",-1.62988826497882,3.63461276706325,4.53461276706325,0.9,"hidden_h2_weak","H2: weak hidden variable",2,"weak_hidden",0.06,0.194460704244398,0.753697605618283
0,4.3101343811448,"Male",44,53712,0,"Black","HS","Never",0,"Coastal",0.879357162928202,4.3101343811448,5.2101343811448,0.9,"hidden_h2_weak","H2: weak hidden variable",2,"weak_hidden",0.06,0.240178618891593,0.986903854597975
0,3.91300987650802,"Female",61,57558,0,"Black","HS","Ever",6,"Coastal",0.741795892334217,3.91300987650802,4.81300987650802,0.9,"hidden_h2_weak","H2: weak hidden variable",2,"weak_hidden",0.06,0.358161680561336,1.74223000699898
0,5.18965094274371,"Female",78,54453,1,"Mexican American","Some college","Ever",6,"North",-1.65363368628826,5.18965094274371,6.08965094274371,0.9,"hidden_h2_weak","H2: weak hidden variable",2,"weak_hidden",0.06,0.470427996361379,2.76143393225323
0,1.61148709626709,"Female",30,41927,0,"Mexican American","<HS","Never",0,"South",-1.54722685392213,1.61148709626709,2.51148709626709,0.9,"hidden_h2_weak","H2: weak hidden variable",2,"weak_hidden",0.06,0.187310034448389,0.719595035737369
1,2.98253426318136,"Male",40,56056,0,"White","Some college","Never",0,"South",1.89885730457866,2.08253426318136,2.98253426318136,0.9,"hidden_h2_weak","H2: weak hidden variable",2,"weak_hidden",0.06,0.183407993170952,1
1,4.89736545293018,"Male",54,43567,0,"Black","<HS","Never",0,"South",-0.0914817666522327,3.99736545293018,4.89736545293018,0.9,"hidden_h2_weak","H2: weak hidden variable",2,"weak_hidden",0.06,0.25795910589928,1
0,4.58349222090268,"Male",46,86668,0,"Black","College+","Ever",5,"South",0.485111223442013,4.58349222090268,5.48349222090268,0.9,"hidden_h2_weak","H2: weak hidden variable",2,"weak_hidden",0.06,0.25154692912012,1.04931639266297
1,4.32674065051107,"Female",80,59228,0,"White","Some college","Never",0,"South",-0.277405274606946,3.42674065051107,4.32674065051107,0.9,"hidden_h2_weak","H2: weak hidden variable",2,"weak_hidden",0.06,0.33382713007352,1
0,3.14492190692041,"Female",37,54908,0,"Mexican American","College+","Ever",5,"Inland",0.709900824462467,3.14492190692041,4.04492190692041,0.9,"hidden_h2_weak","H2: weak hidden variable",2,"weak_hidden",0.06,0.206284096072005,0.81143301920638
1,3.24728041062432,"Male",48,80544,0,"White","HS","Never",0,"Inland",-0.232355736626788,2.34728041062432,3.24728041062432,0.9,"hidden_h2_weak","H2: weak hidden variable",2,"weak_hidden",0.06,0.273526656384965,1
0,3.96205215716994,"Male",39,60174,0,"White","HS","Ever",7,"North",1.18934556573264,3.96205215716994,4.86205215716994,0.9,"hidden_h2_weak","H2: weak hidden variable",2,"weak_hidden",0.06,0.262753074039884,1.11272244310818
1,4.71940150574568,"Female",44,91526,0,"White","Some college","Never",0,"Inland",-0.211479208622592,3.81940150574568,4.71940150574568,0.9,"hidden_h2_weak","H2: weak hidden variable",2,"weak_hidden",0.06,0.21657889519204,1
1,5.14691700521497,"Male",50,71581,0,"White","Some college","Ever",6,"South",-0.49279024282584,4.24691700521497,5.14691700521497,0.9,"hidden_h2_weak","H2: weak hidden variable",2,"weak_hidden",0.06,0.282577615746308,1
0,4.23243131970974,"Male",54,41005,0,"White","College+","Ever",7,"North",0.126569610783358,4.23243131970974,5.13243131970975,0.9,"hidden_h2_weak","H2: weak hidden variable",2,"weak_hidden",0.06,0.223334870879602,0.89778995860157
0,2.73353815984599,"Female",74,64666,0,"White","<HS","Never",0,"Coastal",1.38213632531538,2.73353815984599,3.63353815984599,0.9,"hidden_h2_weak","H2: weak hidden variable",2,"weak_hidden",0.06,0.343591577035939,1.6342570829889
0,1.03057055479933,"Male",52,66033,0,"Mexican American","Some college","Never",0,"North",-0.292858481494542,1.03057055479933,1.93057055479933,0.9,"hidden_h2_weak","H2: weak hidden variable",2,"weak_hidden",0.06,0.284804049677638,1.24329196225687
0,3.54657579128008,"Male",44,51105,0,"Mexican American","College+","Ever",4,"North",-0.258121248865714,3.54657579128008,4.44657579128008,0.9,"hidden_h2_weak","H2: weak hidden variable",2,"weak_hidden",0.06,0.243232469553356,1.00348543066156
0,3.35231503766155,"Female",18,54453,1,"Other","HS","Ever",5,"Inland",1.557124371711,3.35231503766155,4.25231503766155,0.9,"hidden_h2_weak","H2: weak hidden variable",2,"weak_hidden",0.06,0.266772057770374,1.13593464200095
0,2.45138189656769,"Female",46,75976,0,"Black","Some college","Ever",1,"Coastal",1.03541621883155,2.45138189656769,3.35138189656769,0.9,"hidden_h2_weak","H2: weak hidden variable",2,"weak_hidden",0.06,0.271310549042542,1.16245516153678
0,3.3360306370085,"Male",54,39171,0,"White","College+","Ever",8,"Inland",-1.88596100884126,3.3360306370085,4.2360306370085,0.9,"hidden_h2_weak","H2: weak hidden variable",2,"weak_hidden",0.06,0.220817638868592,0.884803153014952
0,4.06559873950681,"Male",75,54453,1,"White","HS","Never",0,"South",0.11061055153273,4.06559873950681,4.96559873950681,0.9,"hidden_h2_weak","H2: weak hidden variable",2,"weak_hidden",0.06,0.397831253692977,2.06268399926649
0,2.39357956271999,"Female",40,50049,0,"White","College+","Ever",9,"North",-1.12693499991714,2.39357956271999,3.29357956271999,0.9,"hidden_h2_weak","H2: weak hidden variable",2,"weak_hidden",0.06,0.170157262968844,0.640186786808091
0,4.68525754291682,"Female",35,47282,0,"Mexican American","HS","Ever",6,"South",0.0564859052074852,4.68525754291682,5.58525754291682,0.9,"hidden_h2_weak","H2: weak hidden variable",2,"weak_hidden",0.06,0.267449988964372,1.13987523284551
0,1.86203623132743,"Male",20,27297,0,"Black","Some college","Never",0,"South",-0.378788139102049,1.86203623132743,2.76203623132743,0.9,"hidden_h2_weak","H2: weak hidden variable",2,"weak_hidden",0.06,0.116657763258929,0.412322145433788
0,3.3929448801312,"Male",33,38251,0,"Black","<HS","Never",0,"North",0.0255148140319528,3.3929448801312,4.2929448801312,0.9,"hidden_h2_weak","H2: weak hidden variable",2,"weak_hidden",0.06,0.176571077537281,0.669492108799622
0,2.78624802138066,"Female",44,32550,0,"White","Some college","Never",0,"North",-0.762363805468406,2.78624802138066,3.68624802138066,0.9,"hidden_h2_weak","H2: weak hidden variable",2,"weak_hidden",0.06,0.165451710038596,0.618973136458216
1,5.14293496932558,"Female",48,44269,0,"Other","HS","Ever",10,"Coastal",0.15760020257017,4.24293496932558,5.14293496932558,0.9,"hidden_h2_weak","H2: weak hidden variable",2,"weak_hidden",0.06,0.361476103967398,1
1,6.17100188013899,"Female",61,63459,0,"Mexican American","Some college","Never",0,"Inland",0.774888347489102,5.27100188013899,6.17100188013899,0.9,"hidden_h2_weak","H2: weak hidden variable",2,"weak_hidden",0.06,0.305842364673756,1
0,1.84081357430857,"Female",47,60744,0,"White","HS","Never",0,"Coastal",2.02455101106539,1.84081357430857,2.74081357430858,0.9,"hidden_h2_weak","H2: weak hidden variable",2,"weak_hidden",0.06,0.23351054295296,0.951157245301174
0,1.94692215813896,"Female",49,57136,0,"Other","College+","Ever",4,"Inland",0.803246335733659,1.94692215813896,2.84692215813895,0.9,"hidden_h2_weak","H2: weak hidden variable",2,"weak_hidden",0.06,0.293237538148969,1.29538272856782
1,4.07425843002647,"Male",53,63269,0,"Black","College+","Never",0,"South",0.89038351332469,3.17425843002647,4.07425843002647,0.9,"hidden_h2_weak","H2: weak hidden variable",2,"weak_hidden",0.06,0.208522026962877,1
0,2.14263536091309,"Female",22,34601,0,"White","Some college","Ever",4,"Coastal",1.1658087120889,2.14263536091309,3.04263536091309,0.9,"hidden_h2_weak","H2: weak hidden variable",2,"weak_hidden",0.06,0.14008820560307,0.508627314456823
1,4.77841585922243,"Female",18,71029,0,"White","<HS","Never",0,"Inland",0.989287454391771,3.87841585922243,4.77841585922243,0.9,"hidden_h2_weak","H2: weak hidden variable",2,"weak_hidden",0.06,0.139441597483325,1
0,3.22351936846107,"Female",51,54453,1,"Black","HS","Never",0,"North",1.14588367053006,3.22351936846107,4.12351936846107,0.9,"hidden_h2_weak","H2: weak hidden variable",2,"weak_hidden",0.06,0.279223648926401,1.20949389815296
0,3.76279358746219,"Female",38,57728,0,"White","Some college","Never",0,"Coastal",-0.364404720572023,3.76279358746219,4.66279358746219,0.9,"hidden_h2_weak","H2: weak hidden variable",2,"weak_hidden",0.06,0.167180580805949,0.626739401872748
0,1.99694965620297,"Female",42,44383,0,"White","Some college","Ever",4,"North",0.208255677424901,1.99694965620297,2.89694965620297,0.9,"hidden_h2_weak","H2: weak hidden variable",2,"weak_hidden",0.06,0.20952207638184,0.82754583298525
0,3.3913152654855,"Male",51,64374,0,"White","Some college","Ever",3,"North",-0.504294923928287,3.3913152654855,4.2913152654855,0.9,"hidden_h2_weak","H2: weak hidden variable",2,"weak_hidden",0.06,0.281290426554555,1.2219502769194
0,3.80985567604866,"Male",29,85590,0,"Other","College+","Ever",6,"Coastal",0.0659527509740936,3.80985567604866,4.70985567604866,0.9,"hidden_h2_weak","H2: weak hidden variable",2,"weak_hidden",0.06,0.253359724582898,1.05944441919168
1,5.44322877997025,"Male",56,74630,0,"White","HS","Never",0,"Inland",0.00879814598117368,4.54322877997025,5.44322877997025,0.9,"hidden_h2_weak","H2: weak hidden variable",2,"weak_hidden",0.06,0.302060558986168,1
1,4.75636507594296,"Female",61,95634,0,"White","College+","Never",0,"Inland",0.286682958556284,3.85636507594296,4.75636507594296,0.9,"hidden_h2_weak","H2: weak hidden variable",2,"weak_hidden",0.06,0.246006113336277,1
0,2.51146012680448,"Male",50,67976,0,"White","HS","Never",0,"Inland",-0.565099199765734,2.51146012680448,3.41146012680448,0.9,"hidden_h2_weak","H2: weak hidden variable",2,"weak_hidden",0.06,0.268057826699396,1.1434146000287
0,2.28601872291782,"Male",33,37754,0,"White","College+","Ever",3,"South",-1.44549696626335,2.28601872291782,3.18601872291782,0.9,"hidden_h2_weak","H2: weak hidden variable",2,"weak_hidden",0.06,0.154345074379458,0.569838258293364
0,3.83299360555715,"Male",45,48826,0,"Mexican American","HS","Ever",4,"North",-0.0638129633978039,3.83299360555715,4.73299360555715,0.9,"hidden_h2_weak","H2: weak hidden variable",2,"weak_hidden",0.06,0.332688652468522,1.556544317422
0,2.90439854787955,"Male",30,54428,0,"White","<HS","Ever",4,"Inland",1.14695463636749,2.90439854787955,3.80439854787955,0.9,"hidden_h2_weak","H2: weak hidden variable",2,"weak_hidden",0.06,0.212631379202126,0.843143052515482
0,2.23656882081404,"Male",34,53787,0,"Mexican American","College+","Never",0,"Inland",-2.22855464677569,2.23656882081404,3.13656882081404,0.9,"hidden_h2_weak","H2: weak hidden variable",2,"weak_hidden",0.06,0.167622993811107,0.628731950731709
1,4.92292118302609,"Female",40,46088,0,"Mexican American","College+","Ever",6,"Coastal",-0.0644227373043358,4.02292118302609,4.92292118302609,0.9,"hidden_h2_weak","H2: weak hidden variable",2,"weak_hidden",0.06,0.208055240845843,1
0,2.17682020001452,"Female",45,52171,0,"White","Some college","Never",0,"Inland",-0.721929855353378,2.17682020001452,3.07682020001452,0.9,"hidden_h2_weak","H2: weak hidden variable",2,"weak_hidden",0.06,0.184521107063262,0.706456359921313
0,3.15551690522203,"Female",61,62562,0,"Black","College+","Ever",7,"Coastal",1.25577128800081,3.15551690522203,4.05551690522203,0.9,"hidden_h2_weak","H2: weak hidden variable",2,"weak_hidden",0.06,0.2709853836233,1.16054408690707
1,3.86337031518671,"Female",55,86864,0,"Black","<HS","Ever",5,"North",-0.814018556792226,2.96337031518671,3.86337031518671,0.9,"hidden_h2_weak","H2: weak hidden variable",2,"weak_hidden",0.06,0.35276987940425,1
1,5.03054057120747,"Male",74,67126,0,"Black","HS","Ever",3,"Coastal",0.0811347332910583,4.13054057120747,5.03054057120747,0.9,"hidden_h2_weak","H2: weak hidden variable",2,"weak_hidden",0.06,0.460682948842887,1
0,2.16943800663024,"Female",51,54453,1,"White","<HS","Never",0,"North",-0.0281795440738846,2.16943800663024,3.06943800663024,0.9,"hidden_h2_weak","H2: weak hidden variable",2,"weak_hidden",0.06,0.254544656212563,1.06609121380697
1,5.70340630123579,"Male",52,54453,1,"Mexican American","College+","Ever",3,"South",0.666173949203411,4.80340630123579,5.70340630123579,0.9,"hidden_h2_weak","H2: weak hidden variable",2,"weak_hidden",0.06,0.307344700722741,1
0,0.609959349756119,"Male",42,53598,0,"Mexican American","Some college","Ever",3,"North",0.485785002014472,0.609959349756119,1.50995934975612,0.9,"hidden_h2_weak","H2: weak hidden variable",2,"weak_hidden",0.06,0.281794072109063,1.2249965904685
1,3.62370485202237,"Female",45,54453,1,"Other","HS","Ever",6,"Coastal",1.13863149737144,2.72370485202237,3.62370485202237,0.9,"hidden_h2_weak","H2: weak hidden variable",2,"weak_hidden",0.06,0.393497658725961,1
0,1.94036663039763,"Female",50,32694,0,"White","College+","Never",0,"Coastal",0.0689565721575522,1.94036663039763,2.84036663039763,0.9,"hidden_h2_weak","H2: weak hidden variable",2,"weak_hidden",0.06,0.152871868628372,0.563417695006663
0,2.49626536230377,"Male",43,31813,0,"Mexican American","College+","Ever",6,"South",-0.0819767378545933,2.49626536230377,3.39626536230377,0.9,"hidden_h2_weak","H2: weak hidden variable",2,"weak_hidden",0.06,0.218599664914229,0.873429610677718
1,2.81118649100644,"Male",33,76619,0,"White","<HS","Ever",4,"South",0.125484691719168,1.91118649100644,2.81118649100644,0.9,"hidden_h2_weak","H2: weak hidden variable",2,"weak_hidden",0.06,0.24614342270983,1
0,3.9164116809266,"Female",46,33949,0,"Other","<HS","Never",0,"Coastal",1.31687773339042,3.9164116809266,4.8164116809266,0.9,"hidden_h2_weak","H2: weak hidden variable",2,"weak_hidden",0.06,0.27383020383526,1.1773217867408
1,5.79181893541331,"Male",65,48451,0,"Mexican American","Some college","Never",0,"Coastal",2.36505451632831,4.89181893541331,5.79181893541331,0.9,"hidden_h2_weak","H2: weak hidden variable",2,"weak_hidden",0.06,0.323148630162728,1
0,2.56796941238924,"Female",26,71993,0,"White","Some college","Never",0,"Inland",-1.60325653122385,2.56796941238924,3.46796941238924,0.9,"hidden_h2_weak","H2: weak hidden variable",2,"weak_hidden",0.06,0.143775598350209,0.524263467159026
0,3.43836812033213,"Female",58,88982,0,"White","Some college","Ever",6,"South",-0.993508532069731,3.43836812033213,4.33836812033213,0.9,"hidden_h2_weak","H2: weak hidden variable",2,"weak_hidden",0.06,0.323102502139716,1.49028532478349
0,2.94941296781942,"Female",36,54453,1,"White","College+","Ever",7,"Inland",-0.90998448296035,2.94941296781942,3.84941296781942,0.9,"hidden_h2_weak","H2: weak hidden variable",2,"weak_hidden",0.06,0.180818429243661,0.689151223040618
0,3.40198487922452,"Female",38,62387,0,"White","College+","Ever",4,"Inland",-0.39810622551452,3.40198487922452,4.30198487922452,0.9,"hidden_h2_weak","H2: weak hidden variable",2,"weak_hidden",0.06,0.176977960556618,0.671366602544234
1,5.04926669356243,"Female",76,75864,0,"Mexican American","College+","Never",0,"North",1.21885058149478,4.14926669356243,5.04926669356243,0.9,"hidden_h2_weak","H2: weak hidden variable",2,"weak_hidden",0.06,0.342916372331627,1
0,1.12647808976512,"Female",45,42480,0,"Black","HS","Never",0,"North",-0.854660896238961,1.12647808976512,2.02647808976512,0.9,"hidden_h2_weak","H2: weak hidden variable",2,"weak_hidden",0.06,0.21891050953191,0.875019698006289
0,3.56053185583579,"Female",22,53085,0,"Black","HS","Ever",5,"South",-0.181529500101561,3.56053185583579,4.46053185583578,0.9,"hidden_h2_weak","H2: weak hidden variable",2,"weak_hidden",0.06,0.190624359554687,0.73532660664506
0,1.76057895168297,"Male",43,52115,0,"Other","Some college","Never",0,"North",-1.20157363408023,1.76057895168297,2.66057895168297,0.9,"hidden_h2_weak","H2: weak hidden variable",2,"weak_hidden",0.06,0.268659433826021,1.14692348030098
1,4.01201429163598,"Female",33,47385,0,"White","College+","Ever",8,"South",-0.0822543022924581,3.11201429163598,4.01201429163598,0.9,"hidden_h2_weak","H2: weak hidden variable",2,"weak_hidden",0.06,0.148506769319284,1
0,1.52166090297904,"Female",40,54453,1,"White","Some college","Never",0,"Inland",0.240750006426914,1.52166090297904,2.42166090297904,0.9,"hidden_h2_weak","H2: weak hidden variable",2,"weak_hidden",0.06,0.189338100541966,0.729206055211715
0,4.05053719511588,"Female",50,52181,0,"Black","HS","Ever",7,"North",-1.75888820586211,4.05053719511588,4.95053719511588,0.9,"hidden_h2_weak","H2: weak hidden variable",2,"weak_hidden",0.06,0.298326942114235,1.32742406780639
0,1.83193198073801,"Male",72,65506,0,"White","<HS","Ever",4,"South",-0.101868800810063,1.83193198073801,2.73193198073801,0.9,"hidden_h2_weak","H2: weak hidden variable",2,"weak_hidden",0.06,0.415731476481709,2.22153126642675
1,5.65069009285204,"Female",43,64564,0,"White","HS","Never",0,"Inland",0.786170386880498,4.75069009285204,5.65069009285204,0.9,"hidden_h2_weak","H2: weak hidden variable",2,"weak_hidden",0.06,0.222116071856406,1
1,5.67825669623157,"Female",50,59058,0,"Black","College+","Never",0,"South",0.311531603942862,4.77825669623157,5.67825669623157,0.9,"hidden_h2_weak","H2: weak hidden variable",2,"weak_hidden",0.06,0.182288280333243,1
0,3.61701030961824,"Male",46,68780,0,"White","College+","Never",0,"Coastal",0.237531834364544,3.61701030961824,4.51701030961824,0.9,"hidden_h2_weak","H2: weak hidden variable",2,"weak_hidden",0.06,0.179971093065126,0.685213017065543
0,3.44514823231701,"Female",46,63531,0,"Mexican American","<HS","Never",0,"Coastal",0.443311148067387,3.44514823231701,4.34514823231701,0.9,"hidden_h2_weak","H2: weak hidden variable",2,"weak_hidden",0.06,0.268842086766725,1.1479899483109
1,4.10961067839251,"Female",26,54453,1,"White","Some college","Never",0,"South",1.71962728012702,3.20961067839251,4.10961067839251,0.9,"hidden_h2_weak","H2: weak hidden variable",2,"weak_hidden",0.06,0.147237186537246,1
1,3.46770122522122,"Male",53,30824,0,"White","<HS","Never",0,"Inland",0.181343372376538,2.56770122522122,3.46770122522122,0.9,"hidden_h2_weak","H2: weak hidden variable",2,"weak_hidden",0.06,0.229219780657809,1
1,5.10780418852794,"Female",66,52237,0,"White","HS","Ever",6,"North",-0.473386235927062,4.20780418852794,5.10780418852794,0.9,"hidden_h2_weak","H2: weak hidden variable",2,"weak_hidden",0.06,0.361664546743227,1
0,4.12284071304867,"Female",53,54453,1,"Black","Some college","Ever",2,"South",1.60461766112861,4.12284071304867,5.02284071304867,0.9,"hidden_h2_weak","H2: weak hidden variable",2,"weak_hidden",0.06,0.302426816892638,1.35357565347132
0,3.12729840808817,"Female",20,23104,0,"White","College+","Never",0,"North",-1.79498273966357,3.12729840808817,4.02729840808817,0.9,"hidden_h2_weak","H2: weak hidden variable",2,"weak_hidden",0.06,0.0821325759255135,0.279374973668044
0,3.57651529638314,"Male",26,53835,0,"White","Some college","Ever",4,"Coastal",0.0976868686500766,3.57651529638314,4.47651529638314,0.9,"hidden_h2_weak","H2: weak hidden variable",2,"weak_hidden",0.06,0.176358344502357,0.668512793525431
0,3.35634136370742,"Male",38,40707,0,"White","College+","Never",0,"Inland",-0.0788069510706441,3.35634136370742,4.25634136370742,0.9,"hidden_h2_weak","H2: weak hidden variable",2,"weak_hidden",0.06,0.136172144052828,0.492167671466259
0,3.39717688630273,"Female",43,73566,0,"Other","College+","Never",0,"North",0.0807498585699582,3.39717688630273,4.29717688630273,0.9,"hidden_h2_weak","H2: weak hidden variable",2,"weak_hidden",0.06,0.234439151525484,0.956098062661198
1,3.51593656611997,"Male",30,65876,0,"White","HS","Ever",3,"South",-0.15039189963345,2.61593656611997,3.51593656611997,0.9,"hidden_h2_weak","H2: weak hidden variable",2,"weak_hidden",0.06,0.235617877964566,1
0,3.47455908736474,"Female",23,54453,1,"White","HS","Ever",7,"North",0.141951540339898,3.47455908736474,4.37455908736475,0.9,"hidden_h2_weak","H2: weak hidden variable",2,"weak_hidden",0.06,0.204062414473877,0.800453337904244
0,3.13550495999572,"Male",32,40150,0,"White","<HS","Never",0,"Coastal",1.00768674078304,3.13550495999572,4.03550495999572,0.9,"hidden_h2_weak","H2: weak hidden variable",2,"weak_hidden",0.06,0.166127693461811,0.622005889423303
0,1.70630870720099,"Male",43,35379,0,"Other","College+","Never",0,"North",-0.035166667157914,1.70630870720099,2.60630870720099,0.9,"hidden_h2_weak","H2: weak hidden variable",2,"weak_hidden",0.06,0.210798065557375,0.833931718318243
0,5.77368841725452,"Male",35,87178,0,"Mexican American","College+","Never",0,"Coastal",-0.663851794090803,5.77368841725452,6.67368841725452,0.9,"hidden_h2_weak","H2: weak hidden variable",2,"weak_hidden",0.06,0.198971356470725,0.775522722558668
1,3.95722307105598,"Male",36,48613,0,"White","Some college","Never",0,"South",1.045530921072,3.05722307105598,3.95722307105598,0.9,"hidden_h2_weak","H2: weak hidden variable",2,"weak_hidden",0.06,0.164969358397396,1
0,1.98691654662305,"Female",56,63171,0,"Black","College+","Ever",4,"South",-0.161282237970498,1.98691654662305,2.88691654662305,0.9,"hidden_h2_weak","H2: weak hidden variable",2,"weak_hidden",0.06,0.253240823018207,1.05877861335085
0,3.47730739251931,"Male",51,35388,0,"White","Some college","Ever",5,"South",0.239574797712176,3.47730739251931,4.37730739251931,0.9,"hidden_h2_weak","H2: weak hidden variable",2,"weak_hidden",0.06,0.247880255878058,1.0289800590693
0,3.22452873865715,"Female",35,54453,1,"White","HS","Never",0,"North",-1.09299488329658,3.22452873865715,4.12452873865715,0.9,"hidden_h2_weak","H2: weak hidden variable",2,"weak_hidden",0.06,0.204843654743777,0.804307279168308
0,2.03631530100967,"Female",41,42839,0,"White","HS","Never",0,"North",1.53336934704463,2.03631530100967,2.93631530100967,0.9,"hidden_h2_weak","H2: weak hidden variable",2,"weak_hidden",0.06,0.194815460226361,0.755405258444496
0,2.83841206363142,"Female",80,17078,0,"Mexican American","Some college","Ever",4,"North",-1.63107713029513,2.83841206363142,3.73841206363142,0.9,"hidden_h2_weak","H2: weak hidden variable",2,"weak_hidden",0.06,0.400292485415268,2.08396278367925
0,3.06951778169982,"Male",26,52898,0,"White","HS","Never",0,"Coastal",-0.846795508539016,3.06951778169982,3.96951778169982,0.9,"hidden_h2_weak","H2: weak hidden variable",2,"weak_hidden",0.06,0.166946348373314,0.6256853178623
1,4.62073247253493,"Female",80,65253,0,"White","<HS","Ever",7,"North",-0.921479379242091,3.72073247253493,4.62073247253493,0.9,"hidden_h2_weak","H2: weak hidden variable",2,"weak_hidden",0.06,0.435269458742836,1
0,6.3240069212307,"Female",45,58736,0,"White","College+","Ever",8,"Coastal",1.4529857673195,6.3240069212307,7.2240069212307,0.9,"hidden_h2_weak","H2: weak hidden variable",2,"weak_hidden",0.06,0.194128142784132,0.752098153622038
0,3.34927343261312,"Male",58,51770,0,"White","Some college","Never",0,"South",-0.174956384011769,3.34927343261312,4.24927343261312,0.9,"hidden_h2_weak","H2: weak hidden variable",2,"weak_hidden",0.06,0.244317948742704,1.00941157079325
0,2.37091202290832,"Male",31,40648,0,"White","Some college","Never",0,"South",1.10646806922012,2.37091202290832,3.27091202290832,0.9,"hidden_h2_weak","H2: weak hidden variable",2,"weak_hidden",0.06,0.144981888497613,0.529407939990523
0,1.38348690517455,"Female",18,29007,0,"Black","HS","Ever",4,"Coastal",-0.347331351944958,1.38348690517455,2.28348690517455,0.9,"hidden_h2_weak","H2: weak hidden variable",2,"weak_hidden",0.06,0.159253297687119,0.591391766561646
1,3.93788128161257,"Male",44,80604,0,"Other","HS","Ever",9,"Inland",1.78911094340117,3.03788128161257,3.93788128161257,0.9,"hidden_h2_weak","H2: weak hidden variable",2,"weak_hidden",0.06,0.409116322812388,1
1,3.90357930682996,"Female",66,21123,0,"Black","Some college","Never",0,"Coastal",0.841627979176241,3.00357930682996,3.90357930682996,0.9,"hidden_h2_weak","H2: weak hidden variable",2,"weak_hidden",0.06,0.241370814905221,1
0,2.29243070872606,"Male",38,63811,0,"White","HS","Never",0,"North",-0.451717546412591,2.29243070872606,3.19243070872606,0.9,"hidden_h2_weak","H2: weak hidden variable",2,"weak_hidden",0.06,0.216371167079357,0.862066945001669
0,2.75510229858688,"Female",43,70922,0,"White","Some college","Ever",2,"Inland",0.04995413160121,2.75510229858688,3.65510229858688,0.9,"hidden_h2_weak","H2: weak hidden variable",2,"weak_hidden",0.06,0.24082820329735,0.990419750652292
0,2.79647912087743,"Female",34,18588,0,"White","HS","Never",0,"Inland",-0.222284174449874,2.79647912087743,3.69647912087743,0.9,"hidden_h2_weak","H2: weak hidden variable",2,"weak_hidden",0.06,0.153579058380825,0.566496998306438
0,1.78868133548301,"Female",34,16851,0,"White","Some college","Never",1,"Inland",-1.10950160653218,1.78868133548301,2.68868133548301,0.9,"hidden_h2_weak","H2: weak hidden variable",2,"weak_hidden",0.06,0.127110697618275,0.454647642574435
0,3.4938828308603,"Male",26,57861,0,"White","HS","Ever",9,"North",-0.128769459009333,3.4938828308603,4.3938828308603,0.9,"hidden_h2_weak","H2: weak hidden variable",2,"weak_hidden",0.06,0.208539629739496,0.822643056825038
0,2.87091982650244,"Female",31,36830,0,"White","Some college","Ever",7,"South",0.171230840226275,2.87091982650244,3.77091982650244,0.9,"hidden_h2_weak","H2: weak hidden variable",2,"weak_hidden",0.06,0.165140816222193,0.617579981592953
0,4.38436272749611,"Male",32,52036,0,"White","College+","Ever",7,"North",2.14737490829989,4.38436272749611,5.28436272749611,0.9,"hidden_h2_weak","H2: weak hidden variable",2,"weak_hidden",0.06,0.159908901616717,0.594289790742548
1,2.63343698347141,"Male",44,30093,0,"White","<HS","Ever",4,"Coastal",0.962044645061405,1.73343698347141,2.63343698347141,0.9,"hidden_h2_weak","H2: weak hidden variable",2,"weak_hidden",0.06,0.241547722599617,1
1,4.52264583950811,"Female",75,58425,0,"White","HS","Ever",7,"South",0.773594733070138,3.62264583950811,4.52264583950811,0.9,"hidden_h2_weak","H2: weak hidden variable",2,"weak_hidden",0.06,0.415015060923573,1
1,4.64227221741313,"Male",71,71942,0,"White","College+","Never",0,"Inland",1.84053210893252,3.74227221741313,4.64227221741313,0.9,"hidden_h2_weak","H2: weak hidden variable",2,"weak_hidden",0.06,0.277035034255367,1
0,3.40238711202179,"Female",42,80263,0,"Other","<HS","Ever",8,"South",0.0477889137225571,3.40238711202179,4.30238711202179,0.9,"hidden_h2_weak","H2: weak hidden variable",2,"weak_hidden",0.06,0.365734426040935,1.80030759758491
0,1.73933524765129,"Female",43,64418,0,"Mexican American","HS","Never",0,"Coastal",0.167398269054926,1.73933524765129,2.63933524765129,0.9,"hidden_h2_weak","H2: weak hidden variable",2,"weak_hidden",0.06,0.269583362539033,1.15232355982661
0,2.8948006582144,"Female",49,23198,0,"White","College+","Never",0,"North",0.682117382545075,2.8948006582144,3.79480065821439,0.9,"hidden_h2_weak","H2: weak hidden variable",2,"weak_hidden",0.06,0.143395652381653,0.522646109840201
0,3.65523124666339,"Male",26,35281,0,"White","College+","Never",0,"North",0.813695661097722,3.65523124666339,4.55523124666339,0.9,"hidden_h2_weak","H2: weak hidden variable",2,"weak_hidden",0.06,0.105551877814114,0.368436645651128
0,3.79728567079376,"Female",42,84361,0,"White","Some college","Never",0,"South",0.0471779084344114,3.79728567079376,4.69728567079376,0.9,"hidden_h2_weak","H2: weak hidden variable",2,"weak_hidden",0.06,0.202737750737145,0.793935891837514
0,2.38201093456837,"Male",65,54453,1,"Black","College+","Never",0,"Inland",1.14631952791778,2.38201093456837,3.28201093456837,0.9,"hidden_h2_weak","H2: weak hidden variable",2,"weak_hidden",0.06,0.269360200992943,1.15101799815475
0,4.12405340477005,"Female",38,54615,0,"White","HS","Ever",5,"Inland",0.177057595793771,4.12405340477005,5.02405340477005,0.9,"hidden_h2_weak","H2: weak hidden variable",2,"weak_hidden",0.06,0.239622789562148,0.983900180084329
0,4.20589026961067,"Male",36,48666,0,"White","HS","Ever",5,"North",-0.669493784168268,4.20589026961067,5.10589026961067,0.9,"hidden_h2_weak","H2: weak hidden variable",2,"weak_hidden",0.06,0.239966035624659,0.985754546204158
