"Z","Y","gender","age","income","income.missing","race","education","smoking.ever","smoking.now","location_region","hidden_confounder","Y0","Y1","true_unit_ATT","dataset_id","dataset_label","scenario_order","scenario_class","omitted_confounding_strength","ps","w"
0,2.61590799689953,"Female",23,52150,0,"Black","Some college","Ever",6,"South",0.39690259193739,2.61590799689953,3.51590799689953,0.9,"hidden_h3_moderate","H3: moderate hidden variable",3,"moderate_hidden",0.12,0.209097942514031,0.817171640014947
0,3.55784218596613,"Male",77,59083,0,"Mexican American","Some college","Never",0,"South",-0.550309469940868,3.55784218596613,4.45784218596613,0.9,"hidden_h3_moderate","H3: moderate hidden variable",3,"moderate_hidden",0.12,0.337164372765282,1.57225167460987
0,2.56508219645254,"Female",57,88990,0,"White","College+","Never",0,"North",-0.719167231907794,2.56508219645254,3.46508219645254,0.9,"hidden_h3_moderate","H3: moderate hidden variable",3,"moderate_hidden",0.12,0.207031160915535,0.806985679429866
1,5.02344289677121,"Male",31,46318,0,"Mexican American","Some college","Never",0,"Coastal",2.00952466614963,4.12344289677121,5.02344289677121,0.9,"hidden_h3_moderate","H3: moderate hidden variable",3,"moderate_hidden",0.12,0.244214429288697,1
1,2.97316464743765,"Male",50,53269,0,"White","College+","Ever",5,"North",-0.0519190531046702,2.07316464743765,2.97316464743765,0.9,"hidden_h3_moderate","H3: moderate hidden variable",3,"moderate_hidden",0.12,0.274159975074009,1
0,2.75101021445951,"Male",27,21658,0,"Other","College+","Ever",12,"North",-1.16167173054174,2.75101021445951,3.65101021445951,0.9,"hidden_h3_moderate","H3: moderate hidden variable",3,"moderate_hidden",0.12,0.431736905658342,2.34831284992442
0,3.69065359199662,"Male",27,86936,0,"Other","HS","Never",0,"North",1.79547474586158,3.69065359199662,4.59065359199662,0.9,"hidden_h3_moderate","H3: moderate hidden variable",3,"moderate_hidden",0.12,0.265061605117309,1.11476190468838
0,3.6062674064844,"Male",69,54066,1,"Mexican American","Some college","Ever",6,"Coastal",0.439736027072159,3.6062674064844,4.5062674064844,0.9,"hidden_h3_moderate","H3: moderate hidden variable",3,"moderate_hidden",0.12,0.270654472010085,1.14701240485667
0,3.62031751993712,"Male",60,41613,0,"Mexican American","Some college","Never",0,"Inland",0.0331731802740396,3.62031751993712,4.52031751993712,0.9,"hidden_h3_moderate","H3: moderate hidden variable",3,"moderate_hidden",0.12,0.309936888203268,1.38825960840194
0,1.83295029184177,"Female",41,36469,0,"Black","College+","Ever",5,"North",-0.375020788622552,1.83295029184177,2.73295029184177,0.9,"hidden_h3_moderate","H3: moderate hidden variable",3,"moderate_hidden",0.12,0.236709934099788,0.958546324528187
0,0.969748073472063,"Female",32,72275,0,"White","College+","Never",0,"Inland",-1.387916416807,0.969748073472063,1.86974807347206,0.9,"hidden_h3_moderate","H3: moderate hidden variable",3,"moderate_hidden",0.12,0.174167814251021,0.651872002208304
0,3.82457431395133,"Male",41,52499,0,"White","College+","Never",0,"South",0.382865731011715,3.82457431395133,4.72457431395133,0.9,"hidden_h3_moderate","H3: moderate hidden variable",3,"moderate_hidden",0.12,0.255669235480075,1.06169246507073
0,2.15666489844895,"Female",62,67620,0,"White","Some college","Never",0,"Coastal",0.884415716672554,2.15666489844895,3.05666489844895,0.9,"hidden_h3_moderate","H3: moderate hidden variable",3,"moderate_hidden",0.12,0.238051666376319,0.965677103340216
0,2.50652561242184,"Female",51,8000,0,"Other","College+","Never",0,"South",-0.17981794149525,2.50652561242184,3.40652561242184,0.9,"hidden_h3_moderate","H3: moderate hidden variable",3,"moderate_hidden",0.12,0.36860243872114,1.80443621997337
0,2.41124488609558,"Female",37,8000,0,"White","Some college","Never",0,"North",-1.20178130444501,2.41124488609558,3.31124488609558,0.9,"hidden_h3_moderate","H3: moderate hidden variable",3,"moderate_hidden",0.12,0.225938141334408,0.902194375314554
1,5.49958957343037,"Female",45,53405,0,"Other","HS","Ever",4,"Coastal",0.00560970477889651,4.59958957343037,5.49958957343037,0.9,"hidden_h3_moderate","H3: moderate hidden variable",3,"moderate_hidden",0.12,0.255436699807347,1
1,4.6362306555796,"Male",44,54390,0,"Mexican American","HS","Never",0,"Coastal",-0.28244278315645,3.7362306555796,4.6362306555796,0.9,"hidden_h3_moderate","H3: moderate hidden variable",3,"moderate_hidden",0.12,0.206227544032208,1
0,2.90884962474134,"Male",44,39482,0,"Mexican American","College+","Never",0,"Inland",-0.308638905033717,2.90884962474134,3.80884962474134,0.9,"hidden_h3_moderate","H3: moderate hidden variable",3,"moderate_hidden",0.12,0.265199003680381,1.11554831237487
0,2.52337574195169,"Male",44,48966,0,"White","HS","Ever",3,"North",-0.272197543307608,2.52337574195169,3.42337574195169,0.9,"hidden_h3_moderate","H3: moderate hidden variable",3,"moderate_hidden",0.12,0.202283135744329,0.783785339417563
0,4.14454348793567,"Male",58,58767,0,"White","HS","Never",0,"North",-0.0140130288112242,4.14454348793567,5.04454348793567,0.9,"hidden_h3_moderate","H3: moderate hidden variable",3,"moderate_hidden",0.12,0.234276082035106,0.9456751379393
0,3.48916535107564,"Male",23,39759,0,"White","HS","Never",0,"North",0.207962154097071,3.48916535107564,4.38916535107564,0.9,"hidden_h3_moderate","H3: moderate hidden variable",3,"moderate_hidden",0.12,0.182715715658098,0.691017406549462
1,4.14568401982588,"Male",27,54066,1,"White","Some college","Never",0,"Coastal",0.40314560230616,3.24568401982588,4.14568401982588,0.9,"hidden_h3_moderate","H3: moderate hidden variable",3,"moderate_hidden",0.12,0.189473525107053,1
1,4.61887878469431,"Male",18,50516,0,"White","<HS","Ever",7,"Coastal",2.6960015834056,3.71887878469431,4.61887878469431,0.9,"hidden_h3_moderate","H3: moderate hidden variable",3,"moderate_hidden",0.12,0.259877020379746,1
1,3.17198068253801,"Female",50,38732,0,"White","Some college","Never",1,"Coastal",1.88108630652286,2.27198068253801,3.17198068253801,0.9,"hidden_h3_moderate","H3: moderate hidden variable",3,"moderate_hidden",0.12,0.238652895579595,1
0,3.9074060506559,"Male",52,47270,0,"White","HS","Never",0,"South",-1.03419727251653,3.9074060506559,4.8074060506559,0.9,"hidden_h3_moderate","H3: moderate hidden variable",3,"moderate_hidden",0.12,0.229670267805947,0.92154033396974
1,3.73285464569026,"Female",20,29940,0,"Mexican American","<HS","Never",0,"Inland",2.12114636813794,2.83285464569026,3.73285464569026,0.9,"hidden_h3_moderate","H3: moderate hidden variable",3,"moderate_hidden",0.12,0.201619465529916,1
0,0.640356163536529,"Female",28,64126,0,"Black","<HS","Ever",6,"Inland",0.194908837197374,0.640356163536529,1.54035616353653,0.9,"hidden_h3_moderate","H3: moderate hidden variable",3,"moderate_hidden",0.12,0.235658808552427,0.952977494681399
0,3.31211173519491,"Female",18,65155,0,"Mexican American","Some college","Ever",4,"South",0.75130944668677,3.31211173519491,4.21211173519491,0.9,"hidden_h3_moderate","H3: moderate hidden variable",3,"moderate_hidden",0.12,0.155486011146722,0.569076571502583
0,2.82293401490373,"Female",64,59089,0,"White","<HS","Ever",4,"North",-2.02212308368627,2.82293401490373,3.72293401490373,0.9,"hidden_h3_moderate","H3: moderate hidden variable",3,"moderate_hidden",0.12,0.267522918549675,1.12889405267733
0,3.34939839526556,"Male",31,34739,0,"Black","College+","Ever",6,"Coastal",2.04148805500972,3.34939839526556,4.24939839526556,0.9,"hidden_h3_moderate","H3: moderate hidden variable",3,"moderate_hidden",0.12,0.286085589180733,1.2386142301877
0,5.40369230969389,"Male",45,54066,1,"White","College+","Never",0,"Inland",0.916521419890372,5.40369230969389,6.30369230969389,0.9,"hidden_h3_moderate","H3: moderate hidden variable",3,"moderate_hidden",0.12,0.212153464134596,0.832328430867792
1,4.43835653818901,"Female",59,103567,0,"White","Some college","Ever",1,"South",1.15109544501621,3.53835653818901,4.43835653818901,0.9,"hidden_h3_moderate","H3: moderate hidden variable",3,"moderate_hidden",0.12,0.188855189616482,1
0,1.86583169748345,"Female",74,61187,0,"White","Some college","Ever",10,"North",1.08561507666247,1.86583169748345,2.76583169748345,0.9,"hidden_h3_moderate","H3: moderate hidden variable",3,"moderate_hidden",0.12,0.302293821661142,1.33919227105408
1,3.52494108684512,"Male",46,48239,0,"Mexican American","HS","Never",0,"South",1.28672487768626,2.62494108684512,3.52494108684512,0.9,"hidden_h3_moderate","H3: moderate hidden variable",3,"moderate_hidden",0.12,0.213265443691287,1
0,3.93439787865166,"Male",41,59681,0,"White","College+","Ever",5,"Inland",-0.882049627781122,3.93439787865166,4.83439787865166,0.9,"hidden_h3_moderate","H3: moderate hidden variable",3,"moderate_hidden",0.12,0.251128762702874,1.03651487327599
0,2.82120454499796,"Female",36,59545,0,"Other","<HS","Never",0,"Coastal",1.51641100947398,2.82120454499796,3.72120454499796,0.9,"hidden_h3_moderate","H3: moderate hidden variable",3,"moderate_hidden",0.12,0.335887656141836,1.56328702439339
0,2.95222046060598,"Female",66,42976,0,"White","College+","Never",0,"North",-2.77910461322636,2.95222046060598,3.85222046060598,0.9,"hidden_h3_moderate","H3: moderate hidden variable",3,"moderate_hidden",0.12,0.251680236584538,1.03955657633674
1,5.19977897376976,"Female",70,71382,0,"White","<HS","Ever",2,"North",0.00921903832647359,4.29977897376976,5.19977897376976,0.9,"hidden_h3_moderate","H3: moderate hidden variable",3,"moderate_hidden",0.12,0.258430396010815,1
1,5.89890595647032,"Male",61,50129,0,"Black","College+","Ever",8,"North",1.58631658102169,4.99890595647032,5.89890595647032,0.9,"hidden_h3_moderate","H3: moderate hidden variable",3,"moderate_hidden",0.12,0.360676894292681,1
1,4.09638296257558,"Male",59,59191,0,"Black","College+","Ever",4,"Coastal",0.28365445593626,3.19638296257558,4.09638296257558,0.9,"hidden_h3_moderate","H3: moderate hidden variable",3,"moderate_hidden",0.12,0.317583518767074,1
0,2.99142764687348,"Male",58,67200,0,"White","Some college","Never",0,"Inland",-0.212792018326845,2.99142764687348,3.89142764687348,0.9,"hidden_h3_moderate","H3: moderate hidden variable",3,"moderate_hidden",0.12,0.292824298546397,1.27987045447929
0,5.04991709028595,"Male",80,57400,0,"White","Some college","Never",0,"Coastal",-0.148576094913388,5.04991709028595,5.94991709028595,0.9,"hidden_h3_moderate","H3: moderate hidden variable",3,"moderate_hidden",0.12,0.351883208248598,1.67815279769982
0,2.93897110515565,"Male",20,61220,0,"Other","<HS","Never",0,"Inland",-0.164858128272259,2.93897110515565,3.83897110515565,0.9,"hidden_h3_moderate","H3: moderate hidden variable",3,"moderate_hidden",0.12,0.36894329707181,1.80708038700446
0,3.9692156336048,"Male",20,14159,0,"White","Some college","Never",0,"Coastal",-0.0710541693296906,3.9692156336048,4.8692156336048,0.9,"hidden_h3_moderate","H3: moderate hidden variable",3,"moderate_hidden",0.12,0.24740965507889,1.0161182072329
0,2.24493708238029,"Male",45,54066,1,"White","Some college","Never",0,"Coastal",-0.082373669019673,2.24493708238029,3.14493708238029,0.9,"hidden_h3_moderate","H3: moderate hidden variable",3,"moderate_hidden",0.12,0.221155675085163,0.877674863589221
1,5.0217919857214,"Female",71,38100,0,"White","Some college","Ever",8,"South",0.904656902009659,4.1217919857214,5.0217919857214,0.9,"hidden_h3_moderate","H3: moderate hidden variable",3,"moderate_hidden",0.12,0.297211292063601,1
0,3.73666658562864,"Male",46,54648,0,"White","Some college","Never",0,"Inland",0.306849008168237,3.73666658562864,4.63666658562864,0.9,"hidden_h3_moderate","H3: moderate hidden variable",3,"moderate_hidden",0.12,0.27511728540747,1.1731035951246
0,1.88708424495593,"Female",45,54066,1,"White","<HS","Ever",4,"Coastal",0.233131654372811,1.88708424495593,2.78708424495593,0.9,"hidden_h3_moderate","H3: moderate hidden variable",3,"moderate_hidden",0.12,0.185912292023834,0.705867424232181
0,3.07809099340079,"Male",80,82089,0,"White","HS","Ever",5,"Coastal",0.55457295576551,3.07809099340079,3.97809099340079,0.9,"hidden_h3_moderate","H3: moderate hidden variable",3,"moderate_hidden",0.12,0.263990539560816,1.10864167174648
0,2.99986351537657,"Female",42,38987,0,"White","HS","Never",0,"Inland",-0.635341787542704,2.99986351537657,3.89986351537657,0.9,"hidden_h3_moderate","H3: moderate hidden variable",3,"moderate_hidden",0.12,0.166086123070082,0.615599670269432
0,3.8768916509707,"Female",59,79607,0,"Mexican American","HS","Never",0,"North",0.562812767355969,3.8768916509707,4.7768916509707,0.9,"hidden_h3_moderate","H3: moderate hidden variable",3,"moderate_hidden",0.12,0.168721727147415,0.627351318210515
1,4.59766160661332,"Male",39,33112,0,"Mexican American","<HS","Ever",6,"Inland",0.333166947761169,3.69766160661332,4.59766160661332,0.9,"hidden_h3_moderate","H3: moderate hidden variable",3,"moderate_hidden",0.12,0.305170126831062,1
0,3.22645553784763,"Male",47,64066,0,"White","College+","Never",0,"South",-2.33370458229572,3.22645553784763,4.12645553784763,0.9,"hidden_h3_moderate","H3: moderate hidden variable",3,"moderate_hidden",0.12,0.260574310031832,1.08923927672763
0,3.91490780476088,"Female",60,37089,0,"White","College+","Ever",6,"South",-1.15534795009045,3.91490780476088,4.81490780476088,0.9,"hidden_h3_moderate","H3: moderate hidden variable",3,"moderate_hidden",0.12,0.249897406838235,1.02973936316513
0,2.3238384405285,"Male",25,58514,0,"Mexican American","College+","Never",0,"Inland",-0.303408530161791,2.3238384405285,3.2238384405285,0.9,"hidden_h3_moderate","H3: moderate hidden variable",3,"moderate_hidden",0.12,0.216032683694988,0.851741357169709
1,4.50121709410602,"Male",55,58977,0,"Mexican American","<HS","Ever",3,"North",-1.83324809437583,3.60121709410602,4.50121709410602,0.9,"hidden_h3_moderate","H3: moderate hidden variable",3,"moderate_hidden",0.12,0.300964248350881,1
0,2.76591637156492,"Male",52,58428,0,"White","HS","Ever",1,"Inland",-2.71146871687663,2.76591637156492,3.66591637156492,0.9,"hidden_h3_moderate","H3: moderate hidden variable",3,"moderate_hidden",0.12,0.199760268002798,0.771569822997044
0,2.46339857377339,"Female",53,80669,0,"White","Some college","Never",0,"Inland",-1.4265875727303,2.46339857377339,3.36339857377339,0.9,"hidden_h3_moderate","H3: moderate hidden variable",3,"moderate_hidden",0.12,0.213345634934921,0.838274077932008
0,2.29956547505601,"Male",49,57664,0,"White","HS","Never",0,"North",0.269031806222484,2.29956547505601,3.19956547505601,0.9,"hidden_h3_moderate","H3: moderate hidden variable",3,"moderate_hidden",0.12,0.217920311965845,0.861257342000627
0,4.11820037814599,"Female",58,54736,0,"Mexican American","College+","Never",0,"Inland",0.965591680619853,4.11820037814599,5.01820037814599,0.9,"hidden_h3_moderate","H3: moderate hidden variable",3,"moderate_hidden",0.12,0.223906505344062,0.891741339989536
0,3.98512472033366,"Male",49,47935,0,"White","College+","Never",0,"Inland",0.257454149604987,3.98512472033366,4.88512472033366,0.9,"hidden_h3_moderate","H3: moderate hidden variable",3,"moderate_hidden",0.12,0.27554119870403,1.17559865995241
0,3.55350398168518,"Male",68,31998,0,"Mexican American","College+","Ever",4,"North",-1.24054469221191,3.55350398168518,4.45350398168518,0.9,"hidden_h3_moderate","H3: moderate hidden variable",3,"moderate_hidden",0.12,0.316671091512424,1.43240179571834
0,4.93701819961911,"Male",51,43606,0,"Other","Some college","Ever",1,"Inland",-0.125630675653364,4.93701819961911,5.83701819961911,0.9,"hidden_h3_moderate","H3: moderate hidden variable",3,"moderate_hidden",0.12,0.395992567675164,2.02642709651516
1,3.49472136739653,"Male",62,54066,1,"White","Some college","Never",0,"Coastal",0.746782423560257,2.59472136739653,3.49472136739653,0.9,"hidden_h3_moderate","H3: moderate hidden variable",3,"moderate_hidden",0.12,0.254404262083178,1
0,1.9017814735366,"Female",43,48155,0,"White","HS","Never",0,"South",-0.593226582889677,1.9017814735366,2.8017814735366,0.9,"hidden_h3_moderate","H3: moderate hidden variable",3,"moderate_hidden",0.12,0.163296753110202,0.603243050126158
1,4.89977268524162,"Male",42,38909,0,"White","Some college","Never",0,"Coastal",0.155689815078344,3.99977268524162,4.89977268524162,0.9,"hidden_h3_moderate","H3: moderate hidden variable",3,"moderate_hidden",0.12,0.27714386183864,1
0,2.13801664290339,"Male",48,37109,0,"White","HS","Never",0,"South",0.334419683683751,2.13801664290339,3.03801664290339,0.9,"hidden_h3_moderate","H3: moderate hidden variable",3,"moderate_hidden",0.12,0.228122013038762,0.913492049065783
0,3.94665062851869,"Male",47,32465,0,"Mexican American","Some college","Ever",4,"North",0.375013879797664,3.94665062851869,4.84665062851869,0.9,"hidden_h3_moderate","H3: moderate hidden variable",3,"moderate_hidden",0.12,0.279981732300752,1.20191128542081
1,2.26552848443401,"Male",60,50328,0,"Mexican American","College+","Never",0,"South",1.18431667536945,1.36552848443401,2.26552848443401,0.9,"hidden_h3_moderate","H3: moderate hidden variable",3,"moderate_hidden",0.12,0.292554546921866,1
1,4.15296375252067,"Female",54,46510,0,"White","Some college","Never",0,"Inland",2.82181733016878,3.25296375252067,4.15296375252067,0.9,"hidden_h3_moderate","H3: moderate hidden variable",3,"moderate_hidden",0.12,0.235364611375028,1
0,4.29775253077165,"Female",68,98009,0,"White","Some college","Never",0,"Coastal",-0.136916835272219,4.29775253077165,5.19775253077165,0.9,"hidden_h3_moderate","H3: moderate hidden variable",3,"moderate_hidden",0.12,0.231193047524083,0.929487812312089
0,2.88446510510802,"Female",51,100588,0,"White","College+","Ever",8,"Inland",-1.20555047628344,2.88446510510802,3.78446510510802,0.9,"hidden_h3_moderate","H3: moderate hidden variable",3,"moderate_hidden",0.12,0.207245139035247,0.808037788013317
0,3.64806872146635,"Female",44,56291,0,"White","HS","Ever",5,"Inland",0.00816425839900796,3.64806872146635,4.54806872146635,0.9,"hidden_h3_moderate","H3: moderate hidden variable",3,"moderate_hidden",0.12,0.161064366162055,0.593413002752453
0,4.21018906692389,"Male",43,52230,0,"White","HS","Ever",7,"South",-0.231649450472281,4.21018906692389,5.11018906692389,0.9,"hidden_h3_moderate","H3: moderate hidden variable",3,"moderate_hidden",0.12,0.222040163354434,0.882186877947833
1,2.8299857612949,"Male",36,69802,0,"White","<HS","Never",0,"Inland",0.4215922196177,1.9299857612949,2.8299857612949,0.9,"hidden_h3_moderate","H3: moderate hidden variable",3,"moderate_hidden",0.12,0.271323165068557,1
0,3.78622925352797,"Male",32,62832,0,"Black","College+","Ever",1,"Inland",-1.58988843046199,3.78622925352797,4.68622925352797,0.9,"hidden_h3_moderate","H3: moderate hidden variable",3,"moderate_hidden",0.12,0.236117691525905,0.955406757252627
0,1.88696194561197,"Male",64,54066,1,"White","HS","Never",0,"South",-0.07823798250862,1.88696194561197,2.78696194561197,0.9,"hidden_h3_moderate","H3: moderate hidden variable",3,"moderate_hidden",0.12,0.20023058315012,0.773841205599519
0,2.96787757275536,"Male",59,45594,0,"Black","College+","Never",0,"Inland",0.502555915925902,2.96787757275536,3.86787757275536,0.9,"hidden_h3_moderate","H3: moderate hidden variable",3,"moderate_hidden",0.12,0.335343326541081,1.55947540733688
1,4.47278317528438,"Female",62,51584,0,"Black","College+","Ever",2,"Inland",1.68372009220055,3.57278317528438,4.47278317528438,0.9,"hidden_h3_moderate","H3: moderate hidden variable",3,"moderate_hidden",0.12,0.249693941976263,1
0,4.13223089851137,"Female",61,52867,0,"Mexican American","Some college","Never",0,"Coastal",1.41774191167714,4.13223089851137,5.03223089851137,0.9,"hidden_h3_moderate","H3: moderate hidden variable",3,"moderate_hidden",0.12,0.240261952839476,0.977478825769798
0,3.12574032929992,"Male",64,70623,0,"White","<HS","Ever",8,"North",-3.70534787905949,3.12574032929992,4.02574032929992,0.9,"hidden_h3_moderate","H3: moderate hidden variable",3,"moderate_hidden",0.12,0.358309372327365,1.72591222081802
0,3.75052814918932,"Female",80,80665,0,"White","College+","Never",0,"Coastal",-0.353958808203169,3.75052814918932,4.65052814918932,0.9,"hidden_h3_moderate","H3: moderate hidden variable",3,"moderate_hidden",0.12,0.256131099318997,1.06427079102898
0,2.64456831769489,"Male",41,55823,0,"Mexican American","Some college","Never",0,"North",-2.68437354488103,2.64456831769489,3.54456831769489,0.9,"hidden_h3_moderate","H3: moderate hidden variable",3,"moderate_hidden",0.12,0.258479761846266,1.07743174710358
0,3.90427491679789,"Female",56,74607,0,"White","Some college","Ever",7,"North",-2.60329214714176,3.90427491679789,4.80427491679789,0.9,"hidden_h3_moderate","H3: moderate hidden variable",3,"moderate_hidden",0.12,0.234784288904229,0.948355976561858
0,1.4394325788422,"Female",45,36166,0,"White","HS","Ever",5,"Inland",-0.792600582042553,1.4394325788422,2.3394325788422,0.9,"hidden_h3_moderate","H3: moderate hidden variable",3,"moderate_hidden",0.12,0.17203166583898,0.64221567169564
0,5.3971548315412,"Female",33,54066,1,"Mexican American","Some college","Ever",5,"Coastal",0.925945198320285,5.3971548315412,6.2971548315412,0.9,"hidden_h3_moderate","H3: moderate hidden variable",3,"moderate_hidden",0.12,0.149465288514436,0.543168447808213
0,3.50613724545753,"Male",45,54066,1,"White","College+","Ever",5,"Inland",-0.56944871225764,3.50613724545753,4.40613724545753,0.9,"hidden_h3_moderate","H3: moderate hidden variable",3,"moderate_hidden",0.12,0.212211701903035,0.832618458783765
0,3.26654803738939,"Female",44,79363,0,"White","College+","Never",0,"Inland",-0.0507840978953485,3.26654803738939,4.16654803738939,0.9,"hidden_h3_moderate","H3: moderate hidden variable",3,"moderate_hidden",0.12,0.18988738866763,0.724497616345542
0,0.727094339516858,"Female",31,50717,0,"Other","College+","Ever",4,"Inland",-1.59169633021617,0.727094339516858,1.62709433951686,0.9,"hidden_h3_moderate","H3: moderate hidden variable",3,"moderate_hidden",0.12,0.282149398645725,1.21487415295513
1,5.64248723313106,"Female",60,47045,0,"Black","<HS","Ever",8,"North",0.693567940963071,4.74248723313106,5.64248723313106,0.9,"hidden_h3_moderate","H3: moderate hidden variable",3,"moderate_hidden",0.12,0.331171752969428,1
0,3.54906162142617,"Female",37,54569,0,"Black","<HS","Ever",5,"South",0.329940187164236,3.54906162142617,4.44906162142617,0.9,"hidden_h3_moderate","H3: moderate hidden variable",3,"moderate_hidden",0.12,0.253124239624261,1.04754238240437
0,3.91014554562021,"Female",39,23861,0,"White","<HS","Ever",7,"Coastal",-2.19161414879534,3.91014554562021,4.81014554562022,0.9,"hidden_h3_moderate","H3: moderate hidden variable",3,"moderate_hidden",0.12,0.258684639489929,1.07858375324613
0,2.8782005595466,"Female",37,49365,0,"Black","Some college","Ever",5,"Inland",-0.48700718892111,2.8782005595466,3.7782005595466,0.9,"hidden_h3_moderate","H3: moderate hidden variable",3,"moderate_hidden",0.12,0.230641208496233,0.926604096751617
0,0.536232707962319,"Female",66,34344,0,"Black","Some college","Never",0,"South",-0.422437900276195,0.536232707962319,1.43623270796232,0.9,"hidden_h3_moderate","H3: moderate hidden variable",3,"moderate_hidden",0.12,0.30137218510537,1.33334803858306
0,1.72510798839542,"Male",41,81214,0,"Black","HS","Never",0,"South",-0.341256698125247,1.72510798839542,2.62510798839542,0.9,"hidden_h3_moderate","H3: moderate hidden variable",3,"moderate_hidden",0.12,0.217972286893431,0.861520009884022
0,2.91911603255423,"Female",35,66544,0,"White","Some college","Never",0,"North",-0.0749891763483661,2.91911603255423,3.81911603255423,0.9,"hidden_h3_moderate","H3: moderate hidden variable",3,"moderate_hidden",0.12,0.189774098986836,0.723964127836447
0,4.69325978456069,"Male",74,42183,0,"Mexican American","Some college","Ever",11,"Coastal",-0.196687903797429,4.69325978456069,5.5932597845607,0.9,"hidden_h3_moderate","H3: moderate hidden variable",3,"moderate_hidden",0.12,0.391617337238648,1.98962538204901
1,2.98506503642628,"Female",55,86399,0,"White","College+","Never",0,"North",0.952722276354153,2.08506503642628,2.98506503642628,0.9,"hidden_h3_moderate","H3: moderate hidden variable",3,"moderate_hidden",0.12,0.204933447786511,1
0,4.17863916175277,"Male",34,78230,0,"White","<HS","Ever",8,"Coastal",0.321245311025986,4.17863916175277,5.07863916175277,0.9,"hidden_h3_moderate","H3: moderate hidden variable",3,"moderate_hidden",0.12,0.282387458845455,1.21630254998032
0,2.70382381002366,"Male",41,52769,0,"White","Some college","Ever",3,"Coastal",-1.87247903740205,2.70382381002366,3.60382381002366,0.9,"hidden_h3_moderate","H3: moderate hidden variable",3,"moderate_hidden",0.12,0.252336674767408,1.04318306875052
1,5.63878768477203,"Female",44,59487,0,"Other","College+","Ever",6,"Inland",0.244635850473207,4.73878768477203,5.63878768477203,0.9,"hidden_h3_moderate","H3: moderate hidden variable",3,"moderate_hidden",0.12,0.320163151213499,1
1,4.83324821311679,"Female",26,43713,0,"Black","College+","Ever",3,"South",1.68111545608195,3.93324821311679,4.83324821311679,0.9,"hidden_h3_moderate","H3: moderate hidden variable",3,"moderate_hidden",0.12,0.1934874843013,1
0,1.14452439072646,"Male",73,92884,0,"Other","Some college","Never",0,"North",-1.07501774030428,1.14452439072646,2.04452439072646,0.9,"hidden_h3_moderate","H3: moderate hidden variable",3,"moderate_hidden",0.12,0.447258514426367,2.50105238037682
0,2.8063171950352,"Male",37,68199,0,"White","Some college","Never",0,"Inland",0.194922117637151,2.8063171950352,3.7063171950352,0.9,"hidden_h3_moderate","H3: moderate hidden variable",3,"moderate_hidden",0.12,0.24749846118021,1.01660289605218
1,3.61956623889196,"Female",55,44684,0,"White","HS","Ever",7,"South",1.33939945215024,2.71956623889196,3.61956623889196,0.9,"hidden_h3_moderate","H3: moderate hidden variable",3,"moderate_hidden",0.12,0.19433971438785,1
0,3.26900435335953,"Male",42,49771,0,"White","Some college","Ever",4,"South",0.813185316786122,3.26900435335953,4.16900435335953,0.9,"hidden_h3_moderate","H3: moderate hidden variable",3,"moderate_hidden",0.12,0.263048289640408,1.10327222037506
0,2.36458860783349,"Male",40,11554,0,"White","<HS","Never",0,"South",-0.230295141413008,2.36458860783349,3.26458860783349,0.9,"hidden_h3_moderate","H3: moderate hidden variable",3,"moderate_hidden",0.12,0.321426247866167,1.464099235289
0,3.19302597095145,"Female",36,69271,0,"Mexican American","HS","Never",0,"Inland",-1.81788043824767,3.19302597095145,4.09302597095145,0.9,"hidden_h3_moderate","H3: moderate hidden variable",3,"moderate_hidden",0.12,0.140857287483538,0.506757566654353
0,4.32080479460601,"Female",55,54861,0,"White","HS","Never",0,"North",1.2092248098269,4.32080479460601,5.22080479460601,0.9,"hidden_h3_moderate","H3: moderate hidden variable",3,"moderate_hidden",0.12,0.178436705976999,0.671319715314274
0,2.17758398492812,"Female",73,70621,0,"White","Some college","Ever",4,"South",0.802699488846804,2.17758398492812,3.07758398492812,0.9,"hidden_h3_moderate","H3: moderate hidden variable",3,"moderate_hidden",0.12,0.251731963530153,1.03984211088121
0,2.65452629126845,"Female",35,44692,0,"Mexican American","<HS","Never",0,"South",1.07044632856154,2.65452629126845,3.55452629126845,0.9,"hidden_h3_moderate","H3: moderate hidden variable",3,"moderate_hidden",0.12,0.220261911395652,0.873125930698618
0,2.72727271443917,"Male",55,54066,1,"Black","Some college","Never",0,"Inland",-0.461274747652493,2.72727271443917,3.62727271443917,0.9,"hidden_h3_moderate","H3: moderate hidden variable",3,"moderate_hidden",0.12,0.272037641585672,1.15506469493584
0,2.7033176542246,"Female",53,34159,0,"Mexican American","College+","Ever",9,"South",-1.11798730064582,2.7033176542246,3.6033176542246,0.9,"hidden_h3_moderate","H3: moderate hidden variable",3,"moderate_hidden",0.12,0.252217432377889,1.04252384098973
0,1.89741603371256,"Male",52,49162,0,"White","Some college","Never",0,"Coastal",0.851076176442708,1.89741603371256,2.79741603371256,0.9,"hidden_h3_moderate","H3: moderate hidden variable",3,"moderate_hidden",0.12,0.292063450279835,1.2751729995422
1,5.27363853318565,"Male",57,57278,0,"White","College+","Ever",3,"Coastal",0.515929712344792,4.37363853318565,5.27363853318565,0.9,"hidden_h3_moderate","H3: moderate hidden variable",3,"moderate_hidden",0.12,0.272565716745162,1
0,2.78581269310271,"Female",61,45052,0,"White","HS","Never",0,"Coastal",0.659031042361485,2.78581269310271,3.68581269310271,0.9,"hidden_h3_moderate","H3: moderate hidden variable",3,"moderate_hidden",0.12,0.193271684874889,0.740503582922421
0,2.75746473859888,"Male",20,26241,0,"Black","Some college","Never",0,"Inland",0.0463116969546757,2.75746473859888,3.65746473859888,0.9,"hidden_h3_moderate","H3: moderate hidden variable",3,"moderate_hidden",0.12,0.271534471439348,1.15213189006403
1,4.11100035333242,"Female",39,57452,0,"White","HS","Never",0,"South",0.579480313385213,3.21100035333242,4.11100035333242,0.9,"hidden_h3_moderate","H3: moderate hidden variable",3,"moderate_hidden",0.12,0.153340265282041,1
0,3.8398894918334,"Female",33,54066,1,"White","Some college","Never",0,"North",0.361335900588034,3.8398894918334,4.7398894918334,0.9,"hidden_h3_moderate","H3: moderate hidden variable",3,"moderate_hidden",0.12,0.152893427304082,0.557875124130426
0,3.16775266596502,"Female",32,75544,0,"Black","HS","Never",0,"South",-0.802859520550444,3.16775266596502,4.06775266596502,0.9,"hidden_h3_moderate","H3: moderate hidden variable",3,"moderate_hidden",0.12,0.157224538710068,0.576626608550192
0,2.13498352802865,"Female",23,10785,0,"Mexican American","HS","Never",0,"South",0.347842853617578,2.13498352802865,3.03498352802865,0.9,"hidden_h3_moderate","H3: moderate hidden variable",3,"moderate_hidden",0.12,0.148000332365108,0.536919895796147
1,5.74258293427537,"Male",38,50898,0,"Black","College+","Ever",8,"South",0.619071572012299,4.84258293427537,5.74258293427537,0.9,"hidden_h3_moderate","H3: moderate hidden variable",3,"moderate_hidden",0.12,0.305010609363093,1
0,4.86285312956265,"Female",42,53211,0,"White","College+","Ever",6,"North",0.127338852680944,4.86285312956265,5.76285312956265,0.9,"hidden_h3_moderate","H3: moderate hidden variable",3,"moderate_hidden",0.12,0.206147240977359,0.802645545991702
0,2.94531967146298,"Female",40,54066,1,"White","<HS","Never",0,"North",0.00560286975090507,2.94531967146298,3.84531967146298,0.9,"hidden_h3_moderate","H3: moderate hidden variable",3,"moderate_hidden",0.12,0.183003172794951,0.692348062589422
0,4.80373606013251,"Female",62,69896,0,"Black","College+","Never",0,"North",-0.57936439777001,4.80373606013251,5.70373606013251,0.9,"hidden_h3_moderate","H3: moderate hidden variable",3,"moderate_hidden",0.12,0.257773897729965,1.07346761513211
0,3.51558016769871,"Male",32,50932,0,"White","College+","Never",0,"South",0.738355352757268,3.51558016769871,4.41558016769871,0.9,"hidden_h3_moderate","H3: moderate hidden variable",3,"moderate_hidden",0.12,0.238570333817888,0.968440351577478
0,5.27238514986975,"Female",66,60753,0,"Mexican American","HS","Never",0,"Inland",-0.379758541059325,5.27238514986975,6.17238514986975,0.9,"hidden_h3_moderate","H3: moderate hidden variable",3,"moderate_hidden",0.12,0.189208840076232,0.721304514379483
0,2.89108910242319,"Female",21,54066,1,"Mexican American","Some college","Ever",8,"South",0.561744638833416,2.89108910242319,3.79108910242319,0.9,"hidden_h3_moderate","H3: moderate hidden variable",3,"moderate_hidden",0.12,0.14637043796717,0.529993029149182
0,1.84202309851851,"Male",68,51591,0,"White","College+","Ever",6,"Inland",1.13398121815013,1.84202309851851,2.74202309851851,0.9,"hidden_h3_moderate","H3: moderate hidden variable",3,"moderate_hidden",0.12,0.323353291522553,1.477071588202
1,5.2012874143902,"Female",27,11403,0,"White","HS","Never",0,"Coastal",-0.168186795652333,4.3012874143902,5.2012874143902,0.9,"hidden_h3_moderate","H3: moderate hidden variable",3,"moderate_hidden",0.12,0.156806666252884,1
0,2.02403192330667,"Male",39,54066,1,"Mexican American","College+","Never",0,"North",-1.23832969883219,2.02403192330667,2.92403192330667,0.9,"hidden_h3_moderate","H3: moderate hidden variable",3,"moderate_hidden",0.12,0.197199933411761,0.759251390572827
0,4.11688827905062,"Female",34,9981,0,"White","Some college","Ever",7,"South",0.0387051846046957,4.11688827905062,5.01688827905062,0.9,"hidden_h3_moderate","H3: moderate hidden variable",3,"moderate_hidden",0.12,0.231456800141117,0.930867552845782
0,3.36058254415901,"Female",55,56705,0,"Mexican American","HS","Never",0,"Inland",-0.106004995399696,3.36058254415901,4.26058254415901,0.9,"hidden_h3_moderate","H3: moderate hidden variable",3,"moderate_hidden",0.12,0.173604940243408,0.649322720035534
0,3.36491153474442,"Male",50,34207,0,"White","HS","Ever",4,"Inland",0.285293302577698,3.36491153474442,4.26491153474442,0.9,"hidden_h3_moderate","H3: moderate hidden variable",3,"moderate_hidden",0.12,0.227552366263636,0.910538976137505
0,4.41387929904253,"Female",18,71924,0,"Black","Some college","Ever",5,"North",-1.52175870277547,4.41387929904253,5.31387929904253,0.9,"hidden_h3_moderate","H3: moderate hidden variable",3,"moderate_hidden",0.12,0.184452164359543,0.699069811409706
0,3.46610225241606,"Female",27,52307,0,"White","College+","Never",1,"Inland",0.72641624396996,3.46610225241606,4.36610225241606,0.9,"hidden_h3_moderate","H3: moderate hidden variable",3,"moderate_hidden",0.12,0.181284910805217,0.684408026977475
0,3.47740749499949,"Male",50,78412,0,"White","College+","Never",0,"South",-0.249702443388181,3.47740749499949,4.37740749499949,0.9,"hidden_h3_moderate","H3: moderate hidden variable",3,"moderate_hidden",0.12,0.257461026370947,1.07171294063589
0,2.9534558918056,"Male",25,54216,0,"Black","Some college","Ever",6,"Inland",-0.367954512569257,2.9534558918056,3.8534558918056,0.9,"hidden_h3_moderate","H3: moderate hidden variable",3,"moderate_hidden",0.12,0.270461032944035,1.14588870946389
0,2.87319746803983,"Female",24,47238,0,"Black","College+","Never",0,"Inland",0.502063872062938,2.87319746803983,3.77319746803983,0.9,"hidden_h3_moderate","H3: moderate hidden variable",3,"moderate_hidden",0.12,0.199192983992026,0.768833679973817
0,3.10845074320614,"Male",31,57290,0,"Black","Some college","Ever",9,"North",-1.31739070462084,3.10845074320614,4.00845074320614,0.9,"hidden_h3_moderate","H3: moderate hidden variable",3,"moderate_hidden",0.12,0.30305934947443,1.34405834653082
1,5.34308307496228,"Female",35,38098,0,"Mexican American","Some college","Ever",3,"Coastal",0.272523733192649,4.44308307496228,5.34308307496228,0.9,"hidden_h3_moderate","H3: moderate hidden variable",3,"moderate_hidden",0.12,0.189720798229796,1
0,4.41403508067842,"Male",74,109172,0,"White","Some college","Ever",9,"North",-1.24312709293831,4.41403508067842,5.31403508067842,0.9,"hidden_h3_moderate","H3: moderate hidden variable",3,"moderate_hidden",0.12,0.329458931817429,1.51866553109977
0,3.21690624466274,"Male",28,48509,0,"White","College+","Ever",6,"Inland",-1.28484385612473,3.21690624466274,4.11690624466274,0.9,"hidden_h3_moderate","H3: moderate hidden variable",3,"moderate_hidden",0.12,0.238638956686558,0.968806228195576
0,2.50224973369983,"Male",61,54066,1,"White","<HS","Ever",3,"North",-0.761964611513238,2.50224973369983,3.40224973369983,0.9,"hidden_h3_moderate","H3: moderate hidden variable",3,"moderate_hidden",0.12,0.265911349300913,1.11963017838156
0,3.29352628968126,"Female",39,33554,0,"White","HS","Never",0,"South",1.11523124747723,3.29352628968126,4.19352628968127,0.9,"hidden_h3_moderate","H3: moderate hidden variable",3,"moderate_hidden",0.12,0.164156718147215,0.607043812483971
0,3.33658547412925,"Male",60,81028,0,"Black","College+","Never",0,"South",-0.721785661423519,3.33658547412925,4.23658547412925,0.9,"hidden_h3_moderate","H3: moderate hidden variable",3,"moderate_hidden",0.12,0.311430417330416,1.39797506648519
1,4.91301368764586,"Male",60,64071,0,"White","Some college","Never",0,"Coastal",1.52839770726738,4.01301368764586,4.91301368764586,0.9,"hidden_h3_moderate","H3: moderate hidden variable",3,"moderate_hidden",0.12,0.299540211601137,1
0,2.51356433988423,"Male",56,54066,1,"Other","College+","Never",0,"North",-0.516587171371988,2.51356433988423,3.41356433988423,0.9,"hidden_h3_moderate","H3: moderate hidden variable",3,"moderate_hidden",0.12,0.354758841792361,1.69940698175909
0,0.916172823496664,"Male",26,66833,0,"White","HS","Never",0,"South",-0.465967338908706,0.916172823496664,1.81617282349666,0.9,"hidden_h3_moderate","H3: moderate hidden variable",3,"moderate_hidden",0.12,0.174016056264684,0.651184341235835
1,3.15326049603624,"Female",55,29165,0,"Mexican American","HS","Ever",2,"South",0.249840151558063,2.25326049603624,3.15326049603624,0.9,"hidden_h3_moderate","H3: moderate hidden variable",3,"moderate_hidden",0.12,0.171977062532328,1
1,4.72586480037013,"Female",76,30290,0,"Black","HS","Ever",6,"South",0.0760425269036749,3.82586480037013,4.72586480037013,0.9,"hidden_h3_moderate","H3: moderate hidden variable",3,"moderate_hidden",0.12,0.266041618826626,1
0,2.36449628556295,"Female",68,55391,0,"White","<HS","Never",0,"South",-0.68772301497479,2.36449628556295,3.26449628556295,0.9,"hidden_h3_moderate","H3: moderate hidden variable",3,"moderate_hidden",0.12,0.285613803236866,1.23575498086879
0,3.60227295110086,"Female",55,60442,0,"Black","College+","Ever",5,"North",-0.778185945318383,3.60227295110086,4.50227295110086,0.9,"hidden_h3_moderate","H3: moderate hidden variable",3,"moderate_hidden",0.12,0.24958880656352,1.02804478123984
0,3.25164616814089,"Female",28,57185,0,"White","Some college","Never",0,"South",0.694977227698938,3.25164616814089,4.15164616814089,0.9,"hidden_h3_moderate","H3: moderate hidden variable",3,"moderate_hidden",0.12,0.183114904285049,0.692865526993415
0,1.32341770423118,"Male",62,59150,0,"Mexican American","HS","Never",0,"North",-0.381760450754756,1.32341770423118,2.22341770423118,0.9,"hidden_h3_moderate","H3: moderate hidden variable",3,"moderate_hidden",0.12,0.236951908983135,0.959830472294634
0,4.07879491573263,"Female",65,98018,0,"Black","Some college","Never",0,"South",-1.49103710853942,4.07879491573263,4.97879491573263,0.9,"hidden_h3_moderate","H3: moderate hidden variable",3,"moderate_hidden",0.12,0.255888859604907,1.06291810386714
0,2.45842284018943,"Female",51,54066,1,"White","Some college","Never",0,"Coastal",0.104571172030906,2.45842284018943,3.35842284018943,0.9,"hidden_h3_moderate","H3: moderate hidden variable",3,"moderate_hidden",0.12,0.179815940054896,0.677646336900575
0,3.56842916132913,"Female",50,54066,1,"White","Some college","Never",0,"Coastal",-0.940154479683703,3.56842916132913,4.46842916132913,0.9,"hidden_h3_moderate","H3: moderate hidden variable",3,"moderate_hidden",0.12,0.178227901544653,0.670363768949442
0,4.93542211299998,"Female",62,67858,0,"Other","Some college","Never",0,"South",-0.55702103717239,4.93542211299998,5.83542211299998,0.9,"hidden_h3_moderate","H3: moderate hidden variable",3,"moderate_hidden",0.12,0.361410917114614,1.74930690048118
0,1.52120241659019,"Female",32,32882,0,"Black","Some college","Ever",6,"North",-0.0542313771769739,1.52120241659019,2.42120241659019,0.9,"hidden_h3_moderate","H3: moderate hidden variable",3,"moderate_hidden",0.12,0.237252318658885,0.961425864045404
0,3.38475843879316,"Female",18,47332,0,"Black","HS","Never",0,"North",0.789752731159251,3.38475843879316,4.28475843879316,0.9,"hidden_h3_moderate","H3: moderate hidden variable",3,"moderate_hidden",0.12,0.149993696598164,0.545427579229556
0,1.77526173227285,"Male",52,53335,0,"Mexican American","College+","Ever",6,"North",-0.994218386882817,1.77526173227285,2.67526173227285,0.9,"hidden_h3_moderate","H3: moderate hidden variable",3,"moderate_hidden",0.12,0.280040496322773,1.20226167094922
1,4.50856791191108,"Male",54,69962,0,"White","College+","Ever",7,"North",-0.381638868294622,3.60856791191108,4.50856791191108,0.9,"hidden_h3_moderate","H3: moderate hidden variable",3,"moderate_hidden",0.12,0.285585622072326,1
0,3.82314872099449,"Female",51,65274,0,"Black","Some college","Ever",3,"Coastal",-0.0616534785586313,3.82314872099449,4.72314872099449,0.9,"hidden_h3_moderate","H3: moderate hidden variable",3,"moderate_hidden",0.12,0.235514804226884,0.95221575702637
1,5.04121476279257,"Female",48,59879,0,"White","<HS","Ever",4,"North",0.266748865156187,4.14121476279257,5.04121476279257,0.9,"hidden_h3_moderate","H3: moderate hidden variable",3,"moderate_hidden",0.12,0.234551736694832,1
1,3.13782724064181,"Female",53,54066,1,"White","Some college","Never",0,"Inland",0.723384876055231,2.23782724064181,3.13782724064181,0.9,"hidden_h3_moderate","H3: moderate hidden variable",3,"moderate_hidden",0.12,0.183025115930433,1
0,2.73401948799023,"Female",18,54066,1,"White","<HS","Ever",6,"North",-0.980323928173435,2.73401948799023,3.63401948799023,0.9,"hidden_h3_moderate","H3: moderate hidden variable",3,"moderate_hidden",0.12,0.154666646308342,0.56552902005716
0,3.87685324068917,"Male",53,38924,0,"White","College+","Ever",6,"North",-0.616084134430806,3.87685324068917,4.77685324068917,0.9,"hidden_h3_moderate","H3: moderate hidden variable",3,"moderate_hidden",0.12,0.297854622434879,1.31118368028831
0,4.95385262646035,"Male",44,58101,0,"White","HS","Ever",5,"North",1.57198169988217,4.95385262646035,5.85385262646035,0.9,"hidden_h3_moderate","H3: moderate hidden variable",3,"moderate_hidden",0.12,0.208665968833469,0.815038295623348
0,1.87455297570453,"Female",27,48032,0,"Other","College+","Never",0,"South",-0.80119079054253,1.87455297570453,2.77455297570453,0.9,"hidden_h3_moderate","H3: moderate hidden variable",3,"moderate_hidden",0.12,0.282264696285752,1.21556583781989
1,4.84241330422353,"Male",18,61327,0,"Black","Some college","Never",0,"South",1.68498106888243,3.94241330422353,4.84241330422353,0.9,"hidden_h3_moderate","H3: moderate hidden variable",3,"moderate_hidden",0.12,0.244639180865463,1
0,3.35267743929307,"Male",49,25154,0,"Black","College+","Ever",4,"South",-1.41476788675749,3.35267743929307,4.25267743929307,0.9,"hidden_h3_moderate","H3: moderate hidden variable",3,"moderate_hidden",0.12,0.319177123047173,1.44905158835471
0,1.71208575745563,"Male",32,59519,0,"White","HS","Ever",7,"Coastal",-0.99506197448086,1.71208575745563,2.61208575745563,0.9,"hidden_h3_moderate","H3: moderate hidden variable",3,"moderate_hidden",0.12,0.198231671287189,0.764205884599298
1,4.23264216091247,"Female",26,42457,0,"Black","College+","Ever",7,"South",-1.61031318295183,3.33264216091247,4.23264216091247,0.9,"hidden_h3_moderate","H3: moderate hidden variable",3,"moderate_hidden",0.12,0.217021475164181,1
1,3.38673343302983,"Male",42,61105,0,"Mexican American","HS","Ever",10,"Coastal",0.519762043875715,2.48673343302983,3.38673343302983,0.9,"hidden_h3_moderate","H3: moderate hidden variable",3,"moderate_hidden",0.12,0.228523099346602,1
0,3.39516997706817,"Female",61,66394,0,"White","Some college","Never",0,"South",-1.033121259068,3.39516997706817,4.29516997706817,0.9,"hidden_h3_moderate","H3: moderate hidden variable",3,"moderate_hidden",0.12,0.236847825905162,0.959278009160653
0,4.45811773321824,"Female",70,60423,0,"White","HS","Ever",5,"Coastal",-0.438768444330842,4.45811773321824,5.35811773321825,0.9,"hidden_h3_moderate","H3: moderate hidden variable",3,"moderate_hidden",0.12,0.200462245414762,0.774960998630966
0,2.15994861477061,"Male",33,42658,0,"White","<HS","Never",0,"South",-0.216411618449112,2.15994861477061,3.05994861477061,0.9,"hidden_h3_moderate","H3: moderate hidden variable",3,"moderate_hidden",0.12,0.283267669893562,1.22159218896212
1,4.92374730596143,"Female",37,55510,0,"Mexican American","College+","Never",0,"Inland",0.162106288809816,4.02374730596143,4.92374730596143,0.9,"hidden_h3_moderate","H3: moderate hidden variable",3,"moderate_hidden",0.12,0.18655170831178,1
0,2.75099225541071,"Female",53,25269,0,"White","HS","Never",0,"Inland",0.309029239604792,2.75099225541071,3.65099225541071,0.9,"hidden_h3_moderate","H3: moderate hidden variable",3,"moderate_hidden",0.12,0.190269321728345,0.726297264056414
0,4.04667392952502,"Female",77,95393,0,"White","HS","Never",0,"Inland",0.505948027634928,4.04667392952502,4.94667392952502,0.9,"hidden_h3_moderate","H3: moderate hidden variable",3,"moderate_hidden",0.12,0.193616864624822,0.742143654509516
0,3.65277737851605,"Female",47,19956,0,"White","College+","Ever",5,"North",0.513634095163538,3.65277737851605,4.55277737851605,0.9,"hidden_h3_moderate","H3: moderate hidden variable",3,"moderate_hidden",0.12,0.228539797381751,0.915660632867838
0,3.45974070029224,"Male",53,78004,0,"Mexican American","Some college","Ever",2,"Coastal",-0.359564015935057,3.45974070029224,4.35974070029224,0.9,"hidden_h3_moderate","H3: moderate hidden variable",3,"moderate_hidden",0.12,0.248957526601582,1.02458264276468
0,1.72307557850464,"Female",35,58491,0,"White","HS","Never",0,"Coastal",1.63723262995969,1.72307557850464,2.62307557850464,0.9,"hidden_h3_moderate","H3: moderate hidden variable",3,"moderate_hidden",0.12,0.147369653373011,0.534236440371549
0,3.0003331520488,"Male",42,54066,1,"White","HS","Ever",5,"North",0.0485774499173454,3.0003331520488,3.9003331520488,0.9,"hidden_h3_moderate","H3: moderate hidden variable",3,"moderate_hidden",0.12,0.164899495837519,0.610332945831087
1,2.91187173725752,"Male",18,34500,0,"White","Some college","Never",0,"North",-0.0942727125699895,2.01187173725752,2.91187173725752,0.9,"hidden_h3_moderate","H3: moderate hidden variable",3,"moderate_hidden",0.12,0.23093371500239,1
0,4.37858469468816,"Male",61,89860,0,"Other","College+","Never",0,"Inland",-1.54753166855233,4.37858469468816,5.27858469468816,0.9,"hidden_h3_moderate","H3: moderate hidden variable",3,"moderate_hidden",0.12,0.405111675319694,2.10487129790616
0,1.78120415718792,"Female",42,30477,0,"White","Some college","Never",1,"Coastal",-1.69260065757653,1.78120415718792,2.68120415718792,0.9,"hidden_h3_moderate","H3: moderate hidden variable",3,"moderate_hidden",0.12,0.228194727883266,0.91386931962449
0,4.53999246731595,"Male",47,47461,0,"White","Some college","Ever",8,"North",-0.0670564664923517,4.53999246731595,5.43999246731595,0.9,"hidden_h3_moderate","H3: moderate hidden variable",3,"moderate_hidden",0.12,0.304028197109267,1.35023217095085
0,2.3551327608735,"Male",70,86366,0,"Mexican American","Some college","Never",0,"North",-1.42578357426895,2.3551327608735,3.2551327608735,0.9,"hidden_h3_moderate","H3: moderate hidden variable",3,"moderate_hidden",0.12,0.30067461071503,1.32893485908593
0,3.44173779249772,"Female",62,73211,0,"Mexican American","College+","Never",0,"Inland",-1.33116143292196,3.44173779249772,4.34173779249772,0.9,"hidden_h3_moderate","H3: moderate hidden variable",3,"moderate_hidden",0.12,0.220550882257875,0.874595546343826
1,5.32310529329702,"Male",47,67121,0,"Black","<HS","Ever",6,"North",-0.503470479269957,4.42310529329701,5.32310529329702,0.9,"hidden_h3_moderate","H3: moderate hidden variable",3,"moderate_hidden",0.12,0.341187499722755,1
0,1.55897396823958,"Male",18,63944,0,"Other","HS","Never",0,"North",0.0954387738245023,1.55897396823958,2.45897396823958,0.9,"hidden_h3_moderate","H3: moderate hidden variable",3,"moderate_hidden",0.12,0.26131958656367,1.09345675213558
0,4.28484749407293,"Male",27,36298,0,"White","Some college","Never",0,"South",-1.02215620755007,4.28484749407293,5.18484749407293,0.9,"hidden_h3_moderate","H3: moderate hidden variable",3,"moderate_hidden",0.12,0.247517417034678,1.01670636874539
0,1.91743290088997,"Female",56,82483,0,"White","Some college","Never",0,"Coastal",0.184206044599966,1.91743290088997,2.81743290088997,0.9,"hidden_h3_moderate","H3: moderate hidden variable",3,"moderate_hidden",0.12,0.217786882520222,0.860583183814874
0,3.05968822088366,"Female",51,47579,0,"White","Some college","Ever",3,"North",0.111428006892493,3.05968822088366,3.95968822088366,0.9,"hidden_h3_moderate","H3: moderate hidden variable",3,"moderate_hidden",0.12,0.216866056381432,0.855936932169873
0,3.28599609505436,"Female",74,68521,0,"White","Some college","Never",0,"North",-1.5921911126683,3.28599609505436,4.18599609505436,0.9,"hidden_h3_moderate","H3: moderate hidden variable",3,"moderate_hidden",0.12,0.261770735854959,1.09601391665921
0,2.98932285452748,"Female",61,61482,0,"Mexican American","<HS","Ever",3,"Inland",-0.407081068379299,2.98932285452748,3.88932285452748,0.9,"hidden_h3_moderate","H3: moderate hidden variable",3,"moderate_hidden",0.12,0.247898175900932,1.01878588903814
1,4.78593751973954,"Female",50,34072,0,"Other","College+","Never",0,"Coastal",0.195310745817093,3.88593751973954,4.78593751973954,0.9,"hidden_h3_moderate","H3: moderate hidden variable",3,"moderate_hidden",0.12,0.345831712182817,1
0,1.84891811035592,"Female",52,32934,0,"Black","College+","Ever",4,"North",-2.32521245891492,1.84891811035592,2.74891811035592,0.9,"hidden_h3_moderate","H3: moderate hidden variable",3,"moderate_hidden",0.12,0.254453805488467,1.05492266795891
1,5.97924618984965,"Male",61,63405,0,"White","HS","Ever",4,"Inland",-0.235879650253276,5.07924618984965,5.97924618984965,0.9,"hidden_h3_moderate","H3: moderate hidden variable",3,"moderate_hidden",0.12,0.23106333279662,1
0,3.93172554792742,"Female",27,54066,1,"White","HS","Never",1,"Inland",-0.473740910886086,3.93172554792742,4.83172554792742,0.9,"hidden_h3_moderate","H3: moderate hidden variable",3,"moderate_hidden",0.12,0.111740415962997,0.38882717814571
1,3.2211689627598,"Female",37,59853,0,"White","College+","Ever",9,"South",1.83797069055074,2.3211689627598,3.2211689627598,0.9,"hidden_h3_moderate","H3: moderate hidden variable",3,"moderate_hidden",0.12,0.210860592854929,1
0,3.16065148484483,"Female",61,8000,0,"White","College+","Never",0,"Coastal",0.276022022496258,3.16065148484483,4.06065148484483,0.9,"hidden_h3_moderate","H3: moderate hidden variable",3,"moderate_hidden",0.12,0.264031455624436,1.10887514515712
0,1.95675969585948,"Female",53,75542,0,"White","Some college","Never",0,"North",0.498860515206704,1.95675969585948,2.85675969585948,0.9,"hidden_h3_moderate","H3: moderate hidden variable",3,"moderate_hidden",0.12,0.216277335180183,0.852972118165949
1,4.82906454694659,"Female",27,21596,0,"Black","HS","Ever",6,"Coastal",0.228585091306973,3.92906454694659,4.82906454694659,0.9,"hidden_h3_moderate","H3: moderate hidden variable",3,"moderate_hidden",0.12,0.18023282653535,1
1,4.94968136676843,"Male",62,63085,0,"White","College+","Ever",8,"Coastal",0.580605879992449,4.04968136676843,4.94968136676843,0.9,"hidden_h3_moderate","H3: moderate hidden variable",3,"moderate_hidden",0.12,0.316018187595706,1
1,3.85436743478831,"Female",40,59173,0,"Other","College+","Never",0,"Coastal",0.909022590701391,2.95436743478831,3.85436743478831,0.9,"hidden_h3_moderate","H3: moderate hidden variable",3,"moderate_hidden",0.12,0.303526474810157,1
0,2.35480206590428,"Female",44,47470,0,"Black","Some college","Ever",9,"Coastal",-0.538435363543584,2.35480206590428,3.25480206590428,0.9,"hidden_h3_moderate","H3: moderate hidden variable",3,"moderate_hidden",0.12,0.272397002355033,1.15716176766824
0,1.62612655540108,"Female",42,54066,1,"Black","Some college","Ever",2,"Inland",-1.07608839953474,1.62612655540108,2.52612655540108,0.9,"hidden_h3_moderate","H3: moderate hidden variable",3,"moderate_hidden",0.12,0.174651781689186,0.654066693051591
0,2.48795032390819,"Male",44,65998,0,"White","<HS","Never",0,"Inland",0.829847566328137,2.48795032390819,3.38795032390819,0.9,"hidden_h3_moderate","H3: moderate hidden variable",3,"moderate_hidden",0.12,0.291402312694883,1.27109934671959
0,3.78357710547737,"Male",29,34978,0,"Black","Some college","Never",0,"North",-1.31578488560836,3.78357710547737,4.68357710547737,0.9,"hidden_h3_moderate","H3: moderate hidden variable",3,"moderate_hidden",0.12,0.285115520447731,1.23273924573534
1,5.47169825205863,"Male",52,78058,0,"White","College+","Never",0,"Coastal",2.74620350931244,4.57169825205863,5.47169825205863,0.9,"hidden_h3_moderate","H3: moderate hidden variable",3,"moderate_hidden",0.12,0.261845828445904,1
0,2.21507243627142,"Female",29,65624,0,"Mexican American","College+","Never",0,"Coastal",0.255802897246203,2.21507243627142,3.11507243627142,0.9,"hidden_h3_moderate","H3: moderate hidden variable",3,"moderate_hidden",0.12,0.168919703394503,0.628237065646111
0,3.0124855982241,"Male",20,45363,0,"Mexican American","Some college","Ever",5,"Inland",-0.533189352178819,3.0124855982241,3.9124855982241,0.9,"hidden_h3_moderate","H3: moderate hidden variable",3,"moderate_hidden",0.12,0.223570297443752,0.890016781366088
0,4.57344238810418,"Male",70,80531,0,"White","<HS","Ever",4,"Inland",-1.05676764079672,4.57344238810418,5.47344238810418,0.9,"hidden_h3_moderate","H3: moderate hidden variable",3,"moderate_hidden",0.12,0.333675158404383,1.54783300297328
1,3.67945787310802,"Female",41,36740,0,"Other","Some college","Ever",7,"Inland",0.448317044056446,2.77945787310802,3.67945787310802,0.9,"hidden_h3_moderate","H3: moderate hidden variable",3,"moderate_hidden",0.12,0.349727898990091,1
0,3.33670352177059,"Female",32,75313,0,"White","College+","Never",0,"South",0.189615541612572,3.33670352177059,4.23670352177059,0.9,"hidden_h3_moderate","H3: moderate hidden variable",3,"moderate_hidden",0.12,0.172691363916757,0.645192475179344
0,2.7440992270023,"Male",30,60103,0,"White","Some college","Ever",6,"Coastal",0.696292300684878,2.7440992270023,3.6440992270023,0.9,"hidden_h3_moderate","H3: moderate hidden variable",3,"moderate_hidden",0.12,0.245121428323029,1.00366877482977
1,5.15934103653006,"Male",61,97191,0,"White","Some college","Never",0,"South",2.52836286966752,4.25934103653006,5.15934103653006,0.9,"hidden_h3_moderate","H3: moderate hidden variable",3,"moderate_hidden",0.12,0.278690199740181,1
0,2.39205715204025,"Female",38,34224,0,"Black","College+","Never",0,"South",0.0571713391563174,2.39205715204025,3.29205715204025,0.9,"hidden_h3_moderate","H3: moderate hidden variable",3,"moderate_hidden",0.12,0.232195579062036,0.934737293274499
1,2.80411147515101,"Female",31,53408,0,"White","HS","Ever",6,"Coastal",1.29572846300786,1.90411147515101,2.80411147515101,0.9,"hidden_h3_moderate","H3: moderate hidden variable",3,"moderate_hidden",0.12,0.148554163996496,1
0,5.06516088415782,"Female",50,61396,0,"White","HS","Ever",7,"South",0.34014433632937,5.06516088415782,5.96516088415782,0.9,"hidden_h3_moderate","H3: moderate hidden variable",3,"moderate_hidden",0.12,0.177593552956054,0.667462578013302
1,5.15530033723581,"Female",62,62525,0,"White","Some college","Never",0,"South",-0.397883276856085,4.25530033723581,5.15530033723581,0.9,"hidden_h3_moderate","H3: moderate hidden variable",3,"moderate_hidden",0.12,0.241198906030566,1
0,2.98796580948053,"Male",47,69029,0,"Black","HS","Never",0,"South",-0.356662507328677,2.98796580948053,3.88796580948053,0.9,"hidden_h3_moderate","H3: moderate hidden variable",3,"moderate_hidden",0.12,0.236605259569409,0.95799107464048
0,2.96598459117496,"Male",32,64546,0,"Other","HS","Never",0,"Coastal",-0.897415245650146,2.96598459117496,3.86598459117496,0.9,"hidden_h3_moderate","H3: moderate hidden variable",3,"moderate_hidden",0.12,0.291132142234056,1.26943685657165
0,5.18197225863189,"Female",65,61619,0,"Other","College+","Ever",1,"Inland",0.514878265394425,5.18197225863189,6.08197225863189,0.9,"hidden_h3_moderate","H3: moderate hidden variable",3,"moderate_hidden",0.12,0.329926161566668,1.52187969985433
0,4.21977175200877,"Male",46,54537,0,"Mexican American","<HS","Ever",6,"Coastal",-1.56973596103776,4.21977175200877,5.11977175200877,0.9,"hidden_h3_moderate","H3: moderate hidden variable",3,"moderate_hidden",0.12,0.305806472546858,1.36160878584067
0,4.53221912385548,"Male",31,36512,0,"White","College+","Ever",5,"North",-0.7576800959928,4.53221912385548,5.43221912385548,0.9,"hidden_h3_moderate","H3: moderate hidden variable",3,"moderate_hidden",0.12,0.245621401156695,1.00638250199719
0,2.04477347353651,"Male",37,74742,0,"Mexican American","College+","Ever",4,"Inland",-1.22876238185647,2.04477347353651,2.94477347353651,0.9,"hidden_h3_moderate","H3: moderate hidden variable",3,"moderate_hidden",0.12,0.222876645922734,0.886463451934058
0,2.93012964190289,"Female",52,65476,0,"Black","<HS","Ever",8,"North",-0.121149701662963,2.93012964190289,3.83012964190289,0.9,"hidden_h3_moderate","H3: moderate hidden variable",3,"moderate_hidden",0.12,0.299052088093899,1.31870400359878
0,4.45929959192477,"Female",55,41078,0,"White","Some college","Never",0,"Coastal",1.54131187196274,4.45929959192477,5.35929959192477,0.9,"hidden_h3_moderate","H3: moderate hidden variable",3,"moderate_hidden",0.12,0.24066402517318,0.979633058254888
0,2.12716036960503,"Male",31,54066,1,"White","HS","Ever",3,"North",-0.130808865271637,2.12716036960503,3.02716036960503,0.9,"hidden_h3_moderate","H3: moderate hidden variable",3,"moderate_hidden",0.12,0.140500295755847,0.505263281979911
0,2.17450280252037,"Female",37,51151,0,"Other","Some college","Ever",6,"South",1.3526610934891,2.17450280252037,3.07450280252037,0.9,"hidden_h3_moderate","H3: moderate hidden variable",3,"moderate_hidden",0.12,0.321399617879743,1.46392048530141
1,4.56842075894587,"Male",55,49891,0,"White","<HS","Never",0,"Inland",0.276737567560015,3.66842075894587,4.56842075894587,0.9,"hidden_h3_moderate","H3: moderate hidden variable",3,"moderate_hidden",0.12,0.328468209221219,1
1,4.26560893071634,"Female",26,54066,1,"White","Some college","Never",0,"North",-0.718334445866292,3.36560893071634,4.26560893071634,0.9,"hidden_h3_moderate","H3: moderate hidden variable",3,"moderate_hidden",0.12,0.143352420243549,1
0,3.55124710207558,"Male",30,68235,0,"White","<HS","Ever",6,"Coastal",-0.661826138578904,3.55124710207558,4.45124710207558,0.9,"hidden_h3_moderate","H3: moderate hidden variable",3,"moderate_hidden",0.12,0.266578054367317,1.12345769933296
1,3.02284225458066,"Female",35,69635,0,"White","College+","Ever",2,"North",0.359117819472809,2.12284225458066,3.02284225458066,0.9,"hidden_h3_moderate","H3: moderate hidden variable",3,"moderate_hidden",0.12,0.165237525318775,1
0,2.73638789135225,"Female",49,33970,0,"White","College+","Ever",5,"South",0.0933054361206444,2.73638789135225,3.63638789135225,0.9,"hidden_h3_moderate","H3: moderate hidden variable",3,"moderate_hidden",0.12,0.22400538678624,0.892248830907117
0,2.15626591774227,"Male",37,41094,0,"Black","Some college","Ever",2,"South",-0.523835586382687,2.15626591774227,3.05626591774227,0.9,"hidden_h3_moderate","H3: moderate hidden variable",3,"moderate_hidden",0.12,0.27722324411787,1.18552767293885
1,5.00399169478045,"Female",61,32972,0,"White","Some college","Never",0,"Inland",2.32111226233579,4.10399169478045,5.00399169478045,0.9,"hidden_h3_moderate","H3: moderate hidden variable",3,"moderate_hidden",0.12,0.257934648355497,1
0,2.86148786888511,"Male",24,68456,0,"White","College+","Never",0,"South",0.180156757609861,2.86148786888511,3.76148786888511,0.9,"hidden_h3_moderate","H3: moderate hidden variable",3,"moderate_hidden",0.12,0.213092503673407,0.837010143992011
0,2.33728530681001,"Female",43,48009,0,"White","<HS","Never",0,"North",1.23861738939824,2.33728530681001,3.23728530681001,0.9,"hidden_h3_moderate","H3: moderate hidden variable",3,"moderate_hidden",0.12,0.238325495660273,0.96713548495407
1,3.91369271095634,"Male",61,54066,1,"Black","College+","Never",0,"South",0.767308915730132,3.01369271095634,3.91369271095634,0.9,"hidden_h3_moderate","H3: moderate hidden variable",3,"moderate_hidden",0.12,0.274376931198435,1
0,3.75550686549677,"Male",35,54066,1,"Black","HS","Ever",4,"Coastal",0.557409217012923,3.75550686549677,4.65550686549677,0.9,"hidden_h3_moderate","H3: moderate hidden variable",3,"moderate_hidden",0.12,0.172744393460838,0.645431970398382
0,3.08880045047709,"Male",47,54066,1,"Black","Some college","Never",0,"Inland",-0.161013490052903,3.08880045047709,3.98880045047709,0.9,"hidden_h3_moderate","H3: moderate hidden variable",3,"moderate_hidden",0.12,0.255260658804098,1.05941427719137
0,1.44835210449736,"Female",36,78821,0,"Mexican American","Some college","Never",0,"Inland",0.160190142385805,1.44835210449736,2.34835210449736,0.9,"hidden_h3_moderate","H3: moderate hidden variable",3,"moderate_hidden",0.12,0.181033709465588,0.683250024836851
1,4.09364209509579,"Male",40,44421,0,"Other","HS","Ever",3,"South",0.752227661338199,3.19364209509579,4.09364209509579,0.9,"hidden_h3_moderate","H3: moderate hidden variable",3,"moderate_hidden",0.12,0.308968834978015,1
1,3.62769607766341,"Male",18,53318,0,"White","College+","Ever",3,"Coastal",0.582042252090737,2.72769607766341,3.62769607766341,0.9,"hidden_h3_moderate","H3: moderate hidden variable",3,"moderate_hidden",0.12,0.199469323771461,1
0,3.71452996329146,"Female",33,54066,1,"White","HS","Ever",6,"South",-2.1379431370966,3.71452996329146,4.61452996329146,0.9,"hidden_h3_moderate","H3: moderate hidden variable",3,"moderate_hidden",0.12,0.118375230168028,0.415014513640023
1,3.30899563531817,"Female",40,45460,0,"Black","College+","Ever",5,"North",1.57660795018786,2.40899563531817,3.30899563531817,0.9,"hidden_h3_moderate","H3: moderate hidden variable",3,"moderate_hidden",0.12,0.22933158361517,1
1,3.95184327736574,"Male",65,46441,0,"Black","<HS","Never",0,"Coastal",1.69809029849178,3.05184327736574,3.95184327736574,0.9,"hidden_h3_moderate","H3: moderate hidden variable",3,"moderate_hidden",0.12,0.394415411839831,1
0,3.45980087944606,"Female",55,61359,0,"White","HS","Ever",3,"South",-1.21925235647785,3.45980087944606,4.35980087944606,0.9,"hidden_h3_moderate","H3: moderate hidden variable",3,"moderate_hidden",0.12,0.165380624392182,0.612466580975009
0,1.6649134972165,"Female",51,90092,0,"White","HS","Ever",4,"Coastal",-0.0250252947654569,1.6649134972165,2.5649134972165,0.9,"hidden_h3_moderate","H3: moderate hidden variable",3,"moderate_hidden",0.12,0.151315161689063,0.551089624492323
1,3.86283116583464,"Male",32,68420,0,"Mexican American","College+","Ever",3,"South",-0.218782227492102,2.96283116583464,3.86283116583464,0.9,"hidden_h3_moderate","H3: moderate hidden variable",3,"moderate_hidden",0.12,0.211383266504639,1
0,2.92269646214286,"Male",75,75864,0,"White","Some college","Ever",6,"North",0.011654065106802,2.92269646214286,3.82269646214286,0.9,"hidden_h3_moderate","H3: moderate hidden variable",3,"moderate_hidden",0.12,0.333585913248693,1.54721178972373
0,1.76397896612219,"Female",32,47382,0,"Black","Some college","Never",0,"Inland",-0.474754755479336,1.76397896612219,2.66397896612219,0.9,"hidden_h3_moderate","H3: moderate hidden variable",3,"moderate_hidden",0.12,0.222294507930368,0.883486258522677
1,4.27224255545969,"Male",45,30790,0,"White","College+","Never",1,"South",0.835083956044064,3.37224255545969,4.27224255545969,0.9,"hidden_h3_moderate","H3: moderate hidden variable",3,"moderate_hidden",0.12,0.285621114795998,1
0,2.40585163022677,"Female",48,68672,0,"Black","<HS","Ever",11,"Inland",-0.716913533658703,2.40585163022677,3.30585163022677,0.9,"hidden_h3_moderate","H3: moderate hidden variable",3,"moderate_hidden",0.12,0.309861585146705,1.38777087297342
0,3.8343048058951,"Male",25,12812,0,"White","College+","Ever",5,"Inland",1.51521032383567,3.8343048058951,4.7343048058951,0.9,"hidden_h3_moderate","H3: moderate hidden variable",3,"moderate_hidden",0.12,0.248508189070271,1.02212187756559
0,4.42764055454035,"Female",41,53660,0,"White","College+","Ever",3,"North",-0.984710928853851,4.42764055454035,5.32764055454035,0.9,"hidden_h3_moderate","H3: moderate hidden variable",3,"moderate_hidden",0.12,0.18759110124302,0.713713305076864
1,5.06168277366445,"Female",46,48511,0,"White","Some college","Never",0,"Inland",0.782785810917032,4.16168277366445,5.06168277366445,0.9,"hidden_h3_moderate","H3: moderate hidden variable",3,"moderate_hidden",0.12,0.219002758918678,1
1,4.41221735448066,"Male",50,49392,0,"Mexican American","College+","Ever",5,"Coastal",1.02875929617278,3.51221735448066,4.41221735448066,0.9,"hidden_h3_moderate","H3: moderate hidden variable",3,"moderate_hidden",0.12,0.271398653062957,1
0,4.70245680439773,"Female",44,110686,0,"White","Some college","Ever",5,"Coastal",-0.653877069554424,4.70245680439773,5.60245680439773,0.9,"hidden_h3_moderate","H3: moderate hidden variable",3,"moderate_hidden",0.12,0.181898585515058,0.68723997005428
0,3.1063665712521,"Female",30,22353,0,"White","Some college","Ever",4,"South",-0.987701159683887,3.1063665712521,4.0063665712521,0.9,"hidden_h3_moderate","H3: moderate hidden variable",3,"moderate_hidden",0.12,0.199348334918895,0.769582588198311
0,3.55865757346371,"Male",56,38934,0,"White","College+","Ever",1,"Coastal",1.52702996660137,3.55865757346371,4.45865757346371,0.9,"hidden_h3_moderate","H3: moderate hidden variable",3,"moderate_hidden",0.12,0.268876907579854,1.13670883410767
1,3.18862876802305,"Female",29,92461,0,"White","<HS","Never",0,"South",0.359281824366502,2.28862876802305,3.18862876802305,0.9,"hidden_h3_moderate","H3: moderate hidden variable",3,"moderate_hidden",0.12,0.187878405797256,1
0,0.911038544096242,"Male",19,68058,0,"White","<HS","Never",0,"South",-1.38097003925294,0.911038544096242,1.81103854409624,0.9,"hidden_h3_moderate","H3: moderate hidden variable",3,"moderate_hidden",0.12,0.237634464573991,0.963457151108779
0,4.14918454789581,"Male",44,63480,0,"White","<HS","Never",0,"North",0.715356608656864,4.14918454789581,5.04918454789581,0.9,"hidden_h3_moderate","H3: moderate hidden variable",3,"moderate_hidden",0.12,0.29316814747179,1.28199668555453
0,3.63834530871559,"Male",50,46081,0,"White","College+","Never",0,"North",-2.31442861109882,3.63834530871559,4.53834530871559,0.9,"hidden_h3_moderate","H3: moderate hidden variable",3,"moderate_hidden",0.12,0.278965832817293,1.19586292571556
0,2.98225496791955,"Male",34,33988,0,"White","Some college","Ever",6,"Inland",-0.860139011397429,2.98225496791955,3.88225496791955,0.9,"hidden_h3_moderate","H3: moderate hidden variable",3,"moderate_hidden",0.12,0.270310651280189,1.14501554788668
1,5.88058680935418,"Male",36,53073,0,"White","Some college","Never",0,"North",1.0469778843701,4.98058680935418,5.88058680935418,0.9,"hidden_h3_moderate","H3: moderate hidden variable",3,"moderate_hidden",0.12,0.255113568091547,1
1,3.56039076114941,"Male",32,56535,0,"Black","Some college","Never",0,"North",0.627774169985573,2.66039076114941,3.56039076114941,0.9,"hidden_h3_moderate","H3: moderate hidden variable",3,"moderate_hidden",0.12,0.276899251976277,1
0,5.24119722160492,"Female",69,73136,0,"White","Some college","Never",0,"Coastal",0.557333850528864,5.24119722160492,6.14119722160492,0.9,"hidden_h3_moderate","H3: moderate hidden variable",3,"moderate_hidden",0.12,0.248532111421114,1.02225281246161
1,6.56042746472077,"Female",57,101738,0,"White","Some college","Never",0,"South",2.0865438790632,5.66042746472077,6.56042746472077,0.9,"hidden_h3_moderate","H3: moderate hidden variable",3,"moderate_hidden",0.12,0.208649649109365,1
1,2.24307170176494,"Male",33,59728,0,"Other","College+","Never",0,"North",1.40970886530609,1.34307170176494,2.24307170176494,0.9,"hidden_h3_moderate","H3: moderate hidden variable",3,"moderate_hidden",0.12,0.357875543375089,1
0,1.61999370253473,"Female",49,58672,0,"White","<HS","Never",0,"North",-0.52258279658535,1.61999370253473,2.51999370253473,0.9,"hidden_h3_moderate","H3: moderate hidden variable",3,"moderate_hidden",0.12,0.243570682082462,0.995274532193215
0,3.28127309211395,"Female",36,50747,0,"White","College+","Never",0,"North",-0.728284465348457,3.28127309211395,4.18127309211395,0.9,"hidden_h3_moderate","H3: moderate hidden variable",3,"moderate_hidden",0.12,0.191519462389103,0.732199749834179
1,5.25377361520454,"Female",44,56948,0,"White","Some college","Never",0,"Inland",1.8989616198843,4.35377361520454,5.25377361520454,0.9,"hidden_h3_moderate","H3: moderate hidden variable",3,"moderate_hidden",0.12,0.210535468593916,1
0,1.5046332479189,"Male",47,67676,0,"Other","<HS","Ever",6,"South",-1.16671888332341,1.5046332479189,2.4046332479189,0.9,"hidden_h3_moderate","H3: moderate hidden variable",3,"moderate_hidden",0.12,0.442376839508311,2.45209792512599
1,5.49482933760283,"Male",50,57997,0,"Black","<HS","Ever",7,"Coastal",1.52470008595693,4.59482933760283,5.49482933760283,0.9,"hidden_h3_moderate","H3: moderate hidden variable",3,"moderate_hidden",0.12,0.363634388219311,1
0,3.75896645323516,"Male",37,52782,0,"Mexican American","College+","Never",0,"Inland",-0.624654943691235,3.75896645323516,4.65896645323516,0.9,"hidden_h3_moderate","H3: moderate hidden variable",3,"moderate_hidden",0.12,0.242348907861354,0.98868522761064
0,4.05872136917917,"Female",78,72540,0,"Mexican American","<HS","Never",0,"Inland",1.10148753773709,4.05872136917917,4.95872136917917,0.9,"hidden_h3_moderate","H3: moderate hidden variable",3,"moderate_hidden",0.12,0.290298206128507,1.26431322584437
0,3.37695538758264,"Female",31,59525,0,"White","HS","Ever",2,"Coastal",0.278957672403276,3.37695538758264,4.27695538758264,0.9,"hidden_h3_moderate","H3: moderate hidden variable",3,"moderate_hidden",0.12,0.129333594299759,0.459140699312457
1,3.63568999010571,"Male",42,54066,1,"White","College+","Never",0,"North",0.668767831196177,2.73568999010571,3.63568999010571,0.9,"hidden_h3_moderate","H3: moderate hidden variable",3,"moderate_hidden",0.12,0.206786020005538,1
0,2.1964510487954,"Male",31,8000,0,"Black","Some college","Ever",9,"North",0.22407439732979,2.1964510487954,3.0964510487954,0.9,"hidden_h3_moderate","H3: moderate hidden variable",3,"moderate_hidden",0.12,0.339467804205212,1.58851321520566
0,1.64327735706573,"Male",63,29382,0,"White","College+","Never",0,"Inland",-1.54363968259602,1.64327735706573,2.54327735706573,0.9,"hidden_h3_moderate","H3: moderate hidden variable",3,"moderate_hidden",0.12,0.320272812325345,1.45636979826273
0,1.58987440733967,"Male",31,8729,0,"White","HS","Ever",7,"South",0.327009087211032,1.58987440733967,2.48987440733967,0.9,"hidden_h3_moderate","H3: moderate hidden variable",3,"moderate_hidden",0.12,0.225133339128272,0.898047005655713
0,1.92272422686526,"Female",18,27216,0,"Black","<HS","Never",0,"Coastal",0.676281874385032,1.92272422686526,2.82272422686526,0.9,"hidden_h3_moderate","H3: moderate hidden variable",3,"moderate_hidden",0.12,0.232378542399058,0.935696810089499
0,3.86051793722097,"Female",41,45538,0,"White","HS","Ever",7,"North",-0.399295427113465,3.86051793722097,4.76051793722097,0.9,"hidden_h3_moderate","H3: moderate hidden variable",3,"moderate_hidden",0.12,0.171331488914292,0.639061397361823
0,3.62062831530065,"Female",28,43136,0,"Mexican American","<HS","Never",0,"Coastal",1.1807354264968,3.62062831530065,4.52062831530065,0.9,"hidden_h3_moderate","H3: moderate hidden variable",3,"moderate_hidden",0.12,0.208415875796848,0.813804250860557
0,3.15354923909695,"Female",54,60758,0,"White","HS","Ever",3,"South",-0.0242554900505431,3.15354923909695,4.05354923909695,0.9,"hidden_h3_moderate","H3: moderate hidden variable",3,"moderate_hidden",0.12,0.164173996841579,0.607120258775122
0,0.734608601867686,"Male",48,54066,1,"White","<HS","Never",0,"North",-0.20944544700556,0.734608601867686,1.63460860186769,0.9,"hidden_h3_moderate","H3: moderate hidden variable",3,"moderate_hidden",0.12,0.252332492006207,1.04315994092953
1,3.4581765271751,"Male",57,21091,0,"White","College+","Never",0,"Inland",-0.497617995303626,2.5581765271751,3.4581765271751,0.9,"hidden_h3_moderate","H3: moderate hidden variable",3,"moderate_hidden",0.12,0.312331876518435,1
0,2.42230942814665,"Male",48,48775,0,"Black","Some college","Never",0,"South",0.976658546992754,2.42230942814665,3.32230942814665,0.9,"hidden_h3_moderate","H3: moderate hidden variable",3,"moderate_hidden",0.12,0.318492952350673,1.44449388338199
0,2.66858859261482,"Female",50,22325,0,"White","College+","Never",0,"Coastal",-1.98135316205332,2.66858859261482,3.56858859261482,0.9,"hidden_h3_moderate","H3: moderate hidden variable",3,"moderate_hidden",0.12,0.232805051102003,0.937935331683745
0,3.01814502231069,"Male",55,49543,0,"White","College+","Never",0,"North",-0.645225621492855,3.01814502231069,3.91814502231069,0.9,"hidden_h3_moderate","H3: moderate hidden variable",3,"moderate_hidden",0.12,0.287550791476973,1.24751820177726
0,3.477204843517,"Female",44,68737,0,"Other","College+","Never",0,"Inland",0.221500982196892,3.477204843517,4.377204843517,0.9,"hidden_h3_moderate","H3: moderate hidden variable",3,"moderate_hidden",0.12,0.305813525631748,1.36165402438639
0,0.449622448347839,"Female",33,54066,1,"Black","<HS","Never",0,"Coastal",-0.619973032601337,0.449622448347839,1.34962244834784,0.9,"hidden_h3_moderate","H3: moderate hidden variable",3,"moderate_hidden",0.12,0.196995148320474,0.758269509250417
1,4.92438056250785,"Male",51,47737,0,"White","HS","Never",0,"Inland",-1.17606473579811,4.02438056250785,4.92438056250785,0.9,"hidden_h3_moderate","H3: moderate hidden variable",3,"moderate_hidden",0.12,0.227485857038273,1
1,5.00003029299604,"Male",55,61068,0,"Black","<HS","Ever",9,"Inland",0.570788681434153,4.10003029299604,5.00003029299604,0.9,"hidden_h3_moderate","H3: moderate hidden variable",3,"moderate_hidden",0.12,0.390326286853467,1
0,3.11955136374241,"Male",28,43217,0,"White","Some college","Never",0,"North",-1.75047316296086,3.11955136374241,4.01955136374241,0.9,"hidden_h3_moderate","H3: moderate hidden variable",3,"moderate_hidden",0.12,0.245168477781493,1.00392399426026
0,2.71353350132554,"Male",47,53672,0,"Mexican American","HS","Ever",9,"North",0.824608879811567,2.71353350132554,3.61353350132554,0.9,"hidden_h3_moderate","H3: moderate hidden variable",3,"moderate_hidden",0.12,0.236407084456999,0.95694026441279
0,2.57506888619623,"Male",39,54066,1,"White","HS","Never",0,"North",-0.944795803750945,2.57506888619623,3.47506888619623,0.9,"hidden_h3_moderate","H3: moderate hidden variable",3,"moderate_hidden",0.12,0.160437109144421,0.590660359783541
0,1.42419985194915,"Female",62,29685,0,"White","College+","Never",0,"North",-0.0808901068419186,1.42419985194915,2.32419985194915,0.9,"hidden_h3_moderate","H3: moderate hidden variable",3,"moderate_hidden",0.12,0.252026854730228,1.04147067493703
0,1.7333106840765,"Male",44,27979,0,"Black","College+","Ever",3,"North",-1.18038064724295,1.7333106840765,2.6333106840765,0.9,"hidden_h3_moderate","H3: moderate hidden variable",3,"moderate_hidden",0.12,0.298135269189477,1.31294389560537
0,3.89757670179024,"Female",31,54702,0,"Mexican American","College+","Never",0,"North",0.352395965647073,3.89757670179024,4.79757670179024,0.9,"hidden_h3_moderate","H3: moderate hidden variable",3,"moderate_hidden",0.12,0.177312206613986,0.666177273758535
0,1.40967723409406,"Male",45,96101,0,"Other","College+","Never",0,"Coastal",-0.318694594997935,1.40967723409406,2.30967723409406,0.9,"hidden_h3_moderate","H3: moderate hidden variable",3,"moderate_hidden",0.12,0.359335427491037,1.73362659209974
0,4.89624479610719,"Male",23,45626,0,"Other","Some college","Never",0,"Coastal",0.494481177673263,4.89624479610719,5.79624479610719,0.9,"hidden_h3_moderate","H3: moderate hidden variable",3,"moderate_hidden",0.12,0.356224518060067,1.71031303950669
0,2.97147218482535,"Female",31,63764,0,"Black","College+","Never",0,"North",-2.04414479165936,2.97147218482535,3.87147218482535,0.9,"hidden_h3_moderate","H3: moderate hidden variable",3,"moderate_hidden",0.12,0.202339224703882,0.78405779556172
0,2.54598853694909,"Female",29,34177,0,"White","College+","Ever",6,"Inland",1.95253504840382,2.54598853694909,3.44598853694909,0.9,"hidden_h3_moderate","H3: moderate hidden variable",3,"moderate_hidden",0.12,0.19399730688883,0.743952898172092
0,1.23884395164996,"Female",58,74249,0,"White","<HS","Never",0,"North",-0.0178518830530585,1.23884395164996,2.13884395164996,0.9,"hidden_h3_moderate","H3: moderate hidden variable",3,"moderate_hidden",0.12,0.251850631204058,1.04049730977203
0,3.80184378726626,"Female",48,90214,0,"White","HS","Ever",13,"North",-0.314392906256978,3.80184378726626,4.70184378726626,0.9,"hidden_h3_moderate","H3: moderate hidden variable",3,"moderate_hidden",0.12,0.191260901312057,0.730977467962148
0,3.44158524958012,"Female",52,53290,0,"Black","Some college","Never",0,"Coastal",0.0967199797949171,3.44158524958012,4.34158524958012,0.9,"hidden_h3_moderate","H3: moderate hidden variable",3,"moderate_hidden",0.12,0.25802216124776,1.07486100285405
1,3.65204446578357,"Female",53,67913,0,"Other","College+","Never",1,"North",1.21473639240422,2.75204446578357,3.65204446578357,0.9,"hidden_h3_moderate","H3: moderate hidden variable",3,"moderate_hidden",0.12,0.335215018968442,1
0,4.1355312054687,"Female",38,56640,0,"White","College+","Ever",5,"Inland",0.286324040740113,4.1355312054687,5.0355312054687,0.9,"hidden_h3_moderate","H3: moderate hidden variable",3,"moderate_hidden",0.12,0.191826195410358,0.733650766581623
0,0.45242859769512,"Female",28,39487,0,"Mexican American","HS","Never",0,"Inland",-1.25829662009329,0.45242859769512,1.35242859769512,0.9,"hidden_h3_moderate","H3: moderate hidden variable",3,"moderate_hidden",0.12,0.142625423017718,0.514176916875538
1,4.20216161861315,"Female",55,47456,0,"Mexican American","<HS","Ever",8,"South",1.21795712565718,3.30216161861315,4.20216161861315,0.9,"hidden_h3_moderate","H3: moderate hidden variable",3,"moderate_hidden",0.12,0.278491238849379,1
0,3.5216732560855,"Male",48,75308,0,"Mexican American","Some college","Ever",5,"North",0.249473924604873,3.5216732560855,4.4216732560855,0.9,"hidden_h3_moderate","H3: moderate hidden variable",3,"moderate_hidden",0.12,0.260386573503904,1.08817822711353
0,2.95320434181088,"Female",58,54066,1,"White","HS","Never",0,"Inland",0.694209714780766,2.95320434181088,3.85320434181088,0.9,"hidden_h3_moderate","H3: moderate hidden variable",3,"moderate_hidden",0.12,0.145149199326983,0.524820213521161
0,2.75583048941186,"Female",23,39944,0,"White","HS","Never",0,"Inland",-0.617123849328228,2.75583048941186,3.65583048941186,0.9,"hidden_h3_moderate","H3: moderate hidden variable",3,"moderate_hidden",0.12,0.139174469836453,0.499724530658633
1,4.79691951586441,"Female",39,29360,0,"White","HS","Ever",6,"Coastal",0.577378302363905,3.89691951586441,4.79691951586441,0.9,"hidden_h3_moderate","H3: moderate hidden variable",3,"moderate_hidden",0.12,0.17107641592898,1
1,3.23118803791866,"Male",42,39092,0,"Other","College+","Never",0,"Coastal",1.00145418565868,2.33118803791866,3.23118803791866,0.9,"hidden_h3_moderate","H3: moderate hidden variable",3,"moderate_hidden",0.12,0.397141297189028,1
0,2.28479617533527,"Male",39,72856,0,"White","College+","Never",0,"North",0.605580090464666,2.28479617533527,3.18479617533527,0.9,"hidden_h3_moderate","H3: moderate hidden variable",3,"moderate_hidden",0.12,0.238807940208527,0.96970747904809
0,3.70049582799759,"Female",36,40297,0,"Other","Some college","Ever",5,"Inland",0.404978059402937,3.70049582799759,4.60049582799759,0.9,"hidden_h3_moderate","H3: moderate hidden variable",3,"moderate_hidden",0.12,0.319430679424244,1.4507430192598
0,3.41414646546343,"Male",58,45926,0,"Mexican American","Some college","Ever",5,"North",-0.497664887409909,3.41414646546343,4.31414646546343,0.9,"hidden_h3_moderate","H3: moderate hidden variable",3,"moderate_hidden",0.12,0.302315015911325,1.33932684851918
0,2.3885581744811,"Male",56,59446,0,"White","Some college","Never",0,"North",-0.0806262772537855,2.3885581744811,3.2885581744811,0.9,"hidden_h3_moderate","H3: moderate hidden variable",3,"moderate_hidden",0.12,0.29379392042337,1.2858715405492
0,2.51761057746572,"Female",67,35634,0,"White","<HS","Ever",9,"South",0.392741885407377,2.51761057746572,3.41761057746572,0.9,"hidden_h3_moderate","H3: moderate hidden variable",3,"moderate_hidden",0.12,0.327366701910974,1.50432742160147
1,4.12345905154712,"Male",31,54066,1,"White","HS","Never",0,"Inland",-0.238853967839177,3.22345905154712,4.12345905154712,0.9,"hidden_h3_moderate","H3: moderate hidden variable",3,"moderate_hidden",0.12,0.149132717009862,1
0,3.12306051518731,"Male",68,114664,0,"Black","HS","Ever",1,"Inland",0.0640539261658236,3.12306051518731,4.02306051518731,0.9,"hidden_h3_moderate","H3: moderate hidden variable",3,"moderate_hidden",0.12,0.224613364685164,0.895372010846123
0,3.57933081911927,"Male",38,62282,0,"Black","Some college","Ever",3,"Inland",0.37044675097638,3.57933081911927,4.47933081911927,0.9,"hidden_h3_moderate","H3: moderate hidden variable",3,"moderate_hidden",0.12,0.272045392834251,1.15510990599427
0,3.18163224210629,"Female",51,41511,0,"White","HS","Ever",2,"Coastal",-1.55624544621228,3.18163224210629,4.08163224210629,0.9,"hidden_h3_moderate","H3: moderate hidden variable",3,"moderate_hidden",0.12,0.163872604952528,0.605787260887397
1,4.09709238120178,"Female",49,43316,0,"Black","Some college","Never",1,"Inland",-0.579845431494286,3.19709238120178,4.09709238120178,0.9,"hidden_h3_moderate","H3: moderate hidden variable",3,"moderate_hidden",0.12,0.265058596374507,1
0,0.120208752020364,"Male",40,27186,0,"Other","HS","Never",0,"South",1.53408724169729,0.120208752020364,1.02020875202036,0.9,"hidden_h3_moderate","H3: moderate hidden variable",3,"moderate_hidden",0.12,0.33697758072178,1.57093793120808
0,1.8067861887956,"Male",18,30103,0,"White","Some college","Ever",5,"North",0.529574979508422,1.8067861887956,2.7067861887956,0.9,"hidden_h3_moderate","H3: moderate hidden variable",3,"moderate_hidden",0.12,0.233654215896512,0.94239957343621
1,4.57380184041094,"Female",57,41356,0,"Mexican American","HS","Never",0,"North",0.699671268122066,3.67380184041094,4.57380184041094,0.9,"hidden_h3_moderate","H3: moderate hidden variable",3,"moderate_hidden",0.12,0.184425998282287,1
0,3.79551005067848,"Male",51,30090,0,"White","Some college","Never",0,"Coastal",1.07148455031706,3.79551005067848,4.69551005067848,0.9,"hidden_h3_moderate","H3: moderate hidden variable",3,"moderate_hidden",0.12,0.303321700292552,1.34572843922072
1,4.08973835406713,"Male",59,52197,0,"White","HS","Never",0,"Coastal",1.70792997446083,3.18973835406713,4.08973835406713,0.9,"hidden_h3_moderate","H3: moderate hidden variable",3,"moderate_hidden",0.12,0.240262201097578,1
1,2.97995482095136,"Female",18,50490,0,"White","Some college","Ever",6,"North",0.0735819490286875,2.07995482095136,2.97995482095136,0.9,"hidden_h3_moderate","H3: moderate hidden variable",3,"moderate_hidden",0.12,0.17575832329147,1
0,4.57388281410855,"Male",56,68479,0,"Black","Some college","Never",0,"Inland",0.159139126711608,4.57388281410855,5.47388281410855,0.9,"hidden_h3_moderate","H3: moderate hidden variable",3,"moderate_hidden",0.12,0.322770792196907,1.47314257032373
1,4.21726482415179,"Male",57,76983,0,"White","<HS","Ever",6,"Inland",0.267469014158556,3.31726482415179,4.21726482415179,0.9,"hidden_h3_moderate","H3: moderate hidden variable",3,"moderate_hidden",0.12,0.320826459458916,1
0,3.94242873033433,"Female",36,37733,0,"Other","College+","Ever",5,"North",0.378719808181754,3.94242873033433,4.84242873033433,0.9,"hidden_h3_moderate","H3: moderate hidden variable",3,"moderate_hidden",0.12,0.309865980360357,1.38779939606424
0,2.09116578454585,"Female",33,32772,0,"Other","Some college","Ever",4,"Coastal",1.33108939803641,2.09116578454585,2.99116578454585,0.9,"hidden_h3_moderate","H3: moderate hidden variable",3,"moderate_hidden",0.12,0.310383333724951,1.39115934227506
0,2.52279401062026,"Male",65,80017,0,"Black","HS","Never",0,"North",0.78645835882205,2.52279401062026,3.42279401062026,0.9,"hidden_h3_moderate","H3: moderate hidden variable",3,"moderate_hidden",0.12,0.266169719601449,1.12111264418527
0,4.62852730206903,"Male",59,75812,0,"White","Some college","Ever",7,"South",0.0907307421418292,4.62852730206903,5.52852730206903,0.9,"hidden_h3_moderate","H3: moderate hidden variable",3,"moderate_hidden",0.12,0.303712745570659,1.34822012084464
1,2.78688103454006,"Female",49,28352,0,"White","Some college","Ever",3,"North",1.15143762485421,1.88688103454006,2.78688103454006,0.9,"hidden_h3_moderate","H3: moderate hidden variable",3,"moderate_hidden",0.12,0.224357706929234,1
0,2.06422991953259,"Female",29,51499,0,"White","College+","Never",0,"South",-0.438500744715304,2.06422991953259,2.96422991953259,0.9,"hidden_h3_moderate","H3: moderate hidden variable",3,"moderate_hidden",0.12,0.179704356649738,0.677133706789017
0,3.21823132923479,"Female",52,57992,0,"White","Some college","Never",0,"North",-0.20658862485217,3.21823132923479,4.11823132923479,0.9,"hidden_h3_moderate","H3: moderate hidden variable",3,"moderate_hidden",0.12,0.224644930159867,0.895534296307543
0,4.49103085218711,"Female",44,56949,0,"White","HS","Ever",6,"South",1.78710839374998,4.49103085218711,5.39103085218711,0.9,"hidden_h3_moderate","H3: moderate hidden variable",3,"moderate_hidden",0.12,0.165546373256493,0.613202188433662
0,4.06327035143433,"Female",47,49647,0,"White","College+","Ever",5,"South",-0.551328039900449,4.06327035143433,4.96327035143433,0.9,"hidden_h3_moderate","H3: moderate hidden variable",3,"moderate_hidden",0.12,0.21127880441497,0.827977720058915
1,4.30774336753656,"Male",43,8000,0,"Black","College+","Ever",6,"Inland",0.914444330732252,3.40774336753656,4.30774336753656,0.9,"hidden_h3_moderate","H3: moderate hidden variable",3,"moderate_hidden",0.12,0.333108251120347,1
1,5.06234926941411,"Male",55,78858,0,"Other","Some college","Ever",6,"Coastal",-0.0296273010147083,4.16234926941411,5.06234926941411,0.9,"hidden_h3_moderate","H3: moderate hidden variable",3,"moderate_hidden",0.12,0.419869461087682,1
0,2.6723418426689,"Female",34,65193,0,"White","Some college","Ever",6,"North",-1.56136961532083,2.6723418426689,3.5723418426689,0.9,"hidden_h3_moderate","H3: moderate hidden variable",3,"moderate_hidden",0.12,0.194298102333084,0.745384580310357
1,3.33680718713055,"Female",47,62684,0,"Black","HS","Ever",6,"South",-0.953122915647814,2.43680718713055,3.33680718713055,0.9,"hidden_h3_moderate","H3: moderate hidden variable",3,"moderate_hidden",0.12,0.191860126683964,1
0,3.01644765108861,"Male",49,69359,0,"Other","College+","Never",0,"Inland",-0.627404217718767,3.01644765108861,3.91644765108861,0.9,"hidden_h3_moderate","H3: moderate hidden variable",3,"moderate_hidden",0.12,0.390700677891147,1.98198198044662
1,3.66580936408713,"Female",40,62074,0,"Black","<HS","Ever",9,"Coastal",0.32107798601164,2.76580936408713,3.66580936408713,0.9,"hidden_h3_moderate","H3: moderate hidden variable",3,"moderate_hidden",0.12,0.28193012981851,1
0,3.30202171782666,"Female",38,70655,0,"Mexican American","Some college","Never",0,"South",-1.34369094320258,3.30202171782666,4.20202171782666,0.9,"hidden_h3_moderate","H3: moderate hidden variable",3,"moderate_hidden",0.12,0.188457392636322,0.717774597246243
0,3.19707175907207,"Male",30,17747,0,"Mexican American","College+","Never",0,"Coastal",0.161995045629752,3.19707175907207,4.09707175907207,0.9,"hidden_h3_moderate","H3: moderate hidden variable",3,"moderate_hidden",0.12,0.250358223302487,1.03227238988543
1,5.75940009812064,"Male",43,54066,1,"White","Some college","Never",0,"North",0.424154666663753,4.85940009812064,5.75940009812064,0.9,"hidden_h3_moderate","H3: moderate hidden variable",3,"moderate_hidden",0.12,0.217455873552615,1
0,3.48406466282727,"Male",54,85115,0,"White","Some college","Never",0,"Coastal",0.0918410280049956,3.48406466282727,4.38406466282727,0.9,"hidden_h3_moderate","H3: moderate hidden variable",3,"moderate_hidden",0.12,0.271769648537786,1.15350215163642
1,6.1139389425611,"Female",48,56830,0,"White","Some college","Never",0,"South",0.359589964418623,5.21393894256109,6.1139389425611,0.9,"hidden_h3_moderate","H3: moderate hidden variable",3,"moderate_hidden",0.12,0.217877118387667,1
1,5.86912921429954,"Male",41,38022,0,"White","Some college","Ever",6,"South",0.863657790146953,4.96912921429954,5.86912921429954,0.9,"hidden_h3_moderate","H3: moderate hidden variable",3,"moderate_hidden",0.12,0.282704012878735,1
0,3.29651949197793,"Female",55,54066,1,"White","College+","Never",0,"Coastal",0.674171517405261,3.29651949197793,4.19651949197793,0.9,"hidden_h3_moderate","H3: moderate hidden variable",3,"moderate_hidden",0.12,0.178370895036865,0.671018367889701
0,2.39184572455488,"Female",28,57034,0,"White","Some college","Never",0,"North",0.651988179230774,2.39184572455488,3.29184572455488,0.9,"hidden_h3_moderate","H3: moderate hidden variable",3,"moderate_hidden",0.12,0.183191492557492,0.693220313652293
0,2.88880162234561,"Female",65,78079,0,"White","<HS","Never",0,"Coastal",-1.48077028127525,2.88880162234561,3.78880162234561,0.9,"hidden_h3_moderate","H3: moderate hidden variable",3,"moderate_hidden",0.12,0.263837803748216,1.10777036675207
0,3.66892960317253,"Female",32,38960,0,"Black","College+","Never",0,"Inland",-0.1443748785423,3.66892960317253,4.56892960317253,0.9,"hidden_h3_moderate","H3: moderate hidden variable",3,"moderate_hidden",0.12,0.218088382985777,0.862106855716586
0,1.76216254186744,"Male",44,69321,0,"White","<HS","Never",0,"Coastal",0.0119807612948802,1.76216254186744,2.66216254186744,0.9,"hidden_h3_moderate","H3: moderate hidden variable",3,"moderate_hidden",0.12,0.289081557693276,1.25685980488715
1,5.07029988959614,"Female",52,51046,0,"Black","Some college","Never",0,"North",-2.09429403454542,4.17029988959614,5.07029988959614,0.9,"hidden_h3_moderate","H3: moderate hidden variable",3,"moderate_hidden",0.12,0.259481308544319,1
1,4.48869481679349,"Male",49,53980,0,"White","<HS","Never",0,"North",1.11019105030123,3.58869481679349,4.48869481679349,0.9,"hidden_h3_moderate","H3: moderate hidden variable",3,"moderate_hidden",0.12,0.311350293210881,1
0,3.54360362697723,"Female",41,65505,0,"Black","College+","Never",0,"Inland",0.237997811906281,3.54360362697723,4.44360362697723,0.9,"hidden_h3_moderate","H3: moderate hidden variable",3,"moderate_hidden",0.12,0.21932744741833,0.868380986201359
0,3.64822910000344,"Male",52,41567,0,"Black","HS","Ever",8,"Coastal",-0.440261256404035,3.64822910000344,4.54822910000344,0.9,"hidden_h3_moderate","H3: moderate hidden variable",3,"moderate_hidden",0.12,0.285202214495845,1.23326363820623
0,1.90111945205734,"Female",38,60052,0,"White","<HS","Never",0,"Inland",-1.90883922306019,1.90111945205734,2.80111945205734,0.9,"hidden_h3_moderate","H3: moderate hidden variable",3,"moderate_hidden",0.12,0.221536338437401,0.879615473724734
0,3.61299769958326,"Female",28,32374,0,"White","Some college","Never",0,"Inland",1.52816320723009,3.61299769958326,4.51299769958326,0.9,"hidden_h3_moderate","H3: moderate hidden variable",3,"moderate_hidden",0.12,0.196033916568574,0.753667383905258
0,2.08394156373546,"Male",43,49900,0,"Black","HS","Ever",1,"Inland",-0.446814416292897,2.08394156373546,2.98394156373546,0.9,"hidden_h3_moderate","H3: moderate hidden variable",3,"moderate_hidden",0.12,0.21593044623196,0.851227261733306
0,3.44926059341818,"Male",51,63143,0,"White","<HS","Never",0,"North",0.349737228563445,3.44926059341818,4.34926059341818,0.9,"hidden_h3_moderate","H3: moderate hidden variable",3,"moderate_hidden",0.12,0.309326720960494,1.38430253912169
0,1.60913317745432,"Male",33,72064,0,"White","College+","Never",0,"North",-1.098983601315,1.60913317745432,2.50913317745432,0.9,"hidden_h3_moderate","H3: moderate hidden variable",3,"moderate_hidden",0.12,0.227695247071745,0.9112792669764
1,5.08296229623205,"Male",40,98508,0,"Black","Some college","Never",0,"North",0.712637597879766,4.18296229623205,5.08296229623205,0.9,"hidden_h3_moderate","H3: moderate hidden variable",3,"moderate_hidden",0.12,0.265855464464929,1
0,2.60364970869114,"Female",53,53560,0,"White","HS","Never",0,"Inland",0.105049083336121,2.60364970869114,3.50364970869114,0.9,"hidden_h3_moderate","H3: moderate hidden variable",3,"moderate_hidden",0.12,0.175929262843381,0.659872184948358
0,2.04270832888082,"Female",37,54066,1,"White","Some college","Ever",7,"North",0.612692791798469,2.04270832888082,2.94270832888082,0.9,"hidden_h3_moderate","H3: moderate hidden variable",3,"moderate_hidden",0.12,0.168198757209152,0.625013574147906
0,3.64499604481103,"Female",41,50511,0,"Mexican American","<HS","Ever",7,"North",0.425344858888464,3.64499604481103,4.54499604481103,0.9,"hidden_h3_moderate","H3: moderate hidden variable",3,"moderate_hidden",0.12,0.24074118732426,0.980046740365719
0,1.61390653222317,"Male",53,37069,0,"Black","College+","Ever",4,"South",-1.43545190634585,1.61390653222317,2.51390653222317,0.9,"hidden_h3_moderate","H3: moderate hidden variable",3,"moderate_hidden",0.12,0.319791403813699,1.45315152261266
0,4.54068814693349,"Female",47,40941,0,"White","Some college","Ever",6,"Coastal",0.497873871013028,4.54068814693349,5.44068814693349,0.9,"hidden_h3_moderate","H3: moderate hidden variable",3,"moderate_hidden",0.12,0.231540172144618,0.931303884797396
0,2.86817369642327,"Female",49,28769,0,"Black","<HS","Never",0,"Inland",0.261816546296961,2.86817369642327,3.76817369642327,0.9,"hidden_h3_moderate","H3: moderate hidden variable",3,"moderate_hidden",0.12,0.296246053974999,1.3011218289421
0,4.5219572626054,"Female",30,54066,1,"Mexican American","HS","Ever",1,"North",0.524960999608665,4.5219572626054,5.4219572626054,0.9,"hidden_h3_moderate","H3: moderate hidden variable",3,"moderate_hidden",0.12,0.0959931142605555,0.328212090209835
1,3.56062709696203,"Female",42,44792,0,"White","HS","Never",1,"Coastal",0.684208512667639,2.66062709696203,3.56062709696203,0.9,"hidden_h3_moderate","H3: moderate hidden variable",3,"moderate_hidden",0.12,0.168223667639543,1
0,2.95800689904896,"Male",42,38692,0,"Black","College+","Ever",3,"North",-0.836521721320751,2.95800689904896,3.85800689904896,0.9,"hidden_h3_moderate","H3: moderate hidden variable",3,"moderate_hidden",0.12,0.28615687493811,1.23904658477401
1,4.53839498851565,"Female",62,80377,0,"Black","<HS","Never",0,"North",0.0285271321645632,3.63839498851565,4.53839498851565,0.9,"hidden_h3_moderate","H3: moderate hidden variable",3,"moderate_hidden",0.12,0.289104638930919,1
0,3.58127523158194,"Male",32,46874,0,"Black","College+","Never",0,"South",1.15692360909791,3.58127523158194,4.48127523158194,0.9,"hidden_h3_moderate","H3: moderate hidden variable",3,"moderate_hidden",0.12,0.272853918782626,1.15983112587699
0,3.49157031419542,"Male",45,55304,0,"Black","Some college","Ever",3,"Inland",-1.32931348357169,3.49157031419542,4.39157031419542,0.9,"hidden_h3_moderate","H3: moderate hidden variable",3,"moderate_hidden",0.12,0.292147376105067,1.27569065961734
0,3.58451224901408,"Female",47,55558,0,"White","<HS","Never",0,"South",1.09273683024487,3.58451224901408,4.48451224901408,0.9,"hidden_h3_moderate","H3: moderate hidden variable",3,"moderate_hidden",0.12,0.241540038563437,0.984334492225802
1,3.74732190256227,"Female",45,86088,0,"Mexican American","Some college","Never",0,"North",0.567224533163038,2.84732190256227,3.74732190256227,0.9,"hidden_h3_moderate","H3: moderate hidden variable",3,"moderate_hidden",0.12,0.192048926214081,1
0,2.23255398338624,"Male",50,45612,0,"White","Some college","Never",0,"Inland",0.872225734240314,2.23255398338624,3.13255398338624,0.9,"hidden_h3_moderate","H3: moderate hidden variable",3,"moderate_hidden",0.12,0.290087711766228,1.26302186949043
0,4.78949630287555,"Male",57,72122,0,"White","Some college","Ever",3,"Coastal",-0.286584998653356,4.78949630287555,5.68949630287555,0.9,"hidden_h3_moderate","H3: moderate hidden variable",3,"moderate_hidden",0.12,0.273106228646007,1.161306587252
0,3.7757218319869,"Female",44,41097,0,"White","Some college","Never",0,"South",0.876804982845343,3.7757218319869,4.6757218319869,0.9,"hidden_h3_moderate","H3: moderate hidden variable",3,"moderate_hidden",0.12,0.219606305518328,0.86979575943191
0,3.54266348446532,"Male",60,62876,0,"Other","<HS","Never",0,"North",0.192800261566862,3.54266348446532,4.44266348446532,0.9,"hidden_h3_moderate","H3: moderate hidden variable",3,"moderate_hidden",0.12,0.472486284719739,2.76848186211463
0,1.36901479004516,"Female",24,52779,0,"Mexican American","Some college","Ever",14,"South",-1.28735484504384,1.36901479004516,2.26901479004516,0.9,"hidden_h3_moderate","H3: moderate hidden variable",3,"moderate_hidden",0.12,0.225295447624621,0.898881702796493
0,2.8921461090345,"Female",54,83242,0,"White","Some college","Never",0,"Inland",-2.10861840058342,2.8921461090345,3.7921461090345,0.9,"hidden_h3_moderate","H3: moderate hidden variable",3,"moderate_hidden",0.12,0.213695253642414,0.840021130772982
0,2.0366927264275,"Male",33,57781,0,"White","<HS","Never",0,"South",-0.776229798340717,2.0366927264275,2.9366927264275,0.9,"hidden_h3_moderate","H3: moderate hidden variable",3,"moderate_hidden",0.12,0.272974981308253,1.1605389493125
0,4.00741337072225,"Female",29,47929,0,"Other","<HS","Never",0,"North",-1.58327238068635,4.00741337072225,4.90741337072225,0.9,"hidden_h3_moderate","H3: moderate hidden variable",3,"moderate_hidden",0.12,0.327849255617544,1.50762645597763
1,4.23241606113676,"Female",70,67837,0,"Mexican American","Some college","Never",0,"South",0.54431357458667,3.33241606113676,4.23241606113676,0.9,"hidden_h3_moderate","H3: moderate hidden variable",3,"moderate_hidden",0.12,0.24885083806457,1
1,5.39182705795482,"Female",50,57565,0,"Other","College+","Never",0,"North",2.27233262168319,4.49182705795482,5.39182705795482,0.9,"hidden_h3_moderate","H3: moderate hidden variable",3,"moderate_hidden",0.12,0.328040889133116,1
0,1.91158458795375,"Female",61,48096,0,"Mexican American","College+","Never",0,"South",0.0287811626238906,1.91158458795375,2.81158458795375,0.9,"hidden_h3_moderate","H3: moderate hidden variable",3,"moderate_hidden",0.12,0.233595667948614,0.9420914567729
0,3.5742575758788,"Female",49,53043,0,"Black","HS","Never",0,"Inland",1.8257404830829,3.5742575758788,4.4742575758788,0.9,"hidden_h3_moderate","H3: moderate hidden variable",3,"moderate_hidden",0.12,0.194809538561367,0.747821295174427
0,3.06924456267844,"Female",27,41392,0,"White","HS","Never",0,"North",0.751576480905135,3.06924456267844,3.96924456267844,0.9,"hidden_h3_moderate","H3: moderate hidden variable",3,"moderate_hidden",0.12,0.143828079531671,0.519240946735628
0,2.26988285864506,"Female",65,57478,0,"White","Some college","Never",0,"Inland",0.581862942981177,2.26988285864506,3.16988285864506,0.9,"hidden_h3_moderate","H3: moderate hidden variable",3,"moderate_hidden",0.12,0.250378966307227,1.03238648376642
0,4.55469752358615,"Female",44,58920,0,"White","Some college","Never",0,"North",-0.490148213601795,4.55469752358615,5.45469752358615,0.9,"hidden_h3_moderate","H3: moderate hidden variable",3,"moderate_hidden",0.12,0.209426411881928,0.818795378559556
0,2.9674502244225,"Female",27,72077,0,"Mexican American","HS","Never",0,"Inland",0.335778000969869,2.9674502244225,3.8674502244225,0.9,"hidden_h3_moderate","H3: moderate hidden variable",3,"moderate_hidden",0.12,0.128426212399016,0.455444797746569
1,3.52711227045543,"Male",74,42045,0,"White","Some college","Never",0,"Inland",1.00918534551356,2.62711227045543,3.52711227045543,0.9,"hidden_h3_moderate","H3: moderate hidden variable",3,"moderate_hidden",0.12,0.348975715635605,1
0,4.34872321560286,"Female",62,42755,0,"White","College+","Never",0,"Inland",1.11362149213816,4.34872321560286,5.24872321560286,0.9,"hidden_h3_moderate","H3: moderate hidden variable",3,"moderate_hidden",0.12,0.243766048516197,0.996330162029017
0,1.55180281806844,"Female",38,44455,0,"Mexican American","<HS","Ever",8,"Inland",-0.760056917984072,1.55180281806844,2.45180281806844,0.9,"hidden_h3_moderate","H3: moderate hidden variable",3,"moderate_hidden",0.12,0.244998217695497,1.0030005704359
0,1.97676942734059,"Female",29,53589,0,"White","<HS","Never",0,"Coastal",-0.35256492899003,1.97676942734059,2.87676942734059,0.9,"hidden_h3_moderate","H3: moderate hidden variable",3,"moderate_hidden",0.12,0.208817208599246,0.815784943015449
0,2.6931610062236,"Female",37,13229,0,"Mexican American","Some college","Ever",4,"North",-1.8049183063355,2.6931610062236,3.5931610062236,0.9,"hidden_h3_moderate","H3: moderate hidden variable",3,"moderate_hidden",0.12,0.212341528013711,0.833265155721616
0,3.41889537424777,"Female",18,23907,0,"White","<HS","Never",1,"Inland",-1.04267714526501,3.41889537424777,4.31889537424777,0.9,"hidden_h3_moderate","H3: moderate hidden variable",3,"moderate_hidden",0.12,0.211607808402365,0.82961311092237
0,1.99330930533957,"Female",51,87154,0,"White","HS","Never",0,"South",-0.627372704871914,1.99330930533957,2.89330930533957,0.9,"hidden_h3_moderate","H3: moderate hidden variable",3,"moderate_hidden",0.12,0.157138366326455,0.576251647488277
1,5.07910519433531,"Male",53,63588,0,"Other","HS","Never",0,"Coastal",1.57332131915727,4.17910519433531,5.07910519433531,0.9,"hidden_h3_moderate","H3: moderate hidden variable",3,"moderate_hidden",0.12,0.340798338618826,1
0,1.76628989753211,"Female",66,54066,1,"White","HS","Ever",4,"Coastal",-0.501101240006259,1.76628989753211,2.66628989753211,0.9,"hidden_h3_moderate","H3: moderate hidden variable",3,"moderate_hidden",0.12,0.151689495839954,0.552696730015584
1,2.59984399825749,"Male",34,50945,0,"Black","HS","Ever",1,"Coastal",-0.665437382951544,1.69984399825749,2.59984399825749,0.9,"hidden_h3_moderate","H3: moderate hidden variable",3,"moderate_hidden",0.12,0.199355179384909,1
0,2.58340531373541,"Male",45,54066,1,"Mexican American","HS","Ever",2,"Coastal",0.4914071304066,2.58340531373541,3.48340531373541,0.9,"hidden_h3_moderate","H3: moderate hidden variable",3,"moderate_hidden",0.12,0.151617651695786,0.552388176045301
0,2.15844125271739,"Male",39,48510,0,"White","College+","Ever",8,"South",0.874272372920255,2.15844125271739,3.05844125271739,0.9,"hidden_h3_moderate","H3: moderate hidden variable",3,"moderate_hidden",0.12,0.274634543866204,1.17026583101739
0,3.13576224543831,"Female",18,33200,0,"White","College+","Never",0,"Coastal",-0.387140127668952,3.13576224543831,4.03576224543831,0.9,"hidden_h3_moderate","H3: moderate hidden variable",3,"moderate_hidden",0.12,0.171480752023085,0.639733375704083
0,4.76265588402808,"Female",37,71690,0,"White","HS","Ever",9,"Inland",-1.23265735835395,4.76265588402808,5.66265588402808,0.9,"hidden_h3_moderate","H3: moderate hidden variable",3,"moderate_hidden",0.12,0.162733047627313,0.600755893777006
0,2.36869434529236,"Female",47,69003,0,"Mexican American","Some college","Never",0,"Coastal",-0.0270854653261474,2.36869434529236,3.26869434529236,0.9,"hidden_h3_moderate","H3: moderate hidden variable",3,"moderate_hidden",0.12,0.204692646521441,0.79552434566094
0,3.56395121625306,"Female",53,68873,0,"White","Some college","Ever",3,"South",-1.02801173987165,3.56395121625306,4.46395121625306,0.9,"hidden_h3_moderate","H3: moderate hidden variable",3,"moderate_hidden",0.12,0.208398577852757,0.813718925706778
0,5.21239694208141,"Female",55,32376,0,"Mexican American","HS","Never",0,"Inland",1.33002050753005,5.21239694208141,6.11239694208141,0.9,"hidden_h3_moderate","H3: moderate hidden variable",3,"moderate_hidden",0.12,0.185758497973659,0.705150288546489
1,4.98638871493348,"Male",18,20810,0,"White","College+","Never",0,"South",1.12442945443116,4.08638871493348,4.98638871493348,0.9,"hidden_h3_moderate","H3: moderate hidden variable",3,"moderate_hidden",0.12,0.229757113627315,1
1,2.99652756100684,"Female",33,62788,0,"Other","Some college","Never",0,"North",1.56183568265706,2.09652756100684,2.99652756100684,0.9,"hidden_h3_moderate","H3: moderate hidden variable",3,"moderate_hidden",0.12,0.2962118034988,1
0,4.18496007845198,"Male",80,77362,0,"Mexican American","College+","Ever",5,"North",-0.908523270635771,4.18496007845198,5.08496007845198,0.9,"hidden_h3_moderate","H3: moderate hidden variable",3,"moderate_hidden",0.12,0.319034525665962,1.44810089918167
0,2.61309696821619,"Female",39,52912,0,"White","HS","Ever",3,"South",-1.96222095991653,2.61309696821619,3.51309696821619,0.9,"hidden_h3_moderate","H3: moderate hidden variable",3,"moderate_hidden",0.12,0.146418864986288,0.530198457185252
1,5.90471085611031,"Female",47,85751,0,"White","HS","Ever",8,"Coastal",1.79081516576758,5.00471085611031,5.90471085611031,0.9,"hidden_h3_moderate","H3: moderate hidden variable",3,"moderate_hidden",0.12,0.166215942080841,1
0,5.29332194883849,"Female",60,34767,0,"Black","College+","Ever",8,"Coastal",0.654465124139146,5.29332194883849,6.19332194883849,0.9,"hidden_h3_moderate","H3: moderate hidden variable",3,"moderate_hidden",0.12,0.298462002271437,1.31499493840482
0,3.82720715712109,"Female",43,96162,0,"White","College+","Ever",10,"Coastal",-0.0683007842588819,3.82720715712109,4.72720715712109,0.9,"hidden_h3_moderate","H3: moderate hidden variable",3,"moderate_hidden",0.12,0.207020928935567,0.806935384053026
0,1.10775021710097,"Female",46,69142,0,"Other","Some college","Ever",6,"South",-0.628668721199461,1.10775021710097,2.00775021710097,0.9,"hidden_h3_moderate","H3: moderate hidden variable",3,"moderate_hidden",0.12,0.32935676768155,1.5179633198713
0,3.58018901573572,"Female",25,50408,0,"Black","HS","Ever",2,"South",-1.3558921765356,3.58018901573572,4.48018901573572,0.9,"hidden_h3_moderate","H3: moderate hidden variable",3,"moderate_hidden",0.12,0.145020801968546,0.524277217747018
0,1.94784515396851,"Female",36,81989,0,"Mexican American","HS","Never",0,"South",-1.47495776334992,1.94784515396851,2.84784515396851,0.9,"hidden_h3_moderate","H3: moderate hidden variable",3,"moderate_hidden",0.12,0.135719763916248,0.48537202933808
0,3.26235568401395,"Female",19,67693,0,"White","College+","Ever",5,"South",-0.993667170786164,3.26235568401395,4.16235568401395,0.9,"hidden_h3_moderate","H3: moderate hidden variable",3,"moderate_hidden",0.12,0.156969037543686,0.575515072093417
1,3.06364311011073,"Male",80,68053,0,"Other","HS","Never",0,"Coastal",1.21920562456496,2.16364311011073,3.06364311011073,0.9,"hidden_h3_moderate","H3: moderate hidden variable",3,"moderate_hidden",0.12,0.405369689000635,1
0,2.87822423438007,"Female",53,82212,0,"White","College+","Never",0,"South",0.362469185957769,2.87822423438007,3.77822423438007,0.9,"hidden_h3_moderate","H3: moderate hidden variable",3,"moderate_hidden",0.12,0.203727903830959,0.790815643361792
0,2.53646789565532,"Male",24,64172,0,"Mexican American","HS","Never",0,"Coastal",-0.953809469530763,2.53646789565532,3.43646789565532,0.9,"hidden_h3_moderate","H3: moderate hidden variable",3,"moderate_hidden",0.12,0.168390060618079,0.625868384365381
0,3.45985194369564,"Female",50,72916,0,"Mexican American","<HS","Never",0,"South",0.3335096481768,3.45985194369564,4.35985194369564,0.9,"hidden_h3_moderate","H3: moderate hidden variable",3,"moderate_hidden",0.12,0.231875453410049,0.933059554060036
1,3.63900058502695,"Female",57,42648,0,"White","College+","Never",0,"Inland",-1.73804978081275,2.73900058502695,3.63900058502695,0.9,"hidden_h3_moderate","H3: moderate hidden variable",3,"moderate_hidden",0.12,0.23401019274155,1
0,2.91270707925111,"Female",67,63685,0,"White","College+","Never",0,"Coastal",1.08567487682044,2.91270707925111,3.81270707925111,0.9,"hidden_h3_moderate","H3: moderate hidden variable",3,"moderate_hidden",0.12,0.240658184618532,0.97960174926678
0,3.57153756540669,"Female",63,19714,0,"White","<HS","Ever",8,"South",1.26982807916739,3.57153756540669,4.47153756540669,0.9,"hidden_h3_moderate","H3: moderate hidden variable",3,"moderate_hidden",0.12,0.322042360854426,1.46823872665153
0,4.51710396339382,"Male",26,44571,0,"White","HS","Never",0,"Inland",0.499402871062198,4.51710396339382,5.41710396339383,0.9,"hidden_h3_moderate","H3: moderate hidden variable",3,"moderate_hidden",0.12,0.185132418311107,0.702233697398769
0,1.98756751903924,"Female",18,59870,0,"White","HS","Never",0,"South",-0.911804536496191,1.98756751903924,2.88756751903924,0.9,"hidden_h3_moderate","H3: moderate hidden variable",3,"moderate_hidden",0.12,0.125237277823491,0.442516617057244
0,3.83571702766557,"Female",58,36379,0,"Mexican American","Some college","Never",0,"South",0.0510243276540792,3.83571702766557,4.73571702766557,0.9,"hidden_h3_moderate","H3: moderate hidden variable",3,"moderate_hidden",0.12,0.244574589400897,1.00070478326254
0,3.73638451514677,"Male",25,44377,0,"White","HS","Never",0,"Inland",1.62768751835112,3.73638451514677,4.63638451514677,0.9,"hidden_h3_moderate","H3: moderate hidden variable",3,"moderate_hidden",0.12,0.183606499062387,0.695143942780226
1,5.74394739004612,"Male",35,45210,0,"Black","Some college","Ever",8,"Inland",0.248905397925061,4.84394739004612,5.74394739004612,0.9,"hidden_h3_moderate","H3: moderate hidden variable",3,"moderate_hidden",0.12,0.313537568771719,1
0,1.80611870984578,"Male",18,40173,0,"White","Some college","Never",0,"Coastal",-1.35968888644621,1.80611870984578,2.70611870984578,0.9,"hidden_h3_moderate","H3: moderate hidden variable",3,"moderate_hidden",0.12,0.227535591532385,0.910452081239561
0,3.03008487142484,"Female",40,73559,0,"White","College+","Never",0,"Coastal",0.18387165437415,3.03008487142484,3.93008487142484,0.9,"hidden_h3_moderate","H3: moderate hidden variable",3,"moderate_hidden",0.12,0.186292158121869,0.707639886786538
1,3.47881961534817,"Male",41,58571,0,"White","Some college","Never",0,"North",1.66634174151694,2.57881961534817,3.47881961534817,0.9,"hidden_h3_moderate","H3: moderate hidden variable",3,"moderate_hidden",0.12,0.261895976462207,1
1,4.35524142187429,"Male",39,88778,0,"Mexican American","<HS","Never",0,"Inland",-0.811435892945998,3.4552414218743,4.35524142187429,0.9,"hidden_h3_moderate","H3: moderate hidden variable",3,"moderate_hidden",0.12,0.259820468647394,1
0,3.94633356092247,"Female",66,54066,1,"White","Some college","Ever",3,"Inland",-0.212754091472676,3.94633356092247,4.84633356092247,0.9,"hidden_h3_moderate","H3: moderate hidden variable",3,"moderate_hidden",0.12,0.193841268150725,0.7432106286885
0,2.09869950527185,"Female",56,32980,0,"Mexican American","College+","Ever",6,"Coastal",-0.333492013409355,2.09869950527185,2.99869950527185,0.9,"hidden_h3_moderate","H3: moderate hidden variable",3,"moderate_hidden",0.12,0.239483520841156,0.973314598665309
0,4.54127258582009,"Male",18,54066,1,"White","Some college","Ever",8,"Inland",0.3926390789838,4.54127258582009,5.44127258582009,0.9,"hidden_h3_moderate","H3: moderate hidden variable",3,"moderate_hidden",0.12,0.190737241184134,0.728504390358461
0,2.29452562973713,"Female",18,39229,0,"White","Some college","Never",0,"Inland",-0.136370869609472,2.29452562973713,3.19452562973713,0.9,"hidden_h3_moderate","H3: moderate hidden variable",3,"moderate_hidden",0.12,0.176163479353532,0.66093853109684
0,4.62743908382585,"Male",43,54066,1,"Black","Some college","Ever",5,"Coastal",-1.89039506411164,4.62743908382585,5.52743908382585,0.9,"hidden_h3_moderate","H3: moderate hidden variable",3,"moderate_hidden",0.12,0.247196484041877,1.01495522213834
0,4.46258156231416,"Male",24,47254,0,"Black","HS","Never",0,"South",1.60941941462523,4.46258156231416,5.36258156231416,0.9,"hidden_h3_moderate","H3: moderate hidden variable",3,"moderate_hidden",0.12,0.206512782797345,0.804439219559885
1,3.53290598265392,"Female",39,61214,0,"Black","College+","Never",0,"North",0.534318464357832,2.63290598265392,3.53290598265392,0.9,"hidden_h3_moderate","H3: moderate hidden variable",3,"moderate_hidden",0.12,0.218120577749302,1
0,5.01658773134156,"Female",40,52230,0,"Black","College+","Ever",9,"Inland",-1.78458952078137,5.01658773134156,5.91658773134156,0.9,"hidden_h3_moderate","H3: moderate hidden variable",3,"moderate_hidden",0.12,0.250696378008478,1.03413314856918
0,2.36245122287063,"Female",58,54066,1,"Mexican American","HS","Ever",4,"Inland",1.29864310605648,2.36245122287063,3.26245122287063,0.9,"hidden_h3_moderate","H3: moderate hidden variable",3,"moderate_hidden",0.12,0.137653760834168,0.49339260894989
0,3.38380940951415,"Female",20,55854,0,"White","College+","Never",0,"Inland",-0.917968204485706,3.38380940951415,4.28380940951415,0.9,"hidden_h3_moderate","H3: moderate hidden variable",3,"moderate_hidden",0.12,0.163780851468186,0.605381643805528
0,2.49115449013607,"Male",33,50661,0,"Black","<HS","Ever",2,"North",-0.0162716972506952,2.49115449013607,3.39115449013607,0.9,"hidden_h3_moderate","H3: moderate hidden variable",3,"moderate_hidden",0.12,0.290364740802816,1.26472156702335
0,3.21518036674986,"Female",39,75960,0,"White","Some college","Never",0,"North",-1.30400024576257,3.21518036674986,4.11518036674986,0.9,"hidden_h3_moderate","H3: moderate hidden variable",3,"moderate_hidden",0.12,0.191517308033964,0.732189562437145
0,2.22250684572329,"Male",36,54066,1,"White","HS","Never",0,"Coastal",0.173490413743676,2.22250684572329,3.12250684572329,0.9,"hidden_h3_moderate","H3: moderate hidden variable",3,"moderate_hidden",0.12,0.156118805447184,0.571821055064842
0,2.93213438163977,"Female",36,37308,0,"Other","HS","Never",0,"Inland",-0.794974477364258,2.93213438163977,3.83213438163977,0.9,"hidden_h3_moderate","H3: moderate hidden variable",3,"moderate_hidden",0.12,0.253920812107539,1.05196091681804
0,0.358712315103042,"Male",34,63599,0,"White","College+","Never",0,"South",-0.80617680109052,0.358712315103042,1.25871231510304,0.9,"hidden_h3_moderate","H3: moderate hidden variable",3,"moderate_hidden",0.12,0.234716537226151,0.947998374444688
0,3.15882467096019,"Female",18,60364,0,"White","HS","Never",0,"Inland",-0.664081707882151,3.15882467096019,4.05882467096019,0.9,"hidden_h3_moderate","H3: moderate hidden variable",3,"moderate_hidden",0.12,0.125053916198769,0.441776120367631
1,3.19912580571315,"Male",66,51731,0,"White","<HS","Ever",9,"South",0.633537794826067,2.29912580571315,3.19912580571315,0.9,"hidden_h3_moderate","H3: moderate hidden variable",3,"moderate_hidden",0.12,0.38650762889878,1
0,5.36737531857277,"Male",44,54379,0,"Black","Some college","Never",0,"Coastal",-0.580764664330312,5.36737531857277,6.26737531857277,0.9,"hidden_h3_moderate","H3: moderate hidden variable",3,"moderate_hidden",0.12,0.305143068989887,1.35735781551125
0,2.63528885985616,"Male",41,63220,0,"White","HS","Never",0,"North",-1.00680257787189,2.63528885985616,3.53528885985616,0.9,"hidden_h3_moderate","H3: moderate hidden variable",3,"moderate_hidden",0.12,0.200511024016692,0.775196863969795
0,3.60230985417081,"Male",51,51535,0,"White","Some college","Never",0,"Inland",0.512792764976929,3.60230985417081,4.50230985417081,0.9,"hidden_h3_moderate","H3: moderate hidden variable",3,"moderate_hidden",0.12,0.288181299056302,1.2513610500851
0,3.53609508376708,"Female",52,58050,0,"Mexican American","HS","Ever",7,"North",-0.700091124070701,3.53609508376708,4.43609508376708,0.9,"hidden_h3_moderate","H3: moderate hidden variable",3,"moderate_hidden",0.12,0.178455406061072,0.671405351560312
0,3.12031542574835,"Female",60,43341,0,"White","HS","Ever",10,"Coastal",0.624311885158578,3.12031542574835,4.02031542574835,0.9,"hidden_h3_moderate","H3: moderate hidden variable",3,"moderate_hidden",0.12,0.221254335148403,0.878177647439707
0,4.57272873721978,"Male",32,30111,0,"White","College+","Ever",7,"North",0.360762874570477,4.57272873721978,5.47272873721978,0.9,"hidden_h3_moderate","H3: moderate hidden variable",3,"moderate_hidden",0.12,0.265119477122044,1.11509310221531
0,2.60762278464076,"Male",55,77176,0,"White","HS","Ever",4,"Coastal",-0.741322825215507,2.60762278464076,3.50762278464076,0.9,"hidden_h3_moderate","H3: moderate hidden variable",3,"moderate_hidden",0.12,0.211846007047694,0.830797984799569
1,3.46717934849108,"Female",37,63349,0,"White","College+","Never",0,"South",-0.123256083762416,2.56717934849108,3.46717934849108,0.9,"hidden_h3_moderate","H3: moderate hidden variable",3,"moderate_hidden",0.12,0.186625769550484,1
0,3.13461724504042,"Female",51,23515,0,"Black","College+","Ever",7,"Inland",-0.383043037660651,3.13461724504042,4.03461724504043,0.9,"hidden_h3_moderate","H3: moderate hidden variable",3,"moderate_hidden",0.12,0.279133150084641,1.19685790971247
0,2.72516223037099,"Male",65,54023,0,"Other","Some college","Ever",7,"South",-0.752172605560214,2.72516223037099,3.62516223037099,0.9,"hidden_h3_moderate","H3: moderate hidden variable",3,"moderate_hidden",0.12,0.476011520820843,2.78314618068279
1,4.10002836590733,"Male",68,123094,0,"White","College+","Ever",3,"South",0.0274866251416884,3.20002836590733,4.10002836590733,0.9,"hidden_h3_moderate","H3: moderate hidden variable",3,"moderate_hidden",0.12,0.252387234101869,1
0,3.19258495765924,"Male",71,65296,0,"White","College+","Ever",6,"South",0.0756366871001957,3.19258495765924,4.09258495765924,0.9,"hidden_h3_moderate","H3: moderate hidden variable",3,"moderate_hidden",0.12,0.320287272021344,1.45646653364468
0,2.29628159114153,"Female",46,38003,0,"White","HS","Ever",3,"South",0.109490909293334,2.29628159114153,3.19628159114153,0.9,"hidden_h3_moderate","H3: moderate hidden variable",3,"moderate_hidden",0.12,0.16290246600186,0.601503041935585
0,3.28413216966214,"Male",65,68607,0,"White","Some college","Never",0,"South",0.420884256660165,3.28413216966214,4.18413216966214,0.9,"hidden_h3_moderate","H3: moderate hidden variable",3,"moderate_hidden",0.12,0.307711247890012,1.37385952115991
1,4.0194946510416,"Female",40,24003,0,"White","College+","Ever",11,"Coastal",1.48070416072822,3.1194946510416,4.0194946510416,0.9,"hidden_h3_moderate","H3: moderate hidden variable",3,"moderate_hidden",0.12,0.250542521851998,1
0,1.46682327272659,"Female",24,50096,0,"Mexican American","College+","Never",0,"North",0.39432651493576,1.46682327272659,2.36682327272659,0.9,"hidden_h3_moderate","H3: moderate hidden variable",3,"moderate_hidden",0.12,0.16872585090612,0.627369763640036
0,2.36674299245842,"Male",61,62054,0,"Black","<HS","Never",0,"South",0.402769102054495,2.36674299245842,3.26674299245842,0.9,"hidden_h3_moderate","H3: moderate hidden variable",3,"moderate_hidden",0.12,0.371697490554955,1.82855095332847
0,2.8292078368772,"Female",22,64606,0,"White","<HS","Ever",10,"Coastal",0.794275747958593,2.8292078368772,3.7292078368772,0.9,"hidden_h3_moderate","H3: moderate hidden variable",3,"moderate_hidden",0.12,0.219337306974518,0.868430990951591
1,5.34606136030322,"Male",47,32574,0,"White","Some college","Never",0,"Coastal",0.79429284212822,4.44606136030322,5.34606136030322,0.9,"hidden_h3_moderate","H3: moderate hidden variable",3,"moderate_hidden",0.12,0.292521053247096,1
0,2.40345374692199,"Male",48,82800,0,"Black","HS","Never",0,"South",0.978260441724125,2.40345374692199,3.30345374692199,0.9,"hidden_h3_moderate","H3: moderate hidden variable",3,"moderate_hidden",0.12,0.23018550932225,0.924225890751015
0,4.15533726421864,"Male",49,67910,0,"Mexican American","College+","Ever",2,"Coastal",-0.0094740942171798,4.15533726421864,5.05533726421864,0.9,"hidden_h3_moderate","H3: moderate hidden variable",3,"moderate_hidden",0.12,0.23753746423773,0.962941355420003
0,3.30670709352506,"Female",39,43677,0,"Mexican American","HS","Ever",3,"South",0.0780240407919878,3.30670709352506,4.20670709352506,0.9,"hidden_h3_moderate","H3: moderate hidden variable",3,"moderate_hidden",0.12,0.146950178346394,0.532453827000527
1,1.54065480835104,"Male",23,48907,0,"Other","HS","Never",0,"Coastal",0.946302300632205,0.640654808351039,1.54065480835104,0.9,"hidden_h3_moderate","H3: moderate hidden variable",3,"moderate_hidden",0.12,0.282090186241434,1
0,3.71482194325358,"Female",27,82748,0,"White","HS","Never",0,"North",-0.466474535564214,3.71482194325358,4.61482194325358,0.9,"hidden_h3_moderate","H3: moderate hidden variable",3,"moderate_hidden",0.12,0.127409596840448,0.451313101447433
0,3.06325403030514,"Female",73,38524,0,"Mexican American","College+","Never",0,"Inland",-1.10500145947665,3.06325403030514,3.96325403030514,0.9,"hidden_h3_moderate","H3: moderate hidden variable",3,"moderate_hidden",0.12,0.263859047918317,1.10789153574878
0,1.70100438069233,"Male",58,48603,0,"Other","<HS","Never",0,"North",-0.163567537496585,1.70100438069233,2.60100438069233,0.9,"hidden_h3_moderate","H3: moderate hidden variable",3,"moderate_hidden",0.12,0.479165241731683,2.78314618068279
0,1.76350286810312,"Female",72,48217,0,"Black","Some college","Never",0,"North",-1.02854135186637,1.76350286810312,2.66350286810312,0.9,"hidden_h3_moderate","H3: moderate hidden variable",3,"moderate_hidden",0.12,0.305132557886578,1.35729052757953
0,1.80427175011957,"Female",46,74001,0,"White","Some college","Never",0,"Coastal",0.228542997022909,1.80427175011957,2.70427175011957,0.9,"hidden_h3_moderate","H3: moderate hidden variable",3,"moderate_hidden",0.12,0.204581093344947,0.794979294504301
0,2.12291905245262,"Female",79,40635,0,"Mexican American","College+","Ever",8,"Inland",0.790182424391167,2.12291905245262,3.02291905245262,0.9,"hidden_h3_moderate","H3: moderate hidden variable",3,"moderate_hidden",0.12,0.296737937554936,1.30419375334613
1,5.01057512984431,"Female",62,69441,0,"Other","Some college","Never",0,"Coastal",0.604009940798314,4.11057512984431,5.01057512984431,0.9,"hidden_h3_moderate","H3: moderate hidden variable",3,"moderate_hidden",0.12,0.360173232634333,1
0,3.50358393248899,"Female",39,48763,0,"Mexican American","College+","Never",0,"Coastal",-0.856641983849123,3.50358393248899,4.40358393248899,0.9,"hidden_h3_moderate","H3: moderate hidden variable",3,"moderate_hidden",0.12,0.19339647041332,0.741096321332207
1,3.66249858302123,"Male",53,65658,0,"Other","Some college","Never",0,"Inland",0.802701020764074,2.76249858302123,3.66249858302123,0.9,"hidden_h3_moderate","H3: moderate hidden variable",3,"moderate_hidden",0.12,0.416890485388333,1
0,1.39194187380781,"Male",44,75751,0,"Black","Some college","Never",0,"Coastal",-1.65122787692189,1.39194187380781,2.29194187380781,0.9,"hidden_h3_moderate","H3: moderate hidden variable",3,"moderate_hidden",0.12,0.290000546065794,1.26248734310495
0,4.1399127648429,"Female",36,31370,0,"White","Some college","Never",0,"South",-1.00841787619825,4.1399127648429,5.0399127648429,0.9,"hidden_h3_moderate","H3: moderate hidden variable",3,"moderate_hidden",0.12,0.210581237200308,0.82451480900825
0,2.185712732741,"Female",47,74824,0,"Black","College+","Never",0,"Inland",-1.29981537990861,2.185712732741,3.085712732741,0.9,"hidden_h3_moderate","H3: moderate hidden variable",3,"moderate_hidden",0.12,0.225071351065935,0.897727921234827
0,2.83576878615301,"Female",44,72221,0,"White","HS","Never",0,"South",-1.49923664608986,2.83576878615301,3.73576878615301,0.9,"hidden_h3_moderate","H3: moderate hidden variable",3,"moderate_hidden",0.12,0.153854393486005,0.562019042397914
1,5.01021985133346,"Male",64,54066,1,"Mexican American","<HS","Never",0,"Inland",-0.0510317699577925,4.11021985133346,5.01021985133346,0.9,"hidden_h3_moderate","H3: moderate hidden variable",3,"moderate_hidden",0.12,0.28082067180811,1
1,4.54111825076147,"Female",49,45380,0,"White","Some college","Never",0,"Inland",-0.0649662155591804,3.64111825076147,4.54111825076147,0.9,"hidden_h3_moderate","H3: moderate hidden variable",3,"moderate_hidden",0.12,0.22645153246644,1
0,3.95769904267512,"Male",35,88484,0,"White","Some college","Never",0,"Inland",0.938410500832455,3.95769904267512,4.85769904267512,0.9,"hidden_h3_moderate","H3: moderate hidden variable",3,"moderate_hidden",0.12,0.231052151498937,0.928751146042361
0,0.983825431607401,"Male",58,102738,0,"Mexican American","HS","Never",0,"South",-0.747335911234778,0.983825431607401,1.8838254316074,0.9,"hidden_h3_moderate","H3: moderate hidden variable",3,"moderate_hidden",0.12,0.204165933909887,0.792952159331865
0,2.16418213854673,"Female",54,56024,0,"White","HS","Ever",8,"Coastal",-1.12076343964342,2.16418213854673,3.06418213854673,0.9,"hidden_h3_moderate","H3: moderate hidden variable",3,"moderate_hidden",0.12,0.192123642396639,0.735058907558588
0,1.05413034359605,"Female",18,16006,0,"White","College+","Never",0,"North",-0.99426419590523,1.05413034359605,1.95413034359605,0.9,"hidden_h3_moderate","H3: moderate hidden variable",3,"moderate_hidden",0.12,0.179921815226187,0.678132871549158
1,3.79547012229004,"Female",53,58615,0,"White","College+","Ever",8,"Coastal",0.417731262310283,2.89547012229004,3.79547012229004,0.9,"hidden_h3_moderate","H3: moderate hidden variable",3,"moderate_hidden",0.12,0.235465418904554,1
0,3.30042423992394,"Female",18,71492,0,"White","HS","Ever",7,"South",0.458869119824786,3.30042423992394,4.20042423992394,0.9,"hidden_h3_moderate","H3: moderate hidden variable",3,"moderate_hidden",0.12,0.128674940781821,0.456457139648419
0,3.6758849463026,"Male",50,62613,0,"White","College+","Never",0,"Coastal",1.30831716802178,3.6758849463026,4.5758849463026,0.9,"hidden_h3_moderate","H3: moderate hidden variable",3,"moderate_hidden",0.12,0.267833068025304,1.13068158182552
0,2.69838575806926,"Female",40,59929,0,"Mexican American","Some college","Ever",6,"Coastal",0.260527385380307,2.69838575806926,3.59838575806926,0.9,"hidden_h3_moderate","H3: moderate hidden variable",3,"moderate_hidden",0.12,0.203152249018043,0.788011426969207
0,4.35435209183332,"Female",46,48717,0,"White","HS","Never",0,"North",-0.544906207181314,4.35435209183332,5.25435209183332,0.9,"hidden_h3_moderate","H3: moderate hidden variable",3,"moderate_hidden",0.12,0.167508265395756,0.621931484473282
0,1.78190115884069,"Male",39,58130,0,"Black","HS","Never",0,"Inland",1.24961196109128,1.78190115884069,2.68190115884069,0.9,"hidden_h3_moderate","H3: moderate hidden variable",3,"moderate_hidden",0.12,0.227783025521529,0.911734198558336
1,4.63500133099268,"Male",51,28898,0,"White","<HS","Ever",3,"North",1.33898482665988,3.73500133099268,4.63500133099268,0.9,"hidden_h3_moderate","H3: moderate hidden variable",3,"moderate_hidden",0.12,0.319321542608236,1
0,5.33213658753066,"Male",56,57120,0,"Other","College+","Never",0,"Coastal",0.0715605078467385,5.33213658753066,6.23213658753066,0.9,"hidden_h3_moderate","H3: moderate hidden variable",3,"moderate_hidden",0.12,0.418912413710624,2.22827026146112
1,3.28342643782675,"Male",46,67272,0,"Mexican American","College+","Never",0,"South",-0.0762307625976986,2.38342643782675,3.28342643782675,0.9,"hidden_h3_moderate","H3: moderate hidden variable",3,"moderate_hidden",0.12,0.251293798649507,1
0,4.44094100682597,"Female",26,50466,0,"White","College+","Ever",5,"Inland",0.381065504440801,4.44094100682597,5.34094100682597,0.9,"hidden_h3_moderate","H3: moderate hidden variable",3,"moderate_hidden",0.12,0.175532091861628,0.658065320827913
0,3.93780140978645,"Female",30,39614,0,"White","<HS","Ever",7,"Coastal",1.00844953619208,3.93780140978645,4.83780140978645,0.9,"hidden_h3_moderate","H3: moderate hidden variable",3,"moderate_hidden",0.12,0.230858849154979,0.927740915677147
0,3.38202179600931,"Male",34,58162,0,"Black","HS","Ever",9,"Inland",0.0223620053537275,3.38202179600931,4.28202179600931,0.9,"hidden_h3_moderate","H3: moderate hidden variable",3,"moderate_hidden",0.12,0.243328331671805,0.993965789814547
0,5.13231101275572,"Male",60,75507,0,"White","HS","Ever",8,"South",-1.22698858103828,5.13231101275572,6.03231101275572,0.9,"hidden_h3_moderate","H3: moderate hidden variable",3,"moderate_hidden",0.12,0.247123877932283,1.01455925947522
0,2.1799725368774,"Female",43,49830,0,"White","Some college","Never",0,"Inland",-1.17378230816999,2.1799725368774,3.0799725368774,0.9,"hidden_h3_moderate","H3: moderate hidden variable",3,"moderate_hidden",0.12,0.212759047037599,0.835346370367344
1,4.76636534559021,"Male",71,57618,0,"Other","Some college","Never",0,"Inland",0.316118037660515,3.86636534559021,4.76636534559021,0.9,"hidden_h3_moderate","H3: moderate hidden variable",3,"moderate_hidden",0.12,0.471579776843294,1
0,2.43613760671777,"Male",39,52208,0,"Black","College+","Never",0,"South",1.36141744835188,2.43613760671777,3.33613760671777,0.9,"hidden_h3_moderate","H3: moderate hidden variable",3,"moderate_hidden",0.12,0.284420440091448,1.22853945692827
0,1.26615200906896,"Male",66,60073,0,"White","HS","Ever",5,"Inland",-0.0962022681031347,1.26615200906896,2.16615200906896,0.9,"hidden_h3_moderate","H3: moderate hidden variable",3,"moderate_hidden",0.12,0.24937273298917,1.02685911010205
0,4.43542025602994,"Male",45,40817,0,"White","<HS","Never",0,"Inland",-0.237033779968192,4.43542025602994,5.33542025602994,0.9,"hidden_h3_moderate","H3: moderate hidden variable",3,"moderate_hidden",0.12,0.311651754096808,1.39941845667325
0,2.76678068731114,"Male",35,63176,0,"White","Some college","Never",0,"Inland",0.325745669750087,2.76678068731114,3.66678068731114,0.9,"hidden_h3_moderate","H3: moderate hidden variable",3,"moderate_hidden",0.12,0.246646292438648,1.01195661464977
0,3.1676134650479,"Female",57,59194,0,"White","<HS","Never",0,"Coastal",-0.236984715210225,3.1676134650479,4.0676134650479,0.9,"hidden_h3_moderate","H3: moderate hidden variable",3,"moderate_hidden",0.12,0.259507201336972,1.08321535228574
0,3.60123257224182,"Female",34,36420,0,"White","College+","Ever",7,"Coastal",-0.335523595802969,3.60123257224182,4.50123257224182,0.9,"hidden_h3_moderate","H3: moderate hidden variable",3,"moderate_hidden",0.12,0.207052089184967,0.807088556543053
1,3.23214498574594,"Female",29,57791,0,"White","Some college","Ever",7,"South",-0.69642663253865,2.33214498574594,3.23214498574594,0.9,"hidden_h3_moderate","H3: moderate hidden variable",3,"moderate_hidden",0.12,0.195255493451328,1
0,3.07227631259396,"Male",47,26382,0,"Black","HS","Ever",5,"Inland",-0.268782183520962,3.07227631259396,3.97227631259396,0.9,"hidden_h3_moderate","H3: moderate hidden variable",3,"moderate_hidden",0.12,0.263772887702732,1.10740015264002
0,3.37114081335762,"Male",54,106707,0,"White","HS","Ever",8,"South",1.23122307898294,3.37114081335762,4.27114081335761,0.9,"hidden_h3_moderate","H3: moderate hidden variable",3,"moderate_hidden",0.12,0.216765414701761,0.855429782433868
0,3.88557887953666,"Female",50,42762,0,"White","<HS","Never",0,"Coastal",0.469113973686011,3.88557887953666,4.78557887953666,0.9,"hidden_h3_moderate","H3: moderate hidden variable",3,"moderate_hidden",0.12,0.255696400685265,1.06184402455995
0,3.41458447118547,"Female",40,24198,0,"White","College+","Ever",4,"South",0.985572348608794,3.41458447118547,4.31458447118547,0.9,"hidden_h3_moderate","H3: moderate hidden variable",3,"moderate_hidden",0.12,0.207242768685032,0.808026130132181
0,2.38111935438647,"Male",33,52711,0,"White","College+","Ever",1,"Inland",-0.622202061637467,2.38111935438647,3.28111935438647,0.9,"hidden_h3_moderate","H3: moderate hidden variable",3,"moderate_hidden",0.12,0.214914737181827,0.846127097764023
0,3.44436091824923,"Female",25,50264,0,"White","HS","Ever",7,"Coastal",-0.428662175416622,3.44436091824923,4.34436091824923,0.9,"hidden_h3_moderate","H3: moderate hidden variable",3,"moderate_hidden",0.12,0.146149930408277,0.529057927875647
0,2.8869406763059,"Female",38,60022,0,"Other","College+","Ever",7,"Coastal",1.16902830286008,2.8869406763059,3.7869406763059,0.9,"hidden_h3_moderate","H3: moderate hidden variable",3,"moderate_hidden",0.12,0.31332262462223,1.41034462989197
0,0.820249566868442,"Female",37,30066,0,"Black","Some college","Never",0,"North",-0.243901580996532,0.820249566868442,1.72024956686844,0.9,"hidden_h3_moderate","H3: moderate hidden variable",3,"moderate_hidden",0.12,0.242391178834897,0.98891284959535
