"Z","Y","gender","age","income","income.missing","race","education","smoking.ever","smoking.now","location_region","hidden_confounder","Y0","Y1","true_unit_ATT","dataset_id","dataset_label","scenario_order","scenario_class","omitted_confounding_strength","ps","w"
0,2.79687432893585,"Female",50,52143,0,"White","College+","Ever",2,"North",-0.942466944834276,2.79687432893585,3.69687432893585,0.9,"hidden_h1_tiny","H1: tiny hidden variable",1,"tiny_hidden",0.03,0.238554126225538,0.978137496252684
0,3.76755222852467,"Female",48,58921,0,"Other","HS","Never",0,"North",0.578530626268924,3.76755222852467,4.66755222852467,0.9,"hidden_h1_tiny","H1: tiny hidden variable",1,"tiny_hidden",0.03,0.251162818920278,1.04717667792634
0,3.49644073336251,"Male",43,65241,0,"White","HS","Ever",3,"Coastal",0.677073531198511,3.49644073336251,4.39644073336251,0.9,"hidden_h1_tiny","H1: tiny hidden variable",1,"tiny_hidden",0.03,0.256354064006336,1.07628183428563
0,4.00983322474339,"Male",56,68376,0,"Black","College+","Ever",4,"North",-0.173921179931186,4.00983322474339,4.90983322474339,0.9,"hidden_h1_tiny","H1: tiny hidden variable",1,"tiny_hidden",0.03,0.300542317240904,1.34151705449234
0,4.14339944148708,"Female",53,60989,0,"Black","Some college","Ever",3,"South",-0.105029675937934,4.14339944148708,5.04339944148708,0.9,"hidden_h1_tiny","H1: tiny hidden variable",1,"tiny_hidden",0.03,0.259916181256194,1.0964893583716
1,2.93016985141056,"Female",35,54690,0,"Black","<HS","Never",0,"Coastal",2.00587050837396,2.03016985141056,2.93016985141056,0.9,"hidden_h1_tiny","H1: tiny hidden variable",1,"tiny_hidden",0.03,0.13695208965918,1
0,1.99729005234095,"Male",29,55474,1,"White","College+","Ever",7,"North",1.11223912658806,1.99729005234095,2.89729005234095,0.9,"hidden_h1_tiny","H1: tiny hidden variable",1,"tiny_hidden",0.03,0.170967917465707,0.643865709600901
0,2.53770014416977,"Male",55,50107,0,"Mexican American","HS","Ever",7,"Coastal",-0.0987350858342341,2.53770014416977,3.43770014416977,0.9,"hidden_h1_tiny","H1: tiny hidden variable",1,"tiny_hidden",0.03,0.31588833955817,1.44164594412602
0,4.94735495645964,"Male",59,78374,0,"White","<HS","Never",0,"North",-1.80211150601342,4.94735495645964,5.84735495645964,0.9,"hidden_h1_tiny","H1: tiny hidden variable",1,"tiny_hidden",0.03,0.254052698558473,1.06332904666471
0,3.30034880184062,"Male",29,59766,0,"White","HS","Ever",8,"Coastal",-1.10797317990067,3.30034880184062,4.20034880184062,0.9,"hidden_h1_tiny","H1: tiny hidden variable",1,"tiny_hidden",0.03,0.188347506015904,0.724505620262605
0,2.76902389935473,"Female",54,55474,1,"Mexican American","HS","Never",0,"North",0.295864366591251,2.76902389935473,3.66902389935473,0.9,"hidden_h1_tiny","H1: tiny hidden variable",1,"tiny_hidden",0.03,0.299006753679907,1.33173917835414
0,3.63373948842075,"Female",64,46084,0,"White","HS","Ever",5,"Inland",0.857987609315264,3.63373948842075,4.53373948842075,0.9,"hidden_h1_tiny","H1: tiny hidden variable",1,"tiny_hidden",0.03,0.25552581163458,1.07161095281444
0,3.35686126542774,"Female",28,46430,0,"Mexican American","Some college","Never",0,"Inland",-0.955876779848953,3.35686126542774,4.25686126542774,0.9,"hidden_h1_tiny","H1: tiny hidden variable",1,"tiny_hidden",0.03,0.230305646648064,0.934196633708657
0,3.13424854413919,"Male",49,45915,0,"White","<HS","Ever",7,"North",0.797769425860096,3.13424854413919,4.03424854413919,0.9,"hidden_h1_tiny","H1: tiny hidden variable",1,"tiny_hidden",0.03,0.157393289038566,0.583194352174694
0,1.99176139501918,"Female",47,26028,0,"White","Some college","Ever",5,"Inland",-0.979031446500895,1.99176139501918,2.89176139501918,0.9,"hidden_h1_tiny","H1: tiny hidden variable",1,"tiny_hidden",0.03,0.183312650026261,0.700791167388726
0,2.83678621937128,"Female",34,19330,0,"White","College+","Never",0,"South",2.87407203880653,2.83678621937128,3.73678621937128,0.9,"hidden_h1_tiny","H1: tiny hidden variable",1,"tiny_hidden",0.03,0.154058517074534,0.568587624984616
1,3.75243851095649,"Female",47,51377,0,"Mexican American","HS","Ever",5,"Coastal",0.112065924177587,2.85243851095649,3.75243851095649,0.9,"hidden_h1_tiny","H1: tiny hidden variable",1,"tiny_hidden",0.03,0.273067289396597,1
0,2.08711218500199,"Male",52,24240,0,"White","College+","Ever",3,"Coastal",0.0614358650624916,2.08711218500199,2.98711218500199,0.9,"hidden_h1_tiny","H1: tiny hidden variable",1,"tiny_hidden",0.03,0.218363490899889,0.872222337104166
0,4.63118865174408,"Female",43,73302,0,"White","HS","Ever",5,"Inland",-0.99298563095663,4.63118865174408,5.53118865174408,0.9,"hidden_h1_tiny","H1: tiny hidden variable",1,"tiny_hidden",0.03,0.23730768897474,0.971436582527668
0,3.43977879293764,"Male",61,19201,0,"Other","Some college","Never",0,"Coastal",-1.02110740045977,3.43977879293764,4.33977879293764,0.9,"hidden_h1_tiny","H1: tiny hidden variable",1,"tiny_hidden",0.03,0.255474438957022,1.07132158184668
0,3.63041991526736,"Male",37,82150,0,"White","Some college","Ever",9,"North",-0.854279231729762,3.63041991526736,4.53041991526737,0.9,"hidden_h1_tiny","H1: tiny hidden variable",1,"tiny_hidden",0.03,0.248847201822601,1.03432372044757
0,3.05556387801598,"Female",18,52892,0,"White","Some college","Never",0,"North",-0.0797231944620097,3.05556387801598,3.95556387801598,0.9,"hidden_h1_tiny","H1: tiny hidden variable",1,"tiny_hidden",0.03,0.162981157581978,0.607930840431832
0,1.12831994031842,"Male",22,59348,0,"Black","HS","Never",0,"Inland",-0.122729234477848,1.12831994031842,2.02831994031842,0.9,"hidden_h1_tiny","H1: tiny hidden variable",1,"tiny_hidden",0.03,0.191770630421409,0.740797452894808
0,2.65977808376512,"Female",28,64472,0,"White","HS","Ever",2,"North",-0.168106876101042,2.65977808376512,3.55977808376512,0.9,"hidden_h1_tiny","H1: tiny hidden variable",1,"tiny_hidden",0.03,0.193289813532062,0.748072067113733
0,3.03525960133045,"Female",54,69860,0,"White","Some college","Never",0,"Coastal",1.08251747799388,3.03525960133045,3.93525960133045,0.9,"hidden_h1_tiny","H1: tiny hidden variable",1,"tiny_hidden",0.03,0.292300057227606,1.28953089702981
0,2.53651940740087,"Female",45,57496,0,"White","Some college","Ever",8,"Coastal",-0.0314025685561364,2.53651940740087,3.43651940740087,0.9,"hidden_h1_tiny","H1: tiny hidden variable",1,"tiny_hidden",0.03,0.213041186824879,0.845207966371794
0,3.22121263628814,"Female",52,40270,0,"White","HS","Never",0,"Coastal",-0.212360520212641,3.22121263628814,4.12121263628814,0.9,"hidden_h1_tiny","H1: tiny hidden variable",1,"tiny_hidden",0.03,0.226232484744674,0.912843830771807
0,4.89317382923102,"Male",59,67427,0,"Other","HS","Ever",7,"Coastal",-1.74901854657029,4.89317382923102,5.79317382923102,0.9,"hidden_h1_tiny","H1: tiny hidden variable",1,"tiny_hidden",0.03,0.301869421202313,1.35000219136343
0,3.12081404356856,"Female",34,76905,0,"White","Some college","Ever",2,"Coastal",1.55692057624982,3.12081404356856,4.02081404356856,0.9,"hidden_h1_tiny","H1: tiny hidden variable",1,"tiny_hidden",0.03,0.236051598147548,0.964705891393073
0,2.3237969251808,"Male",57,119536,0,"White","HS","Never",0,"Inland",-1.20010324599099,2.3237969251808,3.2237969251808,0.9,"hidden_h1_tiny","H1: tiny hidden variable",1,"tiny_hidden",0.03,0.428320870991655,2.32303907150807
1,4.28845277193399,"Female",48,57889,0,"Mexican American","College+","Ever",5,"Coastal",-0.659914784537341,3.38845277193399,4.28845277193399,0.9,"hidden_h1_tiny","H1: tiny hidden variable",1,"tiny_hidden",0.03,0.291944430921992,1
1,4.1885529465954,"Female",58,62277,0,"Other","College+","Never",0,"Inland",-1.11475684075908,3.2885529465954,4.1885529465954,0.9,"hidden_h1_tiny","H1: tiny hidden variable",1,"tiny_hidden",0.03,0.293355834342842,1
0,3.52760447930142,"Male",36,41081,0,"White","Some college","Never",0,"Inland",-0.848195295296527,3.52760447930142,4.42760447930142,0.9,"hidden_h1_tiny","H1: tiny hidden variable",1,"tiny_hidden",0.03,0.211579300017343,0.837851728948217
1,3.75243360165004,"Male",20,26536,0,"White","<HS","Ever",5,"Inland",0.351432623598101,2.85243360165004,3.75243360165004,0.9,"hidden_h1_tiny","H1: tiny hidden variable",1,"tiny_hidden",0.03,0.0919182583924942,1
0,2.85342380231062,"Female",30,64614,0,"White","<HS","Never",0,"North",-0.435746832096857,2.85342380231062,3.75342380231062,0.9,"hidden_h1_tiny","H1: tiny hidden variable",1,"tiny_hidden",0.03,0.140072216458317,0.508559805505761
0,3.42312030810192,"Male",38,49738,0,"White","<HS","Ever",5,"Inland",-0.190663125558167,3.42312030810192,4.32312030810192,0.9,"hidden_h1_tiny","H1: tiny hidden variable",1,"tiny_hidden",0.03,0.144374395781931,0.526815349040844
1,3.48308317287293,"Female",43,44646,0,"Other","HS","Ever",9,"North",0.186551369692018,2.58308317287293,3.48308317287293,0.9,"hidden_h1_tiny","H1: tiny hidden variable",1,"tiny_hidden",0.03,0.184090265440678,1
0,3.67754501916549,"Female",65,40838,0,"Other","HS","Never",0,"North",0.0565615947212089,3.67754501916549,4.57754501916549,0.9,"hidden_h1_tiny","H1: tiny hidden variable",1,"tiny_hidden",0.03,0.273541512531524,1.175613201184
0,2.7211218141803,"Female",22,57135,0,"White","College+","Never",0,"Inland",0.0159022317747639,2.7211218141803,3.6211218141803,0.9,"hidden_h1_tiny","H1: tiny hidden variable",1,"tiny_hidden",0.03,0.174357109000944,0.65932482154313
0,4.18193807063714,"Female",18,36599,0,"White","HS","Ever",7,"Inland",2.39873362756922,4.18193807063714,5.08193807063714,0.9,"hidden_h1_tiny","H1: tiny hidden variable",1,"tiny_hidden",0.03,0.123058684653174,0.438120676481248
0,4.35752190481619,"Male",45,75322,0,"White","<HS","Never",0,"Coastal",1.78317487925625,4.35752190481619,5.25752190481619,0.9,"hidden_h1_tiny","H1: tiny hidden variable",1,"tiny_hidden",0.03,0.208002301883853,0.819966735376943
0,4.87862957176698,"Female",50,54792,0,"White","College+","Ever",9,"South",0.297456343030914,4.87862957176698,5.77862957176698,0.9,"hidden_h1_tiny","H1: tiny hidden variable",1,"tiny_hidden",0.03,0.214934350827345,0.854775109513962
0,1.563986882454,"Male",47,8000,0,"White","College+","Never",0,"North",-1.46013860400885,1.563986882454,2.463986882454,0.9,"hidden_h1_tiny","H1: tiny hidden variable",1,"tiny_hidden",0.03,0.188353394459788,0.724533527410175
0,3.3921316724443,"Male",36,55474,1,"Mexican American","HS","Never",0,"North",0.384437154975187,3.3921316724443,4.2921316724443,0.9,"hidden_h1_tiny","H1: tiny hidden variable",1,"tiny_hidden",0.03,0.265182987022618,1.12672639340088
0,3.73359050147053,"Male",43,54554,0,"Mexican American","Some college","Never",0,"North",-1.55841887072645,3.73359050147053,4.63359050147053,0.9,"hidden_h1_tiny","H1: tiny hidden variable",1,"tiny_hidden",0.03,0.320252586830511,1.4709472384675
0,2.91256365301774,"Male",52,52552,0,"Black","HS","Never",0,"Coastal",-0.147640182016975,2.91256365301774,3.81256365301774,0.9,"hidden_h1_tiny","H1: tiny hidden variable",1,"tiny_hidden",0.03,0.268161132069039,1.14401671949226
0,3.50513624958738,"Male",60,63247,0,"White","Some college","Never",1,"North",-0.247854343761626,3.50513624958738,4.40513624958738,0.9,"hidden_h1_tiny","H1: tiny hidden variable",1,"tiny_hidden",0.03,0.323601176207234,1.49368582685809
0,3.71187639902337,"Male",48,42056,0,"Black","College+","Ever",0,"Coastal",2.85801019040746,3.71187639902337,4.61187639902337,0.9,"hidden_h1_tiny","H1: tiny hidden variable",1,"tiny_hidden",0.03,0.244572747295031,1.01080510365035
1,5.01221997765303,"Female",57,79336,0,"White","College+","Ever",8,"Coastal",-0.323907590512735,4.11221997765303,5.01221997765303,0.9,"hidden_h1_tiny","H1: tiny hidden variable",1,"tiny_hidden",0.03,0.282603242857722,1
0,3.58629283428112,"Male",46,55474,1,"Mexican American","Some college","Never",0,"North",-0.332020936222229,3.58629283428112,4.48629283428112,0.9,"hidden_h1_tiny","H1: tiny hidden variable",1,"tiny_hidden",0.03,0.307318912148776,1.3851856035669
0,3.05884923350146,"Male",47,52224,0,"White","Some college","Never",0,"South",1.34612777242574,3.05884923350146,3.95884923350146,0.9,"hidden_h1_tiny","H1: tiny hidden variable",1,"tiny_hidden",0.03,0.262890318347491,1.11351094232625
1,4.0527429828452,"Female",53,62902,0,"Mexican American","Some college","Ever",3,"Inland",1.60053763968363,3.1527429828452,4.0527429828452,0.9,"hidden_h1_tiny","H1: tiny hidden variable",1,"tiny_hidden",0.03,0.33455367522933,1
0,3.62629824201365,"Female",48,22336,0,"White","College+","Ever",9,"Coastal",-0.345611171300984,3.62629824201365,4.52629824201365,0.9,"hidden_h1_tiny","H1: tiny hidden variable",1,"tiny_hidden",0.03,0.164335174130657,0.613974620156788
0,2.03018334004542,"Male",51,26147,0,"White","Some college","Never",0,"South",2.01514020663565,2.03018334004542,2.93018334004542,0.9,"hidden_h1_tiny","H1: tiny hidden variable",1,"tiny_hidden",0.03,0.230768242709051,0.936636007967941
1,4.89010298238196,"Female",42,64935,0,"Other","College+","Never",0,"Coastal",-1.5330985351591,3.99010298238196,4.89010298238196,0.9,"hidden_h1_tiny","H1: tiny hidden variable",1,"tiny_hidden",0.03,0.246051981056989,1
0,1.74357878819619,"Female",56,75407,0,"Black","<HS","Ever",6,"Coastal",1.77902128471536,1.74357878819619,2.64357878819619,0.9,"hidden_h1_tiny","H1: tiny hidden variable",1,"tiny_hidden",0.03,0.195066810721424,0.756616069827306
0,3.06446341849097,"Female",18,49229,0,"White","Some college","Never",0,"North",-0.736939124065751,3.06446341849097,3.96446341849097,0.9,"hidden_h1_tiny","H1: tiny hidden variable",1,"tiny_hidden",0.03,0.158448584893299,0.587840795841857
0,2.42553311603943,"Female",68,63084,0,"White","HS","Ever",2,"South",-1.79771128337112,2.42553311603943,3.32553311603943,0.9,"hidden_h1_tiny","H1: tiny hidden variable",1,"tiny_hidden",0.03,0.314547098386822,1.43271588618916
1,3.30280828454214,"Female",51,55474,1,"White","College+","Never",0,"North",0.330463202778631,2.40280828454214,3.30280828454214,0.9,"hidden_h1_tiny","H1: tiny hidden variable",1,"tiny_hidden",0.03,0.230029837448782,1
0,2.71872160007857,"Female",58,67310,0,"White","College+","Never",0,"North",-0.261453831284653,2.71872160007857,3.61872160007857,0.9,"hidden_h1_tiny","H1: tiny hidden variable",1,"tiny_hidden",0.03,0.296211481183978,1.31404949121136
0,3.57124359462903,"Female",44,52972,0,"White","Some college","Never",1,"Coastal",0.830768201336213,3.57124359462903,4.47124359462903,0.9,"hidden_h1_tiny","H1: tiny hidden variable",1,"tiny_hidden",0.03,0.226611636016733,0.914821967939841
0,4.3567328366457,"Male",42,54924,0,"Black","College+","Ever",8,"Coastal",0.736300864592103,4.3567328366457,5.2567328366457,0.9,"hidden_h1_tiny","H1: tiny hidden variable",1,"tiny_hidden",0.03,0.215692637913399,0.858620083496842
0,2.02537655871199,"Male",18,25212,0,"Mexican American","Some college","Ever",4,"South",-0.235140934930686,2.02537655871199,2.92537655871199,0.9,"hidden_h1_tiny","H1: tiny hidden variable",1,"tiny_hidden",0.03,0.181692342281806,0.693221495134974
0,2.82886296522736,"Female",61,36930,0,"White","Some college","Never",0,"Inland",0.769913931437101,2.82886296522736,3.72886296522736,0.9,"hidden_h1_tiny","H1: tiny hidden variable",1,"tiny_hidden",0.03,0.255327718343445,1.07049535682037
1,3.70514417587388,"Female",39,83545,0,"Mexican American","Some college","Never",0,"North",-0.561125987442574,2.80514417587388,3.70514417587388,0.9,"hidden_h1_tiny","H1: tiny hidden variable",1,"tiny_hidden",0.03,0.33539530647658,1
0,3.71055172492252,"Male",55,62240,0,"White","HS","Ever",4,"Inland",-2.77773751817311,3.71055172492252,4.61055172492252,0.9,"hidden_h1_tiny","H1: tiny hidden variable",1,"tiny_hidden",0.03,0.285671726408798,1.24859454038959
0,2.29090924130536,"Female",53,39272,0,"White","College+","Never",0,"North",-0.00855698779505862,2.29090924130536,3.19090924130536,0.9,"hidden_h1_tiny","H1: tiny hidden variable",1,"tiny_hidden",0.03,0.230507161859905,0.93525890871956
0,3.21846223840542,"Female",57,58088,0,"White","HS","Ever",6,"North",0.998924121389773,3.21846223840542,4.11846223840542,0.9,"hidden_h1_tiny","H1: tiny hidden variable",1,"tiny_hidden",0.03,0.250132276345329,1.04144679312824
0,3.20160941134339,"Female",51,82732,0,"Black","HS","Never",0,"North",0.814357716792576,3.20160941134339,4.10160941134339,0.9,"hidden_h1_tiny","H1: tiny hidden variable",1,"tiny_hidden",0.03,0.294289020864328,1.30196466678627
1,5.09742472111005,"Male",50,45426,0,"White","Some college","Never",0,"North",-0.5299321065201,4.19742472111005,5.09742472111005,0.9,"hidden_h1_tiny","H1: tiny hidden variable",1,"tiny_hidden",0.03,0.260441780622593,1
1,3.49595676730826,"Male",45,59722,0,"White","HS","Ever",3,"Coastal",0.161367630623078,2.59595676730826,3.49595676730826,0.9,"hidden_h1_tiny","H1: tiny hidden variable",1,"tiny_hidden",0.03,0.253031387872801,1
0,4.46660452258408,"Male",71,81316,0,"White","College+","Ever",5,"Coastal",1.78238537918846,4.46660452258408,5.36660452258408,0.9,"hidden_h1_tiny","H1: tiny hidden variable",1,"tiny_hidden",0.03,0.381697714026292,1.92739496074724
0,2.41958465012315,"Female",27,77769,0,"Other","HS","Ever",7,"Inland",0.00610362278209295,2.41958465012315,3.31958465012315,0.9,"hidden_h1_tiny","H1: tiny hidden variable",1,"tiny_hidden",0.03,0.197092707812943,0.766402947414526
0,2.45105575228562,"Female",43,8000,0,"White","Some college","Ever",5,"North",0.615895974473717,2.45105575228562,3.35105575228562,0.9,"hidden_h1_tiny","H1: tiny hidden variable",1,"tiny_hidden",0.03,0.151136986940999,0.555885264035218
0,3.7512003886669,"Female",64,93190,0,"White","Some college","Never",0,"Inland",-0.579528167751117,3.7512003886669,4.6512003886669,0.9,"hidden_h1_tiny","H1: tiny hidden variable",1,"tiny_hidden",0.03,0.376468327800829,1.88504594116474
1,4.16410497368259,"Female",42,55130,0,"White","Some college","Ever",7,"Inland",-0.270281533295725,3.26410497368259,4.16410497368259,0.9,"hidden_h1_tiny","H1: tiny hidden variable",1,"tiny_hidden",0.03,0.204995785820823,1
1,3.83225206970639,"Male",54,49385,0,"White","College+","Never",0,"North",0.734900688198239,2.93225206970639,3.83225206970639,0.9,"hidden_h1_tiny","H1: tiny hidden variable",1,"tiny_hidden",0.03,0.275853471014841,1
0,2.72121793089314,"Female",22,64022,0,"White","College+","Never",0,"North",0.23017566863146,2.72121793089314,3.62121793089314,0.9,"hidden_h1_tiny","H1: tiny hidden variable",1,"tiny_hidden",0.03,0.183640569450609,0.702326780857169
1,4.40997755933409,"Male",52,43728,0,"Mexican American","Some college","Never",0,"Coastal",-1.62905064805715,3.50997755933409,4.40997755933409,0.9,"hidden_h1_tiny","H1: tiny hidden variable",1,"tiny_hidden",0.03,0.331179668221934,1
0,2.50315648793458,"Male",58,72208,0,"White","<HS","Never",0,"North",0.296313412787781,2.50315648793458,3.40315648793458,0.9,"hidden_h1_tiny","H1: tiny hidden variable",1,"tiny_hidden",0.03,0.240444302178745,0.988341146941268
1,3.91105780999878,"Female",37,57264,0,"Mexican American","College+","Never",0,"North",-0.213716953102237,3.01105780999879,3.91105780999878,0.9,"hidden_h1_tiny","H1: tiny hidden variable",1,"tiny_hidden",0.03,0.272466603089754,1
0,3.1392941331335,"Female",31,73765,0,"White","College+","Ever",4,"Coastal",0.15933210810982,3.1392941331335,4.0392941331335,0.9,"hidden_h1_tiny","H1: tiny hidden variable",1,"tiny_hidden",0.03,0.210413127512575,0.832003062249702
1,5.22585381329956,"Female",72,57202,0,"White","Some college","Ever",6,"Inland",0.365294552490626,4.32585381329956,5.22585381329956,0.9,"hidden_h1_tiny","H1: tiny hidden variable",1,"tiny_hidden",0.03,0.306465171160556,1
1,2.33322733667583,"Female",24,63226,0,"White","HS","Never",0,"Coastal",-1.06254335236944,1.43322733667583,2.33322733667583,0.9,"hidden_h1_tiny","H1: tiny hidden variable",1,"tiny_hidden",0.03,0.184989906128564,1
0,3.68406865193927,"Female",67,43210,0,"White","College+","Never",0,"Inland",-0.703187483027721,3.68406865193927,4.58406865193927,0.9,"hidden_h1_tiny","H1: tiny hidden variable",1,"tiny_hidden",0.03,0.281420713435686,1.2227379111387
0,1.85487691956617,"Female",57,50416,0,"Black","HS","Never",0,"Inland",-0.802837864699449,1.85487691956617,2.75487691956617,0.9,"hidden_h1_tiny","H1: tiny hidden variable",1,"tiny_hidden",0.03,0.25507393203753,1.06906698315172
0,3.72868799840699,"Female",57,54535,0,"Other","College+","Never",0,"Coastal",-0.203426702050713,3.72868799840699,4.62868799840699,0.9,"hidden_h1_tiny","H1: tiny hidden variable",1,"tiny_hidden",0.03,0.275532493364521,1.18742427483838
0,4.70496603649649,"Female",52,67958,0,"Black","<HS","Never",0,"South",0.861719523178157,4.70496603649649,5.60496603649649,0.9,"hidden_h1_tiny","H1: tiny hidden variable",1,"tiny_hidden",0.03,0.191928513562752,0.741552203310259
1,5.04946308255332,"Male",50,37602,0,"White","HS","Ever",5,"North",0.839984089508943,4.14946308255332,5.04946308255332,0.9,"hidden_h1_tiny","H1: tiny hidden variable",1,"tiny_hidden",0.03,0.223032125406395,1
0,3.98906951316155,"Female",34,63036,0,"White","Some college","Ever",8,"Inland",-0.766079355595884,3.98906951316155,4.88906951316155,0.9,"hidden_h1_tiny","H1: tiny hidden variable",1,"tiny_hidden",0.03,0.191844405610657,0.741150093836901
1,5.03549215506155,"Male",68,93773,0,"White","HS","Ever",4,"Inland",0.602429259385869,4.13549215506155,5.03549215506155,0.9,"hidden_h1_tiny","H1: tiny hidden variable",1,"tiny_hidden",0.03,0.398461946968582,1
1,3.98933844407621,"Female",47,128218,0,"White","College+","Never",0,"Inland",1.19249770360431,3.08933844407621,3.98933844407621,0.9,"hidden_h1_tiny","H1: tiny hidden variable",1,"tiny_hidden",0.03,0.380169564921643,1
0,3.8408518700808,"Male",68,44289,0,"White","Some college","Never",0,"Coastal",-0.682868323243993,3.8408518700808,4.7408518700808,0.9,"hidden_h1_tiny","H1: tiny hidden variable",1,"tiny_hidden",0.03,0.319525778781033,1.46604140840605
0,3.46480841841683,"Female",80,84422,0,"Black","College+","Ever",3,"Inland",-0.151733539258378,3.46480841841683,4.36480841841683,0.9,"hidden_h1_tiny","H1: tiny hidden variable",1,"tiny_hidden",0.03,0.399338069580995,2.07569060226928
0,2.89104070149771,"Female",18,66082,0,"White","College+","Never",0,"Inland",0.537143713984159,2.89104070149771,3.79104070149771,0.9,"hidden_h1_tiny","H1: tiny hidden variable",1,"tiny_hidden",0.03,0.176646992087528,0.669841703501345
0,2.79520777117121,"Male",63,47897,0,"Mexican American","HS","Ever",4,"South",-0.160489109393216,2.79520777117121,3.69520777117121,0.9,"hidden_h1_tiny","H1: tiny hidden variable",1,"tiny_hidden",0.03,0.356106580680368,1.72670451692783
1,4.07704525180404,"Female",68,55474,1,"Other","Some college","Ever",2,"Inland",-0.157544545303413,3.17704525180404,4.07704525180404,0.9,"hidden_h1_tiny","H1: tiny hidden variable",1,"tiny_hidden",0.03,0.290356773696476,1
0,2.85118305273531,"Male",34,68166,0,"Other","Some college","Ever",9,"South",-0.361908173823618,2.85118305273531,3.75118305273531,0.9,"hidden_h1_tiny","H1: tiny hidden variable",1,"tiny_hidden",0.03,0.222645308801006,0.894224032390864
0,1.66642695058629,"Female",33,30488,0,"White","Some college","Never",0,"South",0.994076811858327,1.66642695058629,2.56642695058629,0.9,"hidden_h1_tiny","H1: tiny hidden variable",1,"tiny_hidden",0.03,0.168921602444995,0.634592903613803
0,2.16755760665532,"Female",34,53923,0,"White","<HS","Ever",4,"North",-1.44657299950838,2.16755760665532,3.06755760665532,0.9,"hidden_h1_tiny","H1: tiny hidden variable",1,"tiny_hidden",0.03,0.128359956062124,0.459773989112855
0,1.37465983441778,"Female",52,70377,0,"Mexican American","HS","Ever",3,"Inland",0.773649525178691,1.37465983441778,2.27465983441778,0.9,"hidden_h1_tiny","H1: tiny hidden variable",1,"tiny_hidden",0.03,0.337037301616126,1.58723374434133
0,3.37871351329273,"Female",41,75795,0,"Mexican American","College+","Ever",4,"South",-0.57486526198246,3.37871351329273,4.27871351329273,0.9,"hidden_h1_tiny","H1: tiny hidden variable",1,"tiny_hidden",0.03,0.306846436022937,1.38211326487679
0,2.28163474540013,"Male",55,50656,0,"White","College+","Ever",8,"North",0.92895491141834,2.28163474540013,3.18163474540013,0.9,"hidden_h1_tiny","H1: tiny hidden variable",1,"tiny_hidden",0.03,0.250331538186155,1.04255347360625
0,2.09333523600371,"Female",60,55474,1,"White","College+","Never",0,"North",-1.5326894592787,2.09333523600371,2.99333523600371,0.9,"hidden_h1_tiny","H1: tiny hidden variable",1,"tiny_hidden",0.03,0.257487910485291,1.08269299302417
0,1.73544710113619,"Female",50,39810,0,"Mexican American","Some college","Never",0,"North",-0.140292707071423,1.73544710113619,2.63544710113619,0.9,"hidden_h1_tiny","H1: tiny hidden variable",1,"tiny_hidden",0.03,0.288452800204734,1.26567749438718
0,2.45092896811106,"Female",60,64204,0,"White","HS","Never",0,"Coastal",0.0445176352161884,2.45092896811106,3.35092896811106,0.9,"hidden_h1_tiny","H1: tiny hidden variable",1,"tiny_hidden",0.03,0.293670906463286,1.29809309866453
0,1.59361652817858,"Female",22,55474,1,"White","College+","Never",0,"North",-0.0656715020519826,1.59361652817858,2.49361652817858,0.9,"hidden_h1_tiny","H1: tiny hidden variable",1,"tiny_hidden",0.03,0.155973223582353,0.576960173617102
1,2.45099094036377,"Female",65,40669,0,"White","Some college","Never",0,"South",-0.272339081839353,1.55099094036377,2.45099094036377,0.9,"hidden_h1_tiny","H1: tiny hidden variable",1,"tiny_hidden",0.03,0.274912797880086,1
0,2.09177704244525,"Male",68,34128,0,"White","<HS","Never",0,"North",0.107899810935606,2.09177704244525,2.99177704244525,0.9,"hidden_h1_tiny","H1: tiny hidden variable",1,"tiny_hidden",0.03,0.20850557833941,0.822473345840262
0,3.41389733334226,"Female",35,24380,0,"White","College+","Never",0,"Coastal",-0.674460621779962,3.41389733334226,4.31389733334226,0.9,"hidden_h1_tiny","H1: tiny hidden variable",1,"tiny_hidden",0.03,0.162434571696786,0.605496639371671
0,3.81296687459558,"Male",38,70869,0,"White","HS","Never",0,"Coastal",0.890341601428136,3.81296687459558,4.71296687459558,0.9,"hidden_h1_tiny","H1: tiny hidden variable",1,"tiny_hidden",0.03,0.259244084777119,1.0926617491205
0,3.26368580712327,"Female",48,64501,0,"White","<HS","Ever",8,"North",-0.422535700480766,3.26368580712327,4.16368580712327,0.9,"hidden_h1_tiny","H1: tiny hidden variable",1,"tiny_hidden",0.03,0.157424194097369,0.583330261009273
0,4.35467582818672,"Male",49,83507,0,"White","College+","Ever",8,"North",-0.684562086953649,4.35467582818672,5.25467582818672,0.9,"hidden_h1_tiny","H1: tiny hidden variable",1,"tiny_hidden",0.03,0.290110266930671,1.27592226460404
1,4.54204969010627,"Female",55,58944,0,"White","College+","Ever",10,"Coastal",-0.307945363919029,3.64204969010627,4.54204969010627,0.9,"hidden_h1_tiny","H1: tiny hidden variable",1,"tiny_hidden",0.03,0.231964079153686,1
0,2.49619654200129,"Male",23,47035,0,"White","Some college","Never",0,"Coastal",0.914435338365162,2.49619654200129,3.39619654200129,0.9,"hidden_h1_tiny","H1: tiny hidden variable",1,"tiny_hidden",0.03,0.186010932641478,0.713463747548104
0,3.86505565746226,"Female",23,55474,1,"White","Some college","Ever",10,"Coastal",0.801331200977599,3.86505565746226,4.76505565746226,0.9,"hidden_h1_tiny","H1: tiny hidden variable",1,"tiny_hidden",0.03,0.135484099419673,0.489291144604824
0,2.89172790611012,"Male",43,45552,0,"White","Some college","Ever",7,"North",-1.47903466509841,2.89172790611012,3.79172790611012,0.9,"hidden_h1_tiny","H1: tiny hidden variable",1,"tiny_hidden",0.03,0.21489284181274,0.854564848127467
0,2.7597681783985,"Female",18,53905,0,"Black","College+","Ever",4,"North",-0.408233400584643,2.7597681783985,3.6597681783985,0.9,"hidden_h1_tiny","H1: tiny hidden variable",1,"tiny_hidden",0.03,0.149580764422321,0.549154675801029
0,5.02265399642836,"Female",53,80524,0,"Mexican American","College+","Never",0,"North",2.74945578218148,5.02265399642836,5.92265399642836,0.9,"hidden_h1_tiny","H1: tiny hidden variable",1,"tiny_hidden",0.03,0.376664946176561,1.88662535539853
0,3.64414811165776,"Female",65,55144,0,"Other","HS","Never",0,"Coastal",-0.431539004493347,3.64414811165776,4.54414811165776,0.9,"hidden_h1_tiny","H1: tiny hidden variable",1,"tiny_hidden",0.03,0.300381400158148,1.34049038331158
0,2.59730152646606,"Male",26,38461,0,"White","HS","Never",0,"Coastal",0.177358982078129,2.59730152646606,3.49730152646606,0.9,"hidden_h1_tiny","H1: tiny hidden variable",1,"tiny_hidden",0.03,0.175666772853217,0.665332640011675
0,3.78699522516032,"Female",31,55474,1,"Black","College+","Ever",5,"North",-0.0470741392564343,3.78699522516032,4.68699522516032,0.9,"hidden_h1_tiny","H1: tiny hidden variable",1,"tiny_hidden",0.03,0.16123041084691,0.600145144710398
0,4.33759386565198,"Female",44,55474,1,"White","Some college","Never",0,"South",-0.874757208088507,4.33759386565198,5.23759386565198,0.9,"hidden_h1_tiny","H1: tiny hidden variable",1,"tiny_hidden",0.03,0.214154236983811,0.850827204399782
1,4.43576996352479,"Female",40,57575,0,"White","Some college","Never",0,"South",2.1317147391436,3.53576996352479,4.43576996352479,0.9,"hidden_h1_tiny","H1: tiny hidden variable",1,"tiny_hidden",0.03,0.226384428967096,1
0,2.98740977069034,"Female",61,57750,0,"Other","<HS","Ever",8,"Inland",-0.390132431644753,2.98740977069034,3.88740977069034,0.9,"hidden_h1_tiny","H1: tiny hidden variable",1,"tiny_hidden",0.03,0.183668956805733,0.702459773990159
0,2.16425283338825,"Female",22,42939,0,"Other","HS","Never",0,"Inland",-0.337872079804564,2.16425283338825,3.06425283338825,0.9,"hidden_h1_tiny","H1: tiny hidden variable",1,"tiny_hidden",0.03,0.158463286141039,0.587905607403531
0,3.70513552931436,"Female",80,59392,0,"Black","<HS","Never",0,"South",-0.070656155022395,3.70513552931436,4.60513552931436,0.9,"hidden_h1_tiny","H1: tiny hidden variable",1,"tiny_hidden",0.03,0.258779776830708,1.09002155572262
1,5.23344013909438,"Female",76,65024,0,"White","College+","Ever",6,"Inland",-1.10608072164738,4.33344013909438,5.23344013909438,0.9,"hidden_h1_tiny","H1: tiny hidden variable",1,"tiny_hidden",0.03,0.331212143482183,1
0,3.6277206663878,"Female",37,82750,0,"White","Some college","Never",0,"South",2.36672309171276,3.6277206663878,4.5277206663878,0.9,"hidden_h1_tiny","H1: tiny hidden variable",1,"tiny_hidden",0.03,0.259691425418442,1.09520859380284
1,2.63248259077521,"Male",34,48355,0,"White","Some college","Ever",9,"Coastal",0.185308509271726,1.73248259077521,2.63248259077521,0.9,"hidden_h1_tiny","H1: tiny hidden variable",1,"tiny_hidden",0.03,0.187779555362525,1
0,2.73166725928711,"Female",18,47648,0,"Black","Some college","Ever",4,"South",0.85892907204881,2.73166725928711,3.63166725928711,0.9,"hidden_h1_tiny","H1: tiny hidden variable",1,"tiny_hidden",0.03,0.145384615899963,0.531128687590603
0,3.16962961461505,"Female",38,41286,0,"White","Some college","Ever",8,"North",1.26524622072903,3.16962961461505,4.06962961461505,0.9,"hidden_h1_tiny","H1: tiny hidden variable",1,"tiny_hidden",0.03,0.172023752120183,0.648668113784597
0,3.01064459752316,"Female",18,41234,0,"Other","HS","Never",0,"Inland",-0.921695146440996,3.01064459752316,3.91064459752316,0.9,"hidden_h1_tiny","H1: tiny hidden variable",1,"tiny_hidden",0.03,0.147844897863562,0.541676139166334
0,2.80899808042169,"Female",71,40008,0,"White","Some college","Never",0,"Inland",0.124630620508301,2.80899808042169,3.70899808042169,0.9,"hidden_h1_tiny","H1: tiny hidden variable",1,"tiny_hidden",0.03,0.293899881828175,1.29952649864044
0,2.93969370689641,"Female",35,36796,0,"White","HS","Ever",0,"North",0.511220227733204,2.93969370689641,3.83969370689641,0.9,"hidden_h1_tiny","H1: tiny hidden variable",1,"tiny_hidden",0.03,0.179274797083939,0.68198289474428
0,3.33253053639807,"Female",18,28471,0,"Mexican American","HS","Ever",8,"North",0.437463872520061,3.33253053639807,4.23253053639807,0.9,"hidden_h1_tiny","H1: tiny hidden variable",1,"tiny_hidden",0.03,0.149591566021141,0.549201307304929
0,4.37242325181676,"Male",42,69703,0,"Black","College+","Never",0,"North",-0.439570548034826,4.37242325181676,5.27242325181676,0.9,"hidden_h1_tiny","H1: tiny hidden variable",1,"tiny_hidden",0.03,0.269843598753171,1.15384702731517
1,4.84941582682295,"Male",53,43627,0,"White","HS","Never",0,"North",0.796792027688324,3.94941582682295,4.84941582682295,0.9,"hidden_h1_tiny","H1: tiny hidden variable",1,"tiny_hidden",0.03,0.258963417475069,1
0,2.97316444606343,"Female",26,33468,0,"Mexican American","HS","Never",0,"Coastal",-0.0211102428218321,2.97316444606343,3.87316444606343,0.9,"hidden_h1_tiny","H1: tiny hidden variable",1,"tiny_hidden",0.03,0.19789433827327,0.77028918403036
0,2.36604876925128,"Male",50,64990,0,"Black","College+","Ever",5,"Inland",-0.342579839247845,2.36604876925128,3.26604876925128,0.9,"hidden_h1_tiny","H1: tiny hidden variable",1,"tiny_hidden",0.03,0.269355433304318,1.15099011445407
1,4.96579025163452,"Male",54,34507,0,"Mexican American","HS","Ever",2,"North",-0.807694727116284,4.06579025163452,4.96579025163452,0.9,"hidden_h1_tiny","H1: tiny hidden variable",1,"tiny_hidden",0.03,0.306026860682594,1
0,3.0612287935271,"Male",35,51353,0,"Mexican American","<HS","Ever",5,"Coastal",2.07719576082916,3.0612287935271,3.9612287935271,0.9,"hidden_h1_tiny","H1: tiny hidden variable",1,"tiny_hidden",0.03,0.183767186827051,0.702920047402744
0,3.42007010253862,"Female",19,48660,0,"White","HS","Ever",7,"Coastal",-1.18642457557113,3.42007010253862,4.32007010253862,0.9,"hidden_h1_tiny","H1: tiny hidden variable",1,"tiny_hidden",0.03,0.13745804284379,0.497555966480661
0,1.51883491159878,"Male",54,65512,0,"White","Some college","Ever",6,"North",-1.49836883271786,1.51883491159878,2.41883491159878,0.9,"hidden_h1_tiny","H1: tiny hidden variable",1,"tiny_hidden",0.03,0.287485193497917,1.2597187703217
0,2.65248848010159,"Male",79,55474,1,"Mexican American","HS","Never",0,"South",-1.78370981028587,2.65248848010159,3.55248848010159,0.9,"hidden_h1_tiny","H1: tiny hidden variable",1,"tiny_hidden",0.03,0.423859940537655,2.2969223419227
0,3.74488330821238,"Male",59,71034,0,"White","College+","Never",0,"Inland",-0.054055222084789,3.74488330821238,4.64488330821238,0.9,"hidden_h1_tiny","H1: tiny hidden variable",1,"tiny_hidden",0.03,0.335437736120466,1.57589854220076
0,4.14589007806761,"Female",51,8591,0,"Mexican American","College+","Ever",5,"Coastal",0.376486338724128,4.14589007806761,5.04589007806761,0.9,"hidden_h1_tiny","H1: tiny hidden variable",1,"tiny_hidden",0.03,0.216100876980583,0.860693182797374
0,2.87048025602981,"Male",32,20725,0,"Black","HS","Ever",6,"South",1.28567463394793,2.87048025602981,3.77048025602981,0.9,"hidden_h1_tiny","H1: tiny hidden variable",1,"tiny_hidden",0.03,0.149094160274466,0.547055188559439
0,4.0016842083013,"Female",62,71176,0,"Black","Some college","Ever",2,"Inland",-0.276687881764817,4.0016842083013,4.9016842083013,0.9,"hidden_h1_tiny","H1: tiny hidden variable",1,"tiny_hidden",0.03,0.314074227893437,1.42957581504663
0,2.28959782003764,"Male",44,26722,0,"Other","Some college","Never",0,"Coastal",0.884458330571377,2.28959782003764,3.18959782003764,0.9,"hidden_h1_tiny","H1: tiny hidden variable",1,"tiny_hidden",0.03,0.217173487896903,0.866150365838348
1,4.31854298692334,"Male",68,55474,1,"White","Some college","Ever",2,"Inland",-0.407388501093373,3.41854298692334,4.31854298692334,0.9,"hidden_h1_tiny","H1: tiny hidden variable",1,"tiny_hidden",0.03,0.311073484475476,1
0,2.71151406481893,"Male",53,55474,1,"White","Some college","Never",1,"South",0.6423288781063,2.71151406481893,3.61151406481893,0.9,"hidden_h1_tiny","H1: tiny hidden variable",1,"tiny_hidden",0.03,0.260622636375137,1.10052014240451
0,3.07464536927168,"Male",57,54175,0,"White","HS","Ever",4,"North",-0.0244709977466019,3.07464536927168,3.97464536927168,0.9,"hidden_h1_tiny","H1: tiny hidden variable",1,"tiny_hidden",0.03,0.277406907118087,1.198603321197
0,3.57077997742353,"Male",44,22216,0,"Mexican American","HS","Never",0,"North",0.3017641004361,3.57077997742353,4.47077997742353,0.9,"hidden_h1_tiny","H1: tiny hidden variable",1,"tiny_hidden",0.03,0.254719309610527,1.06707270758385
0,3.38303243312988,"Male",42,51835,0,"White","College+","Ever",5,"Coastal",-1.18532798347147,3.38303243312988,4.28303243312988,0.9,"hidden_h1_tiny","H1: tiny hidden variable",1,"tiny_hidden",0.03,0.225627218050888,0.909690001235519
0,2.14566287432538,"Male",43,55474,1,"Mexican American","College+","Ever",4,"North",-1.20307981646266,2.14566287432538,3.04566287432538,0.9,"hidden_h1_tiny","H1: tiny hidden variable",1,"tiny_hidden",0.03,0.277794981630825,1.2009250571434
1,3.67349242796459,"Female",58,46562,0,"Black","Some college","Never",1,"Coastal",-0.378660087765691,2.77349242796459,3.67349242796459,0.9,"hidden_h1_tiny","H1: tiny hidden variable",1,"tiny_hidden",0.03,0.254951112885262,1
0,3.42067583473495,"Male",18,51302,0,"Other","Some college","Never",0,"Inland",0.222795178679843,3.42067583473495,4.32067583473495,0.9,"hidden_h1_tiny","H1: tiny hidden variable",1,"tiny_hidden",0.03,0.184315511051093,0.705491350017533
0,3.25434911031342,"Male",30,49965,0,"White","Some college","Never",0,"Coastal",0.548470178258968,3.25434911031342,4.15434911031342,0.9,"hidden_h1_tiny","H1: tiny hidden variable",1,"tiny_hidden",0.03,0.208611899899574,0.823003297161456
1,2.85567858395702,"Male",44,55474,1,"Mexican American","Some college","Ever",7,"South",-0.585072563919115,1.95567858395702,2.85567858395702,0.9,"hidden_h1_tiny","H1: tiny hidden variable",1,"tiny_hidden",0.03,0.272291672484714,1
0,1.87003652789475,"Female",32,55474,1,"Black","HS","Never",0,"Inland",-1.42856356035536,1.87003652789475,2.77003652789475,0.9,"hidden_h1_tiny","H1: tiny hidden variable",1,"tiny_hidden",0.03,0.173986361238386,0.657627550948863
0,1.71628479802176,"Female",42,15700,0,"White","<HS","Ever",9,"North",0.274511026925832,1.71628479802176,2.61628479802176,0.9,"hidden_h1_tiny","H1: tiny hidden variable",1,"tiny_hidden",0.03,0.0955789060980774,0.329946393145516
0,2.12776431006773,"Male",53,79692,0,"Mexican American","HS","Ever",6,"North",-1.30038019749307,2.12776431006773,3.02776431006773,0.9,"hidden_h1_tiny","H1: tiny hidden variable",1,"tiny_hidden",0.03,0.374792248460947,1.8716225046572
0,2.45511273606968,"Male",47,60033,0,"White","<HS","Ever",5,"Inland",-0.783343949754309,2.45511273606968,3.35511273606968,0.9,"hidden_h1_tiny","H1: tiny hidden variable",1,"tiny_hidden",0.03,0.177132286809264,0.672078062294607
0,2.55540487925035,"Female",18,26385,0,"Other","College+","Never",0,"South",-1.31003777600151,2.55540487925035,3.45540487925035,0.9,"hidden_h1_tiny","H1: tiny hidden variable",1,"tiny_hidden",0.03,0.133428178499215,0.480723116747477
1,3.26679205348728,"Male",78,114171,0,"White","HS","Never",0,"Inland",-1.24485770783982,2.36679205348728,3.26679205348728,0.9,"hidden_h1_tiny","H1: tiny hidden variable",1,"tiny_hidden",0.03,0.502480020577272,1
1,5.59904332230914,"Male",62,20883,0,"White","Some college","Ever",6,"Inland",0.96362539744745,4.69904332230914,5.59904332230914,0.9,"hidden_h1_tiny","H1: tiny hidden variable",1,"tiny_hidden",0.03,0.234234922804682,1
0,2.78072640699056,"Female",55,69326,0,"Mexican American","College+","Never",0,"South",0.120678996064974,2.78072640699056,3.68072640699056,0.9,"hidden_h1_tiny","H1: tiny hidden variable",1,"tiny_hidden",0.03,0.360468256414332,1.75977414382125
0,4.13061925177462,"Male",43,90744,0,"Black","HS","Never",0,"North",-0.427200895257754,4.13061925177462,5.03061925177462,0.9,"hidden_h1_tiny","H1: tiny hidden variable",1,"tiny_hidden",0.03,0.309454899259004,1.39912760943546
0,3.5746595302512,"Male",63,76491,0,"Black","College+","Never",0,"South",-1.12190537068123,3.5746595302512,4.4746595302512,0.9,"hidden_h1_tiny","H1: tiny hidden variable",1,"tiny_hidden",0.03,0.357714627723879,1.73884423900916
0,1.64291081014436,"Female",49,55474,1,"White","HS","Ever",5,"South",-0.607901735332518,1.64291081014436,2.54291081014436,0.9,"hidden_h1_tiny","H1: tiny hidden variable",1,"tiny_hidden",0.03,0.205890856932002,0.809485133498104
0,3.71739911377914,"Female",59,72091,0,"Mexican American","HS","Ever",5,"Inland",1.04073318795286,3.71739911377914,4.61739911377914,0.9,"hidden_h1_tiny","H1: tiny hidden variable",1,"tiny_hidden",0.03,0.35656292066386,1.73014342418618
0,3.50879819305588,"Female",32,35861,0,"Mexican American","College+","Ever",7,"South",-0.594760824414477,3.50879819305588,4.40879819305588,0.9,"hidden_h1_tiny","H1: tiny hidden variable",1,"tiny_hidden",0.03,0.198048932534429,0.771039537558142
0,3.26564769829462,"Male",59,62091,0,"Black","Some college","Ever",3,"South",0.0873810028742443,3.26564769829462,4.16564769829462,0.9,"hidden_h1_tiny","H1: tiny hidden variable",1,"tiny_hidden",0.03,0.308759172324784,1.39457700171517
0,2.54827970910882,"Female",44,60088,0,"Black","HS","Never",0,"North",1.18126402939657,2.54827970910882,3.44827970910882,0.9,"hidden_h1_tiny","H1: tiny hidden variable",1,"tiny_hidden",0.03,0.231772163190091,0.941940014880367
0,3.43182245521667,"Female",46,57456,0,"White","College+","Ever",2,"Inland",0.0897128205642406,3.43182245521667,4.33182245521667,0.9,"hidden_h1_tiny","H1: tiny hidden variable",1,"tiny_hidden",0.03,0.235387392471898,0.961155721691512
0,2.80899468037795,"Female",62,77721,0,"White","Some college","Never",0,"Inland",-0.482468301141707,2.80899468037795,3.70899468037795,0.9,"hidden_h1_tiny","H1: tiny hidden variable",1,"tiny_hidden",0.03,0.336348599079707,1.58234660652967
0,3.84739671721069,"Male",38,69250,0,"Mexican American","Some college","Never",1,"South",1.86694256112734,3.84739671721069,4.74739671721069,0.9,"hidden_h1_tiny","H1: tiny hidden variable",1,"tiny_hidden",0.03,0.326658243844701,1.51464232286047
0,4.44039690635641,"Male",35,50783,0,"White","Some college","Ever",5,"South",0.561415353463901,4.44039690635641,5.34039690635641,0.9,"hidden_h1_tiny","H1: tiny hidden variable",1,"tiny_hidden",0.03,0.208376102627885,0.821828176732439
0,3.40435942122398,"Male",53,58827,0,"White","HS","Never",0,"Coastal",0.63517470950504,3.40435942122398,4.30435942122398,0.9,"hidden_h1_tiny","H1: tiny hidden variable",1,"tiny_hidden",0.03,0.286607952584711,1.25433050796815
0,3.89215870651928,"Female",48,50752,0,"Mexican American","Some college","Ever",4,"South",-1.03126831535834,3.89215870651928,4.79215870651928,0.9,"hidden_h1_tiny","H1: tiny hidden variable",1,"tiny_hidden",0.03,0.288090205640557,1.26344266373365
0,3.35962368492409,"Female",19,59208,0,"White","Some college","Never",0,"South",-0.042860811838045,3.35962368492409,4.25962368492409,0.9,"hidden_h1_tiny","H1: tiny hidden variable",1,"tiny_hidden",0.03,0.173402282466747,0.654956746970724
1,3.13728910065806,"Male",42,52299,0,"Black","HS","Ever",6,"North",-0.408000910554865,2.23728910065806,3.13728910065806,0.9,"hidden_h1_tiny","H1: tiny hidden variable",1,"tiny_hidden",0.03,0.216459733796553,1
0,2.89609842061581,"Female",66,55474,1,"Black","Some college","Ever",7,"North",0.789649701768071,2.89609842061581,3.79609842061581,0.9,"hidden_h1_tiny","H1: tiny hidden variable",1,"tiny_hidden",0.03,0.251468706819457,1.04888047139141
1,3.47682493915566,"Female",30,44280,0,"Black","Some college","Ever",4,"North",-0.486713714283639,2.57682493915566,3.47682493915566,0.9,"hidden_h1_tiny","H1: tiny hidden variable",1,"tiny_hidden",0.03,0.167507108764792,1
0,1.73059385535273,"Male",54,71283,0,"Other","HS","Never",0,"Inland",-0.524688646204746,1.73059385535273,2.63059385535273,0.9,"hidden_h1_tiny","H1: tiny hidden variable",1,"tiny_hidden",0.03,0.321117383773278,1.47679815505049
1,4.32117532010069,"Female",18,63586,0,"White","HS","Ever",5,"North",0.288254150035061,3.42117532010069,4.32117532010069,0.9,"hidden_h1_tiny","H1: tiny hidden variable",1,"tiny_hidden",0.03,0.158326302238267,1
0,3.91135892373534,"Female",67,77486,0,"Mexican American","College+","Never",0,"Coastal",-0.163822161943582,3.91135892373534,4.81135892373535,0.9,"hidden_h1_tiny","H1: tiny hidden variable",1,"tiny_hidden",0.03,0.425630163610726,2.31362402782235
1,5.67871650244845,"Male",45,73482,0,"White","College+","Ever",5,"South",1.44623441557217,4.77871650244845,5.67871650244845,0.9,"hidden_h1_tiny","H1: tiny hidden variable",1,"tiny_hidden",0.03,0.271923779258739,1
0,4.23509594822475,"Female",33,86012,0,"Black","HS","Never",0,"Coastal",0.157332071060944,4.23509594822475,5.13509594822476,0.9,"hidden_h1_tiny","H1: tiny hidden variable",1,"tiny_hidden",0.03,0.241824090359029,0.995821719257768
0,1.55542036551499,"Female",33,69602,0,"White","<HS","Never",0,"Inland",0.149753407282909,1.55542036551499,2.45542036551499,0.9,"hidden_h1_tiny","H1: tiny hidden variable",1,"tiny_hidden",0.03,0.1519694130748,0.559495608092702
1,2.43522373513811,"Male",50,27449,0,"White","College+","Never",0,"North",0.400579441097015,1.53522373513811,2.43522373513811,0.9,"hidden_h1_tiny","H1: tiny hidden variable",1,"tiny_hidden",0.03,0.225722389319498,1
0,3.71785824064212,"Male",51,71645,0,"White","Some college","Ever",4,"Coastal",-0.0168968370007944,3.71785824064212,4.61785824064212,0.9,"hidden_h1_tiny","H1: tiny hidden variable",1,"tiny_hidden",0.03,0.298260478662106,1.32700263904697
0,2.53158951469168,"Female",59,62377,0,"Other","College+","Never",0,"South",-1.82183540733696,2.53158951469168,3.43158951469168,0.9,"hidden_h1_tiny","H1: tiny hidden variable",1,"tiny_hidden",0.03,0.296992753995405,1.31897955733484
0,3.15191006691641,"Male",60,62777,0,"Black","HS","Ever",9,"South",0.117269897173202,3.15191006691641,4.05191006691641,0.9,"hidden_h1_tiny","H1: tiny hidden variable",1,"tiny_hidden",0.03,0.276812108633838,1.19504965268954
0,4.02304029935324,"Male",39,69287,0,"Mexican American","College+","Ever",4,"South",-0.460736464713021,4.02304029935324,4.92304029935324,0.9,"hidden_h1_tiny","H1: tiny hidden variable",1,"tiny_hidden",0.03,0.315019827847798,1.43585935431934
0,1.72815877861086,"Female",44,57061,0,"Other","HS","Never",0,"Inland",-1.1731321093518,1.72815877861086,2.62815877861086,0.9,"hidden_h1_tiny","H1: tiny hidden variable",1,"tiny_hidden",0.03,0.235818970559093,0.963461798090951
0,2.63145909359897,"Male",59,49337,0,"Mexican American","HS","Ever",3,"Coastal",-0.629506328946691,2.63145909359897,3.53145909359897,0.9,"hidden_h1_tiny","H1: tiny hidden variable",1,"tiny_hidden",0.03,0.349186285250132,1.6751453413437
0,4.75390466395995,"Female",38,68060,0,"Other","HS","Ever",6,"North",-0.905081853768075,4.75390466395995,5.65390466395995,0.9,"hidden_h1_tiny","H1: tiny hidden variable",1,"tiny_hidden",0.03,0.216072594247116,0.860549489216666
0,4.42027999532719,"Female",38,26891,0,"White","Some college","Ever",9,"North",-0.332599884764485,4.42027999532719,5.32027999532719,0.9,"hidden_h1_tiny","H1: tiny hidden variable",1,"tiny_hidden",0.03,0.151081388552328,0.55564437859448
1,5.71602532021619,"Female",78,91869,0,"Other","College+","Never",0,"Coastal",-0.553403464303357,4.81602532021619,5.71602532021619,0.9,"hidden_h1_tiny","H1: tiny hidden variable",1,"tiny_hidden",0.03,0.431341929337608,1
0,1.27285755594349,"Female",27,51956,0,"Mexican American","<HS","Never",0,"North",0.421159967193903,1.27285755594349,2.17285755594349,0.9,"hidden_h1_tiny","H1: tiny hidden variable",1,"tiny_hidden",0.03,0.160132826631888,0.59528066292149
0,2.58099160996612,"Female",56,52603,0,"Mexican American","HS","Ever",4,"Coastal",-0.258653843206597,2.58099160996612,3.48099160996612,0.9,"hidden_h1_tiny","H1: tiny hidden variable",1,"tiny_hidden",0.03,0.310868698786118,1.40840329075702
1,3.47480561141556,"Female",23,21449,0,"White","HS","Never",0,"Inland",1.43289164921317,2.57480561141556,3.47480561141556,0.9,"hidden_h1_tiny","H1: tiny hidden variable",1,"tiny_hidden",0.03,0.132075338259222,1
1,3.87389656179333,"Female",57,50643,0,"Black","College+","Never",0,"Inland",-0.726647156044801,2.97389656179333,3.87389656179333,0.9,"hidden_h1_tiny","H1: tiny hidden variable",1,"tiny_hidden",0.03,0.258688046309793,1
0,2.45778456512065,"Male",26,57898,0,"White","HS","Never",0,"Coastal",0.606096114637206,2.45778456512065,3.35778456512065,0.9,"hidden_h1_tiny","H1: tiny hidden variable",1,"tiny_hidden",0.03,0.202996922768343,0.795209333182407
0,3.01406743163472,"Female",47,52262,0,"Black","<HS","Ever",7,"Inland",0.680787535500663,3.01406743163472,3.91406743163472,0.9,"hidden_h1_tiny","H1: tiny hidden variable",1,"tiny_hidden",0.03,0.141661250342898,0.515281278693108
0,3.7502624244227,"Female",53,69892,0,"Black","HS","Ever",7,"Inland",0.904601521627859,3.7502624244227,4.6502624244227,0.9,"hidden_h1_tiny","H1: tiny hidden variable",1,"tiny_hidden",0.03,0.250391313231023,1.04288557299157
1,4.19109737116389,"Female",61,72603,0,"Black","College+","Ever",8,"North",-0.620067403137051,3.29109737116389,4.19109737116389,0.9,"hidden_h1_tiny","H1: tiny hidden variable",1,"tiny_hidden",0.03,0.279886810408569,1
0,2.93931967977971,"Female",54,33145,0,"White","College+","Ever",2,"Coastal",-1.43926374972768,2.93931967977971,3.83931967977971,0.9,"hidden_h1_tiny","H1: tiny hidden variable",1,"tiny_hidden",0.03,0.219487150337547,0.877972786982203
0,3.11034624649442,"Male",42,76529,0,"White","Some college","Ever",5,"South",0.47301273748058,3.11034624649442,4.01034624649443,0.9,"hidden_h1_tiny","H1: tiny hidden variable",1,"tiny_hidden",0.03,0.272377100155232,1.16873552595328
0,3.07366827271185,"Female",32,55474,1,"White","College+","Ever",3,"South",-1.66014559153839,3.07366827271185,3.97366827271185,0.9,"hidden_h1_tiny","H1: tiny hidden variable",1,"tiny_hidden",0.03,0.172337342342599,0.650096821157404
0,2.60601318981348,"Male",50,50721,0,"White","HS","Ever",1,"Inland",-0.305846739723015,2.60601318981348,3.50601318981348,0.9,"hidden_h1_tiny","H1: tiny hidden variable",1,"tiny_hidden",0.03,0.261766962485054,1.10706563283734
0,4.19349711116332,"Female",55,38635,0,"Mexican American","Some college","Ever",3,"Coastal",-0.742533439981017,4.19349711116332,5.09349711116332,0.9,"hidden_h1_tiny","H1: tiny hidden variable",1,"tiny_hidden",0.03,0.293766214842722,1.29868962210316
0,4.19781750369357,"Male",60,66163,0,"Mexican American","Some college","Ever",8,"Coastal",0.210385529377762,4.19781750369357,5.09781750369357,0.9,"hidden_h1_tiny","H1: tiny hidden variable",1,"tiny_hidden",0.03,0.371808753807718,1.84790543429204
0,3.68138295420579,"Male",74,57258,0,"Black","<HS","Ever",4,"North",1.07797999899667,3.68138295420579,4.58138295420579,0.9,"hidden_h1_tiny","H1: tiny hidden variable",1,"tiny_hidden",0.03,0.24799734806212,1.02962641770762
0,2.27365563519428,"Female",38,37443,0,"White","Some college","Never",0,"Coastal",1.57601600542516,2.27365563519428,3.17365563519428,0.9,"hidden_h1_tiny","H1: tiny hidden variable",1,"tiny_hidden",0.03,0.190515681182445,0.734808717786711
0,3.57732044519811,"Female",50,42807,0,"White","Some college","Never",1,"South",-0.959434011138173,3.57732044519811,4.47732044519811,0.9,"hidden_h1_tiny","H1: tiny hidden variable",1,"tiny_hidden",0.03,0.227687568012179,0.92044597912147
0,2.28097026560946,"Female",54,78039,0,"Mexican American","HS","Never",0,"Coastal",-1.2415345454041,2.28097026560946,3.18097026560946,0.9,"hidden_h1_tiny","H1: tiny hidden variable",1,"tiny_hidden",0.03,0.371260686148826,1.84357308273825
0,2.78995900096472,"Male",40,55474,1,"White","Some college","Ever",11,"Inland",-0.754101831909219,2.78995900096472,3.68995900096472,0.9,"hidden_h1_tiny","H1: tiny hidden variable",1,"tiny_hidden",0.03,0.187936568145473,0.722559058909233
0,1.50924144201613,"Female",53,42978,0,"Black","Some college","Never",0,"North",0.693545313301019,1.50924144201613,2.40924144201613,0.9,"hidden_h1_tiny","H1: tiny hidden variable",1,"tiny_hidden",0.03,0.237696915159968,0.973526730421123
1,2.8278292951989,"Male",45,22963,0,"Black","<HS","Ever",4,"South",-0.795844557875734,1.9278292951989,2.8278292951989,0.9,"hidden_h1_tiny","H1: tiny hidden variable",1,"tiny_hidden",0.03,0.129621787776303,1
0,2.53727643139042,"Male",57,55474,1,"Black","HS","Ever",9,"Coastal",-0.727581073566378,2.53727643139042,3.43727643139042,0.9,"hidden_h1_tiny","H1: tiny hidden variable",1,"tiny_hidden",0.03,0.23232558496156,0.944869836274447
1,4.06797647474828,"Male",71,61684,0,"Other","College+","Never",0,"Coastal",1.12959271912653,3.16797647474828,4.06797647474828,0.9,"hidden_h1_tiny","H1: tiny hidden variable",1,"tiny_hidden",0.03,0.368591212193035,1
1,5.39049018890454,"Male",58,71582,0,"Other","HS","Never",0,"South",-0.551766367678983,4.49049018890454,5.39049018890454,0.9,"hidden_h1_tiny","H1: tiny hidden variable",1,"tiny_hidden",0.03,0.336341149991045,1
0,2.52778522363151,"Female",50,56214,0,"White","Some college","Ever",9,"Inland",-0.346161354171293,2.52778522363151,3.42778522363151,0.9,"hidden_h1_tiny","H1: tiny hidden variable",1,"tiny_hidden",0.03,0.221255978607289,0.887058581279876
1,3.81979382860662,"Female",49,66369,0,"White","HS","Never",0,"North",-0.661118559785194,2.91979382860662,3.81979382860662,0.9,"hidden_h1_tiny","H1: tiny hidden variable",1,"tiny_hidden",0.03,0.261156968468648,1
0,2.97031162652998,"Female",55,89722,0,"White","College+","Ever",6,"South",1.27837779833372,2.97031162652998,3.87031162652998,0.9,"hidden_h1_tiny","H1: tiny hidden variable",1,"tiny_hidden",0.03,0.30492178326877,1.36964111678216
0,3.0433453694178,"Female",40,52347,0,"White","<HS","Never",0,"Coastal",1.23119520689434,3.0433453694178,3.9433453694178,0.9,"hidden_h1_tiny","H1: tiny hidden variable",1,"tiny_hidden",0.03,0.146591390981362,0.536294642608121
0,2.08887579744021,"Male",78,82895,0,"Black","College+","Never",0,"North",-1.38203824672415,2.08887579744021,2.98887579744021,0.9,"hidden_h1_tiny","H1: tiny hidden variable",1,"tiny_hidden",0.03,0.430923271284222,2.32303907150807
1,3.43919458427703,"Male",51,40111,0,"Black","<HS","Ever",5,"North",-0.968659378221375,2.53919458427703,3.43919458427703,0.9,"hidden_h1_tiny","H1: tiny hidden variable",1,"tiny_hidden",0.03,0.15837955637607,1
0,2.02294068866131,"Female",26,49026,0,"Black","Some college","Ever",2,"South",0.588246218843813,2.02294068866131,2.92294068866131,0.9,"hidden_h1_tiny","H1: tiny hidden variable",1,"tiny_hidden",0.03,0.170702985317546,0.642662599885856
0,2.65071080175516,"Female",36,61062,0,"White","College+","Never",1,"North",-1.50438689753422,2.65071080175516,3.55071080175516,0.9,"hidden_h1_tiny","H1: tiny hidden variable",1,"tiny_hidden",0.03,0.21250961923829,0.842529949908959
1,3.83613866548323,"Female",58,36634,0,"Black","College+","Ever",6,"Coastal",1.7402905888976,2.93613866548323,3.83613866548323,0.9,"hidden_h1_tiny","H1: tiny hidden variable",1,"tiny_hidden",0.03,0.217679683424953,1
0,2.42851287914448,"Male",37,72921,0,"White","College+","Ever",1,"North",-0.681069517255683,2.42851287914448,3.32851287914448,0.9,"hidden_h1_tiny","H1: tiny hidden variable",1,"tiny_hidden",0.03,0.262770047002666,1.11281994066413
0,3.90590433795049,"Male",41,33738,0,"White","Some college","Ever",7,"Inland",0.159401856154608,3.90590433795049,4.80590433795049,0.9,"hidden_h1_tiny","H1: tiny hidden variable",1,"tiny_hidden",0.03,0.191980498323349,0.741800777730643
1,3.7155331749444,"Female",66,121022,0,"Other","<HS","Ever",4,"Coastal",1.50549255696375,2.8155331749444,3.7155331749444,0.9,"hidden_h1_tiny","H1: tiny hidden variable",1,"tiny_hidden",0.03,0.323556639969488,1
0,3.05134188006377,"Male",46,78251,0,"White","HS","Never",0,"Coastal",-0.554819291716174,3.05134188006377,3.95134188006377,0.9,"hidden_h1_tiny","H1: tiny hidden variable",1,"tiny_hidden",0.03,0.299503107916156,1.33489508173452
0,3.39534138919122,"Female",50,60902,0,"Black","HS","Never",0,"North",-0.64631199902205,3.39534138919122,4.29534138919122,0.9,"hidden_h1_tiny","H1: tiny hidden variable",1,"tiny_hidden",0.03,0.25133977909237,1.04816217510777
0,4.49675959316109,"Female",48,52681,0,"Other","Some college","Never",0,"South",0.473419688702368,4.49675959316109,5.39675959316109,0.9,"hidden_h1_tiny","H1: tiny hidden variable",1,"tiny_hidden",0.03,0.248096604622877,1.03017447986642
0,2.96818623336029,"Female",25,30987,0,"White","Some college","Never",0,"North",0.110936562249959,2.96818623336029,3.86818623336029,0.9,"hidden_h1_tiny","H1: tiny hidden variable",1,"tiny_hidden",0.03,0.151713595129983,0.558385337097594
1,3.00912256318424,"Male",64,42121,0,"Mexican American","HS","Never",0,"Coastal",-0.846896576246035,2.10912256318424,3.00912256318424,0.9,"hidden_h1_tiny","H1: tiny hidden variable",1,"tiny_hidden",0.03,0.363615450871558,1
0,3.3276802424747,"Female",61,55474,1,"White","<HS","Never",0,"North",0.180094852826841,3.3276802424747,4.2276802424747,0.9,"hidden_h1_tiny","H1: tiny hidden variable",1,"tiny_hidden",0.03,0.181939550836049,0.694374453157187
0,1.85461240496322,"Female",29,62371,0,"White","Some college","Ever",4,"North",0.368600295903411,1.85461240496322,2.75461240496322,0.9,"hidden_h1_tiny","H1: tiny hidden variable",1,"tiny_hidden",0.03,0.192154892758594,0.742634909559981
0,3.08348138204183,"Male",52,63584,0,"White","Some college","Never",0,"Coastal",-0.568968899530749,3.08348138204183,3.98348138204183,0.9,"hidden_h1_tiny","H1: tiny hidden variable",1,"tiny_hidden",0.03,0.300701192050058,1.34253115925307
0,2.16838081042321,"Male",33,41193,0,"White","College+","Ever",2,"Coastal",-0.775830000439782,2.16838081042321,3.06838081042321,0.9,"hidden_h1_tiny","H1: tiny hidden variable",1,"tiny_hidden",0.03,0.195968384040979,0.760965377213043
0,3.53148002433513,"Female",38,48157,0,"Mexican American","<HS","Never",0,"North",-1.51790854832059,3.53148002433513,4.43148002433513,0.9,"hidden_h1_tiny","H1: tiny hidden variable",1,"tiny_hidden",0.03,0.180955341538717,0.689788321723501
0,3.03278247467477,"Female",44,55474,1,"White","College+","Never",0,"South",1.96074902192282,3.03278247467477,3.93278247467477,0.9,"hidden_h1_tiny","H1: tiny hidden variable",1,"tiny_hidden",0.03,0.210138461301824,0.830628050648818
0,4.04594271239112,"Female",52,66663,0,"Other","College+","Ever",7,"Inland",0.769406967452703,4.04594271239112,4.94594271239112,0.9,"hidden_h1_tiny","H1: tiny hidden variable",1,"tiny_hidden",0.03,0.254358167196288,1.06504371539605
0,3.48482006191566,"Male",38,59703,0,"White","College+","Never",0,"Inland",-0.89193134881684,3.48482006191566,4.38482006191566,0.9,"hidden_h1_tiny","H1: tiny hidden variable",1,"tiny_hidden",0.03,0.243149453104069,1.0030329046506
0,4.58625783818109,"Male",18,75794,0,"White","<HS","Never",0,"Coastal",-0.803047831373658,4.58625783818109,5.48625783818109,0.9,"hidden_h1_tiny","H1: tiny hidden variable",1,"tiny_hidden",0.03,0.144314471185712,0.526559808876824
1,3.92243007330566,"Male",46,41743,0,"White","HS","Never",0,"North",-0.777972044415148,3.02243007330566,3.92243007330566,0.9,"hidden_h1_tiny","H1: tiny hidden variable",1,"tiny_hidden",0.03,0.234226903304664,1
0,4.65477564934996,"Female",56,58421,0,"Other","College+","Never",0,"Inland",-0.956495863354932,4.65477564934996,5.55477564934996,0.9,"hidden_h1_tiny","H1: tiny hidden variable",1,"tiny_hidden",0.03,0.279358763333836,1.21030604401267
0,1.40478964836743,"Female",28,55908,0,"White","Some college","Never",0,"North",0.805986612171194,1.40478964836743,2.30478964836743,0.9,"hidden_h1_tiny","H1: tiny hidden variable",1,"tiny_hidden",0.03,0.191096311655758,0.737577230880225
0,3.0588568462679,"Female",71,55474,1,"Black","HS","Ever",4,"South",-0.489894664188006,3.0588568462679,3.9588568462679,0.9,"hidden_h1_tiny","H1: tiny hidden variable",1,"tiny_hidden",0.03,0.272760889987454,1.17099997155228
0,2.69310381682979,"Female",26,49590,0,"Mexican American","HS","Ever",6,"North",-0.453689142922175,2.69310381682979,3.59310381682979,0.9,"hidden_h1_tiny","H1: tiny hidden variable",1,"tiny_hidden",0.03,0.203253056940383,0.796468661971818
0,2.74564474650897,"Female",30,32806,0,"White","HS","Ever",10,"South",1.35912155484328,2.74564474650897,3.64564474650897,0.9,"hidden_h1_tiny","H1: tiny hidden variable",1,"tiny_hidden",0.03,0.133773347196013,0.482158762564732
1,4.31031724816611,"Female",44,55474,1,"White","HS","Never",0,"Coastal",1.02475836729617,3.41031724816611,4.31031724816611,0.9,"hidden_h1_tiny","H1: tiny hidden variable",1,"tiny_hidden",0.03,0.20735529297044,1
0,4.29967625419139,"Male",33,48894,0,"Black","Some college","Never",0,"Inland",-0.412162112209641,4.29967625419139,5.19967625419139,0.9,"hidden_h1_tiny","H1: tiny hidden variable",1,"tiny_hidden",0.03,0.212257541609452,0.84126125614337
0,3.96930324599017,"Female",38,49498,0,"White","College+","Never",0,"North",-1.39676429584396,3.96930324599017,4.86930324599017,0.9,"hidden_h1_tiny","H1: tiny hidden variable",1,"tiny_hidden",0.03,0.204224817540161,0.80125386646859
0,3.02134538922336,"Female",27,45820,0,"Mexican American","College+","Ever",6,"Inland",0.905241924890457,3.02134538922336,3.92134538922336,0.9,"hidden_h1_tiny","H1: tiny hidden variable",1,"tiny_hidden",0.03,0.20306329462268,0.795535584395723
0,4.4175607676255,"Female",47,60584,0,"White","Some college","Ever",7,"Inland",-1.3275760310972,4.4175607676255,5.3175607676255,0.9,"hidden_h1_tiny","H1: tiny hidden variable",1,"tiny_hidden",0.03,0.227496463064383,0.919445909025261
0,3.90396512794881,"Male",65,71464,0,"White","HS","Ever",7,"Inland",0.248826434029704,3.90396512794881,4.80396512794881,0.9,"hidden_h1_tiny","H1: tiny hidden variable",1,"tiny_hidden",0.03,0.32422374544708,1.49793822480948
0,3.66894408427423,"Female",70,51223,0,"Black","Some college","Ever",5,"North",-0.498823604220749,3.66894408427423,4.56894408427423,0.9,"hidden_h1_tiny","H1: tiny hidden variable",1,"tiny_hidden",0.03,0.289076865302927,1.2695292218133
0,3.23142644380089,"Female",35,55124,0,"Mexican American","HS","Ever",4,"South",-1.50480593353314,3.23142644380089,4.13142644380089,0.9,"hidden_h1_tiny","H1: tiny hidden variable",1,"tiny_hidden",0.03,0.245867012657158,1.01789818195596
1,4.5579364319591,"Male",33,38207,0,"Mexican American","HS","Never",0,"North",1.2495272582721,3.6579364319591,4.5579364319591,0.9,"hidden_h1_tiny","H1: tiny hidden variable",1,"tiny_hidden",0.03,0.248038889465778,1
1,5.8129356906825,"Female",64,55474,1,"White","<HS","Never",0,"Inland",-1.19840046605646,4.9129356906825,5.8129356906825,0.9,"hidden_h1_tiny","H1: tiny hidden variable",1,"tiny_hidden",0.03,0.189452805625871,1
0,3.11277722180149,"Male",50,95249,0,"Black","HS","Ever",6,"Inland",-0.652570534487952,3.11277722180149,4.01277722180149,0.9,"hidden_h1_tiny","H1: tiny hidden variable",1,"tiny_hidden",0.03,0.318673370079871,1.46030113146556
0,3.60629358062881,"Male",62,77904,0,"White","<HS","Ever",6,"South",-0.496199099799516,3.60629358062881,4.50629358062881,0.9,"hidden_h1_tiny","H1: tiny hidden variable",1,"tiny_hidden",0.03,0.241180722195955,0.992330290040546
0,3.59890240500721,"Male",60,89703,0,"White","College+","Never",0,"North",-1.59700472411341,3.59890240500721,4.49890240500721,0.9,"hidden_h1_tiny","H1: tiny hidden variable",1,"tiny_hidden",0.03,0.378515093784685,1.90153633770455
0,4.29860555575381,"Male",71,76269,0,"White","<HS","Ever",9,"Inland",-2.26012949064845,4.29860555575381,5.19860555575381,0.9,"hidden_h1_tiny","H1: tiny hidden variable",1,"tiny_hidden",0.03,0.25344313331784,1.05991160456703
0,2.9403860128482,"Female",32,42243,0,"Mexican American","<HS","Ever",5,"Inland",0.918445240085597,2.9403860128482,3.8403860128482,0.9,"hidden_h1_tiny","H1: tiny hidden variable",1,"tiny_hidden",0.03,0.147382205814143,0.539687889086632
1,5.05218848463808,"Male",36,62526,0,"Mexican American","College+","Ever",3,"South",-0.165031282803344,4.15218848463808,5.05218848463808,0.9,"hidden_h1_tiny","H1: tiny hidden variable",1,"tiny_hidden",0.03,0.296140999440497,1
0,4.58397622790311,"Male",61,82809,0,"Other","College+","Ever",4,"Coastal",1.07838850993194,4.58397622790311,5.48397622790311,0.9,"hidden_h1_tiny","H1: tiny hidden variable",1,"tiny_hidden",0.03,0.359134105665005,1.74961100983639
1,3.42630608662622,"Female",47,55474,1,"Black","Some college","Never",0,"Inland",-0.451569479700654,2.52630608662622,3.42630608662622,0.9,"hidden_h1_tiny","H1: tiny hidden variable",1,"tiny_hidden",0.03,0.219549008159446,1
1,4.12554259488953,"Male",48,46534,0,"Black","Some college","Never",0,"South",0.781273127840759,3.22554259488953,4.12554259488953,0.9,"hidden_h1_tiny","H1: tiny hidden variable",1,"tiny_hidden",0.03,0.252643804756696,1
0,5.15708084694789,"Male",37,23309,0,"White","HS","Ever",11,"Inland",-0.0359154502661305,5.15708084694789,6.05708084694789,0.9,"hidden_h1_tiny","H1: tiny hidden variable",1,"tiny_hidden",0.03,0.150469216391768,0.552994167838478
1,3.60401623874508,"Female",34,70166,0,"Mexican American","HS","Never",0,"Inland",0.0388998385235655,2.70401623874508,3.60401623874508,0.9,"hidden_h1_tiny","H1: tiny hidden variable",1,"tiny_hidden",0.03,0.282859545621707,1
1,3.67134956945768,"Female",27,37505,0,"White","College+","Never",0,"Inland",0.171691789675818,2.77134956945768,3.67134956945768,0.9,"hidden_h1_tiny","H1: tiny hidden variable",1,"tiny_hidden",0.03,0.160794901621864,1
0,2.7161806296954,"Male",68,46925,0,"Mexican American","<HS","Ever",2,"South",-0.579966187484019,2.7161806296954,3.6161806296954,0.9,"hidden_h1_tiny","H1: tiny hidden variable",1,"tiny_hidden",0.03,0.285600557240395,1.24815912381559
0,2.9792629890262,"Male",55,44928,0,"Other","HS","Never",0,"Inland",-0.313156345625902,2.9792629890262,3.8792629890262,0.9,"hidden_h1_tiny","H1: tiny hidden variable",1,"tiny_hidden",0.03,0.274111272904515,1.17898656668309
0,3.61689275708895,"Female",40,39321,0,"White","Some college","Never",0,"South",-0.250877345131756,3.61689275708895,4.51689275708895,0.9,"hidden_h1_tiny","H1: tiny hidden variable",1,"tiny_hidden",0.03,0.19840299044193,0.772759117428363
0,2.96948593213703,"Female",50,29626,0,"Mexican American","College+","Never",0,"North",-0.764195541800576,2.96948593213703,3.86948593213703,0.9,"hidden_h1_tiny","H1: tiny hidden variable",1,"tiny_hidden",0.03,0.264955929598515,1.12541390601654
1,4.66088943200293,"Male",50,32135,0,"White","HS","Never",0,"Coastal",0.702044323606912,3.76088943200293,4.66088943200293,0.9,"hidden_h1_tiny","H1: tiny hidden variable",1,"tiny_hidden",0.03,0.230323612305175,1
1,2.9966531742894,"Female",65,82234,0,"Other","Some college","Never",0,"Coastal",-0.198142773904084,2.0966531742894,2.9966531742894,0.9,"hidden_h1_tiny","H1: tiny hidden variable",1,"tiny_hidden",0.03,0.364455685624867,1
0,1.96983782142012,"Male",54,78323,0,"White","<HS","Never",0,"Coastal",-0.852852217385585,1.96983782142012,2.86983782142012,0.9,"hidden_h1_tiny","H1: tiny hidden variable",1,"tiny_hidden",0.03,0.238594371908923,0.978354224839077
0,3.27785827133985,"Female",40,55474,1,"White","<HS","Ever",3,"Coastal",-0.807516657512549,3.27785827133985,4.17785827133985,0.9,"hidden_h1_tiny","H1: tiny hidden variable",1,"tiny_hidden",0.03,0.130403152467685,0.468190013740131
0,3.33288036323096,"Male",32,35366,0,"Black","HS","Ever",4,"Coastal",0.309272458744645,3.33288036323096,4.23288036323096,0.9,"hidden_h1_tiny","H1: tiny hidden variable",1,"tiny_hidden",0.03,0.173367979721278,0.654800008910601
0,2.39643116493952,"Female",53,62993,0,"Other","<HS","Ever",7,"South",-0.395349020631528,2.39643116493952,3.29643116493952,0.9,"hidden_h1_tiny","H1: tiny hidden variable",1,"tiny_hidden",0.03,0.174600568034378,0.660440198054045
1,3.62963882897166,"Female",50,51442,0,"Black","College+","Never",0,"Coastal",1.37073352957427,2.72963882897166,3.62963882897166,0.9,"hidden_h1_tiny","H1: tiny hidden variable",1,"tiny_hidden",0.03,0.238409947653397,1
0,3.56011924939005,"Female",54,79941,0,"White","Some college","Ever",5,"North",0.305528069554484,3.56011924939005,4.46011924939005,0.9,"hidden_h1_tiny","H1: tiny hidden variable",1,"tiny_hidden",0.03,0.292451345074234,1.29047419865683
0,3.16324830727888,"Male",42,50508,0,"White","Some college","Never",0,"North",0.127884386780517,3.16324830727888,4.06324830727888,0.9,"hidden_h1_tiny","H1: tiny hidden variable",1,"tiny_hidden",0.03,0.244241782024058,1.00899518560432
0,3.69109476675778,"Female",19,29819,0,"White","HS","Never",0,"Coastal",0.896131270920139,3.69109476675778,4.59109476675778,0.9,"hidden_h1_tiny","H1: tiny hidden variable",1,"tiny_hidden",0.03,0.133287277179817,0.480137400410687
1,3.28827055594155,"Male",65,97542,0,"White","<HS","Ever",5,"South",0.330890258132966,2.38827055594155,3.28827055594155,0.9,"hidden_h1_tiny","H1: tiny hidden variable",1,"tiny_hidden",0.03,0.290360855708176,1
0,4.04101508507849,"Female",47,55474,1,"Black","HS","Never",0,"North",-0.0430214949470007,4.04101508507849,4.94101508507849,0.9,"hidden_h1_tiny","H1: tiny hidden variable",1,"tiny_hidden",0.03,0.212625132541298,0.843111593850585
0,1.98197547109412,"Female",54,54621,0,"Mexican American","College+","Never",0,"North",-0.509611342004784,1.98197547109412,2.88197547109412,0.9,"hidden_h1_tiny","H1: tiny hidden variable",1,"tiny_hidden",0.03,0.326336315284724,1.51242651124043
0,2.71998384851422,"Female",62,63584,0,"White","HS","Never",0,"North",0.195640904038294,2.71998384851422,3.61998384851422,0.9,"hidden_h1_tiny","H1: tiny hidden variable",1,"tiny_hidden",0.03,0.299394806728715,1.33420610324083
0,3.72850534204557,"Female",52,61218,0,"White","Some college","Never",0,"Coastal",2.0304243959875,3.72850534204557,4.62850534204557,0.9,"hidden_h1_tiny","H1: tiny hidden variable",1,"tiny_hidden",0.03,0.269600473069812,1.15242369446964
1,3.82644014911784,"Male",26,26536,0,"Other","HS","Never",0,"Coastal",0.543217517761666,2.92644014911784,3.82644014911784,0.9,"hidden_h1_tiny","H1: tiny hidden variable",1,"tiny_hidden",0.03,0.164798292807295,1
0,3.04453133906397,"Female",35,55474,1,"White","Some college","Never",0,"South",-0.243892639180445,3.04453133906397,3.94453133906397,0.9,"hidden_h1_tiny","H1: tiny hidden variable",1,"tiny_hidden",0.03,0.190133893580986,0.732990473761751
0,5.55522830306523,"Female",45,59973,0,"White","College+","Ever",4,"South",-1.37833448854046,5.55522830306523,6.45522830306523,0.9,"hidden_h1_tiny","H1: tiny hidden variable",1,"tiny_hidden",0.03,0.228452391797914,0.924453332517166
0,2.96470030513983,"Female",43,61443,0,"Mexican American","<HS","Never",0,"North",0.2795396719723,2.96470030513983,3.86470030513983,0.9,"hidden_h1_tiny","H1: tiny hidden variable",1,"tiny_hidden",0.03,0.21329449286833,0.846485385367604
0,1.89371351178112,"Female",38,53645,0,"White","<HS","Never",0,"North",-0.523210871975168,1.89371351178112,2.79371351178112,0.9,"hidden_h1_tiny","H1: tiny hidden variable",1,"tiny_hidden",0.03,0.143956575892639,0.52503435873987
0,1.10234209438769,"Female",37,28289,0,"White","Some college","Never",0,"South",1.27295568280883,1.10234209438769,2.00234209438769,0.9,"hidden_h1_tiny","H1: tiny hidden variable",1,"tiny_hidden",0.03,0.175489994133758,0.664520589096943
1,3.24997437928348,"Female",54,73111,0,"Mexican American","<HS","Never",0,"Inland",-0.719668588712464,2.34997437928348,3.24997437928348,0.9,"hidden_h1_tiny","H1: tiny hidden variable",1,"tiny_hidden",0.03,0.265820637664738,1
0,3.13472180326097,"Female",43,40421,0,"Black","Some college","Ever",9,"Inland",-1.32197740834832,3.13472180326097,4.03472180326098,0.9,"hidden_h1_tiny","H1: tiny hidden variable",1,"tiny_hidden",0.03,0.176953968354529,0.671256020011464
0,2.08144566962244,"Female",34,74214,0,"White","College+","Never",0,"North",-0.998235205451683,2.08144566962244,2.98144566962244,0.9,"hidden_h1_tiny","H1: tiny hidden variable",1,"tiny_hidden",0.03,0.231545893337423,0.940743355000539
1,5.38824341241784,"Male",63,87603,0,"Mexican American","Some college","Ever",4,"Inland",-1.37831274782302,4.48824341241784,5.38824341241784,0.9,"hidden_h1_tiny","H1: tiny hidden variable",1,"tiny_hidden",0.03,0.453347001637802,1
1,3.88801673355173,"Male",38,78514,0,"White","Some college","Ever",4,"North",0.0207913018937447,2.98801673355173,3.88801673355173,0.9,"hidden_h1_tiny","H1: tiny hidden variable",1,"tiny_hidden",0.03,0.267389017121472,1
0,1.95984134721179,"Male",51,33364,0,"Mexican American","Some college","Never",0,"North",-0.841084099918551,1.95984134721179,2.85984134721179,0.9,"hidden_h1_tiny","H1: tiny hidden variable",1,"tiny_hidden",0.03,0.306932503761774,1.38267261973383
0,1.53844050617917,"Male",40,85085,0,"White","<HS","Never",0,"Coastal",1.75947588060615,1.53844050617917,2.43844050617917,0.9,"hidden_h1_tiny","H1: tiny hidden variable",1,"tiny_hidden",0.03,0.209116005615447,0.825517911177913
0,3.70422007430804,"Female",37,61859,0,"White","College+","Ever",8,"South",1.75491450496519,3.70422007430804,4.60422007430804,0.9,"hidden_h1_tiny","H1: tiny hidden variable",1,"tiny_hidden",0.03,0.194159979223518,0.752251213612028
1,4.04352561508688,"Male",27,70811,0,"Mexican American","College+","Ever",2,"Inland",0.0985221392577514,3.14352561508688,4.04352561508688,0.9,"hidden_h1_tiny","H1: tiny hidden variable",1,"tiny_hidden",0.03,0.285757264102124,1
0,2.90837231514192,"Female",29,55474,1,"White","<HS","Never",0,"Coastal",-1.15746684005832,2.90837231514192,3.80837231514192,0.9,"hidden_h1_tiny","H1: tiny hidden variable",1,"tiny_hidden",0.03,0.115749605274045,0.408692124252298
0,2.69564261639019,"Male",52,42150,0,"White","HS","Ever",7,"Coastal",0.834535967979865,2.69564261639019,3.59564261639019,0.9,"hidden_h1_tiny","H1: tiny hidden variable",1,"tiny_hidden",0.03,0.228166680905831,0.922955398933854
1,4.28564687983035,"Female",42,60478,0,"White","Some college","Never",0,"North",-0.806069099735071,3.38564687983035,4.28564687983035,0.9,"hidden_h1_tiny","H1: tiny hidden variable",1,"tiny_hidden",0.03,0.237021351004812,1
0,2.14919676826657,"Male",25,43444,0,"White","College+","Ever",5,"Coastal",0.0852090721926421,2.14919676826657,3.04919676826657,0.9,"hidden_h1_tiny","H1: tiny hidden variable",1,"tiny_hidden",0.03,0.169139467834933,0.635577980509145
0,1.53995127899382,"Female",29,55474,1,"Black","HS","Ever",2,"North",-0.411862315997566,1.53995127899382,2.43995127899382,0.9,"hidden_h1_tiny","H1: tiny hidden variable",1,"tiny_hidden",0.03,0.163708721189415,0.611175956071667
0,3.66564363432429,"Female",47,53422,0,"White","College+","Never",0,"Inland",0.201622487199769,3.66564363432429,4.56564363432429,0.9,"hidden_h1_tiny","H1: tiny hidden variable",1,"tiny_hidden",0.03,0.235948885135751,0.964156488381276
0,3.5879743125934,"Female",32,93481,0,"White","HS","Ever",5,"North",-0.0227861444232028,3.5879743125934,4.4879743125934,0.9,"hidden_h1_tiny","H1: tiny hidden variable",1,"tiny_hidden",0.03,0.237836786481159,0.9742783620186
0,4.09459761364625,"Male",51,52907,0,"White","<HS","Never",0,"North",-0.40809906883763,4.09459761364625,4.99459761364625,0.9,"hidden_h1_tiny","H1: tiny hidden variable",1,"tiny_hidden",0.03,0.191040402608842,0.737310477179135
1,3.07255334090449,"Male",46,46704,0,"White","HS","Never",0,"North",-0.354866724665999,2.17255334090449,3.07255334090449,0.9,"hidden_h1_tiny","H1: tiny hidden variable",1,"tiny_hidden",0.03,0.242488845415371,1
0,2.77567007959092,"Male",40,71072,0,"White","HS","Never",0,"Inland",-0.085222166823301,2.77567007959092,3.67567007959092,0.9,"hidden_h1_tiny","H1: tiny hidden variable",1,"tiny_hidden",0.03,0.266019917734326,1.13157121778823
1,3.43434985410047,"Male",59,84614,0,"White","Some college","Never",0,"Coastal",1.46566062228601,2.53434985410047,3.43434985410047,0.9,"hidden_h1_tiny","H1: tiny hidden variable",1,"tiny_hidden",0.03,0.369332819287616,1
0,3.92445633577923,"Female",47,82775,0,"White","Some college","Ever",4,"South",-0.344261157796323,3.92445633577923,4.82445633577923,0.9,"hidden_h1_tiny","H1: tiny hidden variable",1,"tiny_hidden",0.03,0.278738806376182,1.20658211087535
0,2.81877435844994,"Female",32,39927,0,"White","HS","Never",0,"Inland",0.090328334230648,2.81877435844994,3.71877435844994,0.9,"hidden_h1_tiny","H1: tiny hidden variable",1,"tiny_hidden",0.03,0.173053984789688,0.653365889653777
1,5.97002209888079,"Male",53,85414,0,"White","HS","Never",0,"North",0.990127320045145,5.07002209888079,5.97002209888079,0.9,"hidden_h1_tiny","H1: tiny hidden variable",1,"tiny_hidden",0.03,0.338944301472271,1
1,4.61686268874751,"Male",25,46057,0,"White","College+","Never",0,"South",1.97724854005132,3.71686268874751,4.61686268874751,0.9,"hidden_h1_tiny","H1: tiny hidden variable",1,"tiny_hidden",0.03,0.186030433355356,1
0,2.57810305214895,"Male",46,68569,0,"White","HS","Never",0,"North",0.33082879836791,2.57810305214895,3.47810305214895,0.9,"hidden_h1_tiny","H1: tiny hidden variable",1,"tiny_hidden",0.03,0.281205575589189,1.22143747378558
1,3.40694477801437,"Male",37,55474,1,"White","Some college","Ever",4,"Coastal",2.0082109205639,2.50694477801437,3.40694477801437,0.9,"hidden_h1_tiny","H1: tiny hidden variable",1,"tiny_hidden",0.03,0.205208731804107,1
1,3.46554344753313,"Female",57,80490,0,"White","HS","Ever",4,"North",1.39441369371867,2.56554344753313,3.46554344753313,0.9,"hidden_h1_tiny","H1: tiny hidden variable",1,"tiny_hidden",0.03,0.300078082276879,1
0,3.93601087616043,"Female",55,80369,0,"Other","HS","Never",0,"Coastal",0.116763187536001,3.93601087616043,4.83601087616043,0.9,"hidden_h1_tiny","H1: tiny hidden variable",1,"tiny_hidden",0.03,0.314383602369269,1.43162970975558
0,1.85970395662043,"Male",65,35054,0,"White","<HS","Never",0,"Inland",0.586619501397161,1.85970395662043,2.75970395662043,0.9,"hidden_h1_tiny","H1: tiny hidden variable",1,"tiny_hidden",0.03,0.201788436395131,0.789278499343878
1,5.22415451873848,"Male",74,55474,1,"Mexican American","Some college","Never",0,"South",0.138967113623261,4.32415451873848,5.22415451873848,0.9,"hidden_h1_tiny","H1: tiny hidden variable",1,"tiny_hidden",0.03,0.413651474427181,1
0,3.33095193981833,"Female",39,27447,0,"Black","HS","Ever",3,"Coastal",0.783416125397749,3.33095193981833,4.23095193981833,0.9,"hidden_h1_tiny","H1: tiny hidden variable",1,"tiny_hidden",0.03,0.164255748281903,0.613619554754906
0,2.69642196260156,"Female",45,17032,0,"Other","<HS","Ever",1,"South",-0.0641102320897508,2.69642196260156,3.59642196260156,0.9,"hidden_h1_tiny","H1: tiny hidden variable",1,"tiny_hidden",0.03,0.122265517496948,0.434903439567491
0,1.69495908610595,"Male",22,8000,0,"White","Some college","Never",0,"Coastal",-1.07831534861364,1.69495908610595,2.59495908610595,0.9,"hidden_h1_tiny","H1: tiny hidden variable",1,"tiny_hidden",0.03,0.135776754264417,0.490514094885991
0,2.28148668588444,"Female",25,54873,0,"Black","Some college","Never",0,"Inland",-0.639304528432555,2.28148668588444,3.18148668588444,0.9,"hidden_h1_tiny","H1: tiny hidden variable",1,"tiny_hidden",0.03,0.179459425453663,0.682838853061135
0,3.78982035908323,"Female",62,72819,0,"White","HS","Ever",3,"Inland",-0.833842928097888,3.78982035908323,4.68982035908323,0.9,"hidden_h1_tiny","H1: tiny hidden variable",1,"tiny_hidden",0.03,0.307517643192953,1.38647913111897
0,2.57938397238564,"Female",45,55474,1,"Black","HS","Never",0,"South",2.04184559038401,2.57938397238564,3.47938397238564,0.9,"hidden_h1_tiny","H1: tiny hidden variable",1,"tiny_hidden",0.03,0.207131772751043,0.815638504807898
0,1.9243686072612,"Female",39,62640,0,"White","College+","Never",0,"South",2.8642448103702,1.9243686072612,2.8243686072612,0.9,"hidden_h1_tiny","H1: tiny hidden variable",1,"tiny_hidden",0.03,0.227415201095413,0.919020807446398
0,3.67843667500237,"Female",51,49860,0,"White","College+","Ever",4,"South",-0.099640578853746,3.67843667500237,4.57843667500237,0.9,"hidden_h1_tiny","H1: tiny hidden variable",1,"tiny_hidden",0.03,0.229618847250494,0.930580387693427
0,2.71537508039707,"Female",53,42701,0,"Mexican American","Some college","Never",0,"North",1.57503528704185,2.71537508039707,3.61537508039707,0.9,"hidden_h1_tiny","H1: tiny hidden variable",1,"tiny_hidden",0.03,0.304344209793234,1.36591178372916
1,4.03630308491586,"Male",54,90363,0,"Black","College+","Never",0,"Inland",-0.227208562477133,3.13630308491586,4.03630308491586,0.9,"hidden_h1_tiny","H1: tiny hidden variable",1,"tiny_hidden",0.03,0.352718843657344,1
0,2.60010783043082,"Male",73,65632,0,"White","Some college","Never",0,"Coastal",-0.988315605093805,2.60010783043082,3.50010783043082,0.9,"hidden_h1_tiny","H1: tiny hidden variable",1,"tiny_hidden",0.03,0.382883380902965,1.93709663314267
0,3.2647218576878,"Female",53,59791,0,"Mexican American","HS","Ever",6,"South",1.0766920971759,3.2647218576878,4.1647218576878,0.9,"hidden_h1_tiny","H1: tiny hidden variable",1,"tiny_hidden",0.03,0.304646003989981,1.36785966525069
0,1.60622960422778,"Male",36,87985,0,"White","<HS","Ever",8,"North",0.316283743696174,1.60622960422778,2.50622960422778,0.9,"hidden_h1_tiny","H1: tiny hidden variable",1,"tiny_hidden",0.03,0.178014381238367,0.676149734900251
1,2.8442346740086,"Female",43,61398,0,"White","College+","Never",0,"South",0.292292971434541,1.9442346740086,2.8442346740086,0.9,"hidden_h1_tiny","H1: tiny hidden variable",1,"tiny_hidden",0.03,0.237198136471214,1
0,2.1918903416319,"Female",60,36457,0,"White","<HS","Never",0,"North",0.432301283629245,2.1918903416319,3.0918903416319,0.9,"hidden_h1_tiny","H1: tiny hidden variable",1,"tiny_hidden",0.03,0.171350498497321,0.645604443955863
0,3.52339274734751,"Female",34,35935,0,"Mexican American","College+","Ever",4,"Coastal",1.30228291585965,3.52339274734751,4.42339274734751,0.9,"hidden_h1_tiny","H1: tiny hidden variable",1,"tiny_hidden",0.03,0.214748801036185,0.853835390749538
0,2.93813791702228,"Female",40,40147,0,"White","College+","Never",0,"Coastal",0.632284643114347,2.93813791702228,3.83813791702228,0.9,"hidden_h1_tiny","H1: tiny hidden variable",1,"tiny_hidden",0.03,0.195799911446617,0.760151902545314
1,4.39816219171873,"Female",71,68289,0,"White","HS","Ever",5,"Coastal",1.13071334429825,3.49816219171873,4.39816219171873,0.9,"hidden_h1_tiny","H1: tiny hidden variable",1,"tiny_hidden",0.03,0.3208879538831,1
0,2.6123935674058,"Male",43,55196,0,"White","Some college","Never",0,"Inland",0.557626797629139,2.6123935674058,3.5123935674058,0.9,"hidden_h1_tiny","H1: tiny hidden variable",1,"tiny_hidden",0.03,0.255404922531469,1.07093007471983
1,3.40903861643362,"Male",51,63094,0,"Mexican American","<HS","Ever",3,"Inland",0.0510815989555955,2.50903861643362,3.40903861643362,0.9,"hidden_h1_tiny","H1: tiny hidden variable",1,"tiny_hidden",0.03,0.254865222781704,1
0,4.30157846884108,"Male",52,78183,0,"Black","Some college","Never",0,"North",0.198659658084318,4.30157846884108,5.20157846884108,0.9,"hidden_h1_tiny","H1: tiny hidden variable",1,"tiny_hidden",0.03,0.325644317229718,1.50767069869597
0,3.33205083737432,"Female",47,37279,0,"White","Some college","Never",0,"North",-0.472665872174876,3.33205083737432,4.23205083737432,0.9,"hidden_h1_tiny","H1: tiny hidden variable",1,"tiny_hidden",0.03,0.214318022186369,0.851655418399355
0,3.4405341586292,"Female",34,28788,0,"White","Some college","Never",0,"Inland",-0.340110996972379,3.4405341586292,4.3405341586292,0.9,"hidden_h1_tiny","H1: tiny hidden variable",1,"tiny_hidden",0.03,0.169057534641783,0.635207459524498
0,4.09750531323749,"Female",26,34647,0,"Other","Some college","Never",1,"Inland",-0.77869109357206,4.09750531323749,4.99750531323749,0.9,"hidden_h1_tiny","H1: tiny hidden variable",1,"tiny_hidden",0.03,0.159577368987143,0.592823722558259
1,3.76837626064831,"Female",54,39925,0,"White","Some college","Never",0,"North",-0.937742234113302,2.86837626064831,3.76837626064831,0.9,"hidden_h1_tiny","H1: tiny hidden variable",1,"tiny_hidden",0.03,0.238873038515268,1
1,5.19252221860793,"Female",26,59043,0,"White","Some college","Ever",5,"North",0.32084229408444,4.29252221860793,5.19252221860793,0.9,"hidden_h1_tiny","H1: tiny hidden variable",1,"tiny_hidden",0.03,0.1766773605392,1
0,1.9961738419005,"Female",22,40753,0,"White","Some college","Never",0,"South",0.380807536355984,1.9961738419005,2.8961738419005,0.9,"hidden_h1_tiny","H1: tiny hidden variable",1,"tiny_hidden",0.03,0.156920621831424,0.581116980982427
1,4.11666986734588,"Female",21,55474,1,"White","Some college","Ever",6,"North",-0.128144209433469,3.21666986734588,4.11666986734588,0.9,"hidden_h1_tiny","H1: tiny hidden variable",1,"tiny_hidden",0.03,0.1423971554816,1
0,2.83867678526696,"Male",42,71294,0,"White","Some college","Ever",8,"North",-1.24046646422808,2.83867678526696,3.73867678526696,0.9,"hidden_h1_tiny","H1: tiny hidden variable",1,"tiny_hidden",0.03,0.249962184868468,1.04050258715497
0,4.19521989786378,"Female",39,48530,0,"Black","College+","Never",0,"Coastal",1.11404693684505,4.19521989786378,5.09521989786379,0.9,"hidden_h1_tiny","H1: tiny hidden variable",1,"tiny_hidden",0.03,0.202565507355145,0.793090032127464
0,4.25242565124401,"Male",18,59555,0,"White","Some college","Never",0,"North",-0.597564466918796,4.25242565124401,5.15242565124401,0.9,"hidden_h1_tiny","H1: tiny hidden variable",1,"tiny_hidden",0.03,0.190911069590724,0.736693543707356
1,2.8380488652784,"Female",31,55474,1,"White","College+","Ever",7,"Inland",0.601029089770204,1.9380488652784,2.8380488652784,0.9,"hidden_h1_tiny","H1: tiny hidden variable",1,"tiny_hidden",0.03,0.157541133358852,1
0,3.4999318847888,"Male",26,31733,0,"White","HS","Ever",3,"Coastal",0.10530415626291,3.4999318847888,4.3999318847888,0.9,"hidden_h1_tiny","H1: tiny hidden variable",1,"tiny_hidden",0.03,0.160568787656542,0.597211314731839
1,4.9240616857647,"Female",73,64987,0,"Black","HS","Ever",5,"Coastal",-1.2767935189763,4.0240616857647,4.9240616857647,0.9,"hidden_h1_tiny","H1: tiny hidden variable",1,"tiny_hidden",0.03,0.317608581687316,1
0,1.8080757757876,"Female",18,58375,0,"White","<HS","Never",0,"North",-0.616467681383524,1.8080757757876,2.7080757757876,0.9,"hidden_h1_tiny","H1: tiny hidden variable",1,"tiny_hidden",0.03,0.111977772331906,0.393695090715313
1,4.66261664627876,"Female",69,98230,0,"Mexican American","College+","Never",0,"Inland",0.611667843742297,3.76261664627876,4.66261664627876,0.9,"hidden_h1_tiny","H1: tiny hidden variable",1,"tiny_hidden",0.03,0.480942807457663,1
0,5.13290971528202,"Female",36,47396,0,"White","College+","Ever",4,"Coastal",-1.08625626725737,5.13290971528202,6.03290971528202,0.9,"hidden_h1_tiny","H1: tiny hidden variable",1,"tiny_hidden",0.03,0.185196375714578,0.709629307697605
0,1.51770296889771,"Male",34,66256,0,"Black","<HS","Never",0,"Coastal",1.69823254458156,1.51770296889771,2.41770296889771,0.9,"hidden_h1_tiny","H1: tiny hidden variable",1,"tiny_hidden",0.03,0.165161943878036,0.617674624453693
0,1.86086344000606,"Male",20,55474,1,"White","Some college","Never",0,"Inland",0.202734906234768,1.86086344000606,2.76086344000606,0.9,"hidden_h1_tiny","H1: tiny hidden variable",1,"tiny_hidden",0.03,0.172699114557199,0.651746389716858
0,1.9299289176793,"Female",45,50739,0,"Other","College+","Ever",0,"North",-0.390625238790895,1.9299289176793,2.8299289176793,0.9,"hidden_h1_tiny","H1: tiny hidden variable",1,"tiny_hidden",0.03,0.235335418821527,0.960878183468178
0,3.01226075535569,"Male",62,69312,0,"White","<HS","Ever",6,"South",1.20381337672279,3.01226075535569,3.91226075535569,0.9,"hidden_h1_tiny","H1: tiny hidden variable",1,"tiny_hidden",0.03,0.227050450097263,0.917113805247218
0,3.37739495016813,"Male",31,65261,0,"Black","<HS","Ever",5,"South",-0.148175057363631,3.37739495016813,4.27739495016813,0.9,"hidden_h1_tiny","H1: tiny hidden variable",1,"tiny_hidden",0.03,0.145432276310608,0.53133243523672
0,3.38648190730709,"Male",31,44289,0,"White","<HS","Ever",2,"Coastal",-0.179983143869067,3.38648190730709,4.28648190730709,0.9,"hidden_h1_tiny","H1: tiny hidden variable",1,"tiny_hidden",0.03,0.132714328295155,0.477757654729302
1,4.82088568836243,"Female",65,55363,0,"Black","Some college","Never",0,"South",1.59510179117731,3.92088568836243,4.82088568836243,0.9,"hidden_h1_tiny","H1: tiny hidden variable",1,"tiny_hidden",0.03,0.298812861893839,1
0,3.77961438750055,"Male",54,56533,0,"White","College+","Ever",4,"North",-0.756809440732621,3.77961438750055,4.67961438750055,0.9,"hidden_h1_tiny","H1: tiny hidden variable",1,"tiny_hidden",0.03,0.275165638280385,1.18524310808362
0,5.2394389781525,"Male",53,55474,1,"White","<HS","Never",0,"North",0.635591805811793,5.2394389781525,6.1394389781525,0.9,"hidden_h1_tiny","H1: tiny hidden variable",1,"tiny_hidden",0.03,0.18171210106021,0.693313622650399
1,4.02693915453245,"Female",69,87790,0,"White","Some college","Never",0,"South",0.447981541587072,3.12693915453245,4.02693915453245,0.9,"hidden_h1_tiny","H1: tiny hidden variable",1,"tiny_hidden",0.03,0.384311923734203,1
0,3.54746776330541,"Female",39,63118,0,"Mexican American","College+","Ever",6,"North",-1.52200507619341,3.54746776330541,4.44746776330541,0.9,"hidden_h1_tiny","H1: tiny hidden variable",1,"tiny_hidden",0.03,0.267020101002815,1.13737559004856
0,4.38658099538189,"Female",43,85223,0,"White","Some college","Never",0,"Inland",0.348127678784456,4.38658099538189,5.28658099538189,0.9,"hidden_h1_tiny","H1: tiny hidden variable",1,"tiny_hidden",0.03,0.283838345968298,1.23740542629298
0,1.58454573713492,"Female",43,50308,0,"Mexican American","College+","Never",0,"South",-0.269028388819618,1.58454573713492,2.48454573713492,0.9,"hidden_h1_tiny","H1: tiny hidden variable",1,"tiny_hidden",0.03,0.279574114410414,1.21160110625228
0,2.85540349155895,"Female",36,72852,0,"White","Some college","Ever",7,"Inland",-1.16695019566343,2.85540349155895,3.75540349155895,0.9,"hidden_h1_tiny","H1: tiny hidden variable",1,"tiny_hidden",0.03,0.215487828863676,0.857580845116218
0,2.91820206246006,"Female",50,51248,0,"White","College+","Never",0,"South",-0.170584166316581,2.91820206246006,3.81820206246006,0.9,"hidden_h1_tiny","H1: tiny hidden variable",1,"tiny_hidden",0.03,0.241353727612206,0.993268573430406
1,5.55978357842163,"Male",41,79549,0,"White","HS","Never",0,"North",0.0999792902151966,4.65978357842163,5.55978357842163,0.9,"hidden_h1_tiny","H1: tiny hidden variable",1,"tiny_hidden",0.03,0.284840287645722,1
1,3.9859741497438,"Male",38,41051,0,"Black","Some college","Ever",4,"Coastal",1.11992642949901,3.0859741497438,3.9859741497438,0.9,"hidden_h1_tiny","H1: tiny hidden variable",1,"tiny_hidden",0.03,0.202696347582082,1
1,3.40232402695284,"Female",52,62709,0,"White","HS","Ever",7,"Inland",1.27513668003352,2.50232402695284,3.40232402695284,0.9,"hidden_h1_tiny","H1: tiny hidden variable",1,"tiny_hidden",0.03,0.238474020003025,1
0,2.07340193705655,"Male",26,54958,0,"Black","Some college","Never",0,"North",1.39467968468985,2.07340193705655,2.97340193705655,0.9,"hidden_h1_tiny","H1: tiny hidden variable",1,"tiny_hidden",0.03,0.20234742589949,0.792019593033624
0,2.40453305922064,"Male",51,55474,1,"Black","Some college","Never",0,"South",1.09746096261549,2.40453305922064,3.30453305922064,0.9,"hidden_h1_tiny","H1: tiny hidden variable",1,"tiny_hidden",0.03,0.255202139901223,1.06978844784655
0,3.83195528964256,"Male",79,55474,1,"White","Some college","Ever",6,"Inland",0.284321513510627,3.83195528964256,4.73195528964256,0.9,"hidden_h1_tiny","H1: tiny hidden variable",1,"tiny_hidden",0.03,0.330965072572791,1.54449101284255
0,2.65959629238011,"Female",44,56463,0,"White","Some college","Ever",5,"North",0.572180917778906,2.65959629238011,3.55959629238011,0.9,"hidden_h1_tiny","H1: tiny hidden variable",1,"tiny_hidden",0.03,0.220193424099115,0.881595701893397
0,4.877694324535,"Male",46,84596,0,"White","College+","Never",0,"North",-1.05842157038507,4.877694324535,5.777694324535,0.9,"hidden_h1_tiny","H1: tiny hidden variable",1,"tiny_hidden",0.03,0.315483862395007,1.43894922736397
0,2.3194664188847,"Male",51,55474,1,"Black","College+","Ever",6,"Inland",-1.32736253421926,2.3194664188847,3.2194664188847,0.9,"hidden_h1_tiny","H1: tiny hidden variable",1,"tiny_hidden",0.03,0.22977749703044,0.931415163077744
0,3.44855928608404,"Female",44,85479,0,"Mexican American","<HS","Ever",6,"North",0.429900011103849,3.44855928608404,4.34855928608404,0.9,"hidden_h1_tiny","H1: tiny hidden variable",1,"tiny_hidden",0.03,0.234586825186558,0.956884889935653
1,5.09633190908557,"Male",52,70331,0,"White","Some college","Ever",6,"Inland",0.76771098246874,4.19633190908557,5.09633190908557,0.9,"hidden_h1_tiny","H1: tiny hidden variable",1,"tiny_hidden",0.03,0.289760584476556,1
1,3.39270168120334,"Male",32,69466,0,"Other","<HS","Ever",5,"North",-1.30429401700634,2.49270168120334,3.39270168120334,0.9,"hidden_h1_tiny","H1: tiny hidden variable",1,"tiny_hidden",0.03,0.159040799028634,1
0,3.35384419482016,"Female",36,101525,0,"Mexican American","College+","Never",0,"South",0.603622746015512,3.35384419482016,4.25384419482016,0.9,"hidden_h1_tiny","H1: tiny hidden variable",1,"tiny_hidden",0.03,0.356027022788498,1.72610547992638
0,2.54017900419348,"Male",32,83537,0,"White","HS","Never",0,"Coastal",0.321898673207009,2.54017900419348,3.44017900419347,0.9,"hidden_h1_tiny","H1: tiny hidden variable",1,"tiny_hidden",0.03,0.262489926563104,1.11121142282036
0,1.67386259990691,"Female",34,61455,0,"Mexican American","HS","Never",0,"Coastal",-0.0833748451286968,1.67386259990691,2.57386259990691,0.9,"hidden_h1_tiny","H1: tiny hidden variable",1,"tiny_hidden",0.03,0.266933392862534,1.13687176891325
0,2.99394773620953,"Female",59,47604,0,"White","HS","Never",0,"Coastal",0.461343908372008,2.99394773620953,3.89394773620953,0.9,"hidden_h1_tiny","H1: tiny hidden variable",1,"tiny_hidden",0.03,0.259902247082088,1.09640993226934
0,2.98046607138611,"Male",54,57649,0,"White","Some college","Ever",6,"Coastal",0.906158927372004,2.98046607138611,3.88046607138611,0.9,"hidden_h1_tiny","H1: tiny hidden variable",1,"tiny_hidden",0.03,0.27293825597188,1.17204727811634
0,1.08688804299381,"Male",55,38376,0,"Other","Some college","Never",0,"North",-2.54702451576347,1.08688804299381,1.98688804299381,0.9,"hidden_h1_tiny","H1: tiny hidden variable",1,"tiny_hidden",0.03,0.270301304503005,1.15652915169439
0,3.77822412990677,"Female",29,49869,0,"Other","Some college","Never",0,"Inland",1.17032513949131,3.77822412990677,4.67822412990677,0.9,"hidden_h1_tiny","H1: tiny hidden variable",1,"tiny_hidden",0.03,0.19010868175011,0.732870464039604
0,4.08351228591059,"Male",39,30260,0,"White","College+","Ever",5,"Inland",-0.756242866649334,4.08351228591059,4.98351228591059,0.9,"hidden_h1_tiny","H1: tiny hidden variable",1,"tiny_hidden",0.03,0.185307523425705,0.710152071945328
0,3.26722541699998,"Male",42,86058,0,"White","College+","Never",0,"North",1.28272065323011,3.26722541699998,4.16722541699998,0.9,"hidden_h1_tiny","H1: tiny hidden variable",1,"tiny_hidden",0.03,0.304184901968801,1.36488423869003
1,4.1262268301928,"Male",26,59761,0,"White","Some college","Ever",6,"South",0.808888365000049,3.2262268301928,4.1262268301928,0.9,"hidden_h1_tiny","H1: tiny hidden variable",1,"tiny_hidden",0.03,0.194006649193329,1
0,3.75566554310555,"Male",59,44561,0,"White","Some college","Ever",10,"South",0.913131495190836,3.75566554310555,4.65566554310555,0.9,"hidden_h1_tiny","H1: tiny hidden variable",1,"tiny_hidden",0.03,0.24825522920178,1.03105065320307
1,5.57872545649014,"Male",59,98299,0,"White","<HS","Never",0,"North",-0.466554958900872,4.67872545649014,5.57872545649014,0.9,"hidden_h1_tiny","H1: tiny hidden variable",1,"tiny_hidden",0.03,0.290219552958191,1
0,4.77605551297057,"Male",36,88913,0,"White","Some college","Never",0,"Inland",-0.680180384585975,4.77605551297057,5.67605551297057,0.9,"hidden_h1_tiny","H1: tiny hidden variable",1,"tiny_hidden",0.03,0.293880088055408,1.29940255168884
0,3.72457163562673,"Female",44,84100,0,"White","College+","Ever",5,"South",-1.08819105390494,3.72457163562673,4.62457163562673,0.9,"hidden_h1_tiny","H1: tiny hidden variable",1,"tiny_hidden",0.03,0.262112015781046,1.1090433048942
0,2.13411588007694,"Male",23,27908,0,"White","College+","Never",0,"North",0.578960511710647,2.13411588007694,3.03411588007694,0.9,"hidden_h1_tiny","H1: tiny hidden variable",1,"tiny_hidden",0.03,0.157673307586686,0.584426132703761
0,2.44193222622596,"Female",49,55474,1,"White","HS","Never",0,"Inland",-0.387009157648736,2.44193222622596,3.34193222622596,0.9,"hidden_h1_tiny","H1: tiny hidden variable",1,"tiny_hidden",0.03,0.221297490882292,0.887272309686239
0,2.3716829735601,"Male",33,36316,0,"Other","Some college","Never",0,"North",0.537297315234235,2.3716829735601,3.2716829735601,0.9,"hidden_h1_tiny","H1: tiny hidden variable",1,"tiny_hidden",0.03,0.201587465214636,0.788293943318802
0,1.86564932903965,"Female",21,18303,0,"White","HS","Never",0,"Inland",-1.89868517559018,1.86564932903965,2.76564932903965,0.9,"hidden_h1_tiny","H1: tiny hidden variable",1,"tiny_hidden",0.03,0.125129966144468,0.446549696086636
0,2.65204660561365,"Female",50,50622,0,"White","Some college","Never",0,"North",-1.85215785050371,2.65204660561365,3.55204660561365,0.9,"hidden_h1_tiny","H1: tiny hidden variable",1,"tiny_hidden",0.03,0.244717366463817,1.01159646662315
0,4.43489789311903,"Male",32,46752,0,"White","Some college","Ever",5,"Coastal",-1.21389186329508,4.43489789311903,5.33489789311903,0.9,"hidden_h1_tiny","H1: tiny hidden variable",1,"tiny_hidden",0.03,0.194439859861416,0.753597315912644
1,4.06906565921192,"Female",48,71812,0,"White","HS","Ever",3,"North",-2.17126955608598,3.16906565921192,4.06906565921192,0.9,"hidden_h1_tiny","H1: tiny hidden variable",1,"tiny_hidden",0.03,0.258671442149996,1
0,2.52939833506869,"Female",50,24307,0,"White","Some college","Ever",5,"North",-0.351248631759543,2.52939833506869,3.42939833506869,0.9,"hidden_h1_tiny","H1: tiny hidden variable",1,"tiny_hidden",0.03,0.188442885701947,0.724957703791377
0,3.03467612277127,"Female",40,67001,0,"White","Some college","Never",0,"Coastal",0.5452111520111,3.03467612277127,3.93467612277127,0.9,"hidden_h1_tiny","H1: tiny hidden variable",1,"tiny_hidden",0.03,0.241886442696901,0.996160407804044
1,5.93571354854027,"Female",52,51637,0,"White","HS","Ever",2,"Inland",0.525257722185049,5.03571354854027,5.93571354854027,0.9,"hidden_h1_tiny","H1: tiny hidden variable",1,"tiny_hidden",0.03,0.240674110176964,1
0,3.07841677007367,"Female",26,30434,0,"White","HS","Never",0,"Coastal",-0.613573249974462,3.07841677007367,3.97841677007367,0.9,"hidden_h1_tiny","H1: tiny hidden variable",1,"tiny_hidden",0.03,0.14797022379613,0.542215053253554
0,3.69819671244427,"Female",54,48580,0,"Other","HS","Ever",9,"North",0.253383693511766,3.69819671244427,4.59819671244427,0.9,"hidden_h1_tiny","H1: tiny hidden variable",1,"tiny_hidden",0.03,0.219157653408328,0.876284835463675
1,4.7001567618113,"Female",62,59452,0,"White","Some college","Ever",4,"Coastal",0.530609989492011,3.8001567618113,4.7001567618113,0.9,"hidden_h1_tiny","H1: tiny hidden variable",1,"tiny_hidden",0.03,0.285725729053126,1
1,2.66198892183798,"Female",29,78113,0,"White","College+","Ever",2,"Inland",0.417249010521207,1.76198892183798,2.66198892183798,0.9,"hidden_h1_tiny","H1: tiny hidden variable",1,"tiny_hidden",0.03,0.219220519768986,1
1,5.85133822772504,"Female",32,44030,0,"Black","HS","Never",0,"North",-0.996847854879822,4.95133822772504,5.85133822772504,0.9,"hidden_h1_tiny","H1: tiny hidden variable",1,"tiny_hidden",0.03,0.175893836948933,1
0,3.57440800683918,"Female",60,44295,0,"Mexican American","<HS","Ever",4,"South",0.580103324798951,3.57440800683918,4.47440800683918,0.9,"hidden_h1_tiny","H1: tiny hidden variable",1,"tiny_hidden",0.03,0.222711730816111,0.894567244594893
1,4.37459377135936,"Male",43,70794,0,"White","College+","Never",0,"South",0.909532741026014,3.47459377135936,4.37459377135936,0.9,"hidden_h1_tiny","H1: tiny hidden variable",1,"tiny_hidden",0.03,0.278700112283219,1
0,4.30838054008953,"Female",58,48515,0,"White","Some college","Ever",6,"North",-0.00817775907835865,4.30838054008953,5.20838054008953,0.9,"hidden_h1_tiny","H1: tiny hidden variable",1,"tiny_hidden",0.03,0.244476836619278,1.01028044295426
0,2.28260130582085,"Male",79,65262,0,"White","Some college","Ever",4,"North",0.787871389993578,2.28260130582085,3.18260130582085,0.9,"hidden_h1_tiny","H1: tiny hidden variable",1,"tiny_hidden",0.03,0.389275011076651,1.99004477431544
0,4.20245336330918,"Male",58,64929,0,"Mexican American","College+","Ever",3,"Coastal",1.13875591918635,4.20245336330918,5.10245336330918,0.9,"hidden_h1_tiny","H1: tiny hidden variable",1,"tiny_hidden",0.03,0.382420272449687,1.93330283301378
1,4.49730885755435,"Female",24,70432,0,"Mexican American","HS","Never",0,"North",0.0178442723749245,3.59730885755435,4.49730885755435,0.9,"hidden_h1_tiny","H1: tiny hidden variable",1,"tiny_hidden",0.03,0.25095577341058,1
0,3.58328736072726,"Male",52,67953,0,"White","<HS","Never",0,"Inland",-0.104395506367709,3.58328736072726,4.48328736072726,0.9,"hidden_h1_tiny","H1: tiny hidden variable",1,"tiny_hidden",0.03,0.216078775325849,0.860580891990932
0,4.12609918884967,"Female",66,78339,0,"White","<HS","Ever",4,"North",-3.6051805852458,4.12609918884967,5.02609918884967,0.9,"hidden_h1_tiny","H1: tiny hidden variable",1,"tiny_hidden",0.03,0.238396217801953,0.977287358738937
1,5.58172847940112,"Female",74,56880,0,"White","College+","Never",0,"North",0.691912143178648,4.68172847940112,5.58172847940112,0.9,"hidden_h1_tiny","H1: tiny hidden variable",1,"tiny_hidden",0.03,0.332684983835718,1
0,2.47736201438832,"Male",18,13720,0,"White","College+","Ever",7,"Inland",0.648343544914566,2.47736201438832,3.37736201438832,0.9,"hidden_h1_tiny","H1: tiny hidden variable",1,"tiny_hidden",0.03,0.116516398193408,0.411756601144285
1,3.44917768953892,"Male",48,18394,0,"White","College+","Never",0,"Inland",-0.462442835984371,2.54917768953892,3.44917768953892,0.9,"hidden_h1_tiny","H1: tiny hidden variable",1,"tiny_hidden",0.03,0.206062576693965,1
0,2.52286111592155,"Female",58,60930,0,"Black","<HS","Ever",3,"North",0.261408529319856,2.52286111592155,3.42286111592155,0.9,"hidden_h1_tiny","H1: tiny hidden variable",1,"tiny_hidden",0.03,0.19016911607665,0.733158147318878
1,3.9518543756461,"Female",29,54732,0,"Black","HS","Never",0,"Coastal",0.0971232045678483,3.0518543756461,3.9518543756461,0.9,"hidden_h1_tiny","H1: tiny hidden variable",1,"tiny_hidden",0.03,0.183033493373428,1
0,2.35635614532909,"Male",18,55474,1,"Mexican American","HS","Never",0,"South",1.81715833297752,2.35635614532909,3.25635614532909,0.9,"hidden_h1_tiny","H1: tiny hidden variable",1,"tiny_hidden",0.03,0.211258838082181,0.836242803432187
0,2.17937083582655,"Male",52,79494,0,"Other","Some college","Ever",4,"Coastal",0.29615507179622,2.17937083582655,3.07937083582655,0.9,"hidden_h1_tiny","H1: tiny hidden variable",1,"tiny_hidden",0.03,0.324189145748121,1.49770168935739
0,2.92761868498858,"Male",54,72422,0,"White","HS","Ever",5,"Coastal",0.374394407171891,2.92761868498858,3.82761868498858,0.9,"hidden_h1_tiny","H1: tiny hidden variable",1,"tiny_hidden",0.03,0.296841800337367,1.31802614051982
0,3.19350706896487,"Male",38,26618,0,"Mexican American","Some college","Ever",3,"South",-0.336687110703632,3.19350706896487,4.09350706896487,0.9,"hidden_h1_tiny","H1: tiny hidden variable",1,"tiny_hidden",0.03,0.2426853111731,1.00050467623888
0,4.46283951036217,"Male",30,57716,0,"White","<HS","Ever",13,"Coastal",0.8272974339306,4.46283951036217,5.36283951036217,0.9,"hidden_h1_tiny","H1: tiny hidden variable",1,"tiny_hidden",0.03,0.117058138525297,0.413924867249968
1,4.09380073016444,"Female",40,60684,0,"Mexican American","College+","Never",0,"South",-0.982383090492809,3.19380073016444,4.09380073016444,0.9,"hidden_h1_tiny","H1: tiny hidden variable",1,"tiny_hidden",0.03,0.288829410788475,1
1,4.8861414523041,"Male",39,53156,0,"Mexican American","Some college","Ever",12,"Coastal",-0.429392048984346,3.9861414523041,4.8861414523041,0.9,"hidden_h1_tiny","H1: tiny hidden variable",1,"tiny_hidden",0.03,0.253021745381454,1
0,1.36789866593226,"Female",59,51712,0,"White","HS","Never",0,"Coastal",-0.0892944704755258,1.36789866593226,2.26789866593226,0.9,"hidden_h1_tiny","H1: tiny hidden variable",1,"tiny_hidden",0.03,0.26721687033303,1.1385193684532
0,4.277340476051,"Female",40,55474,1,"White","College+","Ever",7,"South",-0.141270417437147,4.277340476051,5.177340476051,0.9,"hidden_h1_tiny","H1: tiny hidden variable",1,"tiny_hidden",0.03,0.178350689396283,0.677704406625317
0,2.66155982204271,"Male",25,50993,0,"White","College+","Never",0,"Coastal",-0.69828417484828,2.66155982204271,3.56155982204271,0.9,"hidden_h1_tiny","H1: tiny hidden variable",1,"tiny_hidden",0.03,0.192985120881499,0.746610849467467
0,3.68490194662501,"Female",66,63148,0,"White","Some college","Never",0,"Inland",-1.06062111162712,3.68490194662501,4.58490194662501,0.9,"hidden_h1_tiny","H1: tiny hidden variable",1,"tiny_hidden",0.03,0.321464897483679,1.47915351316578
1,4.90350796696979,"Male",28,62881,0,"Mexican American","Some college","Never",0,"South",0.651889066445117,4.00350796696979,4.90350796696979,0.9,"hidden_h1_tiny","H1: tiny hidden variable",1,"tiny_hidden",0.03,0.284005564103332,1
0,2.2356100411738,"Male",22,31051,0,"Black","College+","Ever",7,"South",-0.513758882473177,2.2356100411738,3.1356100411738,0.9,"hidden_h1_tiny","H1: tiny hidden variable",1,"tiny_hidden",0.03,0.139612563400531,0.506620143205361
1,4.20628069752208,"Male",40,29817,0,"White","Some college","Ever",6,"South",0.527901172438794,3.30628069752208,4.20628069752208,0.9,"hidden_h1_tiny","H1: tiny hidden variable",1,"tiny_hidden",0.03,0.187399371478575,1
0,4.24739400934932,"Female",55,55474,1,"Black","Some college","Never",0,"Coastal",-0.0432886552451786,4.24739400934932,5.14739400934932,0.9,"hidden_h1_tiny","H1: tiny hidden variable",1,"tiny_hidden",0.03,0.243095235897468,1.00273741805635
1,2.99864132883975,"Male",73,68484,0,"White","HS","Never",0,"Inland",0.0807747313334987,2.09864132883975,2.99864132883975,0.9,"hidden_h1_tiny","H1: tiny hidden variable",1,"tiny_hidden",0.03,0.379413076559748,1
0,3.51058018523715,"Male",62,87725,0,"White","College+","Ever",4,"North",-1.29727747384259,3.51058018523715,4.41058018523715,0.9,"hidden_h1_tiny","H1: tiny hidden variable",1,"tiny_hidden",0.03,0.365888300690307,1.80150208666244
0,3.39638902239465,"Female",34,53145,0,"White","HS","Never",0,"Inland",-2.2713849853813,3.39638902239465,4.29638902239465,0.9,"hidden_h1_tiny","H1: tiny hidden variable",1,"tiny_hidden",0.03,0.196274498490404,0.762444332239202
0,3.47041707014669,"Female",43,44399,0,"Black","Some college","Never",0,"Coastal",0.0755136446201811,3.47041707014669,4.37041707014669,0.9,"hidden_h1_tiny","H1: tiny hidden variable",1,"tiny_hidden",0.03,0.211159273945681,0.835743193442072
1,5.54017442428751,"Male",18,15145,0,"Mexican American","HS","Never",0,"Inland",0.876408165929673,4.6401744242875,5.54017442428751,0.9,"hidden_h1_tiny","H1: tiny hidden variable",1,"tiny_hidden",0.03,0.17233984385068,1
1,3.46397367277919,"Male",52,46806,0,"White","Some college","Ever",6,"South",1.47937560596082,2.56397367277919,3.46397367277919,0.9,"hidden_h1_tiny","H1: tiny hidden variable",1,"tiny_hidden",0.03,0.247429429821493,1
0,1.42427420346627,"Male",51,56479,0,"White","Some college","Ever",3,"South",0.385665212726862,1.42427420346627,2.32427420346627,0.9,"hidden_h1_tiny","H1: tiny hidden variable",1,"tiny_hidden",0.03,0.274482061239689,1.1811847295561
1,5.9517889331088,"Female",65,22608,0,"Mexican American","HS","Never",0,"South",0.331315942693637,5.0517889331088,5.9517889331088,0.9,"hidden_h1_tiny","H1: tiny hidden variable",1,"tiny_hidden",0.03,0.298774372139647,1
0,2.91979980189501,"Male",45,47604,0,"White","College+","Ever",3,"Coastal",1.35302387410608,2.91979980189501,3.81979980189501,0.9,"hidden_h1_tiny","H1: tiny hidden variable",1,"tiny_hidden",0.03,0.235622324313925,0.962410723775173
1,5.02077388033955,"Female",36,69573,0,"Mexican American","College+","Never",0,"Coastal",2.74393852143572,4.12077388033955,5.02077388033955,0.9,"hidden_h1_tiny","H1: tiny hidden variable",1,"tiny_hidden",0.03,0.291980816767167,1
0,3.26575029834694,"Male",38,50147,0,"Mexican American","<HS","Ever",3,"Coastal",0.136138203251469,3.26575029834694,4.16575029834694,0.9,"hidden_h1_tiny","H1: tiny hidden variable",1,"tiny_hidden",0.03,0.196717039778899,0.764584409761326
0,3.61709666036927,"Male",71,55474,1,"White","Some college","Never",0,"North",1.71510367639614,3.61709666036927,4.51709666036927,0.9,"hidden_h1_tiny","H1: tiny hidden variable",1,"tiny_hidden",0.03,0.326985377962766,1.5168961354778
1,2.95901610634744,"Female",43,46400,0,"White","Some college","Never",0,"Coastal",0.654885585930843,2.05901610634744,2.95901610634744,0.9,"hidden_h1_tiny","H1: tiny hidden variable",1,"tiny_hidden",0.03,0.217266138912473,1
0,1.82119423096644,"Female",63,75304,0,"Black","Some college","Ever",3,"Inland",1.24169070450087,1.82119423096644,2.72119423096644,0.9,"hidden_h1_tiny","H1: tiny hidden variable",1,"tiny_hidden",0.03,0.320944277886873,1.4756257876134
0,3.39310930863028,"Male",68,77946,0,"White","HS","Never",0,"Inland",0.531566039482566,3.39310930863028,4.29310930863028,0.9,"hidden_h1_tiny","H1: tiny hidden variable",1,"tiny_hidden",0.03,0.380352009706512,1.91642877087277
0,3.00162233780394,"Male",39,76108,0,"White","College+","Never",0,"North",-2.1268580848585,3.00162233780394,3.90162233780394,0.9,"hidden_h1_tiny","H1: tiny hidden variable",1,"tiny_hidden",0.03,0.275194886573789,1.18541692519211
0,4.73975129146995,"Female",52,67624,0,"White","College+","Never",0,"North",-0.797719959222715,4.73975129146995,5.63975129146996,0.9,"hidden_h1_tiny","H1: tiny hidden variable",1,"tiny_hidden",0.03,0.276496385037438,1.19316571210394
0,2.27605408525471,"Female",18,19259,0,"Mexican American","College+","Never",0,"Coastal",0.145882130099073,2.27605408525471,3.17605408525471,0.9,"hidden_h1_tiny","H1: tiny hidden variable",1,"tiny_hidden",0.03,0.161714705914809,0.602295585726922
1,4.46751892433687,"Male",72,98044,0,"Mexican American","Some college","Never",0,"South",-1.21106652061215,3.56751892433687,4.46751892433687,0.9,"hidden_h1_tiny","H1: tiny hidden variable",1,"tiny_hidden",0.03,0.531640254158897,1
1,2.04825948528354,"Male",42,57514,0,"Black","College+","Ever",7,"South",0.363364007145805,1.14825948528354,2.04825948528354,0.9,"hidden_h1_tiny","H1: tiny hidden variable",1,"tiny_hidden",0.03,0.223661502531366,1
0,3.62004986024592,"Female",29,41496,0,"White","Some college","Never",0,"South",-0.275089922100659,3.62004986024592,4.52004986024592,0.9,"hidden_h1_tiny","H1: tiny hidden variable",1,"tiny_hidden",0.03,0.173853898772174,0.657021511669653
0,3.42191412994717,"Male",73,26295,0,"Other","College+","Ever",10,"North",-1.04379471128045,3.42191412994717,4.32191412994717,0.9,"hidden_h1_tiny","H1: tiny hidden variable",1,"tiny_hidden",0.03,0.262075611163907,1.10883456465454
0,2.30802046437109,"Male",22,58136,0,"White","HS","Never",0,"North",-1.12373718615203,2.30802046437109,3.20802046437109,0.9,"hidden_h1_tiny","H1: tiny hidden variable",1,"tiny_hidden",0.03,0.192827650742332,0.745856100712104
0,1.75426006949148,"Male",37,42987,0,"White","College+","Ever",5,"Coastal",-1.36758884871778,1.75426006949148,2.65426006949148,0.9,"hidden_h1_tiny","H1: tiny hidden variable",1,"tiny_hidden",0.03,0.198266774608157,0.772097367908194
0,2.48118841781592,"Female",40,55474,1,"White","Some college","Ever",5,"Coastal",-0.535093719136447,2.48118841781592,3.38118841781592,0.9,"hidden_h1_tiny","H1: tiny hidden variable",1,"tiny_hidden",0.03,0.188762118688089,0.726471587311497
0,2.58019832122301,"Female",49,64927,0,"White","Some college","Never",0,"Coastal",-2.10824041995534,2.58019832122301,3.48019832122301,0.9,"hidden_h1_tiny","H1: tiny hidden variable",1,"tiny_hidden",0.03,0.266526912417124,1.13451148606831
0,0.709389555735001,"Male",46,79289,0,"Black","HS","Never",0,"North",-1.07600593766722,0.709389555735001,1.609389555735,0.9,"hidden_h1_tiny","H1: tiny hidden variable",1,"tiny_hidden",0.03,0.297743387668397,1.32372661400724
1,2.96845979251785,"Female",28,32498,0,"Mexican American","HS","Never",0,"Inland",-0.635644784066845,2.06845979251785,2.96845979251785,0.9,"hidden_h1_tiny","H1: tiny hidden variable",1,"tiny_hidden",0.03,0.201768449819405,1
0,3.21930137090544,"Female",32,64994,0,"White","Some college","Never",0,"Coastal",3.51908088015936,3.21930137090544,4.11930137090544,0.9,"hidden_h1_tiny","H1: tiny hidden variable",1,"tiny_hidden",0.03,0.21529651890222,0.856610593596641
0,4.70934923152843,"Male",40,44477,0,"White","HS","Ever",4,"North",0.897768866886105,4.70934923152843,5.60934923152843,0.9,"hidden_h1_tiny","H1: tiny hidden variable",1,"tiny_hidden",0.03,0.209503533514646,0.827453184308329
0,1.49714577618493,"Female",23,54787,0,"White","College+","Never",0,"South",-0.349232272893997,1.49714577618493,2.39714577618493,0.9,"hidden_h1_tiny","H1: tiny hidden variable",1,"tiny_hidden",0.03,0.173641811214533,0.656051578055678
1,4.76498560953496,"Male",30,42067,0,"Mexican American","College+","Never",0,"South",0.182223632307739,3.86498560953496,4.76498560953496,0.9,"hidden_h1_tiny","H1: tiny hidden variable",1,"tiny_hidden",0.03,0.248518643038652,1
1,3.44487440718875,"Female",51,30591,0,"White","College+","Never",0,"Coastal",-1.1158439746325,2.54487440718875,3.44487440718875,0.9,"hidden_h1_tiny","H1: tiny hidden variable",1,"tiny_hidden",0.03,0.211114803517782,1
0,3.02175540408572,"Female",32,50083,0,"Mexican American","HS","Never",0,"Inland",-0.137464878566817,3.02175540408572,3.92175540408572,0.9,"hidden_h1_tiny","H1: tiny hidden variable",1,"tiny_hidden",0.03,0.240910517186685,0.990865706738134
1,3.88040992512636,"Male",47,81201,0,"White","Some college","Ever",4,"South",1.26906104067143,2.98040992512636,3.88040992512636,0.9,"hidden_h1_tiny","H1: tiny hidden variable",1,"tiny_hidden",0.03,0.302761342064869,1
0,3.33397235084574,"Male",49,53348,0,"Black","College+","Ever",6,"North",-0.579388277935061,3.33397235084574,4.23397235084574,0.9,"hidden_h1_tiny","H1: tiny hidden variable",1,"tiny_hidden",0.03,0.241587524297098,0.994537234357626
1,5.40527421966436,"Female",55,45595,0,"White","College+","Ever",6,"South",1.07880073383914,4.50527421966436,5.40527421966436,0.9,"hidden_h1_tiny","H1: tiny hidden variable",1,"tiny_hidden",0.03,0.226391958489369,1
0,2.41372014145018,"Female",73,51725,0,"Black","<HS","Never",0,"Coastal",-0.467598750535499,2.41372014145018,3.31372014145018,0.9,"hidden_h1_tiny","H1: tiny hidden variable",1,"tiny_hidden",0.03,0.224678556494776,0.904756770389375
0,4.15829266680863,"Female",60,56920,0,"Black","College+","Never",0,"Coastal",1.25970354953089,4.15829266680863,5.05829266680863,0.9,"hidden_h1_tiny","H1: tiny hidden variable",1,"tiny_hidden",0.03,0.279786620085545,1.21287981622043
0,3.23831999368302,"Female",55,52744,0,"White","<HS","Never",0,"North",0.167053198551641,3.23831999368302,4.13831999368302,0.9,"hidden_h1_tiny","H1: tiny hidden variable",1,"tiny_hidden",0.03,0.18101488193831,0.690065449568629
0,2.75233523220822,"Female",56,44552,0,"White","College+","Never",0,"North",-1.02655756925356,2.75233523220822,3.65233523220822,0.9,"hidden_h1_tiny","H1: tiny hidden variable",1,"tiny_hidden",0.03,0.248371234524005,1.03169165038284
0,3.23419920394974,"Female",54,31004,0,"Mexican American","Some college","Ever",8,"Coastal",0.718816410224373,3.23419920394974,4.13419920394974,0.9,"hidden_h1_tiny","H1: tiny hidden variable",1,"tiny_hidden",0.03,0.25400078925463,1.06303780687972
0,3.03128287808904,"Male",58,104657,0,"White","HS","Never",0,"Coastal",2.99228233896884,3.03128287808904,3.93128287808904,0.9,"hidden_h1_tiny","H1: tiny hidden variable",1,"tiny_hidden",0.03,0.399237396501319,2.07481957376313
0,3.1232508094674,"Female",39,42146,0,"Mexican American","College+","Never",0,"Coastal",-0.667271661018787,3.1232508094674,4.0232508094674,0.9,"hidden_h1_tiny","H1: tiny hidden variable",1,"tiny_hidden",0.03,0.25204959101604,1.05211982835774
0,2.04769364574064,"Male",59,63746,0,"White","HS","Never",0,"North",-0.593231217011602,2.04769364574064,2.94769364574064,0.9,"hidden_h1_tiny","H1: tiny hidden variable",1,"tiny_hidden",0.03,0.317040961212713,1.44934818571828
0,1.4325036691799,"Male",18,23980,0,"White","HS","Never",0,"Coastal",0.459963478055628,1.4325036691799,2.3325036691799,0.9,"hidden_h1_tiny","H1: tiny hidden variable",1,"tiny_hidden",0.03,0.140475117874576,0.510261691138594
1,6.44754263941233,"Male",70,80341,0,"Other","Some college","Ever",9,"Coastal",0.328619429230548,5.54754263941233,6.44754263941233,0.9,"hidden_h1_tiny","H1: tiny hidden variable",1,"tiny_hidden",0.03,0.367649011585278,1
0,2.19145522930096,"Female",33,57632,0,"White","HS","Ever",4,"Coastal",-0.479253649291249,2.19145522930096,3.09145522930096,0.9,"hidden_h1_tiny","H1: tiny hidden variable",1,"tiny_hidden",0.03,0.189361227802035,0.729315932785875
1,4.01196679003306,"Female",33,32567,0,"White","<HS","Ever",8,"Coastal",0.465760615876393,3.11196679003306,4.01196679003306,0.9,"hidden_h1_tiny","H1: tiny hidden variable",1,"tiny_hidden",0.03,0.0980618091982614,1
0,3.9401503441059,"Female",36,55474,1,"White","Some college","Never",0,"Inland",0.518537437396146,3.9401503441059,4.8401503441059,0.9,"hidden_h1_tiny","H1: tiny hidden variable",1,"tiny_hidden",0.03,0.192697573773655,0.745232868508551
0,5.00155602762426,"Female",46,43053,0,"White","HS","Ever",6,"Coastal",-1.19488932671001,5.00155602762426,5.90155602762426,0.9,"hidden_h1_tiny","H1: tiny hidden variable",1,"tiny_hidden",0.03,0.19496825565884,0.756141218004249
0,1.93081680427499,"Male",49,55474,1,"White","College+","Never",0,"Inland",-1.41220615469649,1.93081680427499,2.83081680427499,0.9,"hidden_h1_tiny","H1: tiny hidden variable",1,"tiny_hidden",0.03,0.247817308687507,1.02863266848853
0,3.71925209395244,"Male",72,48512,0,"White","<HS","Never",0,"Inland",1.62502794710506,3.71925209395244,4.61925209395245,0.9,"hidden_h1_tiny","H1: tiny hidden variable",1,"tiny_hidden",0.03,0.24310342033563,1.00278202095695
0,3.11872628149361,"Male",43,30019,0,"White","Some college","Never",0,"Coastal",0.462289721582534,3.11872628149361,4.01872628149361,0.9,"hidden_h1_tiny","H1: tiny hidden variable",1,"tiny_hidden",0.03,0.21400209664863,0.850058184323911
1,2.60415881339936,"Male",68,85810,0,"White","<HS","Never",0,"Coastal",0.379877678036345,1.70415881339936,2.60415881339936,0.9,"hidden_h1_tiny","H1: tiny hidden variable",1,"tiny_hidden",0.03,0.297377417039288,1
0,4.3385328478464,"Female",63,55585,0,"White","College+","Never",0,"Inland",-0.641454855979608,4.3385328478464,5.2385328478464,0.9,"hidden_h1_tiny","H1: tiny hidden variable",1,"tiny_hidden",0.03,0.291078636270127,1.28192990713626
0,2.96247872976206,"Male",48,23532,0,"Mexican American","College+","Ever",7,"Coastal",2.04218697395856,2.96247872976206,3.86247872976206,0.9,"hidden_h1_tiny","H1: tiny hidden variable",1,"tiny_hidden",0.03,0.24682207952037,1.02314795188907
0,3.80888428341208,"Male",38,38676,0,"White","HS","Ever",4,"South",0.594722304118868,3.80888428341208,4.70888428341208,0.9,"hidden_h1_tiny","H1: tiny hidden variable",1,"tiny_hidden",0.03,0.195561753881495,0.75900253331412
0,2.27286375395661,"Female",21,34657,0,"White","College+","Ever",6,"South",0.221108338913371,2.27286375395661,3.17286375395661,0.9,"hidden_h1_tiny","H1: tiny hidden variable",1,"tiny_hidden",0.03,0.130979957687073,0.470573065330848
0,2.63484105891209,"Female",55,55474,1,"Mexican American","HS","Never",0,"North",-1.15473393910652,2.63484105891209,3.53484105891209,0.9,"hidden_h1_tiny","H1: tiny hidden variable",1,"tiny_hidden",0.03,0.30249012208735,1.35398186404352
0,1.56033473836119,"Male",29,44914,0,"Other","College+","Never",0,"North",-0.560344402065922,1.56033473836119,2.46033473836119,0.9,"hidden_h1_tiny","H1: tiny hidden variable",1,"tiny_hidden",0.03,0.199758295512313,0.779355590687996
0,3.26264383537136,"Female",53,22094,0,"Black","<HS","Never",0,"Inland",-0.527653562647513,3.26264383537136,4.16264383537136,0.9,"hidden_h1_tiny","H1: tiny hidden variable",1,"tiny_hidden",0.03,0.136847116494942,0.494994003128174
0,3.84972980748715,"Female",40,34016,0,"White","College+","Ever",10,"Coastal",0.436683005640928,3.84972980748715,4.74972980748715,0.9,"hidden_h1_tiny","H1: tiny hidden variable",1,"tiny_hidden",0.03,0.157837339295238,0.585148076311864
0,3.15577956988871,"Male",29,53623,0,"Mexican American","HS","Ever",4,"Coastal",0.778323708769494,3.15577956988871,4.05577956988871,0.9,"hidden_h1_tiny","H1: tiny hidden variable",1,"tiny_hidden",0.03,0.249187711004657,1.03620876308562
0,4.09345349703799,"Male",43,62467,0,"White","HS","Ever",4,"Inland",0.245193184235302,4.09345349703799,4.99345349703799,0.9,"hidden_h1_tiny","H1: tiny hidden variable",1,"tiny_hidden",0.03,0.247277542874233,1.02565621446754
0,2.92086326623084,"Female",49,76994,0,"White","Some college","Ever",10,"North",-0.686067801180784,2.92086326623084,3.82086326623084,0.9,"hidden_h1_tiny","H1: tiny hidden variable",1,"tiny_hidden",0.03,0.248427326129428,1.03200166024409
0,1.93962909751044,"Male",44,49719,0,"Mexican American","<HS","Never",0,"South",0.0587472818857982,1.93962909751044,2.83962909751044,0.9,"hidden_h1_tiny","H1: tiny hidden variable",1,"tiny_hidden",0.03,0.220081642587291,0.881021868317963
0,3.17666384721825,"Male",48,33765,0,"Black","<HS","Ever",7,"Coastal",1.55883293639351,3.17666384721825,4.07666384721825,0.9,"hidden_h1_tiny","H1: tiny hidden variable",1,"tiny_hidden",0.03,0.13898962027256,0.503994728192152
1,2.42920395282349,"Male",54,87087,0,"Black","Some college","Never",0,"North",-0.328977947809177,1.52920395282349,2.42920395282349,0.9,"hidden_h1_tiny","H1: tiny hidden variable",1,"tiny_hidden",0.03,0.351343914725675,1
1,3.7746602161058,"Female",53,94506,0,"White","<HS","Never",0,"South",1.87044158807071,2.8746602161058,3.7746602161058,0.9,"hidden_h1_tiny","H1: tiny hidden variable",1,"tiny_hidden",0.03,0.238761199662303,1
0,2.07115744559972,"Female",53,47049,0,"Mexican American","HS","Never",0,"South",-2.58646265139979,2.07115744559972,2.97115744559972,0.9,"hidden_h1_tiny","H1: tiny hidden variable",1,"tiny_hidden",0.03,0.304135062832545,1.36456286988537
0,3.36279726001899,"Male",49,87340,0,"Mexican American","College+","Never",0,"Coastal",0.682772357275864,3.36279726001899,4.26279726001899,0.9,"hidden_h1_tiny","H1: tiny hidden variable",1,"tiny_hidden",0.03,0.406978626626528,2.14266002897524
0,3.98857954498608,"Male",38,65167,0,"Mexican American","Some college","Ever",7,"Inland",-2.56696531071527,3.98857954498608,4.88857954498608,0.9,"hidden_h1_tiny","H1: tiny hidden variable",1,"tiny_hidden",0.03,0.294156674600731,1.30113514363595
0,1.92799140617037,"Male",18,44355,0,"Mexican American","HS","Never",0,"North",-0.349565298117763,1.92799140617037,2.82799140617037,0.9,"hidden_h1_tiny","H1: tiny hidden variable",1,"tiny_hidden",0.03,0.213970381031876,0.849897909660044
0,1.78042095921845,"Male",55,61862,0,"White","Some college","Ever",3,"South",-1.38394763049562,1.78042095921845,2.68042095921845,0.9,"hidden_h1_tiny","H1: tiny hidden variable",1,"tiny_hidden",0.03,0.29810057449845,1.32598905221128
0,5.201560047617,"Male",40,33144,0,"White","HS","Never",0,"Coastal",-0.177682139051572,5.201560047617,6.101560047617,0.9,"hidden_h1_tiny","H1: tiny hidden variable",1,"tiny_hidden",0.03,0.203774494846441,0.79903490699761
0,1.57305570180673,"Female",26,49620,0,"Mexican American","College+","Never",0,"North",-1.14853950171814,1.57305570180673,2.47305570180673,0.9,"hidden_h1_tiny","H1: tiny hidden variable",1,"tiny_hidden",0.03,0.225399049173146,0.908502373549993
1,4.04638482062945,"Female",41,50002,0,"White","College+","Never",0,"South",-0.0509331190847837,3.14638482062945,4.04638482062945,0.9,"hidden_h1_tiny","H1: tiny hidden variable",1,"tiny_hidden",0.03,0.213193963448239,1
0,2.36345500737617,"Female",34,37094,0,"White","<HS","Ever",5,"Coastal",0.970985980513859,2.36345500737617,3.26345500737617,0.9,"hidden_h1_tiny","H1: tiny hidden variable",1,"tiny_hidden",0.03,0.109812210180367,0.385142115859855
0,4.06980123713031,"Male",61,96954,0,"Black","College+","Never",0,"Coastal",-0.0954210309287178,4.06980123713031,4.96980123713031,0.9,"hidden_h1_tiny","H1: tiny hidden variable",1,"tiny_hidden",0.03,0.393960554046262,2.02956918056923
0,3.30001563263725,"Female",55,30529,0,"Other","HS","Ever",5,"Coastal",-0.480501378887237,3.30001563263725,4.20001563263725,0.9,"hidden_h1_tiny","H1: tiny hidden variable",1,"tiny_hidden",0.03,0.209374755615648,0.82680987070109
0,3.42792656769397,"Male",42,31764,0,"White","<HS","Ever",1,"Inland",-1.12954765258631,3.42792656769397,4.32792656769397,0.9,"hidden_h1_tiny","H1: tiny hidden variable",1,"tiny_hidden",0.03,0.143423614798025,0.522765091586577
0,2.76857694115448,"Female",49,53014,0,"White","Some college","Never",0,"North",-1.59391982434553,2.76857694115448,3.66857694115448,0.9,"hidden_h1_tiny","H1: tiny hidden variable",1,"tiny_hidden",0.03,0.245713226153982,1.01705409769258
0,4.51238255463022,"Female",63,83946,0,"Mexican American","HS","Ever",6,"Inland",1.11421308954462,4.51238255463022,5.41238255463022,0.9,"hidden_h1_tiny","H1: tiny hidden variable",1,"tiny_hidden",0.03,0.392210902800916,2.01473888847629
1,4.41158193315644,"Male",49,55474,1,"White","HS","Ever",2,"Coastal",0.684782736872382,3.51158193315644,4.41158193315644,0.9,"hidden_h1_tiny","H1: tiny hidden variable",1,"tiny_hidden",0.03,0.240361338941527,1
