"Z","Y","gender","age","income","income.missing","race","education","smoking.ever","smoking.now","location_region","hidden_confounder","Y0","Y1","true_unit_ATT","dataset_id","dataset_label","scenario_order","scenario_class","omitted_confounding_strength","ps","w"
0,3.76329527718075,"Male",18,52826,0,"White","HS","Never",0,"Coastal",-0.422659700591557,3.76329527718075,4.66329527718075,0.9,"hidden_h5_severe","H5: severe hidden variable",5,"severe_hidden",0.36,0.130598397080276,0.531437925898556
0,4.06195195896966,"Female",38,83506,0,"Black","HS","Ever",3,"Inland",-0.572943931099741,4.06195195896966,4.96195195896966,0.9,"hidden_h5_severe","H5: severe hidden variable",5,"severe_hidden",0.36,0.124789139148738,0.504428045622988
0,3.79616369853811,"Male",19,42591,0,"White","College+","Never",0,"North",-0.858275758648389,3.79616369853811,4.69616369853811,0.9,"hidden_h5_severe","H5: severe hidden variable",5,"severe_hidden",0.36,0.243858371283775,1.14095799223023
0,4.34237442784107,"Female",36,63002,0,"Other","Some college","Ever",6,"North",-0.768156255400427,4.34237442784107,5.24237442784107,0.9,"hidden_h5_severe","H5: severe hidden variable",5,"severe_hidden",0.36,0.11863631169491,0.476209019706967
0,2.57658949640732,"Female",66,48871,0,"White","<HS","Ever",3,"Inland",-1.54694482159387,2.57658949640732,3.47658949640731,0.9,"hidden_h5_severe","H5: severe hidden variable",5,"severe_hidden",0.36,0.0766693740771712,0.293764837534702
0,0.202191825775783,"Female",52,27692,0,"Other","HS","Never",0,"Coastal",-0.989448745235973,0.202191825775783,1.10219182577578,0.9,"hidden_h5_severe","H5: severe hidden variable",5,"severe_hidden",0.36,0.106868187575456,0.423319251692182
0,1.87975452456031,"Female",35,36274,0,"Mexican American","Some college","Ever",5,"South",1.14059096367491,1.87975452456031,2.77975452456031,0.9,"hidden_h5_severe","H5: severe hidden variable",5,"severe_hidden",0.36,0.296252505446559,1.48929353640431
0,3.2941426538275,"Female",76,61754,0,"Black","<HS","Never",0,"Coastal",0.903871590552573,3.2941426538275,4.1941426538275,0.9,"hidden_h5_severe","H5: severe hidden variable",5,"severe_hidden",0.36,0.162882935759798,0.688374109814064
0,3.57490660453634,"Male",62,90353,0,"Mexican American","College+","Never",0,"South",-1.5077146325175,3.57490660453634,4.47490660453634,0.9,"hidden_h5_severe","H5: severe hidden variable",5,"severe_hidden",0.36,0.42459279697122,2.61055268621951
1,4.50153027484481,"Female",46,45025,0,"White","College+","Never",0,"North",0.876696822443546,3.60153027484481,4.50153027484481,0.9,"hidden_h5_severe","H5: severe hidden variable",5,"severe_hidden",0.36,0.258193309329714,1
1,4.02949886051041,"Male",46,72016,0,"White","College+","Never",0,"North",1.19273934352872,3.12949886051041,4.02949886051041,0.9,"hidden_h5_severe","H5: severe hidden variable",5,"severe_hidden",0.36,0.261134825051977,1
0,3.4521619745269,"Female",29,75664,0,"Black","HS","Ever",6,"South",-0.343939949731746,3.4521619745269,4.3521619745269,0.9,"hidden_h5_severe","H5: severe hidden variable",5,"severe_hidden",0.36,0.203503312379554,0.903904696563949
1,4.19367666172086,"Male",26,43003,0,"White","HS","Never",0,"South",0.602657850111137,3.29367666172086,4.19367666172086,0.9,"hidden_h5_severe","H5: severe hidden variable",5,"severe_hidden",0.36,0.146080289842964,1
0,5.14453111223477,"Male",28,75661,0,"White","HS","Never",0,"North",0.513937814894969,5.14453111223477,6.04453111223477,0.9,"hidden_h5_severe","H5: severe hidden variable",5,"severe_hidden",0.36,0.126973055944364,0.514539901636975
0,3.93557772393062,"Male",70,81661,0,"Mexican American","<HS","Never",0,"North",0.344380584374064,3.93557772393062,4.83557772393062,0.9,"hidden_h5_severe","H5: severe hidden variable",5,"severe_hidden",0.36,0.195668579992948,0.860639339422784
0,3.88145036976389,"Male",36,31809,0,"Black","College+","Ever",4,"Inland",0.48846867633744,3.88145036976389,4.78145036976389,0.9,"hidden_h5_severe","H5: severe hidden variable",5,"severe_hidden",0.36,0.352334136956894,1.92459277271969
0,1.32717498942311,"Female",36,55714,0,"Black","HS","Never",0,"South",-0.306663124323183,1.32717498942311,2.22717498942311,0.9,"hidden_h5_severe","H5: severe hidden variable",5,"severe_hidden",0.36,0.190714721144472,0.833715184069039
0,2.37717914676782,"Female",45,17327,0,"White","HS","Never",0,"Coastal",0.281470654654648,2.37717914676782,3.27717914676782,0.9,"hidden_h5_severe","H5: severe hidden variable",5,"severe_hidden",0.36,0.166732216417779,0.707896991657216
0,3.64322079971944,"Female",25,36667,0,"White","HS","Never",0,"Inland",-2.26040343242399,3.64322079971944,4.54322079971944,0.9,"hidden_h5_severe","H5: severe hidden variable",5,"severe_hidden",0.36,0.129542141576602,0.526500098190564
0,2.49629170744621,"Male",52,68110,0,"White","<HS","Ever",4,"South",-0.409805487631837,2.49629170744621,3.39629170744621,0.9,"hidden_h5_severe","H5: severe hidden variable",5,"severe_hidden",0.36,0.0867438192613643,0.336032322963347
1,3.51698716791278,"Male",31,55299,0,"White","College+","Never",0,"North",1.83099756998001,2.61698716791278,3.51698716791278,0.9,"hidden_h5_severe","H5: severe hidden variable",5,"severe_hidden",0.36,0.25182638801421,1
0,3.58021882298866,"Female",33,55558,1,"White","College+","Never",0,"North",-0.477191632666391,3.58021882298866,4.48021882298866,0.9,"hidden_h5_severe","H5: severe hidden variable",5,"severe_hidden",0.36,0.200984026166752,0.889900015960935
1,4.22320330513534,"Female",35,34702,0,"Black","Some college","Never",0,"Coastal",0.656781793478821,3.32320330513534,4.22320330513534,0.9,"hidden_h5_severe","H5: severe hidden variable",5,"severe_hidden",0.36,0.243942651260889,1
0,3.13847512329683,"Female",39,42805,0,"White","HS","Ever",2,"South",0.371735342083971,3.13847512329683,4.03847512329683,0.9,"hidden_h5_severe","H5: severe hidden variable",5,"severe_hidden",0.36,0.084529521548634,0.326662439665387
0,2.03734878460521,"Male",46,46462,0,"Other","Some college","Never",0,"North",0.345314270787812,2.03734878460521,2.93734878460521,0.9,"hidden_h5_severe","H5: severe hidden variable",5,"severe_hidden",0.36,0.128778854902184,0.522939305768627
0,3.00730850379222,"Male",42,54326,0,"White","HS","Never",0,"Inland",0.72149133196353,3.00730850379222,3.90730850379222,0.9,"hidden_h5_severe","H5: severe hidden variable",5,"severe_hidden",0.36,0.157426658110777,0.661006448482083
0,3.52283702798316,"Female",65,87343,0,"White","Some college","Never",0,"North",0.49871037469666,3.52283702798316,4.42283702798316,0.9,"hidden_h5_severe","H5: severe hidden variable",5,"severe_hidden",0.36,0.167756526243108,0.713122535353047
0,1.04258606004795,"Female",44,66251,0,"Black","Some college","Ever",8,"North",-1.2025205955339,1.04258606004795,1.94258606004795,0.9,"hidden_h5_severe","H5: severe hidden variable",5,"severe_hidden",0.36,0.366510173432154,2.04682882193179
0,2.54296653688033,"Male",57,54528,0,"Other","Some college","Ever",8,"South",-0.876862900312858,2.54296653688033,3.44296653688033,0.9,"hidden_h5_severe","H5: severe hidden variable",5,"severe_hidden",0.36,0.235290545804584,1.08853689123006
0,2.82907387600496,"Male",27,57406,0,"White","College+","Ever",5,"Inland",0.730281032814703,2.82907387600496,3.72907387600496,0.9,"hidden_h5_severe","H5: severe hidden variable",5,"severe_hidden",0.36,0.251806426043711,1.19066056419536
0,5.29428289719297,"Male",22,17336,0,"Mexican American","<HS","Never",0,"North",0.42677402898176,5.29428289719297,6.19428289719297,0.9,"hidden_h5_severe","H5: severe hidden variable",5,"severe_hidden",0.36,0.180981168261257,0.78176214000558
0,4.79854739462073,"Female",61,65385,0,"Other","<HS","Never",0,"Coastal",0.376684033835285,4.79854739462073,5.69854739462073,0.9,"hidden_h5_severe","H5: severe hidden variable",5,"severe_hidden",0.36,0.0582569679391651,0.218852038567246
0,2.24017069030246,"Female",61,58808,0,"Black","<HS","Ever",3,"Inland",-1.27668036076739,2.24017069030246,3.14017069030246,0.9,"hidden_h5_severe","H5: severe hidden variable",5,"severe_hidden",0.36,0.106281260584264,0.420717877703367
0,0.018339654474437,"Female",58,65334,0,"Mexican American","Some college","Never",0,"Inland",-0.763268649095264,0.018339654474437,0.918339654474437,0.9,"hidden_h5_severe","H5: severe hidden variable",5,"severe_hidden",0.36,0.29761032797049,1.49901167669588
1,5.53693013752136,"Female",63,68922,0,"Black","College+","Never",0,"Coastal",2.12033321356076,4.63693013752136,5.53693013752136,0.9,"hidden_h5_severe","H5: severe hidden variable",5,"severe_hidden",0.36,0.362155077366866,1
0,3.06549794390316,"Male",40,74852,0,"Mexican American","<HS","Never",0,"Inland",-0.929066460308773,3.06549794390316,3.96549794390316,0.9,"hidden_h5_severe","H5: severe hidden variable",5,"severe_hidden",0.36,0.159904758674173,0.673392070489685
1,4.17869604162938,"Female",65,55542,0,"White","HS","Ever",6,"Inland",1.22728279300936,3.27869604162938,4.17869604162938,0.9,"hidden_h5_severe","H5: severe hidden variable",5,"severe_hidden",0.36,0.201868625298309,1
1,5.76477265414406,"Male",48,83840,0,"Mexican American","Some college","Never",0,"Coastal",1.39824048193788,4.86477265414406,5.76477265414406,0.9,"hidden_h5_severe","H5: severe hidden variable",5,"severe_hidden",0.36,0.290964994182057,1
0,1.95851790101217,"Female",42,55558,1,"Other","Some college","Never",0,"South",-0.599613435203128,1.95851790101217,2.85851790101217,0.9,"hidden_h5_severe","H5: severe hidden variable",5,"severe_hidden",0.36,0.0904040193692643,0.351620624970835
0,2.71347951125811,"Male",43,70025,0,"White","HS","Ever",5,"Inland",-0.778971110144789,2.71347951125811,3.61347951125811,0.9,"hidden_h5_severe","H5: severe hidden variable",5,"severe_hidden",0.36,0.153705667162141,0.642545049808432
0,1.93777275773175,"Female",32,60842,0,"White","HS","Ever",5,"North",-1.80219475904975,1.93777275773175,2.83777275773175,0.9,"hidden_h5_severe","H5: severe hidden variable",5,"severe_hidden",0.36,0.127445133614367,0.516732344076064
1,4.50447216271719,"Female",70,27420,0,"Black","College+","Never",0,"Inland",1.98420735481207,3.60447216271719,4.50447216271719,0.9,"hidden_h5_severe","H5: severe hidden variable",5,"severe_hidden",0.36,0.432978662354322,1
1,6.20764457289133,"Female",46,91719,0,"Black","College+","Ever",4,"Coastal",2.76813057658005,5.30764457289133,6.20764457289133,0.9,"hidden_h5_severe","H5: severe hidden variable",5,"severe_hidden",0.36,0.266618718731078,1
1,7.17065591051128,"Female",48,79225,0,"White","<HS","Never",0,"Coastal",2.00962468299122,6.27065591051128,7.17065591051128,0.9,"hidden_h5_severe","H5: severe hidden variable",5,"severe_hidden",0.36,0.0787386061721159,1
0,3.10685686989458,"Male",66,55558,1,"White","College+","Ever",4,"Coastal",-0.496326605942946,3.10685686989458,4.00685686989458,0.9,"hidden_h5_severe","H5: severe hidden variable",5,"severe_hidden",0.36,0.256816383408533,1.22253621521869
0,2.81617873000814,"Male",76,36926,0,"White","Some college","Never",0,"South",-0.44830061105023,2.81617873000814,3.71617873000814,0.9,"hidden_h5_severe","H5: severe hidden variable",5,"severe_hidden",0.36,0.258641702963922,1.23425681297619
1,4.0290792383575,"Female",40,57586,0,"White","College+","Ever",7,"North",1.20160231619786,3.1290792383575,4.0290792383575,0.9,"hidden_h5_severe","H5: severe hidden variable",5,"severe_hidden",0.36,0.328302270269389,1
0,3.26434089892029,"Male",40,48070,0,"Mexican American","College+","Never",0,"Inland",0.472373702619136,3.26434089892029,4.16434089892029,0.9,"hidden_h5_severe","H5: severe hidden variable",5,"severe_hidden",0.36,0.431192679281921,2.68189231650531
0,2.10497787492982,"Male",34,23190,0,"White","Some college","Ever",10,"Coastal",-0.156931076714926,2.10497787492982,3.00497787492982,0.9,"hidden_h5_severe","H5: severe hidden variable",5,"severe_hidden",0.36,0.429802033880602,2.6667231856657
0,3.32185151172029,"Male",43,63713,0,"Black","<HS","Never",0,"Coastal",0.344783076779817,3.32185151172029,4.22185151172029,0.9,"hidden_h5_severe","H5: severe hidden variable",5,"severe_hidden",0.36,0.142559765275033,0.588204371022997
1,2.65371137610688,"Male",50,38685,0,"Other","Some college","Ever",12,"Coastal",1.43847648695772,1.75371137610688,2.65371137610688,0.9,"hidden_h5_severe","H5: severe hidden variable",5,"severe_hidden",0.36,0.419733142160189,1
0,2.13900893003663,"Male",53,34324,0,"Mexican American","HS","Never",0,"South",0.496157587346026,2.13900893003663,3.03900893003663,0.9,"hidden_h5_severe","H5: severe hidden variable",5,"severe_hidden",0.36,0.315214257176942,1.6284944286223
1,5.49018416603599,"Male",68,64838,0,"White","College+","Ever",6,"Coastal",0.795744664810205,4.59018416603599,5.49018416603599,0.9,"hidden_h5_severe","H5: severe hidden variable",5,"severe_hidden",0.36,0.36933874181219,1
0,0.207805624661303,"Female",75,55558,1,"White","<HS","Never",0,"South",0.0747117726614138,0.207805624661303,1.1078056246613,0.9,"hidden_h5_severe","H5: severe hidden variable",5,"severe_hidden",0.36,0.0982212706362081,0.385336985273342
1,5.17543418327989,"Male",56,18327,0,"White","Some college","Never",0,"Coastal",0.790790046983837,4.27543418327989,5.17543418327989,0.9,"hidden_h5_severe","H5: severe hidden variable",5,"severe_hidden",0.36,0.242576965338178,1
0,1.80030061520058,"Female",55,43422,0,"Black","College+","Never",0,"Coastal",-1.19060675852125,1.80030061520058,2.70030061520058,0.9,"hidden_h5_severe","H5: severe hidden variable",5,"severe_hidden",0.36,0.377529128709404,2.14568797300273
0,2.31412212555611,"Female",59,33016,0,"White","Some college","Ever",3,"North",-1.50259010251425,2.31412212555611,3.21412212555611,0.9,"hidden_h5_severe","H5: severe hidden variable",5,"severe_hidden",0.36,0.151358737469829,0.63098420324762
0,5.13309222882507,"Female",27,71543,0,"Other","HS","Ever",4,"South",0.0208350788527913,5.13309222882507,6.03309222882507,0.9,"hidden_h5_severe","H5: severe hidden variable",5,"severe_hidden",0.36,0.0594534129037377,0.223630797614746
0,4.56154104742483,"Female",37,28643,0,"Mexican American","<HS","Never",0,"South",-0.713071295075283,4.56154104742483,5.46154104742483,0.9,"hidden_h5_severe","H5: severe hidden variable",5,"severe_hidden",0.36,0.168551242264392,0.71718567001236
0,3.19545113550033,"Female",45,55558,1,"Black","College+","Never",0,"North",-0.313116413883066,3.19545113550033,4.09545113550033,0.9,"hidden_h5_severe","H5: severe hidden variable",5,"severe_hidden",0.36,0.308870419666107,1.58107317900702
0,4.10306630256212,"Male",29,42634,0,"Other","HS","Never",0,"Coastal",0.939902320737328,4.10306630256212,5.00306630256212,0.9,"hidden_h5_severe","H5: severe hidden variable",5,"severe_hidden",0.36,0.0946572898213637,0.369893066963429
0,3.849224007439,"Female",46,72239,0,"Black","Some college","Ever",8,"North",-0.473163997242503,3.849224007439,4.749224007439,0.9,"hidden_h5_severe","H5: severe hidden variable",5,"severe_hidden",0.36,0.36318566028429,2.01767397871721
0,4.46881063683262,"Male",44,80956,0,"Black","HS","Never",0,"North",0.843504235815974,4.46881063683262,5.36881063683262,0.9,"hidden_h5_severe","H5: severe hidden variable",5,"severe_hidden",0.36,0.206710631588978,0.921862851402812
1,3.67213397755493,"Male",56,75532,0,"Black","HS","Never",0,"Coastal",1.93256299438709,2.77213397755493,3.67213397755493,0.9,"hidden_h5_severe","H5: severe hidden variable",5,"severe_hidden",0.36,0.231203793013071,1
0,3.73722606630014,"Female",68,83191,0,"White","College+","Never",0,"North",-1.69772779596531,3.73722606630014,4.63722606630014,0.9,"hidden_h5_severe","H5: severe hidden variable",5,"severe_hidden",0.36,0.257405055956291,1.22630985813771
0,3.30941315334556,"Female",65,75727,0,"White","Some college","Ever",4,"Coastal",-1.28006406355495,3.30941315334556,4.20941315334556,0.9,"hidden_h5_severe","H5: severe hidden variable",5,"severe_hidden",0.36,0.154978518406206,0.648841903517337
1,4.81257276810865,"Female",43,59276,0,"Black","Some college","Ever",6,"North",1.83746488089788,3.91257276810865,4.81257276810865,0.9,"hidden_h5_severe","H5: severe hidden variable",5,"severe_hidden",0.36,0.282024028255547,1
0,5.05272145275121,"Male",33,47473,0,"White","HS","Ever",2,"Coastal",0.15351100209002,5.05272145275121,5.95272145275121,0.9,"hidden_h5_severe","H5: severe hidden variable",5,"severe_hidden",0.36,0.0911384343215057,0.354763523602707
0,4.41871466429743,"Male",45,59982,0,"White","<HS","Ever",6,"Inland",-0.0846567190093406,4.41871466429743,5.31871466429743,0.9,"hidden_h5_severe","H5: severe hidden variable",5,"severe_hidden",0.36,0.12362516232665,0.499059250035976
1,4.30750254352298,"Male",54,51584,0,"Black","Some college","Ever",8,"Inland",0.401582903496621,3.40750254352298,4.30750254352298,0.9,"hidden_h5_severe","H5: severe hidden variable",5,"severe_hidden",0.36,0.44857644749675,1
0,2.35838468646216,"Female",26,41276,0,"Mexican American","College+","Ever",10,"Inland",-0.61971710467516,2.35838468646216,3.25838468646216,0.9,"hidden_h5_severe","H5: severe hidden variable",5,"severe_hidden",0.36,0.635082334512745,4.34277873608011
1,5.31514509806308,"Male",33,44113,0,"Mexican American","College+","Ever",5,"Coastal",1.029340073309,4.41514509806308,5.31514509806308,0.9,"hidden_h5_severe","H5: severe hidden variable",5,"severe_hidden",0.36,0.432474540727859,1
0,2.48616921013108,"Female",28,34372,0,"Black","College+","Never",0,"Inland",0.284119052760486,2.48616921013108,3.38616921013108,0.9,"hidden_h5_severe","H5: severe hidden variable",5,"severe_hidden",0.36,0.330781736994315,1.74867408325612
1,5.71713707920757,"Male",59,36116,0,"Other","Some college","Never",0,"South",0.183016834152324,4.81713707920757,5.71713707920757,0.9,"hidden_h5_severe","H5: severe hidden variable",5,"severe_hidden",0.36,0.150368618217016,1
0,2.05205075492288,"Male",43,75379,0,"White","College+","Ever",4,"North",0.0424105032832272,2.05205075492288,2.95205075492288,0.9,"hidden_h5_severe","H5: severe hidden variable",5,"severe_hidden",0.36,0.223400567201644,1.01770600445369
0,2.5947804404418,"Male",55,76189,0,"White","Some college","Never",0,"South",0.62117345649653,2.5947804404418,3.4947804404418,0.9,"hidden_h5_severe","H5: severe hidden variable",5,"severe_hidden",0.36,0.187085971388339,0.814201202284439
0,1.04150515032788,"Male",46,64306,0,"White","HS","Never",0,"Inland",-0.628645589509422,1.04150515032788,1.94150515032788,0.9,"hidden_h5_severe","H5: severe hidden variable",5,"severe_hidden",0.36,0.155103706079201,0.649462237462381
0,3.40365657671602,"Female",64,32218,0,"Other","College+","Never",0,"Coastal",0.427456520775461,3.40365657671602,4.30365657671602,0.9,"hidden_h5_severe","H5: severe hidden variable",5,"severe_hidden",0.36,0.207973799595072,0.928975397093501
1,3.17727390901598,"Male",18,26307,0,"White","College+","Never",0,"North",1.14133264279714,2.27727390901598,3.17727390901598,0.9,"hidden_h5_severe","H5: severe hidden variable",5,"severe_hidden",0.36,0.259083913584285,1
1,6.35131660984265,"Male",73,81702,0,"White","Some college","Never",0,"Coastal",0.136448942213403,5.45131660984265,6.35131660984265,0.9,"hidden_h5_severe","H5: severe hidden variable",5,"severe_hidden",0.36,0.209197625549567,1
0,1.57571321988556,"Male",46,26482,0,"Mexican American","Some college","Ever",4,"North",-0.495772414556245,1.57571321988556,2.47571321988556,0.9,"hidden_h5_severe","H5: severe hidden variable",5,"severe_hidden",0.36,0.320763407894824,1.67070156337819
0,1.6027560252822,"Female",21,43664,0,"White","Some college","Ever",9,"North",0.0466432866880222,1.6027560252822,2.5027560252822,0.9,"hidden_h5_severe","H5: severe hidden variable",5,"severe_hidden",0.36,0.290650913504735,1.44959543583523
0,3.55860468724625,"Female",48,103151,0,"Black","College+","Never",0,"Coastal",0.496799595951495,3.55860468724625,4.45860468724625,0.9,"hidden_h5_severe","H5: severe hidden variable",5,"severe_hidden",0.36,0.289567361939165,1.44198863931019
0,4.52820939588286,"Male",66,77457,0,"White","HS","Never",0,"South",-1.00039428441407,4.52820939588286,5.42820939588286,0.9,"hidden_h5_severe","H5: severe hidden variable",5,"severe_hidden",0.36,0.170890106212706,0.729188744678976
1,2.96039199573054,"Female",46,59811,0,"White","<HS","Ever",3,"South",0.774032455706828,2.06039199573054,2.96039199573054,0.9,"hidden_h5_severe","H5: severe hidden variable",5,"severe_hidden",0.36,0.0607719972604088,1
1,3.23143146174979,"Male",60,38152,0,"White","Some college","Ever",3,"Inland",1.39846437332211,2.33143146174979,3.23143146174979,0.9,"hidden_h5_severe","H5: severe hidden variable",5,"severe_hidden",0.36,0.171079782921398,1
0,5.04848663765671,"Male",66,74549,0,"White","Some college","Ever",6,"South",0.341812369077683,5.04848663765671,5.94848663765671,0.9,"hidden_h5_severe","H5: severe hidden variable",5,"severe_hidden",0.36,0.250007941657189,1.17932165786114
0,1.57101966028667,"Female",21,36391,0,"Black","HS","Never",0,"North",-2.2170121982639,1.57101966028667,2.47101966028667,0.9,"hidden_h5_severe","H5: severe hidden variable",5,"severe_hidden",0.36,0.185468009990269,0.805556490340184
0,1.37939583197175,"Male",52,69434,0,"Mexican American","HS","Never",0,"South",0.0273098285924875,1.37939583197175,2.27939583197175,0.9,"hidden_h5_severe","H5: severe hidden variable",5,"severe_hidden",0.36,0.272875874793909,1.32767482732953
1,3.68897509627825,"Female",22,54998,0,"Other","College+","Ever",13,"Inland",-0.0889136204901253,2.78897509627825,3.68897509627825,0.9,"hidden_h5_severe","H5: severe hidden variable",5,"severe_hidden",0.36,0.463897445800093,1
0,2.2398881228929,"Male",42,55558,1,"Mexican American","HS","Ever",4,"Inland",-1.81383955305769,2.2398881228929,3.1398881228929,0.9,"hidden_h5_severe","H5: severe hidden variable",5,"severe_hidden",0.36,0.214159607664137,0.964136110554354
0,3.87150926594327,"Female",65,94780,0,"White","Some college","Never",0,"Inland",0.104407476442511,3.87150926594327,4.77150926594327,0.9,"hidden_h5_severe","H5: severe hidden variable",5,"severe_hidden",0.36,0.162074698999811,0.684297658737806
1,6.6325965689623,"Male",24,89870,0,"White","College+","Never",0,"South",1.72844912808163,5.7325965689623,6.6325965689623,0.9,"hidden_h5_severe","H5: severe hidden variable",5,"severe_hidden",0.36,0.206401177657417,1
0,3.71775059630343,"Female",69,73103,0,"Other","HS","Ever",5,"Inland",-1.24099410074771,3.71775059630343,4.61775059630343,0.9,"hidden_h5_severe","H5: severe hidden variable",5,"severe_hidden",0.36,0.102909520348046,0.405839618143269
0,1.94386997746904,"Male",37,55558,1,"White","HS","Never",0,"Coastal",0.114368827482102,1.94386997746904,2.84386997746904,0.9,"hidden_h5_severe","H5: severe hidden variable",5,"severe_hidden",0.36,0.132944066173226,0.542446582598734
0,0.333063158046225,"Female",43,77960,0,"Mexican American","Some college","Ever",3,"North",-0.731306481652502,0.333063158046225,1.23306315804622,0.9,"hidden_h5_severe","H5: severe hidden variable",5,"severe_hidden",0.36,0.191938009816659,0.840333047021952
1,2.66400058708101,"Female",49,55558,1,"White","Some college","Never",0,"Inland",1.35224276092074,1.76400058708101,2.66400058708101,0.9,"hidden_h5_severe","H5: severe hidden variable",5,"severe_hidden",0.36,0.151881461404085,1
0,3.51601853852784,"Male",80,62099,0,"Black","Some college","Never",0,"North",-0.407935551147378,3.51601853852784,4.41601853852784,0.9,"hidden_h5_severe","H5: severe hidden variable",5,"severe_hidden",0.36,0.333266236391087,1.76837351947556
0,3.98274278483478,"Male",62,59794,0,"Other","Some college","Never",0,"Inland",0.000544962187361351,3.98274278483478,4.88274278483478,0.9,"hidden_h5_severe","H5: severe hidden variable",5,"severe_hidden",0.36,0.137671563611572,0.564815584896982
0,3.77174673638623,"Female",29,35188,0,"White","<HS","Never",0,"Inland",-0.427874322567169,3.77174673638623,4.67174673638623,0.9,"hidden_h5_severe","H5: severe hidden variable",5,"severe_hidden",0.36,0.0835849408462105,0.32267918895703
1,5.35566990463375,"Male",44,82468,0,"Black","College+","Never",0,"Inland",0.723290868306803,4.45566990463375,5.35566990463375,0.9,"hidden_h5_severe","H5: severe hidden variable",5,"severe_hidden",0.36,0.341764578364449,1
1,4.74622621542438,"Female",49,61035,0,"Black","HS","Never",0,"South",1.71149386386124,3.84622621542438,4.74622621542438,0.9,"hidden_h5_severe","H5: severe hidden variable",5,"severe_hidden",0.36,0.205509870263928,1
0,2.29335493681706,"Female",21,49176,0,"White","College+","Ever",5,"Coastal",-0.22470253468699,2.29335493681706,3.19335493681706,0.9,"hidden_h5_severe","H5: severe hidden variable",5,"severe_hidden",0.36,0.220112159061925,0.998497585012006
0,3.01481993201115,"Male",45,55318,0,"White","Some college","Ever",7,"Coastal",1.15781040710406,3.01481993201115,3.91481993201115,0.9,"hidden_h5_severe","H5: severe hidden variable",5,"severe_hidden",0.36,0.272530658773485,1.32536593954013
0,5.21840585453048,"Female",56,42908,0,"White","Some college","Ever",7,"North",0.48058686389759,5.21840585453048,6.11840585453048,0.9,"hidden_h5_severe","H5: severe hidden variable",5,"severe_hidden",0.36,0.274043128673699,1.33549796703587
0,1.97683150010837,"Female",64,63724,0,"White","College+","Ever",7,"South",-1.63895027439787,1.97683150010837,2.87683150010837,0.9,"hidden_h5_severe","H5: severe hidden variable",5,"severe_hidden",0.36,0.372051004512316,2.09610602275697
0,2.510425504783,"Female",27,61525,0,"White","<HS","Never",0,"North",0.705816290314755,2.510425504783,3.410425504783,0.9,"hidden_h5_severe","H5: severe hidden variable",5,"severe_hidden",0.36,0.0717843313440731,0.273599877504993
0,1.45184140409969,"Male",60,73311,0,"White","Some college","Never",0,"South",-0.446069192989578,1.45184140409969,2.35184140409969,0.9,"hidden_h5_severe","H5: severe hidden variable",5,"severe_hidden",0.36,0.196881109434259,0.867280019399683
1,3.35019529778362,"Female",61,54325,0,"Black","Some college","Never",0,"Coastal",1.49951097551196,2.45019529778362,3.35019529778362,0.9,"hidden_h5_severe","H5: severe hidden variable",5,"severe_hidden",0.36,0.269989106995345,1
1,5.22674095864603,"Female",43,54888,0,"Black","Some college","Never",0,"Inland",0.481816211930972,4.32674095864603,5.22674095864603,0.9,"hidden_h5_severe","H5: severe hidden variable",5,"severe_hidden",0.36,0.237275366606988,1
0,2.29078474629207,"Male",38,71061,0,"White","Some college","Ever",5,"North",-0.525684152168198,2.29078474629207,3.19078474629207,0.9,"hidden_h5_severe","H5: severe hidden variable",5,"severe_hidden",0.36,0.174839352801964,0.749610768608558
0,2.52869333694544,"Male",45,67612,0,"White","College+","Never",0,"Inland",-0.360309036146641,2.52869333694544,3.42869333694544,0.9,"hidden_h5_severe","H5: severe hidden variable",5,"severe_hidden",0.36,0.264038513427006,1.26925044816089
0,3.17867671826197,"Male",52,61708,0,"White","HS","Never",0,"South",0.225873233841422,3.17867671826197,4.07867671826197,0.9,"hidden_h5_severe","H5: severe hidden variable",5,"severe_hidden",0.36,0.164642749461743,0.697277253612114
0,3.30001900438161,"Male",56,57741,0,"Black","Some college","Never",0,"North",1.25409603154765,3.30001900438161,4.20001900438161,0.9,"hidden_h5_severe","H5: severe hidden variable",5,"severe_hidden",0.36,0.28992049285207,1.44446515444976
1,4.12391987525065,"Female",48,28954,0,"Mexican American","College+","Never",0,"South",0.606746129807912,3.22391987525065,4.12391987525065,0.9,"hidden_h5_severe","H5: severe hidden variable",5,"severe_hidden",0.36,0.435246019209311,1
1,2.65909828214773,"Male",51,90285,0,"Black","Some college","Ever",6,"Inland",0.500469076967582,1.75909828214773,2.65909828214773,0.9,"hidden_h5_severe","H5: severe hidden variable",5,"severe_hidden",0.36,0.296100980633412,1
0,1.60608703975076,"Male",63,8000,0,"White","HS","Ever",5,"South",0.135847139350216,1.60608703975076,2.50608703975076,0.9,"hidden_h5_severe","H5: severe hidden variable",5,"severe_hidden",0.36,0.236319387202344,1.0947695785554
0,1.46290025651743,"Male",49,70768,0,"Black","HS","Never",0,"Coastal",-0.930186680098187,1.46290025651743,2.36290025651743,0.9,"hidden_h5_severe","H5: severe hidden variable",5,"severe_hidden",0.36,0.224234466735434,1.02260290536512
1,4.53041750140164,"Female",37,55558,1,"Mexican American","Some college","Ever",9,"Coastal",1.51122768157443,3.63041750140164,4.53041750140164,0.9,"hidden_h5_severe","H5: severe hidden variable",5,"severe_hidden",0.36,0.43438078023894,1
0,3.3297050335955,"Female",18,55558,1,"White","<HS","Never",0,"South",0.134409470982969,3.3297050335955,4.2297050335955,0.9,"hidden_h5_severe","H5: severe hidden variable",5,"severe_hidden",0.36,0.0598002860537411,0.225018528941139
0,1.89084249074311,"Male",54,41982,0,"Other","HS","Never",0,"North",0.0906567164578037,1.89084249074311,2.79084249074311,0.9,"hidden_h5_severe","H5: severe hidden variable",5,"severe_hidden",0.36,0.11727451770478,0.47001652377526
0,1.59878573621377,"Male",50,81367,0,"White","<HS","Never",0,"North",-0.222196807353871,1.59878573621377,2.49878573621377,0.9,"hidden_h5_severe","H5: severe hidden variable",5,"severe_hidden",0.36,0.0921574662604814,0.359132851786343
0,3.85893846495006,"Male",45,56833,0,"White","Some college","Ever",4,"Inland",-1.73584588533818,3.85893846495006,4.75893846495006,0.9,"hidden_h5_severe","H5: severe hidden variable",5,"severe_hidden",0.36,0.165901864506231,0.70367034850481
0,2.87681160838636,"Male",45,55558,1,"White","College+","Never",0,"South",0.613339282778345,2.87681160838636,3.77681160838636,0.9,"hidden_h5_severe","H5: severe hidden variable",5,"severe_hidden",0.36,0.249391714729889,1.17544902980328
0,3.83535128208437,"Male",52,55558,1,"Black","Some college","Ever",4,"North",-0.635419722747143,3.83535128208437,4.73535128208437,0.9,"hidden_h5_severe","H5: severe hidden variable",5,"severe_hidden",0.36,0.227238588093534,1.04033159755776
0,2.64416281399697,"Female",34,40174,0,"Mexican American","Some college","Ever",3,"Inland",-0.433250066416235,2.64416281399697,3.54416281399697,0.9,"hidden_h5_severe","H5: severe hidden variable",5,"severe_hidden",0.36,0.212024054044985,0.951935029663588
0,4.54789446985298,"Female",40,50256,0,"White","Some college","Never",0,"North",-1.37555137873661,4.54789446985298,5.44789446985298,0.9,"hidden_h5_severe","H5: severe hidden variable",5,"severe_hidden",0.36,0.163585250961807,0.691922728427411
0,3.20918876064003,"Female",75,75722,0,"Mexican American","College+","Never",0,"South",0.890660690023903,3.20918876064003,4.10918876064003,0.9,"hidden_h5_severe","H5: severe hidden variable",5,"severe_hidden",0.36,0.434101887105062,2.71386701501945
0,2.16273226204243,"Male",33,82996,0,"White","Some college","Never",0,"North",-0.72111728646374,2.16273226204243,3.06273226204243,0.9,"hidden_h5_severe","H5: severe hidden variable",5,"severe_hidden",0.36,0.152587889358742,0.637030951347821
0,2.84920585864311,"Female",66,68320,0,"White","Some college","Ever",5,"Inland",-0.746047046940127,2.84920585864311,3.74920585864311,0.9,"hidden_h5_severe","H5: severe hidden variable",5,"severe_hidden",0.36,0.191963600169667,0.840471702108895
1,4.65988842955319,"Male",59,56097,0,"Mexican American","College+","Never",0,"North",1.75882415075652,3.75988842955319,4.65988842955319,0.9,"hidden_h5_severe","H5: severe hidden variable",5,"severe_hidden",0.36,0.464507681750428,1
0,4.30430166471741,"Female",43,43319,0,"White","Some college","Never",1,"North",1.18163105173156,4.30430166471741,5.20430166471741,0.9,"hidden_h5_severe","H5: severe hidden variable",5,"severe_hidden",0.36,0.204769223038288,0.91097537419547
0,4.94876896924405,"Male",64,22411,0,"White","College+","Never",0,"Coastal",0.920382291577947,4.94876896924405,5.84876896924405,0.9,"hidden_h5_severe","H5: severe hidden variable",5,"severe_hidden",0.36,0.355489110770236,1.95133204767438
0,2.01194378791492,"Male",46,55558,1,"Mexican American","College+","Never",0,"Inland",-1.53737899577412,2.01194378791492,2.91194378791492,0.9,"hidden_h5_severe","H5: severe hidden variable",5,"severe_hidden",0.36,0.399978020951191,2.35832743135852
0,3.66974060577462,"Male",54,46532,0,"Mexican American","<HS","Never",0,"Inland",-0.777508264345083,3.66974060577462,4.56974060577462,0.9,"hidden_h5_severe","H5: severe hidden variable",5,"severe_hidden",0.36,0.20266931978188,0.899258742827428
0,2.44822486694144,"Male",51,54459,0,"Black","HS","Never",0,"North",-1.34815251011939,2.44822486694144,3.34822486694144,0.9,"hidden_h5_severe","H5: severe hidden variable",5,"severe_hidden",0.36,0.243828832313384,1.14077522125652
0,2.75455033311717,"Female",42,69420,0,"White","HS","Ever",5,"Coastal",0.0776662363055031,2.75455033311717,3.65455033311717,0.9,"hidden_h5_severe","H5: severe hidden variable",5,"severe_hidden",0.36,0.13273896887148,0.541481647432937
0,3.09840830370346,"Male",40,37728,0,"Other","College+","Ever",4,"South",0.0992067699401549,3.09840830370346,3.99840830370346,0.9,"hidden_h5_severe","H5: severe hidden variable",5,"severe_hidden",0.36,0.169649487107764,0.722813453231934
0,2.80935012031119,"Female",28,36196,0,"White","Some college","Never",0,"South",1.13715475160145,2.80935012031119,3.70935012031119,0.9,"hidden_h5_severe","H5: severe hidden variable",5,"severe_hidden",0.36,0.158819834127342,0.667960603790069
1,5.42879061917656,"Male",66,87646,0,"White","College+","Ever",7,"Inland",1.38474558963845,4.52879061917656,5.42879061917656,0.9,"hidden_h5_severe","H5: severe hidden variable",5,"severe_hidden",0.36,0.384089790602662,1
0,4.69886961460363,"Female",73,55558,1,"White","Some college","Ever",5,"North",1.65817394372654,4.69886961460363,5.59886961460363,0.9,"hidden_h5_severe","H5: severe hidden variable",5,"severe_hidden",0.36,0.19091318631158,0.834787499769699
1,5.80435518114443,"Female",25,42986,0,"Mexican American","Some college","Ever",6,"Coastal",0.69681596360919,4.90435518114443,5.80435518114443,0.9,"hidden_h5_severe","H5: severe hidden variable",5,"severe_hidden",0.36,0.312474253569839,1
1,3.75318012279047,"Male",33,29739,0,"White","<HS","Ever",6,"South",-0.0966634795409559,2.85318012279047,3.75318012279047,0.9,"hidden_h5_severe","H5: severe hidden variable",5,"severe_hidden",0.36,0.129656191222892,1
1,5.28534578336368,"Female",53,55558,1,"White","<HS","Ever",6,"Coastal",1.35445275238198,4.38534578336368,5.28534578336368,0.9,"hidden_h5_severe","H5: severe hidden variable",5,"severe_hidden",0.36,0.102735384621117,1
0,4.37194029205194,"Female",30,61385,0,"Mexican American","<HS","Never",0,"Inland",0.90149136325949,4.37194029205194,5.27194029205194,0.9,"hidden_h5_severe","H5: severe hidden variable",5,"severe_hidden",0.36,0.13662091508834,0.559823081634915
1,6.5624037837221,"Female",56,55347,0,"White","College+","Never",0,"South",1.94260412823064,5.6624037837221,6.5624037837221,0.9,"hidden_h5_severe","H5: severe hidden variable",5,"severe_hidden",0.36,0.26536420093217,1
0,2.27798994647002,"Female",60,101949,0,"Black","Some college","Never",0,"North",-0.999524517985153,2.27798994647002,3.17798994647002,0.9,"hidden_h5_severe","H5: severe hidden variable",5,"severe_hidden",0.36,0.219542932473026,0.995189024018533
0,3.40089632968146,"Female",54,77306,0,"White","College+","Never",0,"Inland",-1.72517074172592,3.40089632968146,4.30089632968146,0.9,"hidden_h5_severe","H5: severe hidden variable",5,"severe_hidden",0.36,0.238853676257853,1.11019408807399
0,3.6855317193688,"Female",48,55558,1,"White","College+","Never",0,"Inland",0.190045959850565,3.6855317193688,4.5855317193688,0.9,"hidden_h5_severe","H5: severe hidden variable",5,"severe_hidden",0.36,0.224680896345291,1.02522879918478
0,2.21005372026018,"Male",47,80393,0,"Black","<HS","Never",0,"South",-0.0919591439745408,2.21005372026018,3.11005372026018,0.9,"hidden_h5_severe","H5: severe hidden variable",5,"severe_hidden",0.36,0.135992645154458,0.556843450881341
1,5.13596344957975,"Female",53,31944,0,"White","Some college","Ever",4,"Coastal",1.18112115929084,4.23596344957975,5.13596344957975,0.9,"hidden_h5_severe","H5: severe hidden variable",5,"severe_hidden",0.36,0.172727598137559,1
1,4.37833640929783,"Male",51,55558,1,"Mexican American","Some college","Ever",7,"Inland",1.60487002803294,3.47833640929783,4.37833640929783,0.9,"hidden_h5_severe","H5: severe hidden variable",5,"severe_hidden",0.36,0.405327835729096,1
0,5.78958581820193,"Female",37,55558,1,"White","HS","Never",0,"Inland",0.317641943920315,5.78958581820193,6.68958581820193,0.9,"hidden_h5_severe","H5: severe hidden variable",5,"severe_hidden",0.36,0.11504414688951,0.459915510585879
0,4.19521046586289,"Male",24,62059,0,"White","College+","Never",0,"Inland",0.261230428234841,4.19521046586289,5.09521046586289,0.9,"hidden_h5_severe","H5: severe hidden variable",5,"severe_hidden",0.36,0.232818954887167,1.07363239156922
1,2.88547868965298,"Female",53,68975,0,"Black","HS","Never",0,"North",1.13833485178321,1.98547868965299,2.88547868965298,0.9,"hidden_h5_severe","H5: severe hidden variable",5,"severe_hidden",0.36,0.204482973465204,1
0,2.53660547305523,"Male",25,74295,0,"White","Some college","Ever",7,"Coastal",-0.726874789028557,2.53660547305523,3.43660547305523,0.9,"hidden_h5_severe","H5: severe hidden variable",5,"severe_hidden",0.36,0.218256808367244,0.987731324391072
1,5.95143578154147,"Male",34,20787,0,"White","Some college","Never",0,"South",1.57865926689313,5.05143578154147,5.95143578154147,0.9,"hidden_h5_severe","H5: severe hidden variable",5,"severe_hidden",0.36,0.204260599362666,1
0,4.03440454979552,"Female",50,55558,1,"Black","Some college","Ever",7,"North",0.472120811095252,4.03440454979552,4.93440454979552,0.9,"hidden_h5_severe","H5: severe hidden variable",5,"severe_hidden",0.36,0.3136386164202,1.61663442587297
0,3.0142772949671,"Male",47,64283,0,"White","HS","Ever",3,"Inland",0.764505125152611,3.0142772949671,3.91427729496709,0.9,"hidden_h5_severe","H5: severe hidden variable",5,"severe_hidden",0.36,0.113779121220606,0.454208996562338
0,3.0726460621191,"Female",49,48342,0,"Other","HS","Ever",6,"Inland",-0.0823287355543898,3.0726460621191,3.9726460621191,0.9,"hidden_h5_severe","H5: severe hidden variable",5,"severe_hidden",0.36,0.11831965969748,0.474767398854848
0,3.71881841042451,"Male",32,34120,0,"White","<HS","Never",1,"Coastal",0.436394089615183,3.71881841042451,4.61881841042451,0.9,"hidden_h5_severe","H5: severe hidden variable",5,"severe_hidden",0.36,0.120566268520618,0.485017975994818
1,5.64184907963247,"Male",39,55624,0,"Mexican American","<HS","Ever",3,"Coastal",1.97247332621325,4.74184907963247,5.64184907963247,0.9,"hidden_h5_severe","H5: severe hidden variable",5,"severe_hidden",0.36,0.126877892296624,1
0,4.01620115647165,"Male",60,89099,0,"White","College+","Never",0,"Inland",-1.4649203507737,4.01620115647165,4.91620115647165,0.9,"hidden_h5_severe","H5: severe hidden variable",5,"severe_hidden",0.36,0.268404986532527,1.29794107912458
0,3.11844512811757,"Female",41,59529,0,"White","HS","Ever",5,"Coastal",-0.614601102783797,3.11844512811757,4.01844512811757,0.9,"hidden_h5_severe","H5: severe hidden variable",5,"severe_hidden",0.36,0.138057545082806,0.566652760254467
0,3.99130723249208,"Female",58,55558,1,"Other","<HS","Ever",6,"Coastal",0.00498658259945938,3.99130723249208,4.89130723249208,0.9,"hidden_h5_severe","H5: severe hidden variable",5,"severe_hidden",0.36,0.0664381124938072,0.25177308807529
0,1.95944163806873,"Male",32,32616,0,"White","Some college","Never",0,"Coastal",-0.118339432271864,1.95944163806873,2.85944163806873,0.9,"hidden_h5_severe","H5: severe hidden variable",5,"severe_hidden",0.36,0.190868458429427,0.834545787211355
0,2.70179413636455,"Male",42,31845,0,"White","Some college","Never",0,"Coastal",0.775967591044916,2.70179413636455,3.60179413636455,0.9,"hidden_h5_severe","H5: severe hidden variable",5,"severe_hidden",0.36,0.206570181054169,0.921073412763059
0,4.66226325623964,"Female",51,46815,0,"Mexican American","HS","Never",0,"South",1.42867493230872,4.66226325623964,5.56226325623964,0.9,"hidden_h5_severe","H5: severe hidden variable",5,"severe_hidden",0.36,0.26326349741699,1.26419361608029
0,4.82512199330571,"Male",59,58758,0,"White","HS","Ever",2,"South",0.368564600291166,4.82512199330571,5.72512199330571,0.9,"hidden_h5_severe","H5: severe hidden variable",5,"severe_hidden",0.36,0.1074508580348,0.42590514403008
0,4.25350152408557,"Female",72,46069,0,"White","HS","Never",0,"North",0.791125505286696,4.25350152408557,5.15350152408557,0.9,"hidden_h5_severe","H5: severe hidden variable",5,"severe_hidden",0.36,0.180403772639198,0.778719050104355
1,2.425168287758,"Male",24,47025,0,"White","College+","Never",1,"South",1.67469152888889,1.525168287758,2.425168287758,0.9,"hidden_h5_severe","H5: severe hidden variable",5,"severe_hidden",0.36,0.28888395400342,1
0,2.27561288157848,"Male",21,55558,1,"Mexican American","Some college","Never",0,"Coastal",-0.52814692367776,2.27561288157848,3.17561288157848,0.9,"hidden_h5_severe","H5: severe hidden variable",5,"severe_hidden",0.36,0.243744766426306,1.14025514571805
1,5.15804960194289,"Male",70,55558,1,"White","Some college","Ever",2,"North",2.06831925495461,4.25804960194289,5.15804960194289,0.9,"hidden_h5_severe","H5: severe hidden variable",5,"severe_hidden",0.36,0.126520345395084,1
0,3.9322267496979,"Female",30,60263,0,"Black","College+","Ever",8,"Inland",-1.67259798196815,3.9322267496979,4.8322267496979,0.9,"hidden_h5_severe","H5: severe hidden variable",5,"severe_hidden",0.36,0.461238698464766,3.02875733557441
0,1.62340201583886,"Female",77,63530,0,"Other","HS","Ever",7,"Coastal",-1.16501017808562,1.62340201583886,2.52340201583886,0.9,"hidden_h5_severe","H5: severe hidden variable",5,"severe_hidden",0.36,0.165175868544079,0.69998178559434
1,3.1063466504131,"Male",49,55558,1,"White","Some college","Never",0,"South",1.5147692901727,2.2063466504131,3.1063466504131,0.9,"hidden_h5_severe","H5: severe hidden variable",5,"severe_hidden",0.36,0.174383535091302,1
0,2.93391397874062,"Female",63,55558,1,"Mexican American","Some college","Never",0,"Inland",0.159310492781637,2.93391397874062,3.83391397874062,0.9,"hidden_h5_severe","H5: severe hidden variable",5,"severe_hidden",0.36,0.288859298621132,1.43703038509915
0,3.90319842581311,"Female",57,32461,0,"White","Some college","Never",0,"Inland",-1.5443808629697,3.90319842581311,4.80319842581311,0.9,"hidden_h5_severe","H5: severe hidden variable",5,"severe_hidden",0.36,0.202195702715893,0.896624670894628
0,1.43848740171365,"Male",49,91726,0,"White","College+","Ever",4,"North",-1.46192682970237,1.43848740171365,2.33848740171365,0.9,"hidden_h5_severe","H5: severe hidden variable",5,"severe_hidden",0.36,0.217545768595114,0.983618823764535
0,3.3029600357823,"Female",67,63961,0,"Black","Some college","Never",0,"Inland",-0.795324280796518,3.3029600357823,4.2029600357823,0.9,"hidden_h5_severe","H5: severe hidden variable",5,"severe_hidden",0.36,0.27061327376132,1.31258178793555
0,2.26506561492581,"Male",34,30392,0,"White","Some college","Ever",6,"Coastal",-0.514171400632322,2.26506561492581,3.16506561492581,0.9,"hidden_h5_severe","H5: severe hidden variable",5,"severe_hidden",0.36,0.239470074130282,1.11396122844962
0,3.02080375722168,"Male",45,39042,0,"White","Some college","Ever",8,"Coastal",0.305298452011581,3.02080375722168,3.92080375722168,0.9,"hidden_h5_severe","H5: severe hidden variable",5,"severe_hidden",0.36,0.335529847804872,1.78644980046732
0,2.6106018529531,"Female",30,73243,0,"White","<HS","Never",0,"Coastal",-0.0694100105628916,2.6106018529531,3.5106018529531,0.9,"hidden_h5_severe","H5: severe hidden variable",5,"severe_hidden",0.36,0.0693771439965995,0.26374111472763
1,2.76560555845328,"Male",26,55558,1,"White","Some college","Never",0,"North",0.320950755887203,1.86560555845328,2.76560555845328,0.9,"hidden_h5_severe","H5: severe hidden variable",5,"severe_hidden",0.36,0.14530186680503,1
0,4.42110832058641,"Female",37,62982,0,"White","<HS","Ever",5,"Coastal",0.406153224235764,4.42110832058641,5.32110832058641,0.9,"hidden_h5_severe","H5: severe hidden variable",5,"severe_hidden",0.36,0.0813627966407649,0.313340817899468
0,1.27288185479659,"Male",38,36658,0,"White","Some college","Ever",5,"North",0.262334271437383,1.27288185479659,2.17288185479659,0.9,"hidden_h5_severe","H5: severe hidden variable",5,"severe_hidden",0.36,0.204103222659369,0.907252660090759
0,4.74876374718626,"Female",45,64911,0,"White","HS","Never",0,"Coastal",0.228198047174981,4.74876374718626,5.64876374718626,0.9,"hidden_h5_severe","H5: severe hidden variable",5,"severe_hidden",0.36,0.133199513042836,0.543649039330528
0,4.79676750255742,"Male",46,62001,0,"Black","HS","Never",0,"Coastal",-0.627900550188643,4.79676750255742,5.69676750255742,0.9,"hidden_h5_severe","H5: severe hidden variable",5,"severe_hidden",0.36,0.227790169343622,1.04360171895825
0,3.49383980394112,"Female",33,63337,0,"White","HS","Never",0,"South",0.386418898451379,3.49383980394112,4.39383980394112,0.9,"hidden_h5_severe","H5: severe hidden variable",5,"severe_hidden",0.36,0.121587963016511,0.489696994798305
0,2.44116315312536,"Female",43,43955,0,"White","College+","Ever",6,"Inland",-0.842563662422674,2.44116315312536,3.34116315312536,0.9,"hidden_h5_severe","H5: severe hidden variable",5,"severe_hidden",0.36,0.305725495548132,1.55788564268735
0,1.17991818595909,"Male",19,48080,0,"Black","College+","Ever",3,"South",0.0251250074364455,1.17991818595909,2.07991818595909,0.9,"hidden_h5_severe","H5: severe hidden variable",5,"severe_hidden",0.36,0.255832007261154,1.21623928178537
0,4.20197876553419,"Female",49,79415,0,"Mexican American","Some college","Ever",6,"North",-0.735999078491695,4.20197876553419,5.10197876553419,0.9,"hidden_h5_severe","H5: severe hidden variable",5,"severe_hidden",0.36,0.317738321616482,1.64760747372473
0,3.16632679699279,"Male",26,55558,1,"Black","Some college","Ever",4,"Coastal",0.0754906055343444,3.16632679699279,4.06632679699279,0.9,"hidden_h5_severe","H5: severe hidden variable",5,"severe_hidden",0.36,0.187042355868664,0.813967714777233
1,4.1063645516566,"Male",78,60843,0,"White","Some college","Ever",7,"Coastal",0.43710340879434,3.2063645516566,4.1063645516566,0.9,"hidden_h5_severe","H5: severe hidden variable",5,"severe_hidden",0.36,0.331582363082139,1
0,2.49933134806632,"Female",34,32356,0,"White","College+","Never",0,"Inland",0.753720736511837,2.49933134806632,3.39933134806632,0.9,"hidden_h5_severe","H5: severe hidden variable",5,"severe_hidden",0.36,0.250050600395404,1.17958997876825
0,3.45051173516224,"Male",54,68640,0,"White","College+","Never",0,"Inland",0.00973133613949384,3.45051173516224,4.35051173516224,0.9,"hidden_h5_severe","H5: severe hidden variable",5,"severe_hidden",0.36,0.279720398307685,1.37390959548582
0,1.62734111595633,"Female",63,42551,0,"Black","Some college","Ever",5,"South",-1.80660574456774,1.62734111595633,2.52734111595633,0.9,"hidden_h5_severe","H5: severe hidden variable",5,"severe_hidden",0.36,0.297099633471799,1.49535215414971
0,-0.230505476630847,"Female",37,54421,0,"White","HS","Ever",6,"Coastal",-0.352281885906917,-0.230505476630847,0.669494523369153,0.9,"hidden_h5_severe","H5: severe hidden variable",5,"severe_hidden",0.36,0.163462761161871,0.691303389897667
0,3.5384538327322,"Female",65,48690,0,"Other","College+","Ever",8,"North",0.27473594075818,3.5384538327322,4.4384538327322,0.9,"hidden_h5_severe","H5: severe hidden variable",5,"severe_hidden",0.36,0.321896710945421,1.67940647301141
1,4.26121650731111,"Female",57,65190,0,"Other","College+","Never",0,"North",2.05385821098886,3.36121650731111,4.26121650731111,0.9,"hidden_h5_severe","H5: severe hidden variable",5,"severe_hidden",0.36,0.169923102053407,1
0,4.11728096212996,"Male",30,19582,0,"White","College+","Never",0,"Coastal",0.640921756803246,4.11728096212996,5.01728096212996,0.9,"hidden_h5_severe","H5: severe hidden variable",5,"severe_hidden",0.36,0.289014394988145,1.43811561166322
0,4.43252471489527,"Female",80,81078,0,"White","Some college","Never",0,"Inland",0.503700379405161,4.43252471489527,5.33252471489527,0.9,"hidden_h5_severe","H5: severe hidden variable",5,"severe_hidden",0.36,0.193833408424033,0.850626621621584
0,2.32811771348406,"Male",27,48343,0,"White","HS","Never",0,"North",-1.04505709325672,2.32811771348406,3.22811771348406,0.9,"hidden_h5_severe","H5: severe hidden variable",5,"severe_hidden",0.36,0.143579884510974,0.593119052241603
1,4.8844754014748,"Male",35,62088,0,"Black","HS","Never",0,"South",0.890156476231533,3.9844754014748,4.8844754014748,0.9,"hidden_h5_severe","H5: severe hidden variable",5,"severe_hidden",0.36,0.209966690923301,1
1,5.94420185979892,"Female",63,36671,0,"Black","HS","Ever",8,"Coastal",0.574499608000671,5.04420185979892,5.94420185979892,0.9,"hidden_h5_severe","H5: severe hidden variable",5,"severe_hidden",0.36,0.39870856247821,1
0,1.44281195596992,"Female",48,73015,0,"White","Some college","Never",0,"South",-1.15131420874445,1.44281195596992,2.34281195596992,0.9,"hidden_h5_severe","H5: severe hidden variable",5,"severe_hidden",0.36,0.156757188384285,0.657672908139526
0,3.17263031224831,"Female",22,58891,0,"Black","HS","Ever",4,"Inland",-0.261752784503976,3.17263031224831,4.07263031224831,0.9,"hidden_h5_severe","H5: severe hidden variable",5,"severe_hidden",0.36,0.147539288981283,0.612305906299121
0,1.29813391101504,"Male",41,69805,0,"White","HS","Never",0,"Inland",-0.012232014228004,1.29813391101504,2.19813391101505,0.9,"hidden_h5_severe","H5: severe hidden variable",5,"severe_hidden",0.36,0.145192537416728,0.600912342892072
0,3.11627116115794,"Male",29,37437,0,"Black","HS","Never",0,"Coastal",0.00677871787760613,3.11627116115794,4.01627116115794,0.9,"hidden_h5_severe","H5: severe hidden variable",5,"severe_hidden",0.36,0.223568957081844,1.01869399129993
0,3.58231166843247,"Male",64,39092,0,"White","<HS","Ever",5,"South",-0.862126221877279,3.58231166843247,4.48231166843247,0.9,"hidden_h5_severe","H5: severe hidden variable",5,"severe_hidden",0.36,0.133359733584843,0.54440360200907
0,3.58528863826633,"Female",54,76315,0,"White","HS","Never",0,"North",-1.06994879629056,3.58528863826633,4.48528863826633,0.9,"hidden_h5_severe","H5: severe hidden variable",5,"severe_hidden",0.36,0.135721200063907,0.5555574364977
1,5.42094583102142,"Female",37,61062,0,"White","College+","Ever",4,"Inland",0.780858354895334,4.52094583102142,5.42094583102142,0.9,"hidden_h5_severe","H5: severe hidden variable",5,"severe_hidden",0.36,0.199695344084361,1
1,2.95787972994791,"Female",39,30562,0,"Mexican American","Some college","Ever",8,"Inland",1.47706666790395,2.05787972994791,2.95787972994791,0.9,"hidden_h5_severe","H5: severe hidden variable",5,"severe_hidden",0.36,0.457344217399975,1
1,5.44036746706746,"Male",52,83161,0,"White","Some college","Never",0,"Coastal",0.955340982061748,4.54036746706746,5.44036746706746,0.9,"hidden_h5_severe","H5: severe hidden variable",5,"severe_hidden",0.36,0.177110227944391,1
0,4.19724309214429,"Female",54,78180,0,"White","Some college","Ever",3,"North",-1.82998903746156,4.19724309214429,5.09724309214429,0.9,"hidden_h5_severe","H5: severe hidden variable",5,"severe_hidden",0.36,0.11693921952071,0.468494750071852
0,1.48224661149624,"Female",36,67291,0,"White","Some college","Never",0,"North",0.24662707265626,1.48224661149624,2.38224661149624,0.9,"hidden_h5_severe","H5: severe hidden variable",5,"severe_hidden",0.36,0.146283844086195,0.606202884553581
1,3.42347821727916,"Female",37,75114,0,"Mexican American","College+","Never",0,"Coastal",1.89792298990866,2.52347821727916,3.42347821727916,0.9,"hidden_h5_severe","H5: severe hidden variable",5,"severe_hidden",0.36,0.349693832442461,1
0,5.05763007793057,"Male",21,55558,1,"White","Some college","Ever",2,"North",-0.0828091795409274,5.05763007793057,5.95763007793057,0.9,"hidden_h5_severe","H5: severe hidden variable",5,"severe_hidden",0.36,0.0835917226129185,0.322707758070238
0,2.46072543150308,"Female",42,57040,0,"Black","<HS","Never",0,"South",0.0591764308540402,2.46072543150308,3.36072543150308,0.9,"hidden_h5_severe","H5: severe hidden variable",5,"severe_hidden",0.36,0.126567750232117,0.512659455109827
1,5.32831284709198,"Male",60,79320,0,"White","HS","Ever",4,"Coastal",0.245768309682664,4.42831284709198,5.32831284709198,0.9,"hidden_h5_severe","H5: severe hidden variable",5,"severe_hidden",0.36,0.141218996629483,1
0,2.58270618322471,"Female",35,47141,0,"White","Some college","Never",0,"North",-1.51288876956184,2.58270618322471,3.48270618322471,0.9,"hidden_h5_severe","H5: severe hidden variable",5,"severe_hidden",0.36,0.159534497354003,0.671536852005178
0,3.35171245725884,"Female",25,47679,0,"White","HS","Ever",2,"Coastal",0.806507324903681,3.35171245725884,4.25171245725884,0.9,"hidden_h5_severe","H5: severe hidden variable",5,"severe_hidden",0.36,0.07299942658933,0.278595809957852
0,5.5681261646379,"Female",53,55558,1,"Mexican American","Some college","Never",0,"Coastal",-1.00473046732915,5.5681261646379,6.4681261646379,0.9,"hidden_h5_severe","H5: severe hidden variable",5,"severe_hidden",0.36,0.26986546868602,1.30761400285768
0,2.18632878962517,"Male",50,63962,0,"Other","<HS","Never",0,"South",-1.4245803043655,2.18632878962517,3.08632878962517,0.9,"hidden_h5_severe","H5: severe hidden variable",5,"severe_hidden",0.36,0.0621674844444179,0.234516358910495
0,1.40617934924355,"Female",54,35496,0,"Black","HS","Ever",6,"Coastal",-0.448100251297855,1.40617934924355,2.30617934924355,0.9,"hidden_h5_severe","H5: severe hidden variable",5,"severe_hidden",0.36,0.287869663521273,1.43011692911783
0,1.75084357539069,"Male",43,83030,0,"White","Some college","Never",0,"South",-0.912477081297544,1.75084357539069,2.65084357539069,0.9,"hidden_h5_severe","H5: severe hidden variable",5,"severe_hidden",0.36,0.165168966506599,0.699946749243337
1,4.11734362973676,"Male",43,42953,0,"White","Some college","Never",0,"South",0.197599808550348,3.21734362973676,4.11734362973676,0.9,"hidden_h5_severe","H5: severe hidden variable",5,"severe_hidden",0.36,0.198147291500068,1
1,5.55814001101212,"Female",30,55558,1,"Mexican American","Some college","Ever",7,"Inland",1.40457862341245,4.65814001101212,5.55814001101212,0.9,"hidden_h5_severe","H5: severe hidden variable",5,"severe_hidden",0.36,0.321574019224,1
0,4.03893083465866,"Male",30,75723,0,"White","HS","Ever",10,"Inland",-1.32118666901426,4.03893083465866,4.93893083465866,0.9,"hidden_h5_severe","H5: severe hidden variable",5,"severe_hidden",0.36,0.305994543095777,1.55986111100928
0,3.57664279003935,"Male",33,43736,0,"Mexican American","College+","Never",0,"Inland",-0.356615090803778,3.57664279003935,4.47664279003935,0.9,"hidden_h5_severe","H5: severe hidden variable",5,"severe_hidden",0.36,0.420918487861496,2.57154090050539
0,2.03698075785054,"Female",28,36032,0,"Black","Some college","Ever",5,"Inland",-1.00511479543171,2.03698075785054,2.93698075785054,0.9,"hidden_h5_severe","H5: severe hidden variable",5,"severe_hidden",0.36,0.239523870761582,1.11429029847274
0,1.13939902258611,"Female",30,67479,0,"White","Some college","Ever",5,"Coastal",0.0987908987130915,1.13939902258611,2.03939902258611,0.9,"hidden_h5_severe","H5: severe hidden variable",5,"severe_hidden",0.36,0.145246078399571,0.601171588893534
0,3.65503434474658,"Male",26,28283,0,"Black","Some college","Ever",6,"North",-0.960089157244737,3.65503434474658,4.55503434474659,0.9,"hidden_h5_severe","H5: severe hidden variable",5,"severe_hidden",0.36,0.319105497606199,1.65801934406592
0,4.42757805876406,"Female",24,43593,0,"White","<HS","Ever",4,"North",0.00737067819060551,4.42757805876406,5.32757805876406,0.9,"hidden_h5_severe","H5: severe hidden variable",5,"severe_hidden",0.36,0.0661535504525514,0.250618323329701
0,1.49292071051393,"Female",32,60548,0,"Black","Some college","Never",0,"Coastal",-0.198280282234613,1.49292071051393,2.39292071051393,0.9,"hidden_h5_severe","H5: severe hidden variable",5,"severe_hidden",0.36,0.213679145929289,0.961385305599681
0,2.0548310491584,"Female",22,62685,0,"White","<HS","Never",0,"Inland",-0.79823213247977,2.0548310491584,2.9548310491584,0.9,"hidden_h5_severe","H5: severe hidden variable",5,"severe_hidden",0.36,0.0682923804258327,0.259315059132956
0,2.17615657447214,"Female",38,55558,1,"White","HS","Never",0,"Inland",-0.42817123633027,2.17615657447214,3.07615657447214,0.9,"hidden_h5_severe","H5: severe hidden variable",5,"severe_hidden",0.36,0.116008461856255,0.464276492925168
0,4.3487795260462,"Female",62,76647,0,"White","College+","Never",0,"South",-2.15353677618371,4.3487795260462,5.2487795260462,0.9,"hidden_h5_severe","H5: severe hidden variable",5,"severe_hidden",0.36,0.253540336015263,1.20164407950788
0,5.64218363730079,"Female",37,77548,0,"Black","Some college","Ever",4,"North",-0.304207508771562,5.64218363730079,6.54218363730079,0.9,"hidden_h5_severe","H5: severe hidden variable",5,"severe_hidden",0.36,0.181097870579921,0.782377726001133
1,6.2465131094249,"Male",45,70689,0,"Black","<HS","Ever",12,"Coastal",1.78437976682279,5.3465131094249,6.2465131094249,0.9,"hidden_h5_severe","H5: severe hidden variable",5,"severe_hidden",0.36,0.423851062257446,1
0,3.34155443416791,"Male",41,56383,0,"White","<HS","Never",0,"South",1.7580989522896,3.34155443416791,4.24155443416791,0.9,"hidden_h5_severe","H5: severe hidden variable",5,"severe_hidden",0.36,0.0967473914524334,0.378935395976014
1,5.07528986010612,"Female",50,58715,0,"Mexican American","HS","Ever",12,"Coastal",0.770676283548991,4.17528986010612,5.07528986010612,0.9,"hidden_h5_severe","H5: severe hidden variable",5,"severe_hidden",0.36,0.599288307627594,1
1,3.47393162372384,"Female",32,55882,0,"White","HS","Never",0,"Coastal",-0.0367770821478544,2.57393162372384,3.47393162372384,0.9,"hidden_h5_severe","H5: severe hidden variable",5,"severe_hidden",0.36,0.125038835273833,1
0,3.12244152825871,"Female",43,54401,0,"White","Some college","Never",0,"South",0.237911424393081,3.12244152825871,4.02244152825871,0.9,"hidden_h5_severe","H5: severe hidden variable",5,"severe_hidden",0.36,0.164313921571048,0.6956108186552
0,3.69573680879236,"Male",47,51286,0,"Black","College+","Ever",3,"North",-0.258273461775742,3.69573680879236,4.59573680879236,0.9,"hidden_h5_severe","H5: severe hidden variable",5,"severe_hidden",0.36,0.305491258342937,1.55616701391426
0,4.60024695365611,"Female",42,63969,0,"Other","Some college","Never",0,"North",-0.23595249932842,4.60024695365611,5.50024695365611,0.9,"hidden_h5_severe","H5: severe hidden variable",5,"severe_hidden",0.36,0.0987025786097356,0.387432014447651
0,2.85334646430607,"Male",60,73014,0,"White","College+","Ever",3,"Coastal",-0.647552084317987,2.85334646430607,3.75334646430607,0.9,"hidden_h5_severe","H5: severe hidden variable",5,"severe_hidden",0.36,0.217440737624696,0.983011980783741
0,2.80927354655125,"Male",56,55558,1,"Black","Some college","Never",0,"North",-0.866445829753626,2.80927354655125,3.70927354655125,0.9,"hidden_h5_severe","H5: severe hidden variable",5,"severe_hidden",0.36,0.263605841297685,1.26642603235965
0,2.41133055744717,"Female",53,41965,0,"White","<HS","Never",0,"Inland",-1.7684680838893,2.41133055744717,3.31133055744717,0.9,"hidden_h5_severe","H5: severe hidden variable",5,"severe_hidden",0.36,0.0992393050900568,0.38977090877776
1,3.92858471350963,"Male",45,60275,0,"Mexican American","HS","Never",0,"Coastal",2.14576338278696,3.02858471350963,3.92858471350963,0.9,"hidden_h5_severe","H5: severe hidden variable",5,"severe_hidden",0.36,0.269860873844716,1
0,3.05426877020197,"Female",42,51180,0,"White","Some college","Ever",3,"Inland",0.537917910903842,3.05426877020197,3.95426877020197,0.9,"hidden_h5_severe","H5: severe hidden variable",5,"severe_hidden",0.36,0.120766236712829,0.485932907491503
0,1.68836767597129,"Female",52,70516,0,"Mexican American","<HS","Ever",4,"Inland",-0.601344782517726,1.68836767597129,2.58836767597129,0.9,"hidden_h5_severe","H5: severe hidden variable",5,"severe_hidden",0.36,0.136391803111699,0.5587359937718
0,1.76204160980934,"Female",42,57006,0,"White","Some college","Never",0,"Inland",-1.41873324255633,1.76204160980934,2.66204160980934,0.9,"hidden_h5_severe","H5: severe hidden variable",5,"severe_hidden",0.36,0.161059730814847,0.67918965485804
0,3.35698697236415,"Female",40,47972,0,"White","Some college","Never",0,"Coastal",-0.612050597299616,3.35698697236415,4.25698697236415,0.9,"hidden_h5_severe","H5: severe hidden variable",5,"severe_hidden",0.36,0.165326438961181,0.700746260328374
0,5.19049997677671,"Male",39,55676,0,"Mexican American","<HS","Never",0,"North",-1.37728048304625,5.19049997677671,6.09049997677671,0.9,"hidden_h5_severe","H5: severe hidden variable",5,"severe_hidden",0.36,0.173361790368987,0.741947271612759
0,2.09224054501427,"Female",30,55558,1,"White","Some college","Never",0,"South",-0.457281607903548,2.09224054501427,2.99224054501427,0.9,"hidden_h5_severe","H5: severe hidden variable",5,"severe_hidden",0.36,0.130195434623494,0.529552725162264
0,2.93116361551852,"Female",32,85583,0,"Mexican American","Some college","Ever",7,"South",-1.49551354642406,2.93116361551852,3.83116361551852,0.9,"hidden_h5_severe","H5: severe hidden variable",5,"severe_hidden",0.36,0.320690793920682,1.67014480499361
1,4.02704490855376,"Male",80,57546,0,"White","College+","Never",0,"Coastal",2.19973861739143,3.12704490855376,4.02704490855376,0.9,"hidden_h5_severe","H5: severe hidden variable",5,"severe_hidden",0.36,0.345489435425152,1
1,2.69435356264107,"Male",48,51457,0,"White","College+","Ever",7,"Inland",1.6993348404502,1.79435356264107,2.69435356264107,0.9,"hidden_h5_severe","H5: severe hidden variable",5,"severe_hidden",0.36,0.391425617772131,1
0,3.19987979309634,"Female",32,56509,0,"Black","College+","Ever",6,"North",-0.193932065420772,3.19987979309634,4.09987979309634,0.9,"hidden_h5_severe","H5: severe hidden variable",5,"severe_hidden",0.36,0.370017738323773,2.07792255620934
0,1.71135272022712,"Male",57,77498,0,"White","College+","Never",0,"North",-0.685323660720135,1.71135272022712,2.61135272022712,0.9,"hidden_h5_severe","H5: severe hidden variable",5,"severe_hidden",0.36,0.275542645649927,1.34558498688552
0,4.45129373744612,"Female",59,11909,0,"White","HS","Never",0,"Coastal",0.484975768189707,4.45129373744612,5.35129373744612,0.9,"hidden_h5_severe","H5: severe hidden variable",5,"severe_hidden",0.36,0.190497219365792,0.832540616617571
0,4.12388010417085,"Male",46,58882,0,"White","College+","Never",0,"Inland",0.637344906445157,4.12388010417085,5.02388010417085,0.9,"hidden_h5_severe","H5: severe hidden variable",5,"severe_hidden",0.36,0.27543664776147,1.3448705840678
0,3.16256211861087,"Female",55,81220,0,"White","<HS","Never",0,"South",0.0245971549893256,3.16256211861087,4.06256211861087,0.9,"hidden_h5_severe","H5: severe hidden variable",5,"severe_hidden",0.36,0.0828213664226196,0.319465229741844
0,1.10054554560931,"Male",63,36290,0,"White","College+","Ever",9,"Inland",0.446562664618604,1.10054554560931,2.00054554560931,0.9,"hidden_h5_severe","H5: severe hidden variable",5,"severe_hidden",0.36,0.550049384563515,4.32485914236564
1,3.83296461516744,"Female",37,73133,0,"Other","HS","Never",0,"Inland",1.47325187953187,2.93296461516744,3.83296461516744,0.9,"hidden_h5_severe","H5: severe hidden variable",5,"severe_hidden",0.36,0.0746884271658294,1
0,1.03846435869757,"Female",45,66887,0,"Black","Some college","Ever",3,"South",-0.319400321463857,1.03846435869757,1.93846435869757,0.9,"hidden_h5_severe","H5: severe hidden variable",5,"severe_hidden",0.36,0.170438428377803,0.72686545592527
0,4.40483168485894,"Male",61,53934,0,"White","Some college","Never",0,"South",0.455601133845384,4.40483168485894,5.30483168485894,0.9,"hidden_h5_severe","H5: severe hidden variable",5,"severe_hidden",0.36,0.216028520828388,0.974868332522173
0,3.22499444735944,"Male",44,59860,0,"White","College+","Never",0,"North",-1.20695453213654,3.22499444735944,4.12499444735944,0.9,"hidden_h5_severe","H5: severe hidden variable",5,"severe_hidden",0.36,0.270613454206078,1.31258298788734
0,4.45239638604329,"Female",38,44527,0,"Black","Some college","Never",0,"South",-0.130916727617883,4.45239638604329,5.35239638604329,0.9,"hidden_h5_severe","H5: severe hidden variable",5,"severe_hidden",0.36,0.239143587640948,1.11196513285723
0,2.05590004424088,"Female",63,54312,0,"Other","Some college","Ever",9,"Coastal",-0.245380125155877,2.05590004424088,2.95590004424088,0.9,"hidden_h5_severe","H5: severe hidden variable",5,"severe_hidden",0.36,0.253949927251708,1.20424610452872
0,3.81380198013595,"Female",60,55558,1,"Black","College+","Never",0,"Coastal",0.304788221751617,3.81380198013595,4.71380198013595,0.9,"hidden_h5_severe","H5: severe hidden variable",5,"severe_hidden",0.36,0.339876745920649,1.82150997602385
0,3.02959207606071,"Female",33,33698,0,"Black","<HS","Never",0,"Coastal",1.05289026851468,3.02959207606071,3.92959207606071,0.9,"hidden_h5_severe","H5: severe hidden variable",5,"severe_hidden",0.36,0.131576708301247,0.536022091201064
0,2.41290423942995,"Male",59,63180,0,"White","<HS","Ever",7,"Inland",-1.65486893340946,2.41290423942995,3.31290423942995,0.9,"hidden_h5_severe","H5: severe hidden variable",5,"severe_hidden",0.36,0.163021703475081,0.689074795395815
0,3.85269004141567,"Male",44,37803,0,"White","HS","Never",0,"Inland",-0.293083294324759,3.85269004141567,4.75269004141567,0.9,"hidden_h5_severe","H5: severe hidden variable",5,"severe_hidden",0.36,0.172650634953764,0.738268564244927
0,3.48529561614479,"Female",18,37648,0,"White","HS","Ever",7,"Coastal",0.540034030864852,3.48529561614479,4.38529561614479,0.9,"hidden_h5_severe","H5: severe hidden variable",5,"severe_hidden",0.36,0.180835280243037,0.78099285081173
0,1.57112460384911,"Female",54,66755,0,"White","HS","Ever",5,"Coastal",-0.149778831802555,1.57112460384911,2.47112460384911,0.9,"hidden_h5_severe","H5: severe hidden variable",5,"severe_hidden",0.36,0.148183403253914,0.615444084400241
0,4.920289474979,"Female",44,61309,0,"White","Some college","Ever",9,"South",-0.415461791394972,4.920289474979,5.820289474979,0.9,"hidden_h5_severe","H5: severe hidden variable",5,"severe_hidden",0.36,0.315818163105476,1.63305456863255
0,1.64605716014762,"Male",55,79693,0,"Black","Some college","Never",0,"Inland",-1.45026271024534,1.64605716014762,2.54605716014761,0.9,"hidden_h5_severe","H5: severe hidden variable",5,"severe_hidden",0.36,0.263666757187775,1.26682348097307
0,4.32926019629289,"Female",55,37534,0,"White","<HS","Ever",4,"Inland",0.446788054130557,4.32926019629289,5.22926019629289,0.9,"hidden_h5_severe","H5: severe hidden variable",5,"severe_hidden",0.36,0.0893858480597939,0.347271788657144
0,2.75406061892964,"Male",58,43589,0,"Mexican American","<HS","Ever",5,"South",0.412359328219705,2.75406061892964,3.65406061892964,0.9,"hidden_h5_severe","H5: severe hidden variable",5,"severe_hidden",0.36,0.219894241017487,0.997230392219781
0,0.670239022435016,"Female",72,84672,0,"White","College+","Never",0,"Inland",-1.97461388979285,0.670239022435016,1.57023902243502,0.9,"hidden_h5_severe","H5: severe hidden variable",5,"severe_hidden",0.36,0.263090602064999,1.263066957913
1,4.0221794089065,"Female",42,50661,0,"Black","College+","Ever",4,"North",1.69206248129317,3.1221794089065,4.0221794089065,0.9,"hidden_h5_severe","H5: severe hidden variable",5,"severe_hidden",0.36,0.305380147036025,1
0,5.50591608627955,"Male",30,69020,0,"White","Some college","Never",0,"Coastal",-0.246568909560886,5.50591608627955,6.40591608627955,0.9,"hidden_h5_severe","H5: severe hidden variable",5,"severe_hidden",0.36,0.159062476074305,0.669174127485402
1,5.26451284673041,"Male",47,40122,0,"White","Some college","Never",0,"Coastal",1.0267579167507,4.36451284673041,5.26451284673041,0.9,"hidden_h5_severe","H5: severe hidden variable",5,"severe_hidden",0.36,0.206777878703219,1
0,2.28451239719356,"Male",43,68631,0,"White","College+","Ever",6,"North",-1.96452397571993,2.28451239719356,3.18451239719356,0.9,"hidden_h5_severe","H5: severe hidden variable",5,"severe_hidden",0.36,0.311731938736467,1.60235528888304
0,3.51178984997102,"Male",57,50938,0,"Mexican American","Some college","Never",0,"Coastal",-2.09012094262789,3.51178984997102,4.41178984997102,0.9,"hidden_h5_severe","H5: severe hidden variable",5,"severe_hidden",0.36,0.349048245903366,1.8970194892431
0,0.488225991845108,"Female",55,66977,0,"White","HS","Ever",5,"North",-0.763870064106733,0.488225991845108,1.38822599184511,0.9,"hidden_h5_severe","H5: severe hidden variable",5,"severe_hidden",0.36,0.149222175964291,0.620515082027418
0,3.31075217113444,"Male",52,50799,0,"Mexican American","Some college","Ever",5,"Coastal",-0.0880336553112009,3.31075217113444,4.21075217113444,0.9,"hidden_h5_severe","H5: severe hidden variable",5,"severe_hidden",0.36,0.3497113939616,1.90256179767122
0,3.18461286675931,"Female",56,61856,0,"White","HS","Ever",3,"South",0.335489989357346,3.18461286675931,4.08461286675931,0.9,"hidden_h5_severe","H5: severe hidden variable",5,"severe_hidden",0.36,0.107230099676306,0.424925020954654
0,1.19027109097244,"Female",56,58996,0,"White","Some college","Never",0,"Coastal",-1.26664483329242,1.19027109097244,2.09027109097244,0.9,"hidden_h5_severe","H5: severe hidden variable",5,"severe_hidden",0.36,0.178099029262116,0.766614789483384
1,3.62800516496056,"Male",77,94164,0,"White","Some college","Ever",8,"Coastal",1.75438762814167,2.72800516496056,3.62800516496056,0.9,"hidden_h5_severe","H5: severe hidden variable",5,"severe_hidden",0.36,0.334679508206457,1
0,2.36333514061699,"Female",51,53315,0,"White","<HS","Never",0,"Inland",0.250194157058659,2.36333514061699,3.26333514061699,0.9,"hidden_h5_severe","H5: severe hidden variable",5,"severe_hidden",0.36,0.0921593370611029,0.359140882284421
1,4.383729199199,"Male",60,75547,0,"Black","Some college","Never",0,"South",1.83606852610871,3.483729199199,4.383729199199,0.9,"hidden_h5_severe","H5: severe hidden variable",5,"severe_hidden",0.36,0.277517830849938,1
0,2.18251520811691,"Male",79,59736,0,"White","<HS","Never",0,"Coastal",0.295355715175709,2.18251520811691,3.08251520811691,0.9,"hidden_h5_severe","H5: severe hidden variable",5,"severe_hidden",0.36,0.130802982131233,0.532395716049553
0,1.32888698954459,"Female",43,43202,0,"White","HS","Never",0,"South",-2.09835283692581,1.32888698954459,2.22888698954459,0.9,"hidden_h5_severe","H5: severe hidden variable",5,"severe_hidden",0.36,0.145368965892388,0.60176673426025
1,5.63914071121501,"Male",38,55558,1,"Mexican American","Some college","Ever",7,"Coastal",0.875164581443053,4.73914071121501,5.63914071121501,0.9,"hidden_h5_severe","H5: severe hidden variable",5,"severe_hidden",0.36,0.376131427922861,1
0,3.35920893733075,"Male",51,54328,0,"Black","Some college","Never",0,"Inland",-0.180146883613424,3.35920893733075,4.25920893733075,0.9,"hidden_h5_severe","H5: severe hidden variable",5,"severe_hidden",0.36,0.284139028705249,1.4042270691704
1,2.55196585081345,"Male",36,22593,0,"Mexican American","College+","Ever",2,"South",-0.113123902953021,1.65196585081345,2.55196585081345,0.9,"hidden_h5_severe","H5: severe hidden variable",5,"severe_hidden",0.36,0.321085858644368,1
0,1.04848829329384,"Female",56,60077,0,"White","Some college","Never",0,"Inland",-1.32722252018299,1.04848829329384,1.94848829329384,0.9,"hidden_h5_severe","H5: severe hidden variable",5,"severe_hidden",0.36,0.177222831617128,0.762030885724336
0,1.58406427354763,"Male",42,64167,0,"White","College+","Never",0,"Inland",-1.78655135291461,1.58406427354763,2.48406427354763,0.9,"hidden_h5_severe","H5: severe hidden variable",5,"severe_hidden",0.36,0.262254705998276,1.2576273590658
1,5.19558051184086,"Female",55,57091,0,"White","College+","Never",0,"South",1.2878264374456,4.29558051184086,5.19558051184086,0.9,"hidden_h5_severe","H5: severe hidden variable",5,"severe_hidden",0.36,0.261654919949456,1
0,6.17734553449812,"Male",31,93631,0,"White","Some college","Never",0,"South",0.35385832507166,6.17734553449812,7.07734553449812,0.9,"hidden_h5_severe","H5: severe hidden variable",5,"severe_hidden",0.36,0.142788032070677,0.589303087891868
0,0.624767166665264,"Female",53,46417,0,"Mexican American","<HS","Never",0,"South",-0.816447867899491,0.624767166665264,1.52476716666526,0.9,"hidden_h5_severe","H5: severe hidden variable",5,"severe_hidden",0.36,0.176021240779396,0.755760511016749
1,5.43856246452361,"Female",50,69173,0,"White","College+","Ever",7,"South",1.51302305540692,4.53856246452361,5.43856246452361,0.9,"hidden_h5_severe","H5: severe hidden variable",5,"severe_hidden",0.36,0.334971732981319,1
0,2.82037384476077,"Female",46,55558,1,"Black","HS","Ever",6,"South",-0.104738575471991,2.82037384476077,3.72037384476077,0.9,"hidden_h5_severe","H5: severe hidden variable",5,"severe_hidden",0.36,0.225096759523382,1.02767762356619
0,4.84294461954402,"Female",24,49420,0,"White","College+","Never",0,"Coastal",-0.312294435023126,4.84294461954402,5.74294461954402,0.9,"hidden_h5_severe","H5: severe hidden variable",5,"severe_hidden",0.36,0.216295301329528,0.976404492706749
0,2.8035103589247,"Male",50,46339,0,"Mexican American","<HS","Ever",3,"South",-0.378353210904621,2.8035103589247,3.7035103589247,0.9,"hidden_h5_severe","H5: severe hidden variable",5,"severe_hidden",0.36,0.145104478572896,0.600486031668403
0,3.15697677241065,"Female",70,67253,0,"White","Some college","Ever",1,"Inland",-0.507561914734621,3.15697677241065,4.05697677241065,0.9,"hidden_h5_severe","H5: severe hidden variable",5,"severe_hidden",0.36,0.0973868024364775,0.381710021155775
0,2.36934197695683,"Female",80,55558,1,"White","College+","Never",0,"North",-0.311936866471464,2.36934197695683,3.26934197695683,0.9,"hidden_h5_severe","H5: severe hidden variable",5,"severe_hidden",0.36,0.281588717604928,1.38668315612562
0,2.69204825747918,"Male",68,54694,0,"Other","Some college","Never",0,"North",-1.25809912932579,2.69204825747918,3.59204825747918,0.9,"hidden_h5_severe","H5: severe hidden variable",5,"severe_hidden",0.36,0.148066636286947,0.614874833914595
0,1.70354944720218,"Male",20,25620,0,"White","HS","Ever",2,"North",0.52085824223321,1.70354944720218,2.60354944720218,0.9,"hidden_h5_severe","H5: severe hidden variable",5,"severe_hidden",0.36,0.0910186297339718,0.354250478126947
0,3.94306279172836,"Female",34,55558,1,"White","HS","Ever",3,"North",0.674237741869014,3.94306279172836,4.84306279172836,0.9,"hidden_h5_severe","H5: severe hidden variable",5,"severe_hidden",0.36,0.0804915859355461,0.309691946138735
0,4.86434839688932,"Female",46,55558,1,"White","College+","Ever",6,"North",-0.929979364708941,4.86434839688932,5.76434839688932,0.9,"hidden_h5_severe","H5: severe hidden variable",5,"severe_hidden",0.36,0.268962640999699,1.30162992076416
0,5.32307034017621,"Female",62,90517,0,"White","Some college","Never",0,"North",-0.226647209093753,5.32307034017621,6.22307034017621,0.9,"hidden_h5_severe","H5: severe hidden variable",5,"severe_hidden",0.36,0.161442648815545,0.681115303756544
0,4.21982946580981,"Female",53,51107,0,"White","HS","Never",0,"Coastal",-1.08170077739713,4.21982946580981,5.11982946580981,0.9,"hidden_h5_severe","H5: severe hidden variable",5,"severe_hidden",0.36,0.151758260012046,0.632947711086859
0,1.67665062024582,"Female",57,63340,0,"White","<HS","Never",0,"North",0.256449540408468,1.67665062024582,2.57665062024582,0.9,"hidden_h5_severe","H5: severe hidden variable",5,"severe_hidden",0.36,0.0922435704642328,0.359502492354864
0,4.31433060233145,"Female",47,63664,0,"White","Some college","Ever",6,"South",-0.12916535306801,4.31433060233145,5.21433060233145,0.9,"hidden_h5_severe","H5: severe hidden variable",5,"severe_hidden",0.36,0.200601550339913,0.887781555497734
0,2.31365258843175,"Male",25,52812,0,"White","<HS","Ever",6,"North",-2.11075474143945,2.31365258843175,3.21365258843175,0.9,"hidden_h5_severe","H5: severe hidden variable",5,"severe_hidden",0.36,0.108369016581573,0.429986791831323
0,3.49545041502738,"Female",46,55558,1,"White","College+","Never",0,"South",-1.81549702971265,3.49545041502738,4.39545041502738,0.9,"hidden_h5_severe","H5: severe hidden variable",5,"severe_hidden",0.36,0.221409989927664,1.00605915988055
1,7.09793554422079,"Female",66,65299,0,"Black","College+","Never",0,"Inland",1.63194006815442,6.19793554422079,7.09793554422079,0.9,"hidden_h5_severe","H5: severe hidden variable",5,"severe_hidden",0.36,0.373411270275083,1
0,4.21221933399935,"Female",24,58844,0,"White","HS","Never",0,"Inland",-1.15678227016133,4.21221933399935,5.11221933399935,0.9,"hidden_h5_severe","H5: severe hidden variable",5,"severe_hidden",0.36,0.115322773293751,0.4611745837018
0,2.29106125597194,"Male",38,45213,0,"White","Some college","Never",0,"South",-1.3436583552324,2.29106125597194,3.19106125597194,0.9,"hidden_h5_severe","H5: severe hidden variable",5,"severe_hidden",0.36,0.188828542569507,0.823550271663375
0,4.49502962637586,"Male",55,71227,0,"White","Some college","Never",0,"North",-1.20921115694511,4.49502962637586,5.39502962637586,0.9,"hidden_h5_severe","H5: severe hidden variable",5,"severe_hidden",0.36,0.19130882974817,0.836926748463591
0,5.23577265188625,"Male",69,76437,0,"White","<HS","Ever",5,"North",0.433289630137135,5.23577265188625,6.13577265188625,0.9,"hidden_h5_severe","H5: severe hidden variable",5,"severe_hidden",0.36,0.115927361963903,0.463909363364182
0,-2.01301429527705,"Female",36,55558,1,"Mexican American","College+","Never",0,"Inland",-0.914304403992639,-2.01301429527705,-1.11301429527705,0.9,"hidden_h5_severe","H5: severe hidden variable",5,"severe_hidden",0.36,0.339622227240295,1.81944441838574
0,3.87416822912309,"Male",18,48841,0,"White","<HS","Ever",9,"South",-0.870076790492891,3.87416822912309,4.77416822912309,0.9,"hidden_h5_severe","H5: severe hidden variable",5,"severe_hidden",0.36,0.178460508616202,0.768508749009243
0,2.78353221430578,"Male",71,49240,0,"White","Some college","Never",0,"North",0.0276675947088406,2.78353221430578,3.68353221430578,0.9,"hidden_h5_severe","H5: severe hidden variable",5,"severe_hidden",0.36,0.237118015484649,1.09961923189677
0,3.47767010523225,"Female",26,45404,0,"White","HS","Ever",2,"Inland",-0.545845369748005,3.47767010523225,4.37767010523225,0.9,"hidden_h5_severe","H5: severe hidden variable",5,"severe_hidden",0.36,0.074506309818718,0.284809667163942
0,1.89192165175172,"Female",63,59713,0,"White","Some college","Ever",3,"Coastal",-0.184360563042791,1.89192165175172,2.79192165175172,0.9,"hidden_h5_severe","H5: severe hidden variable",5,"severe_hidden",0.36,0.137721100058217,0.565051274007934
0,2.65571119879463,"Male",52,94734,0,"White","HS","Never",0,"South",-2.48132914583324,2.65571119879463,3.55571119879463,0.9,"hidden_h5_severe","H5: severe hidden variable",5,"severe_hidden",0.36,0.140963692560436,0.580538307223196
1,5.77600706534958,"Female",49,36278,0,"Black","HS","Never",0,"North",1.79101655420817,4.87600706534958,5.77600706534958,0.9,"hidden_h5_severe","H5: severe hidden variable",5,"severe_hidden",0.36,0.228843079332307,1
0,3.43890545164945,"Male",40,57627,0,"Black","College+","Never",0,"Coastal",0.0741832245738846,3.43890545164945,4.33890545164945,0.9,"hidden_h5_severe","H5: severe hidden variable",5,"severe_hidden",0.36,0.364618685404961,2.03020370734138
0,3.2539714354352,"Female",61,43348,0,"White","<HS","Ever",3,"Inland",-0.292585233561244,3.2539714354352,4.1539714354352,0.9,"hidden_h5_severe","H5: severe hidden variable",5,"severe_hidden",0.36,0.0755062456335731,0.288944232075208
0,1.06909919450861,"Female",36,21400,0,"White","HS","Ever",4,"North",-0.591069407882655,1.06909919450861,1.96909919450861,0.9,"hidden_h5_severe","H5: severe hidden variable",5,"severe_hidden",0.36,0.132917035714821,0.542319384453988
1,5.65304194881527,"Female",54,64603,0,"Mexican American","Some college","Ever",2,"South",1.01346127511082,4.75304194881527,5.65304194881527,0.9,"hidden_h5_severe","H5: severe hidden variable",5,"severe_hidden",0.36,0.18727832146754,1
0,3.41849519917769,"Female",49,55575,0,"White","College+","Never",0,"North",-1.82471540522357,3.41849519917769,4.31849519917769,0.9,"hidden_h5_severe","H5: severe hidden variable",5,"severe_hidden",0.36,0.252447953054156,1.19471840188829
0,0.556450812244645,"Female",60,77537,0,"Mexican American","Some college","Never",0,"Coastal",-0.492489210081101,0.556450812244645,1.45645081224465,0.9,"hidden_h5_severe","H5: severe hidden variable",5,"severe_hidden",0.36,0.287505478966224,1.42757761959107
0,2.81301602114496,"Female",52,57073,0,"White","Some college","Never",0,"North",0.359884827584298,2.81301602114496,3.71301602114496,0.9,"hidden_h5_severe","H5: severe hidden variable",5,"severe_hidden",0.36,0.1741693993971,0.746132603020925
0,2.96502499527946,"Female",64,66620,0,"Black","HS","Never",0,"Coastal",0.642008392169366,2.96502499527946,3.86502499527946,0.9,"hidden_h5_severe","H5: severe hidden variable",5,"severe_hidden",0.36,0.22415239633436,1.0221204970479
0,1.87482017770113,"Female",18,44332,0,"White","HS","Ever",6,"Coastal",-0.517863562498354,1.87482017770113,2.77482017770113,0.9,"hidden_h5_severe","H5: severe hidden variable",5,"severe_hidden",0.36,0.147288983683966,0.611087677310601
1,6.51214973841956,"Female",63,56112,0,"Mexican American","College+","Ever",4,"North",1.50163203060314,5.61214973841956,6.51214973841956,0.9,"hidden_h5_severe","H5: severe hidden variable",5,"severe_hidden",0.36,0.394485041363707,1
1,4.2345561128911,"Male",37,45738,0,"White","College+","Ever",7,"Coastal",1.54949492122902,3.3345561128911,4.2345561128911,0.9,"hidden_h5_severe","H5: severe hidden variable",5,"severe_hidden",0.36,0.374395209112293,1
1,5.04436724485342,"Female",71,53848,0,"Mexican American","HS","Ever",7,"Coastal",0.247813339386083,4.14436724485341,5.04436724485342,0.9,"hidden_h5_severe","H5: severe hidden variable",5,"severe_hidden",0.36,0.398067150837255,1
0,0.216644854620503,"Female",58,17888,0,"White","<HS","Never",0,"South",-1.25979766327563,0.216644854620503,1.1166448546205,0.9,"hidden_h5_severe","H5: severe hidden variable",5,"severe_hidden",0.36,0.116609188799613,0.466998011232607
0,2.75613717075191,"Female",36,74122,0,"White","College+","Never",0,"Inland",0.275784729202369,2.75613717075191,3.65613717075191,0.9,"hidden_h5_severe","H5: severe hidden variable",5,"severe_hidden",0.36,0.212288767433153,0.953443827464872
0,4.1713622281249,"Female",45,25835,0,"White","Some college","Ever",4,"South",0.496048222974146,4.1713622281249,5.0713622281249,0.9,"hidden_h5_severe","H5: severe hidden variable",5,"severe_hidden",0.36,0.166862940412327,0.708563168298072
1,4.60905370648977,"Male",39,66353,0,"Mexican American","<HS","Never",0,"Coastal",0.794662784899185,3.70905370648977,4.60905370648977,0.9,"hidden_h5_severe","H5: severe hidden variable",5,"severe_hidden",0.36,0.16503639128295,1
0,1.62681442924869,"Male",51,70004,0,"Black","Some college","Never",0,"North",-1.73583355500219,1.62681442924869,2.52681442924869,0.9,"hidden_h5_severe","H5: severe hidden variable",5,"severe_hidden",0.36,0.2667856956228,1.28726139650253
0,3.50532893223355,"Female",34,8000,0,"White","Some college","Never",0,"Coastal",1.64348108825037,3.50532893223355,4.40532893223355,0.9,"hidden_h5_severe","H5: severe hidden variable",5,"severe_hidden",0.36,0.189389793188225,0.826569995579201
0,5.17131538027141,"Male",62,68681,0,"White","Some college","Ever",3,"Coastal",1.84950065980433,5.17131538027141,6.07131538027141,0.9,"hidden_h5_severe","H5: severe hidden variable",5,"severe_hidden",0.36,0.15078044250109,0.628145366510378
0,4.52653504870053,"Male",59,57782,0,"Black","Some college","Never",0,"Inland",0.162090273828653,4.52653504870053,5.42653504870053,0.9,"hidden_h5_severe","H5: severe hidden variable",5,"severe_hidden",0.36,0.295736171997482,1.48560789438869
0,2.84926806412447,"Male",49,85103,0,"White","College+","Ever",5,"North",1.27293909798531,2.84926806412447,3.74926806412447,0.9,"hidden_h5_severe","H5: severe hidden variable",5,"severe_hidden",0.36,0.262108346349244,1.25667619059058
0,3.49374421416453,"Male",28,41737,0,"White","HS","Ever",6,"South",-0.957194286000155,3.49374421416453,4.39374421416453,0.9,"hidden_h5_severe","H5: severe hidden variable",5,"severe_hidden",0.36,0.185094489033631,0.803565657907028
0,2.87853446828434,"Female",30,25623,0,"White","Some college","Never",0,"North",0.00497515499420392,2.87853446828434,3.77853446828434,0.9,"hidden_h5_severe","H5: severe hidden variable",5,"severe_hidden",0.36,0.169454003627071,0.72181064001237
0,4.39442699437214,"Male",51,30769,0,"White","College+","Never",0,"South",0.150908031735315,4.39442699437214,5.29442699437214,0.9,"hidden_h5_severe","H5: severe hidden variable",5,"severe_hidden",0.36,0.317766727003515,1.64782337339088
0,3.42196019095874,"Female",33,30686,0,"Black","Some college","Never",0,"South",0.0173372123437061,3.42196019095874,4.32196019095874,0.9,"hidden_h5_severe","H5: severe hidden variable",5,"severe_hidden",0.36,0.244571332773722,1.14537374344308
0,1.59655967389758,"Female",45,65769,0,"White","Some college","Ever",4,"Inland",-0.817337561739552,1.59655967389758,2.49655967389758,0.9,"hidden_h5_severe","H5: severe hidden variable",5,"severe_hidden",0.36,0.13828853859327,0.567753018853901
0,3.55107528191784,"Female",51,66154,0,"White","Some college","Ever",7,"Coastal",-2.17545476466989,3.55107528191784,4.45107528191784,0.9,"hidden_h5_severe","H5: severe hidden variable",5,"severe_hidden",0.36,0.240423225901203,1.11979849075333
0,1.69854327430482,"Male",55,25860,0,"White","HS","Never",0,"South",0.479639215023169,1.69854327430482,2.59854327430482,0.9,"hidden_h5_severe","H5: severe hidden variable",5,"severe_hidden",0.36,0.198310814829102,0.875135917184942
1,7.24280466586108,"Male",49,43480,0,"Other","College+","Never",0,"South",0.928282609822737,6.34280466586108,7.24280466586108,0.9,"hidden_h5_severe","H5: severe hidden variable",5,"severe_hidden",0.36,0.201623405568221,1
1,3.79553977303523,"Female",35,55558,1,"White","Some college","Never",0,"Coastal",1.17644642644668,2.89553977303523,3.79553977303523,0.9,"hidden_h5_severe","H5: severe hidden variable",5,"severe_hidden",0.36,0.135633020849291,1
0,1.7276350524586,"Male",48,39604,0,"Black","Some college","Never",0,"North",-1.8068870655458,1.7276350524586,2.6276350524586,0.9,"hidden_h5_severe","H5: severe hidden variable",5,"severe_hidden",0.36,0.295119823252473,1.4812154024781
0,4.44302811212598,"Male",18,78296,0,"Black","College+","Never",0,"South",-1.78222429352334,4.44302811212598,5.34302811212599,0.9,"hidden_h5_severe","H5: severe hidden variable",5,"severe_hidden",0.36,0.293661163870854,1.47085060927603
0,1.08422691481165,"Male",43,37684,0,"White","HS","Never",0,"North",-0.390874263435137,1.08422691481165,1.98422691481165,0.9,"hidden_h5_severe","H5: severe hidden variable",5,"severe_hidden",0.36,0.171400470730409,0.731816947200934
0,3.66489865321465,"Male",28,62872,0,"White","College+","Never",0,"Inland",0.0981006179642524,3.66489865321465,4.56489865321465,0.9,"hidden_h5_severe","H5: severe hidden variable",5,"severe_hidden",0.36,0.238808621431475,1.10991897296622
0,2.08601436337735,"Female",53,42688,0,"Black","College+","Ever",3,"South",-0.155941291915893,2.08601436337735,2.98601436337735,0.9,"hidden_h5_severe","H5: severe hidden variable",5,"severe_hidden",0.36,0.292762642248096,1.46448726546362
0,3.59281547105192,"Female",37,41225,0,"White","Some college","Never",0,"Inland",0.397843580450431,3.59281547105192,4.49281547105192,0.9,"hidden_h5_severe","H5: severe hidden variable",5,"severe_hidden",0.36,0.166588753374313,0.707166136650698
1,4.35524053239923,"Female",39,63311,0,"Mexican American","College+","Ever",1,"Inland",1.54293978409796,3.45524053239923,4.35524053239923,0.9,"hidden_h5_severe","H5: severe hidden variable",5,"severe_hidden",0.36,0.210873907488978,1
0,4.34526264402015,"Male",25,43747,0,"White","College+","Ever",5,"Coastal",-0.586527884714639,4.34526264402015,5.24526264402015,0.9,"hidden_h5_severe","H5: severe hidden variable",5,"severe_hidden",0.36,0.262677900185557,1.26037975640429
0,5.50495638816211,"Female",48,72775,0,"White","Some college","Never",0,"Coastal",0.68776485347687,5.50495638816211,6.40495638816211,0.9,"hidden_h5_severe","H5: severe hidden variable",5,"severe_hidden",0.36,0.156933274082945,0.658549191616281
1,3.07053705130435,"Male",36,47266,0,"White","HS","Ever",4,"North",0.8125959678309,2.17053705130435,3.07053705130435,0.9,"hidden_h5_severe","H5: severe hidden variable",5,"severe_hidden",0.36,0.135419558529446,1
0,-0.241675282688455,"Female",69,52373,0,"White","College+","Never",0,"Inland",-0.276295958512928,-0.241675282688455,0.658324717311545,0.9,"hidden_h5_severe","H5: severe hidden variable",5,"severe_hidden",0.36,0.293367439901189,1.46876867127094
0,3.80827558475792,"Male",55,50915,0,"Black","HS","Never",0,"Inland",0.288202656536954,3.80827558475792,4.70827558475792,0.9,"hidden_h5_severe","H5: severe hidden variable",5,"severe_hidden",0.36,0.254569234651567,1.20818583139162
0,1.43211515004709,"Female",80,87511,0,"White","Some college","Never",0,"Inland",-0.39422977830094,1.43211515004709,2.33211515004709,0.9,"hidden_h5_severe","H5: severe hidden variable",5,"severe_hidden",0.36,0.188317261840468,0.82080303807651
0,2.73532596251146,"Male",19,35692,0,"Black","<HS","Ever",2,"South",0.424120253889736,2.73532596251146,3.63532596251146,0.9,"hidden_h5_severe","H5: severe hidden variable",5,"severe_hidden",0.36,0.0801268467929916,0.30816637011166
0,2.00491529237215,"Female",46,55558,1,"White","HS","Ever",4,"South",-2.09747298026958,2.00491529237215,2.90491529237215,0.9,"hidden_h5_severe","H5: severe hidden variable",5,"severe_hidden",0.36,0.10772486924713,0.427122373737718
1,4.28356956697062,"Male",52,27874,0,"Black","<HS","Never",0,"Coastal",1.87226512897099,3.38356956697062,4.28356956697062,0.9,"hidden_h5_severe","H5: severe hidden variable",5,"severe_hidden",0.36,0.180876674472709,1
0,5.13554967914904,"Male",70,55558,1,"White","HS","Never",0,"Coastal",-0.870224806711427,5.13554967914904,6.03554967914904,0.9,"hidden_h5_severe","H5: severe hidden variable",5,"severe_hidden",0.36,0.173110826758226,0.740648349508958
1,3.42977502022358,"Male",46,53254,0,"White","Some college","Never",0,"North",1.55270137934713,2.52977502022358,3.42977502022358,0.9,"hidden_h5_severe","H5: severe hidden variable",5,"severe_hidden",0.36,0.193605334897527,1
0,2.58315816343626,"Male",63,58659,0,"White","<HS","Ever",4,"Coastal",1.00964322520677,2.58315816343626,3.48315816343626,0.9,"hidden_h5_severe","H5: severe hidden variable",5,"severe_hidden",0.36,0.0999472100886545,0.3928600140143
1,4.03335994655998,"Female",44,59301,0,"Black","College+","Ever",6,"Coastal",0.999259305050456,3.13335994655998,4.03335994655998,0.9,"hidden_h5_severe","H5: severe hidden variable",5,"severe_hidden",0.36,0.393080657189828,1
0,3.75059691766961,"Female",51,53229,0,"Mexican American","<HS","Never",0,"North",-0.687712370233249,3.75059691766961,4.65059691766961,0.9,"hidden_h5_severe","H5: severe hidden variable",5,"severe_hidden",0.36,0.167952574965683,0.714124150012487
0,3.39684753350771,"Female",40,43779,0,"Mexican American","College+","Ever",2,"North",-0.0229264715774527,3.39684753350771,4.29684753350771,0.9,"hidden_h5_severe","H5: severe hidden variable",5,"severe_hidden",0.36,0.270197179290275,1.30981635146282
0,3.91546288310288,"Female",34,44626,0,"White","College+","Ever",5,"North",-0.0448964202272543,3.91546288310288,4.81546288310289,0.9,"hidden_h5_severe","H5: severe hidden variable",5,"severe_hidden",0.36,0.246552837496237,1.15769014905605
0,3.73952864518438,"Female",44,48900,0,"White","HS","Ever",7,"Inland",-1.94914027484767,3.73952864518438,4.63952864518438,0.9,"hidden_h5_severe","H5: severe hidden variable",5,"severe_hidden",0.36,0.209531731730133,0.937778984506092
0,2.06809025825747,"Male",80,55558,1,"White","College+","Never",0,"North",-1.9199328332008,2.06809025825747,2.96809025825747,0.9,"hidden_h5_severe","H5: severe hidden variable",5,"severe_hidden",0.36,0.316144370753864,1.63552113784845
0,1.80517162758971,"Female",44,55558,1,"Black","HS","Never",0,"Coastal",-0.127193535441296,1.80517162758971,2.70517162758971,0.9,"hidden_h5_severe","H5: severe hidden variable",5,"severe_hidden",0.36,0.180545043752829,0.779463205210674
1,4.61606545982012,"Female",42,46356,0,"Mexican American","HS","Ever",6,"Inland",0.346781742463816,3.71606545982012,4.61606545982012,0.9,"hidden_h5_severe","H5: severe hidden variable",5,"severe_hidden",0.36,0.298617655395436,1
0,3.61397157447727,"Male",18,44893,0,"White","HS","Never",0,"Coastal",-0.0393410563153021,3.61397157447727,4.51397157447727,0.9,"hidden_h5_severe","H5: severe hidden variable",5,"severe_hidden",0.36,0.135677389759882,0.555349953904597
0,0.320501066188861,"Male",41,55558,1,"White","College+","Ever",9,"Coastal",-0.540758906431631,0.320501066188861,1.22050106618886,0.9,"hidden_h5_severe","H5: severe hidden variable",5,"severe_hidden",0.36,0.436026591175013,2.73520248558006
1,4.88536673500271,"Female",57,29441,0,"Black","HS","Never",0,"Inland",1.08324379046434,3.98536673500271,4.88536673500271,0.9,"hidden_h5_severe","H5: severe hidden variable",5,"severe_hidden",0.36,0.249473146020666,1
0,2.05097929064974,"Female",29,51150,0,"White","Some college","Never",0,"North",0.202294893326077,2.05097929064974,2.95097929064974,0.9,"hidden_h5_severe","H5: severe hidden variable",5,"severe_hidden",0.36,0.149241521870041,0.620609640784518
0,3.20287722214404,"Male",29,53394,0,"White","Some college","Never",0,"South",-1.21620976444864,3.20287722214404,4.10287722214404,0.9,"hidden_h5_severe","H5: severe hidden variable",5,"severe_hidden",0.36,0.169670376318461,0.722920640986717
0,3.84849153389169,"Male",41,63189,0,"Black","Some college","Ever",8,"Coastal",-0.815193048261137,3.84849153389169,4.74849153389169,0.9,"hidden_h5_severe","H5: severe hidden variable",5,"severe_hidden",0.36,0.402876150358758,2.38694424870236
0,4.63526537531266,"Male",74,55558,1,"White","<HS","Ever",2,"Coastal",-0.0840383987445882,4.63526537531266,5.53526537531266,0.9,"hidden_h5_severe","H5: severe hidden variable",5,"severe_hidden",0.36,0.0667990150699679,0.253238658912818
1,3.91274003777583,"Male",55,52588,0,"White","College+","Ever",6,"Inland",0.897673713636094,3.01274003777583,3.91274003777583,0.9,"hidden_h5_severe","H5: severe hidden variable",5,"severe_hidden",0.36,0.356685552890734,1
0,0.973035196589295,"Male",43,76631,0,"Other","HS","Never",0,"Inland",-1.4817126142201,0.973035196589295,1.8730351965893,0.9,"hidden_h5_severe","H5: severe hidden variable",5,"severe_hidden",0.36,0.0899258561359234,0.349577071500912
0,4.53731081583839,"Female",43,47881,0,"White","HS","Never",0,"North",-0.00721733901458268,4.53731081583839,5.4373108158384,0.9,"hidden_h5_severe","H5: severe hidden variable",5,"severe_hidden",0.36,0.142173503266193,0.586346507474222
0,3.81348007040421,"Female",65,55558,1,"White","HS","Never",0,"Inland",-1.2353053895113,3.81348007040421,4.71348007040421,0.9,"hidden_h5_severe","H5: severe hidden variable",5,"severe_hidden",0.36,0.144801123407797,0.599018098225912
0,1.70448233816495,"Male",68,64952,0,"White","<HS","Ever",3,"Inland",-1.88561369665782,1.70448233816495,2.60448233816495,0.9,"hidden_h5_severe","H5: severe hidden variable",5,"severe_hidden",0.36,0.0836482157244148,0.322945759407136
0,2.82831528921256,"Female",36,13159,0,"White","Some college","Never",0,"South",-0.216319807070314,2.82831528921256,3.72831528921256,0.9,"hidden_h5_severe","H5: severe hidden variable",5,"severe_hidden",0.36,0.187897940587676,0.818552506621946
0,4.38349066361952,"Male",33,74983,0,"White","Some college","Never",0,"North",0.141304337595841,4.38349066361952,5.28349066361952,0.9,"hidden_h5_severe","H5: severe hidden variable",5,"severe_hidden",0.36,0.158425448632192,0.665989659040123
0,3.26773897271323,"Female",42,60584,0,"Black","<HS","Never",0,"South",-0.72157391766252,3.26773897271323,4.16773897271323,0.9,"hidden_h5_severe","H5: severe hidden variable",5,"severe_hidden",0.36,0.124410059265432,0.502677987749406
0,4.8666797313314,"Male",38,76656,0,"Other","Some college","Never",0,"Inland",-1.51915488638435,4.8666797313314,5.76667973133141,0.9,"hidden_h5_severe","H5: severe hidden variable",5,"severe_hidden",0.36,0.103882192126228,0.41012017326545
0,4.45829589887737,"Female",47,53660,0,"White","Some college","Ever",4,"Inland",0.170322904738729,4.45829589887737,5.35829589887737,0.9,"hidden_h5_severe","H5: severe hidden variable",5,"severe_hidden",0.36,0.148866026204656,0.618775064181009
0,2.57599555600262,"Female",51,25530,0,"Other","Some college","Ever",6,"South",-0.953628546311119,2.57599555600262,3.47599555600262,0.9,"hidden_h5_severe","H5: severe hidden variable",5,"severe_hidden",0.36,0.160306119069506,0.675404960929427
0,7.00502173467329,"Female",45,75848,0,"White","College+","Ever",4,"Inland",-0.0142901670458721,7.00502173467329,7.90502173467329,0.9,"hidden_h5_severe","H5: severe hidden variable",5,"severe_hidden",0.36,0.198653371153525,0.877022347145228
0,3.09530462803036,"Male",30,27852,0,"White","College+","Never",0,"South",0.0065251956972601,3.09530462803036,3.99530462803036,0.9,"hidden_h5_severe","H5: severe hidden variable",5,"severe_hidden",0.36,0.279678398334456,1.37362320631418
0,2.33253858022726,"Female",54,60489,0,"White","HS","Never",0,"South",-0.430930213798577,2.33253858022726,3.23253858022726,0.9,"hidden_h5_severe","H5: severe hidden variable",5,"severe_hidden",0.36,0.146353728753764,0.606542139032659
0,2.21746769882215,"Female",47,72011,0,"White","<HS","Never",0,"Coastal",-0.697414709801152,2.21746769882215,3.11746769882215,0.9,"hidden_h5_severe","H5: severe hidden variable",5,"severe_hidden",0.36,0.0809860322954361,0.311761975467284
1,5.36055198822887,"Male",34,30349,0,"White","HS","Never",0,"South",2.20140411974229,4.46055198822887,5.36055198822887,0.9,"hidden_h5_severe","H5: severe hidden variable",5,"severe_hidden",0.36,0.165208039912712,1
0,1.38958256179891,"Male",19,51117,0,"White","Some college","Ever",3,"South",0.497664818937629,1.38958256179891,2.28958256179891,0.9,"hidden_h5_severe","H5: severe hidden variable",5,"severe_hidden",0.36,0.11538691414559,0.46146453940173
0,2.52726057865125,"Female",23,40260,0,"Black","<HS","Never",0,"North",1.28140408148636,2.52726057865125,3.42726057865125,0.9,"hidden_h5_severe","H5: severe hidden variable",5,"severe_hidden",0.36,0.117339449842759,0.470311356344403
0,2.82278457997303,"Male",65,75722,0,"White","<HS","Never",1,"South",-0.702720184839104,2.82278457997303,3.72278457997303,0.9,"hidden_h5_severe","H5: severe hidden variable",5,"severe_hidden",0.36,0.129380307362638,0.525744607285429
1,3.19285546538211,"Female",38,15200,0,"White","College+","Never",0,"Coastal",1.41842078891702,2.29285546538211,3.19285546538211,0.9,"hidden_h5_severe","H5: severe hidden variable",5,"severe_hidden",0.36,0.275796017458319,1
0,3.25863982553795,"Male",34,96660,0,"White","College+","Ever",5,"Coastal",-0.955054386864601,3.25863982553795,4.15863982553795,0.9,"hidden_h5_severe","H5: severe hidden variable",5,"severe_hidden",0.36,0.224310869944188,1.02305209378012
1,5.26152076719329,"Female",75,57352,0,"White","College+","Ever",7,"North",2.03499443441419,4.36152076719329,5.26152076719329,0.9,"hidden_h5_severe","H5: severe hidden variable",5,"severe_hidden",0.36,0.405098836351136,1
0,2.02297463696493,"Male",27,60520,0,"White","College+","Never",0,"North",-0.244355436983075,2.02297463696493,2.92297463696493,0.9,"hidden_h5_severe","H5: severe hidden variable",5,"severe_hidden",0.36,0.239465711160217,1.11393454252463
0,1.76181979699244,"Female",41,67704,0,"White","HS","Never",0,"Coastal",-0.28469019662734,1.76181979699244,2.66181979699244,0.9,"hidden_h5_severe","H5: severe hidden variable",5,"severe_hidden",0.36,0.127171105338501,0.515459401968567
1,4.40214943227334,"Male",51,60053,0,"Mexican American","Some college","Ever",4,"Coastal",0.922100694453344,3.50214943227334,4.40214943227334,0.9,"hidden_h5_severe","H5: severe hidden variable",5,"severe_hidden",0.36,0.291248245483614,1
0,2.74199106097117,"Female",52,45042,0,"White","Some college","Never",0,"Inland",0.35802403224522,2.74199106097117,3.64199106097117,0.9,"hidden_h5_severe","H5: severe hidden variable",5,"severe_hidden",0.36,0.183979726268329,0.79763491108156
0,1.57827825622635,"Male",33,44757,0,"White","College+","Ever",2,"Inland",-0.485233391365987,1.57827825622635,2.47827825622635,0.9,"hidden_h5_severe","H5: severe hidden variable",5,"severe_hidden",0.36,0.169816443793654,0.723670300397946
0,2.2768717010395,"Female",32,65228,0,"White","Some college","Never",0,"North",-0.145195578650653,2.2768717010395,3.1768717010395,0.9,"hidden_h5_severe","H5: severe hidden variable",5,"severe_hidden",0.36,0.143029292099597,0.590464981350387
0,4.41784662971892,"Male",55,46434,0,"White","College+","Never",0,"Inland",-0.205810666467698,4.41784662971892,5.31784662971892,0.9,"hidden_h5_severe","H5: severe hidden variable",5,"severe_hidden",0.36,0.307206202250146,1.56877667304044
0,6.35829419360852,"Male",48,44804,0,"White","Some college","Never",0,"Inland",0.347091065450062,6.35829419360852,7.25829419360852,0.9,"hidden_h5_severe","H5: severe hidden variable",5,"severe_hidden",0.36,0.204078431990204,0.907114209005466
1,3.37606630849685,"Female",31,50339,0,"White","HS","Ever",3,"Coastal",0.963802912376944,2.47606630849685,3.37606630849685,0.9,"hidden_h5_severe","H5: severe hidden variable",5,"severe_hidden",0.36,0.0918383428008195,1
0,3.47582754416071,"Male",41,48727,0,"Other","<HS","Never",0,"South",-0.00351411198257196,3.47582754416071,4.37582754416071,0.9,"hidden_h5_severe","H5: severe hidden variable",5,"severe_hidden",0.36,0.0621433614966922,0.234419329416349
1,4.49007768326434,"Male",36,49416,0,"White","HS","Ever",6,"North",-1.08896770589485,3.59007768326434,4.49007768326434,0.9,"hidden_h5_severe","H5: severe hidden variable",5,"severe_hidden",0.36,0.190107952480936,1
0,5.61835667313304,"Male",52,79612,0,"Mexican American","Some college","Ever",9,"Inland",-0.0733947606146697,5.61835667313304,6.51835667313304,0.9,"hidden_h5_severe","H5: severe hidden variable",5,"severe_hidden",0.36,0.513199395020843,3.72966788416871
0,2.30875804082948,"Male",58,59472,0,"Other","Some college","Ever",11,"South",-0.191720061053354,2.30875804082948,3.20875804082948,0.9,"hidden_h5_severe","H5: severe hidden variable",5,"severe_hidden",0.36,0.360789797648251,1.99685111212018
1,3.6126980158794,"Female",47,47052,0,"White","College+","Never",0,"Coastal",1.08362445955541,2.7126980158794,3.6126980158794,0.9,"hidden_h5_severe","H5: severe hidden variable",5,"severe_hidden",0.36,0.257847122824003,1
0,4.93519457392916,"Male",35,62908,0,"White","College+","Never",0,"Inland",0.135995797700731,4.93519457392916,5.83519457392916,0.9,"hidden_h5_severe","H5: severe hidden variable",5,"severe_hidden",0.36,0.250986134405659,1.18548211657562
0,5.12898720182782,"Male",35,51635,0,"White","<HS","Never",0,"Inland",-1.18717704000676,5.12898720182782,6.02898720182782,0.9,"hidden_h5_severe","H5: severe hidden variable",5,"severe_hidden",0.36,0.0941331632999413,0.367632101643848
0,4.68182229800216,"Female",22,51502,0,"Mexican American","College+","Never",0,"South",-1.1056768181847,4.68182229800216,5.58182229800216,0.9,"hidden_h5_severe","H5: severe hidden variable",5,"severe_hidden",0.36,0.347295493314708,1.88242495167929
1,3.34793982191889,"Female",65,55558,1,"Black","Some college","Never",0,"Coastal",1.20767565166549,2.44793982191889,3.34793982191889,0.9,"hidden_h5_severe","H5: severe hidden variable",5,"severe_hidden",0.36,0.248352158035878,1
0,3.05039005011325,"Male",43,54776,0,"White","Some college","Ever",4,"Inland",0.510899343589021,3.05039005011325,3.95039005011325,0.9,"hidden_h5_severe","H5: severe hidden variable",5,"severe_hidden",0.36,0.164871753847786,0.698438577917343
1,5.30300626172812,"Female",69,55558,1,"White","Some college","Never",0,"North",-0.171802916988315,4.40300626172812,5.30300626172812,0.9,"hidden_h5_severe","H5: severe hidden variable",5,"severe_hidden",0.36,0.177822454114555,1
0,2.02252691341149,"Male",54,48864,0,"Mexican American","College+","Never",0,"Coastal",-0.638182788015481,2.02252691341149,2.92252691341149,0.9,"hidden_h5_severe","H5: severe hidden variable",5,"severe_hidden",0.36,0.462752310404905,3.04725763380965
0,1.97116434795487,"Female",37,18830,0,"White","Some college","Ever",6,"North",-0.742594293908468,1.97116434795487,2.87116434795487,0.9,"hidden_h5_severe","H5: severe hidden variable",5,"severe_hidden",0.36,0.226500867724049,1.03596521632788
0,5.53294366891013,"Male",76,53775,0,"White","College+","Ever",3,"Inland",1.00174848403216,5.53294366891013,6.43294366891013,0.9,"hidden_h5_severe","H5: severe hidden variable",5,"severe_hidden",0.36,0.264461647544404,1.2720158151091
0,1.07599230619854,"Female",32,49593,0,"White","Some college","Ever",3,"Inland",-0.773405442333902,1.07599230619854,1.97599230619854,0.9,"hidden_h5_severe","H5: severe hidden variable",5,"severe_hidden",0.36,0.111971041747682,0.446080999378873
1,3.20088202448683,"Male",42,47597,0,"White","College+","Never",0,"Coastal",1.34155984428702,2.30088202448683,3.20088202448683,0.9,"hidden_h5_severe","H5: severe hidden variable",5,"severe_hidden",0.36,0.280425384142354,1
0,2.27197234393028,"Female",51,63028,0,"Other","Some college","Ever",2,"Inland",0.795930352559588,2.27197234393028,3.17197234393028,0.9,"hidden_h5_severe","H5: severe hidden variable",5,"severe_hidden",0.36,0.0631528811345586,0.238484181284647
1,2.80190825428887,"Female",28,62548,0,"White","Some college","Never",0,"Coastal",0.537768199850014,1.90190825428887,2.80190825428887,0.9,"hidden_h5_severe","H5: severe hidden variable",5,"severe_hidden",0.36,0.140247530788073,1
0,6.03208106762592,"Male",50,48139,0,"White","College+","Never",0,"Coastal",-0.223699811193911,6.03208106762592,6.93208106762592,0.9,"hidden_h5_severe","H5: severe hidden variable",5,"severe_hidden",0.36,0.295283469319349,1.48238089891499
0,4.11428228210455,"Female",47,62187,0,"White","College+","Never",0,"Coastal",0.984571114375188,4.11428228210455,5.01428228210455,0.9,"hidden_h5_severe","H5: severe hidden variable",5,"severe_hidden",0.36,0.242108006853087,1.13015228624633
1,1.06901569060055,"Female",80,84521,0,"White","Some college","Ever",6,"South",-0.770151531317297,0.169015690600554,1.06901569060055,0.9,"hidden_h5_severe","H5: severe hidden variable",5,"severe_hidden",0.36,0.233828764119413,1
0,3.95697820435086,"Male",38,74756,0,"White","Some college","Ever",5,"Inland",-1.4453806245026,3.95697820435086,4.85697820435086,0.9,"hidden_h5_severe","H5: severe hidden variable",5,"severe_hidden",0.36,0.171901527154786,0.734400367712118
0,2.99642406776348,"Male",43,60015,0,"Mexican American","HS","Never",0,"Inland",-0.231785602420929,2.99642406776348,3.89642406776348,0.9,"hidden_h5_severe","H5: severe hidden variable",5,"severe_hidden",0.36,0.266439863962919,1.28498664881537
0,4.29608766668746,"Male",29,54275,0,"White","College+","Ever",3,"South",0.608552530231893,4.29608766668746,5.19608766668746,0.9,"hidden_h5_severe","H5: severe hidden variable",5,"severe_hidden",0.36,0.187057964638644,0.814051270522178
0,3.3726073074172,"Male",45,56786,0,"White","<HS","Ever",4,"Inland",-0.990078670553293,3.3726073074172,4.2726073074172,0.9,"hidden_h5_severe","H5: severe hidden variable",5,"severe_hidden",0.36,0.086487727688617,0.334946338991516
0,1.90369617957112,"Male",51,68215,0,"Black","Some college","Ever",6,"South",-0.846969577321167,1.90369617957112,2.80369617957112,0.9,"hidden_h5_severe","H5: severe hidden variable",5,"severe_hidden",0.36,0.322241313783714,1.68205914188546
0,4.04750168178529,"Female",80,91303,0,"White","Some college","Ever",7,"Coastal",-1.10249265138461,4.04750168178529,4.94750168178529,0.9,"hidden_h5_severe","H5: severe hidden variable",5,"severe_hidden",0.36,0.265768242912969,1.28057510551113
0,1.39392197458279,"Female",29,58217,0,"Mexican American","Some college","Ever",3,"Coastal",-0.400330731750452,1.39392197458279,2.29392197458279,0.9,"hidden_h5_severe","H5: severe hidden variable",5,"severe_hidden",0.36,0.188458574335506,0.821561997740443
0,2.32117297527754,"Male",72,71164,0,"Other","College+","Never",0,"Inland",-0.881990043671454,2.32117297527754,3.22117297527754,0.9,"hidden_h5_severe","H5: severe hidden variable",5,"severe_hidden",0.36,0.21203419260902,0.951992798184796
0,0.912708222131392,"Male",41,71564,0,"White","Some college","Ever",5,"Coastal",-0.62401523593758,0.912708222131392,1.81270822213139,0.9,"hidden_h5_severe","H5: severe hidden variable",5,"severe_hidden",0.36,0.178552000377204,0.768988381505706
0,4.09486355772531,"Male",55,67029,0,"White","Some college","Never",0,"North",0.64664539550956,4.09486355772531,4.99486355772531,0.9,"hidden_h5_severe","H5: severe hidden variable",5,"severe_hidden",0.36,0.194938007954391,0.856647860658301
0,0.917759261516766,"Male",31,53586,0,"Black","Some college","Never",0,"Inland",-0.880615687019511,0.917759261516766,1.81775926151677,0.9,"hidden_h5_severe","H5: severe hidden variable",5,"severe_hidden",0.36,0.248121720037844,1.16748787356341
0,2.1676681010367,"Female",42,66775,0,"Other","HS","Never",0,"North",-0.643534894352982,2.1676681010367,3.0676681010367,0.9,"hidden_h5_severe","H5: severe hidden variable",5,"severe_hidden",0.36,0.0805910045131936,0.310107989142973
0,4.47688523626047,"Female",70,49161,0,"Black","Some college","Never",0,"Coastal",0.915451996342235,4.47688523626047,5.37688523626047,0.9,"hidden_h5_severe","H5: severe hidden variable",5,"severe_hidden",0.36,0.292951761937255,1.46582527017452
1,4.97844365819042,"Male",32,72769,0,"Black","<HS","Ever",4,"Coastal",0.229444901806881,4.07844365819042,4.97844365819042,0.9,"hidden_h5_severe","H5: severe hidden variable",5,"severe_hidden",0.36,0.108403419816704,1
0,4.64255652490766,"Female",51,42247,0,"Other","Some college","Ever",6,"North",-1.90744043041311,4.64255652490766,5.54255652490766,0.9,"hidden_h5_severe","H5: severe hidden variable",5,"severe_hidden",0.36,0.148211542181393,0.615581287785251
0,2.0620824964792,"Male",23,53864,0,"White","<HS","Never",0,"Inland",0.123378152651943,2.0620824964792,2.9620824964792,0.9,"hidden_h5_severe","H5: severe hidden variable",5,"severe_hidden",0.36,0.083953972361423,0.324234399092277
1,3.68116903245637,"Male",18,56626,0,"White","Some college","Ever",9,"North",0.579956292580581,2.78116903245637,3.68116903245637,0.9,"hidden_h5_severe","H5: severe hidden variable",5,"severe_hidden",0.36,0.304194424401269,1
0,6.21548467363482,"Female",80,58130,0,"Mexican American","HS","Never",0,"North",-0.850643546936091,6.21548467363482,7.11548467363482,0.9,"hidden_h5_severe","H5: severe hidden variable",5,"severe_hidden",0.36,0.306153593051123,1.56102964797907
0,4.06777586169655,"Male",30,53548,0,"Other","Some college","Never",0,"Coastal",-0.530206588984109,4.06777586169655,4.96777586169655,0.9,"hidden_h5_severe","H5: severe hidden variable",5,"severe_hidden",0.36,0.108891756393076,0.432314374413479
1,2.05692724901282,"Male",54,31883,0,"Black","HS","Never",0,"Coastal",1.4903326523526,1.15692724901282,2.05692724901282,0.9,"hidden_h5_severe","H5: severe hidden variable",5,"severe_hidden",0.36,0.273241566648522,1
0,4.33982103586575,"Female",27,61414,0,"White","HS","Ever",8,"Inland",-1.01997577685877,4.33982103586575,5.23982103586575,0.9,"hidden_h5_severe","H5: severe hidden variable",5,"severe_hidden",0.36,0.205973119890071,0.917720592791524
0,3.51607021189739,"Male",25,33370,0,"Mexican American","HS","Ever",7,"South",-0.478870488584879,3.51607021189739,4.41607021189739,0.9,"hidden_h5_severe","H5: severe hidden variable",5,"severe_hidden",0.36,0.361469824067794,2.00274546043318
0,4.71406655274061,"Male",27,66664,0,"White","Some college","Never",0,"North",0.534569553803095,4.71406655274061,5.61406655274061,0.9,"hidden_h5_severe","H5: severe hidden variable",5,"severe_hidden",0.36,0.157034343849779,0.659052326661038
0,2.73241534871014,"Female",39,55558,1,"Black","<HS","Never",0,"Inland",-1.45009066644862,2.73241534871014,3.63241534871014,0.9,"hidden_h5_severe","H5: severe hidden variable",5,"severe_hidden",0.36,0.109545240412821,0.435227960035812
0,3.74341853798882,"Male",32,39356,0,"White","Some college","Never",0,"South",-0.679827408739993,3.74341853798882,4.64341853798882,0.9,"hidden_h5_severe","H5: severe hidden variable",5,"severe_hidden",0.36,0.185160168563806,0.803915591524903
1,5.02350483121728,"Female",54,39051,0,"Black","Some college","Never",0,"Coastal",1.61090262866978,4.12350483121728,5.02350483121728,0.9,"hidden_h5_severe","H5: severe hidden variable",5,"severe_hidden",0.36,0.273686118050565,1
0,1.64854984505665,"Female",37,36394,0,"White","<HS","Ever",7,"Inland",-0.132760741950695,1.64854984505665,2.54854984505665,0.9,"hidden_h5_severe","H5: severe hidden variable",5,"severe_hidden",0.36,0.134705632776017,0.550753180941286
0,-1.2310493572209,"Male",36,29708,0,"White","Some college","Ever",1,"Inland",-2.18457359645277,-1.2310493572209,-0.3310493572209,0.9,"hidden_h5_severe","H5: severe hidden variable",5,"severe_hidden",0.36,0.102097634534328,0.402273754565937
1,4.28598486885837,"Male",71,78797,0,"White","Some college","Never",0,"North",0.761681956634463,3.38598486885837,4.28598486885837,0.9,"hidden_h5_severe","H5: severe hidden variable",5,"severe_hidden",0.36,0.208741712897134,1
0,4.56620751334908,"Male",51,55558,1,"White","Some college","Never",0,"South",-0.66000727065557,4.56620751334908,5.46620751334908,0.9,"hidden_h5_severe","H5: severe hidden variable",5,"severe_hidden",0.36,0.177117755939706,0.761481828753236
0,0.607962549137538,"Female",26,41917,0,"Black","Some college","Never",0,"Coastal",-1.27963656219915,0.607962549137538,1.50796254913754,0.9,"hidden_h5_severe","H5: severe hidden variable",5,"severe_hidden",0.36,0.22163738260733,1.00738661796609
0,0.803122865015501,"Female",39,30408,0,"Black","Some college","Never",0,"Coastal",-0.929914732397908,0.803122865015501,1.7031228650155,0.9,"hidden_h5_severe","H5: severe hidden variable",5,"severe_hidden",0.36,0.255477026621171,1.21397259917577
0,3.6664820135996,"Male",63,55558,1,"White","College+","Ever",4,"Inland",1.29685532926375,3.6664820135996,4.5664820135996,0.9,"hidden_h5_severe","H5: severe hidden variable",5,"severe_hidden",0.36,0.251449937965434,1.18840868379686
0,4.04099042436854,"Female",68,57406,0,"Mexican American","<HS","Ever",5,"Inland",-0.194494245754398,4.04099042436854,4.94099042436854,0.9,"hidden_h5_severe","H5: severe hidden variable",5,"severe_hidden",0.36,0.195665086133562,0.860620233474313
0,3.25276394377355,"Male",51,72961,0,"White","Some college","Never",0,"Inland",0.535058333536443,3.25276394377355,4.15276394377355,0.9,"hidden_h5_severe","H5: severe hidden variable",5,"severe_hidden",0.36,0.184087172385187,0.798205838827214
0,2.91141210262491,"Male",48,55558,1,"White","HS","Ever",7,"South",-0.151342911191566,2.91141210262491,3.81141210262491,0.9,"hidden_h5_severe","H5: severe hidden variable",5,"severe_hidden",0.36,0.213233516360712,0.958836929697819
0,0.712757702903999,"Male",50,58730,0,"Black","College+","Ever",6,"Coastal",-1.16347975456789,0.712757702903999,1.612757702904,0.9,"hidden_h5_severe","H5: severe hidden variable",5,"severe_hidden",0.36,0.447805443147846,2.86901210929599
0,2.70370122362519,"Female",22,54827,0,"White","HS","Ever",5,"Coastal",0.504863998097387,2.70370122362519,3.60370122362519,0.9,"hidden_h5_severe","H5: severe hidden variable",5,"severe_hidden",0.36,0.120814119220503,0.486152050166911
0,1.0001976882049,"Male",52,47220,0,"Black","College+","Never",0,"Coastal",-0.122861805933094,1.0001976882049,1.9001976882049,0.9,"hidden_h5_severe","H5: severe hidden variable",5,"severe_hidden",0.36,0.405069512501556,2.40878737691792
0,2.24516406847527,"Male",24,100342,0,"White","HS","Ever",6,"Inland",-1.97764183952113,2.24516406847527,3.14516406847527,0.9,"hidden_h5_severe","H5: severe hidden variable",5,"severe_hidden",0.36,0.136449890486134,0.559011551491229
0,6.75789026389409,"Male",60,80261,0,"Mexican American","<HS","Ever",7,"South",-0.120477344059528,6.75789026389409,7.65789026389409,0.9,"hidden_h5_severe","H5: severe hidden variable",5,"severe_hidden",0.36,0.262236356972645,1.25750809092632
0,3.12604472667825,"Female",62,40831,0,"Black","<HS","Never",0,"Inland",0.290643802759029,3.12604472667825,4.02604472667825,0.9,"hidden_h5_severe","H5: severe hidden variable",5,"severe_hidden",0.36,0.160707079196708,0.677417766256542
0,2.16159094271872,"Female",39,25013,0,"Other","<HS","Never",0,"North",0.219695044152181,2.16159094271872,3.06159094271872,0.9,"hidden_h5_severe","H5: severe hidden variable",5,"severe_hidden",0.36,0.0591609583257463,0.222461573091192
1,4.88441353032816,"Female",22,57632,0,"White","College+","Never",0,"Coastal",0.693539524779096,3.98441353032816,4.88441353032816,0.9,"hidden_h5_severe","H5: severe hidden variable",5,"severe_hidden",0.36,0.205572566022786,1
1,3.37175448372483,"Male",31,85553,0,"White","College+","Never",0,"South",0.885206425493491,2.47175448372483,3.37175448372483,0.9,"hidden_h5_severe","H5: severe hidden variable",5,"severe_hidden",0.36,0.221534992565978,1
0,2.52978833653866,"Female",80,59979,0,"Mexican American","Some college","Ever",5,"North",0.0650648524215013,2.52978833653866,3.42978833653866,0.9,"hidden_h5_severe","H5: severe hidden variable",5,"severe_hidden",0.36,0.360767107192689,1.99665465148785
0,4.36598342094043,"Female",18,42875,0,"White","<HS","Ever",5,"South",1.24233377757846,4.36598342094043,5.26598342094043,0.9,"hidden_h5_severe","H5: severe hidden variable",5,"severe_hidden",0.36,0.0764398408823017,0.292812571694997
0,3.39163841484671,"Female",56,66120,0,"Mexican American","HS","Never",0,"North",-0.847975941733992,3.39163841484671,4.29163841484671,0.9,"hidden_h5_severe","H5: severe hidden variable",5,"severe_hidden",0.36,0.251808297957026,1.19067239444766
0,4.07812302649879,"Female",52,55842,0,"White","College+","Never",0,"South",-0.429446033024892,4.07812302649879,4.97812302649879,0.9,"hidden_h5_severe","H5: severe hidden variable",5,"severe_hidden",0.36,0.257545010772484,1.22720790885615
0,3.90181673941338,"Female",38,41678,0,"Mexican American","Some college","Ever",2,"North",-0.0572392207298818,3.90181673941338,4.80181673941339,0.9,"hidden_h5_severe","H5: severe hidden variable",5,"severe_hidden",0.36,0.183680943660015,0.796048084141469
0,6.11039321928565,"Male",70,91644,0,"White","Some college","Ever",8,"Coastal",-1.14872228506688,6.11039321928565,7.01039321928565,0.9,"hidden_h5_severe","H5: severe hidden variable",5,"severe_hidden",0.36,0.323184170535345,1.68933083010836
0,0.640347413001206,"Male",71,37409,0,"White","Some college","Never",0,"North",-0.542843387753243,0.640347413001206,1.54034741300121,0.9,"hidden_h5_severe","H5: severe hidden variable",5,"severe_hidden",0.36,0.249195547302757,1.17421756547255
0,3.77331312598158,"Female",55,79841,0,"White","College+","Ever",2,"Inland",-0.957197471381383,3.77331312598158,4.67331312598158,0.9,"hidden_h5_severe","H5: severe hidden variable",5,"severe_hidden",0.36,0.149440460418032,0.621582260508998
0,2.09710511556388,"Male",66,67727,0,"White","College+","Ever",3,"South",-0.4192243381629,2.09710511556388,2.99710511556388,0.9,"hidden_h5_severe","H5: severe hidden variable",5,"severe_hidden",0.36,0.232421825685034,1.07124652321779
0,3.05510246592523,"Female",24,43982,0,"Black","Some college","Ever",6,"South",-1.06015387065649,3.05510246592523,3.95510246592523,0.9,"hidden_h5_severe","H5: severe hidden variable",5,"severe_hidden",0.36,0.263296452797343,1.26440842707877
0,3.65545239345358,"Male",42,39974,0,"Mexican American","College+","Ever",3,"Coastal",0.443062546051341,3.65545239345358,4.55545239345358,0.9,"hidden_h5_severe","H5: severe hidden variable",5,"severe_hidden",0.36,0.358852587076568,1.98012825910509
0,3.46026420787169,"Male",62,67281,0,"Other","College+","Ever",5,"North",-0.542887230744513,3.46026420787169,4.36026420787169,0.9,"hidden_h5_severe","H5: severe hidden variable",5,"severe_hidden",0.36,0.208134748999261,0.92988328801614
0,6.69081929797928,"Female",52,34138,0,"White","Some college","Never",0,"North",0.235190407929953,6.69081929797928,7.59081929797928,0.9,"hidden_h5_severe","H5: severe hidden variable",5,"severe_hidden",0.36,0.193236062322809,0.847377320994725
0,2.59297497429896,"Female",60,8000,0,"White","Some college","Never",0,"Coastal",1.27490577871927,2.59297497429896,3.49297497429896,0.9,"hidden_h5_severe","H5: severe hidden variable",5,"severe_hidden",0.36,0.229947807742279,1.05643856431033
0,-0.0787128506893224,"Female",46,63160,0,"White","College+","Ever",6,"Coastal",-0.452830111817137,-0.0787128506893224,0.821287149310678,0.9,"hidden_h5_severe","H5: severe hidden variable",5,"severe_hidden",0.36,0.289376076551594,1.44064817825639
1,3.77844421406772,"Female",70,68930,0,"White","College+","Never",0,"South",1.61089432830908,2.87844421406772,3.77844421406772,0.9,"hidden_h5_severe","H5: severe hidden variable",5,"severe_hidden",0.36,0.27657692249798,1
0,4.19578061949757,"Female",64,41559,0,"White","HS","Ever",8,"Inland",-0.840030008286527,4.19578061949757,5.09578061949757,0.9,"hidden_h5_severe","H5: severe hidden variable",5,"severe_hidden",0.36,0.291103541227778,1.45277987872329
1,4.38005093141328,"Female",45,44076,0,"White","Some college","Ever",5,"North",0.9769397507018,3.48005093141328,4.38005093141328,0.9,"hidden_h5_severe","H5: severe hidden variable",5,"severe_hidden",0.36,0.182278949623348,1
0,4.54033362975676,"Female",44,41623,0,"White","College+","Never",0,"North",0.672303854615784,4.54033362975676,5.44033362975676,0.9,"hidden_h5_severe","H5: severe hidden variable",5,"severe_hidden",0.36,0.258193169783346,1.23137138173242
0,1.38043457166524,"Female",48,45327,0,"White","Some college","Never",0,"North",0.322897251568981,1.38043457166524,2.28043457166524,0.9,"hidden_h5_severe","H5: severe hidden variable",5,"severe_hidden",0.36,0.178148146724716,0.766872041048305
0,5.24294402085289,"Male",45,38913,0,"Mexican American","HS","Ever",10,"Coastal",0.115315475541257,5.24294402085289,6.14294402085289,0.9,"hidden_h5_severe","H5: severe hidden variable",5,"severe_hidden",0.36,0.553231314565173,4.34277873608011
0,3.58173343152068,"Female",70,38173,0,"Black","College+","Never",0,"Coastal",-0.546326371523805,3.58173343152068,4.48173343152068,0.9,"hidden_h5_severe","H5: severe hidden variable",5,"severe_hidden",0.36,0.418394934349676,2.54503272895338
1,3.7022754821053,"Male",23,20821,0,"White","College+","Never",0,"South",0.765476232220017,2.8022754821053,3.7022754821053,0.9,"hidden_h5_severe","H5: severe hidden variable",5,"severe_hidden",0.36,0.274260673785944,1
0,4.39472724125119,"Female",51,73870,0,"Mexican American","HS","Never",0,"Coastal",-1.03604818919598,4.39472724125119,5.29472724125119,0.9,"hidden_h5_severe","H5: severe hidden variable",5,"severe_hidden",0.36,0.235200518658254,1.08799230761018
1,3.48339871468272,"Male",51,43464,0,"White","Some college","Ever",5,"South",0.372322126637969,2.58339871468272,3.48339871468272,0.9,"hidden_h5_severe","H5: severe hidden variable",5,"severe_hidden",0.36,0.218246195910269,1
1,6.24757342649147,"Female",46,99423,0,"White","College+","Never",0,"Coastal",1.62039688082353,5.34757342649146,6.24757342649147,0.9,"hidden_h5_severe","H5: severe hidden variable",5,"severe_hidden",0.36,0.204699219875846,1
0,2.74953899571692,"Female",50,64220,0,"White","Some college","Never",0,"Coastal",0.952632206953732,2.74953899571692,3.64953899571692,0.9,"hidden_h5_severe","H5: severe hidden variable",5,"severe_hidden",0.36,0.165911144297515,0.703717537841617
0,3.82242108856943,"Female",42,52467,0,"Black","<HS","Ever",8,"Coastal",0.442681374062842,3.82242108856943,4.72242108856943,0.9,"hidden_h5_severe","H5: severe hidden variable",5,"severe_hidden",0.36,0.225793153081759,1.0317842518585
0,3.09571441904518,"Male",44,44297,0,"Black","College+","Never",1,"Coastal",0.0641994179345304,3.09571441904518,3.99571441904518,0.9,"hidden_h5_severe","H5: severe hidden variable",5,"severe_hidden",0.36,0.441413853467812,2.79570235914657
0,2.18067774886054,"Male",48,44338,0,"White","College+","Ever",4,"North",0.268976874512165,2.18067774886054,3.08067774886054,0.9,"hidden_h5_severe","H5: severe hidden variable",5,"severe_hidden",0.36,0.263752274294804,1.26738155236623
0,3.62113276016698,"Female",18,55558,1,"White","College+","Ever",6,"North",1.33421012134899,3.62113276016698,4.52113276016698,0.9,"hidden_h5_severe","H5: severe hidden variable",5,"severe_hidden",0.36,0.220261850745973,0.99936845209698
0,1.5742842377798,"Female",69,55558,1,"White","College+","Ever",6,"Inland",-0.186309729606279,1.5742842377798,2.4742842377798,0.9,"hidden_h5_severe","H5: severe hidden variable",5,"severe_hidden",0.36,0.313710193472513,1.6171720126209
0,4.90348533809165,"Male",68,71783,0,"White","College+","Ever",2,"North",-0.229357251585344,4.90348533809165,5.80348533809165,0.9,"hidden_h5_severe","H5: severe hidden variable",5,"severe_hidden",0.36,0.196777684673586,0.866712809173493
0,3.50841713729684,"Male",44,91920,0,"White","College+","Ever",4,"North",0.307242393493709,3.50841713729684,4.40841713729684,0.9,"hidden_h5_severe","H5: severe hidden variable",5,"severe_hidden",0.36,0.209442392743292,0.937273208532678
0,3.78221402497348,"Male",52,77061,0,"Mexican American","Some college","Never",0,"North",-0.00808791549511432,3.78221402497348,4.68221402497348,0.9,"hidden_h5_severe","H5: severe hidden variable",5,"severe_hidden",0.36,0.306753238369747,1.56544005213581
1,5.74680409171555,"Female",46,60621,0,"Mexican American","<HS","Ever",9,"North",0.949233085299182,4.84680409171555,5.74680409171555,0.9,"hidden_h5_severe","H5: severe hidden variable",5,"severe_hidden",0.36,0.308722050489157,1
0,3.13255486463602,"Female",53,93508,0,"Mexican American","Some college","Ever",2,"Inland",0.367297922088565,3.13255486463602,4.03255486463602,0.9,"hidden_h5_severe","H5: severe hidden variable",5,"severe_hidden",0.36,0.162792652315669,0.687918362595877
0,3.52443946414602,"Male",79,89598,0,"Mexican American","College+","Never",0,"South",0.266449960663796,3.52443946414602,4.42443946414602,0.9,"hidden_h5_severe","H5: severe hidden variable",5,"severe_hidden",0.36,0.465225789300646,3.07771541986693
1,4.80311856289729,"Female",23,42376,0,"Mexican American","Some college","Never",0,"Coastal",0.797177562187813,3.90311856289729,4.80311856289729,0.9,"hidden_h5_severe","H5: severe hidden variable",5,"severe_hidden",0.36,0.256995360874243,1
0,0.747313119386993,"Female",56,74013,0,"White","HS","Ever",5,"Coastal",0.542997994491066,0.747313119386993,1.64731311938699,0.9,"hidden_h5_severe","H5: severe hidden variable",5,"severe_hidden",0.36,0.145503436575426,0.602418173276012
0,2.64189294313535,"Female",45,47277,0,"White","Some college","Never",0,"North",1.44401480831491,2.64189294313535,3.54189294313535,0.9,"hidden_h5_severe","H5: severe hidden variable",5,"severe_hidden",0.36,0.17249090294087,0.73744316249698
0,3.10620314376565,"Female",41,48860,0,"White","Some college","Never",0,"Inland",-1.44885648965089,3.10620314376565,4.00620314376565,0.9,"hidden_h5_severe","H5: severe hidden variable",5,"severe_hidden",0.36,0.16594984965719,0.703914372585017
1,4.5560660989133,"Male",62,60513,0,"Mexican American","College+","Ever",5,"North",1.46095666733683,3.6560660989133,4.5560660989133,0.9,"hidden_h5_severe","H5: severe hidden variable",5,"severe_hidden",0.36,0.47774910212357,1
0,0.756118540998609,"Male",22,39379,0,"Mexican American","College+","Never",0,"Inland",-0.410959961678728,0.756118540998609,1.65611854099861,0.9,"hidden_h5_severe","H5: severe hidden variable",5,"severe_hidden",0.36,0.401638261892716,2.3746871292594
0,2.23985497369828,"Male",50,27050,0,"Black","<HS","Never",0,"Inland",-0.371702062016131,2.23985497369828,3.13985497369828,0.9,"hidden_h5_severe","H5: severe hidden variable",5,"severe_hidden",0.36,0.178767143347272,0.770116658937143
0,5.15591157168615,"Female",28,39124,0,"Black","<HS","Ever",2,"Coastal",0.731528371870864,5.15591157168615,6.05591157168615,0.9,"hidden_h5_severe","H5: severe hidden variable",5,"severe_hidden",0.36,0.0731164140186941,0.279077501630413
0,1.91941305196429,"Female",38,46276,0,"White","College+","Ever",10,"South",0.696709760655576,1.91941305196429,2.81941305196429,0.9,"hidden_h5_severe","H5: severe hidden variable",5,"severe_hidden",0.36,0.488184113663946,3.37446567745618
