"Z","Y","gender","age","income","income.missing","race","education","smoking.ever","smoking.now","location_region","hidden_confounder","Y0","Y1","true_unit_ATT","dataset_id","dataset_label","scenario_order","scenario_class","omitted_confounding_strength","ps","w"
1,2.38651044466827,"Male",32,54507,0,"Other","<HS","Never",0,"South",0.795862679588031,1.48651044466827,2.38651044466827,0.9,"hidden_h0_none","H0: no hidden confounding",0,"none",0,0.154777912503064,1
0,3.40836615322266,"Male",31,40720,0,"White","HS","Never",0,"Inland",0.704620520323867,3.40836615322266,4.30836615322266,0.9,"hidden_h0_none","H0: no hidden confounding",0,"none",0,0.174134991588389,0.722426111426152
0,1.70091961222717,"Female",42,46602,0,"White","Some college","Never",0,"South",-1.40674494960831,1.70091961222717,2.60091961222717,0.9,"hidden_h0_none","H0: no hidden confounding",0,"none",0,0.137659307945797,0.54694436584953
0,2.3513569939979,"Female",49,57894,0,"White","College+","Never",0,"Coastal",0.589736373420305,2.3513569939979,3.2513569939979,0.9,"hidden_h0_none","H0: no hidden confounding",0,"none",0,0.188188975530511,0.794247185176261
1,4.89269896910667,"Male",50,54305,1,"White","HS","Never",0,"Inland",0.520381559136355,3.99269896910667,4.89269896910667,0.9,"hidden_h0_none","H0: no hidden confounding",0,"none",0,0.212232682241651,1
1,5.56206456001983,"Female",58,105115,0,"Other","Some college","Ever",9,"South",0.0587051251753095,4.66206456001983,5.56206456001983,0.9,"hidden_h0_none","H0: no hidden confounding",0,"none",0,0.28096573543488,1
0,3.75039788407092,"Male",45,54305,1,"White","College+","Ever",9,"Inland",-1.41266151076797,3.75039788407092,4.65039788407092,0.9,"hidden_h0_none","H0: no hidden confounding",0,"none",0,0.185752864621456,0.781620122866292
0,1.98702377890029,"Male",59,54305,1,"Other","Some college","Never",0,"Coastal",1.13950455351698,1.98702377890029,2.88702377890029,0.9,"hidden_h0_none","H0: no hidden confounding",0,"none",0,0.19078934568705,0.807809539529013
0,3.05924021559141,"Male",37,124317,0,"White","College+","Ever",5,"South",-0.521998836659058,3.05924021559141,3.95924021559141,0.9,"hidden_h0_none","H0: no hidden confounding",0,"none",0,0.260198013646861,1.20504963324808
1,4.57024147672368,"Male",34,68490,0,"Black","Some college","Never",0,"South",-0.284803598350476,3.67024147672368,4.57024147672368,0.9,"hidden_h0_none","H0: no hidden confounding",0,"none",0,0.188557459253942,1
0,2.59975740815468,"Male",24,63474,0,"White","Some college","Never",0,"South",0.402958306649444,2.59975740815468,3.49975740815468,0.9,"hidden_h0_none","H0: no hidden confounding",0,"none",0,0.122994913791999,0.480508961258537
0,2.36622035809377,"Male",52,62613,0,"White","College+","Never",0,"South",1.38526134058399,2.36622035809377,3.26622035809377,0.9,"hidden_h0_none","H0: no hidden confounding",0,"none",0,0.245514651949533,1.11491833125415
0,2.83433732969223,"Male",40,73419,0,"White","HS","Never",0,"South",0.500542420173957,2.83433732969223,3.73433732969223,0.9,"hidden_h0_none","H0: no hidden confounding",0,"none",0,0.240443188211389,1.0845976676252
0,3.16862216441136,"Male",71,54305,1,"Mexican American","<HS","Never",0,"Coastal",0.535313672589659,3.16862216441136,4.06862216441136,0.9,"hidden_h0_none","H0: no hidden confounding",0,"none",0,0.420520189665466,2.48636562815282
1,6.34413502635974,"Male",45,68017,0,"Mexican American","College+","Never",0,"Inland",-0.451290223450205,5.44413502635974,6.34413502635974,0.9,"hidden_h0_none","H0: no hidden confounding",0,"none",0,0.358126134271017,1
1,3.862209763304,"Female",42,33047,0,"White","Some college","Ever",3,"North",0.509789204480408,2.962209763304,3.862209763304,0.9,"hidden_h0_none","H0: no hidden confounding",0,"none",0,0.140527825997511,1
0,4.81957506422215,"Female",40,45317,0,"Other","<HS","Never",0,"North",-0.986319688379663,4.81957506422215,5.71957506422215,0.9,"hidden_h0_none","H0: no hidden confounding",0,"none",0,0.144179956320939,0.577216699335179
1,4.87859808395729,"Male",50,62871,0,"Mexican American","<HS","Never",0,"North",0.314577540852569,3.97859808395729,4.87859808395729,0.9,"hidden_h0_none","H0: no hidden confounding",0,"none",0,0.378353550272971,1
0,2.56761124606869,"Female",54,24505,0,"White","HS","Never",0,"North",1.49095671913752,2.56761124606869,3.46761124606869,0.9,"hidden_h0_none","H0: no hidden confounding",0,"none",0,0.214793533203362,0.937246409385203
0,3.09701392559282,"Male",55,11522,0,"Mexican American","HS","Never",0,"Coastal",0.56919780537778,3.09701392559282,3.99701392559282,0.9,"hidden_h0_none","H0: no hidden confounding",0,"none",0,0.397486704844278,2.26033298883698
0,3.74000569194026,"Male",18,41622,0,"Other","HS","Ever",7,"Coastal",0.71493453236132,3.74000569194026,4.64000569194026,0.9,"hidden_h0_none","H0: no hidden confounding",0,"none",0,0.149379075728334,0.601686347659271
0,5.10334899599954,"Female",50,68638,0,"Other","College+","Ever",3,"Inland",-0.116872759150281,5.10334899599954,6.00334899599954,0.9,"hidden_h0_none","H0: no hidden confounding",0,"none",0,0.215820915962489,0.942963164675985
0,4.1427098977652,"Male",64,93126,0,"White","HS","Never",0,"South",-1.60175236933226,4.1427098977652,5.0427098977652,0.9,"hidden_h0_none","H0: no hidden confounding",0,"none",0,0.393522525310166,2.22316334015098
0,3.73152471500314,"Female",54,54305,1,"Black","College+","Ever",5,"Coastal",-1.39028188754748,3.73152471500314,4.63152471500314,0.9,"hidden_h0_none","H0: no hidden confounding",0,"none",0,0.211163404887594,0.917166233615303
0,2.76956113653485,"Female",39,29469,0,"White","College+","Never",0,"Inland",0.0998538066298834,2.76956113653485,3.66956113653485,0.9,"hidden_h0_none","H0: no hidden confounding",0,"none",0,0.133489226816043,0.527823475596183
0,2.53102999548979,"Female",44,70900,0,"White","Some college","Never",0,"Inland",0.0212979472491827,2.53102999548979,3.43102999548979,0.9,"hidden_h0_none","H0: no hidden confounding",0,"none",0,0.160806714594233,0.656536128494558
0,2.86719625056589,"Male",31,25829,0,"Mexican American","Some college","Never",0,"Inland",-0.232911276952616,2.86719625056589,3.76719625056589,0.9,"hidden_h0_none","H0: no hidden confounding",0,"none",0,0.213791326277408,0.9316841382834
0,1.72983377725469,"Male",44,46785,0,"Other","<HS","Never",0,"South",-0.34922968870256,1.72983377725469,2.62983377725469,0.9,"hidden_h0_none","H0: no hidden confounding",0,"none",0,0.192472043071177,0.816632276090353
0,0.524068084581304,"Female",50,43182,0,"Black","College+","Ever",4,"Coastal",0.372451009699963,0.524068084581304,1.4240680845813,0.9,"hidden_h0_none","H0: no hidden confounding",0,"none",0,0.234754722256519,1.05106634431716
0,2.74773166648535,"Female",51,34291,0,"White","Some college","Never",0,"Inland",0.231423614686353,2.74773166648535,3.64773166648535,0.9,"hidden_h0_none","H0: no hidden confounding",0,"none",0,0.158087715203932,0.643350625114483
0,2.8063173871283,"Male",70,77007,0,"White","Some college","Never",0,"North",-1.83595628963251,2.8063173871283,3.7063173871283,0.9,"hidden_h0_none","H0: no hidden confounding",0,"none",0,0.327362570473958,1.66749462578573
0,1.88308873380317,"Male",42,54305,1,"Black","HS","Never",0,"Coastal",0.160369383267392,1.88308873380317,2.78308873380317,0.9,"hidden_h0_none","H0: no hidden confounding",0,"none",0,0.215528266611525,0.941333225258754
1,3.6107733860464,"Female",32,55793,0,"Other","College+","Never",0,"North",-0.319059665460449,2.7107733860464,3.6107733860464,0.9,"hidden_h0_none","H0: no hidden confounding",0,"none",0,0.128372256950747,1
0,2.2876264438089,"Male",30,79249,0,"Black","Some college","Ever",2,"North",0.404857515737171,2.2876264438089,3.1876264438089,0.9,"hidden_h0_none","H0: no hidden confounding",0,"none",0,0.194777898359389,0.828782247213247
0,5.01078995333604,"Male",49,47280,0,"Other","Some college","Never",0,"South",1.39478935822442,5.01078995333604,5.91078995333604,0.9,"hidden_h0_none","H0: no hidden confounding",0,"none",0,0.193828175193248,0.823769564914058
0,3.9282661488322,"Male",25,48780,0,"White","HS","Never",0,"North",0.197671047111294,3.9282661488322,4.8282661488322,0.9,"hidden_h0_none","H0: no hidden confounding",0,"none",0,0.159007983038725,0.647803822793254
0,2.76337469790181,"Female",66,54305,1,"Other","Some college","Ever",6,"Coastal",1.65901657285043,2.76337469790181,3.66337469790181,0.9,"hidden_h0_none","H0: no hidden confounding",0,"none",0,0.20341641881395,0.874925560924008
1,3.45199269985118,"Female",51,74901,0,"Mexican American","HS","Ever",2,"North",-1.19864382823155,2.55199269985118,3.45199269985118,0.9,"hidden_h0_none","H0: no hidden confounding",0,"none",0,0.418792436614391,1
0,3.82991231096352,"Female",36,54305,1,"White","HS","Ever",5,"South",0.375020091433299,3.82991231096352,4.72991231096352,0.9,"hidden_h0_none","H0: no hidden confounding",0,"none",0,0.144299186674227,0.577774525503229
1,5.65013285350169,"Male",66,95357,0,"Black","Some college","Ever",6,"Inland",-0.433321875850719,4.75013285350169,5.65013285350169,0.9,"hidden_h0_none","H0: no hidden confounding",0,"none",0,0.410860611251577,1
0,2.60542813232449,"Female",29,32406,0,"Black","Some college","Never",0,"South",-0.208727654963386,2.60542813232449,3.50542813232449,0.9,"hidden_h0_none","H0: no hidden confounding",0,"none",0,0.117171272837729,0.454737889873631
0,2.99143409746657,"Female",50,31122,0,"Black","Some college","Ever",11,"Inland",-1.86312376326552,2.99143409746657,3.89143409746657,0.9,"hidden_h0_none","H0: no hidden confounding",0,"none",0,0.216853066472519,0.948721553367376
0,2.94647793349264,"Male",34,60239,0,"Black","Some college","Never",0,"Coastal",-0.836452072428036,2.94647793349264,3.84647793349264,0.9,"hidden_h0_none","H0: no hidden confounding",0,"none",0,0.181808751116642,0.761336067544565
0,1.97411111347887,"Female",33,53544,0,"White","<HS","Ever",4,"North",-1.47876338207555,1.97411111347887,2.87411111347887,0.9,"hidden_h0_none","H0: no hidden confounding",0,"none",0,0.142603827796904,0.569857270909088
0,3.00353108596169,"Female",32,33482,0,"White","Some college","Never",0,"Coastal",-0.426203386749471,3.00353108596169,3.90353108596169,0.9,"hidden_h0_none","H0: no hidden confounding",0,"none",0,0.103351276406334,0.394920757277125
0,2.55216870563918,"Female",53,54305,1,"White","College+","Ever",3,"Inland",1.41225148898073,2.55216870563918,3.45216870563918,0.9,"hidden_h0_none","H0: no hidden confounding",0,"none",0,0.168792687406984,0.695762029038837
0,2.35578280178992,"Male",23,45107,0,"White","Some college","Ever",5,"Coastal",-0.487428054229195,2.35578280178992,3.25578280178992,0.9,"hidden_h0_none","H0: no hidden confounding",0,"none",0,0.122996281210498,0.480515052619768
0,3.8927093015798,"Female",61,38533,0,"Other","Some college","Never",0,"Inland",-0.046096021730181,3.8927093015798,4.7927093015798,0.9,"hidden_h0_none","H0: no hidden confounding",0,"none",0,0.197103240498271,0.841105572745705
1,3.81771204155805,"Male",44,37791,0,"Mexican American","<HS","Never",0,"North",-1.04508224847025,2.91771204155805,3.81771204155805,0.9,"hidden_h0_none","H0: no hidden confounding",0,"none",0,0.313194451530285,1
0,3.64577688941656,"Female",40,42016,0,"Other","<HS","Ever",9,"South",-0.787084823965765,3.64577688941656,4.54577688941656,0.9,"hidden_h0_none","H0: no hidden confounding",0,"none",0,0.165389505795014,0.678954325443426
0,4.10863816764471,"Male",27,68881,0,"White","Some college","Ever",9,"North",-0.166598371091212,4.10863816764471,5.00863816764471,0.9,"hidden_h0_none","H0: no hidden confounding",0,"none",0,0.157298792644188,0.639540753302468
1,4.35951671476351,"Male",20,33162,0,"Mexican American","<HS","Ever",5,"North",-1.71684391756102,3.45951671476351,4.35951671476351,0.9,"hidden_h0_none","H0: no hidden confounding",0,"none",0,0.214809980537922,1
0,3.46143019092084,"Female",47,74140,0,"White","College+","Ever",3,"South",-0.634619976717934,3.46143019092084,4.36143019092084,0.9,"hidden_h0_none","H0: no hidden confounding",0,"none",0,0.209620155133683,0.90868557149667
1,4.39844166424118,"Male",72,46077,0,"Mexican American","HS","Never",0,"Inland",0.135183350070487,3.49844166424118,4.39844166424118,0.9,"hidden_h0_none","H0: no hidden confounding",0,"none",0,0.550846560050055,1
1,4.98132177175746,"Male",38,56791,0,"White","HS","Ever",7,"North",0.365209287995721,4.08132177175746,4.98132177175746,0.9,"hidden_h0_none","H0: no hidden confounding",0,"none",0,0.242565084359986,1
0,3.78636456967071,"Male",24,9348,0,"White","College+","Ever",3,"South",-0.511749192672817,3.78636456967071,4.68636456967071,0.9,"hidden_h0_none","H0: no hidden confounding",0,"none",0,0.116428012690117,0.451473222769427
0,3.5257102277577,"Female",54,63763,0,"White","Some college","Never",0,"North",-1.22745951432635,3.5257102277577,4.4257102277577,0.9,"hidden_h0_none","H0: no hidden confounding",0,"none",0,0.192104621445259,0.814702670826221
0,4.20145897918028,"Male",26,40102,0,"White","Some college","Ever",6,"Inland",-1.74587725332722,4.20145897918028,5.10145897918028,0.9,"hidden_h0_none","H0: no hidden confounding",0,"none",0,0.129957964432187,0.51177505725013
0,3.55233082024146,"Male",54,50777,0,"White","College+","Ever",6,"Coastal",0.603986583224203,3.55233082024146,4.45233082024146,0.9,"hidden_h0_none","H0: no hidden confounding",0,"none",0,0.269511700489103,1.26409819519124
0,3.82302231113502,"Male",38,65476,0,"Black","College+","Never",0,"Inland",-0.692108189631019,3.82302231113502,4.72302231113502,0.9,"hidden_h0_none","H0: no hidden confounding",0,"none",0,0.224387393885105,0.991219977776664
0,3.95837079029179,"Female",54,59043,0,"White","College+","Never",0,"Coastal",1.87015551357416,3.95837079029179,4.85837079029179,0.9,"hidden_h0_none","H0: no hidden confounding",0,"none",0,0.209436753572464,0.907679921161975
0,3.11789756045987,"Female",31,36789,0,"White","College+","Ever",2,"Coastal",-0.473211622745125,3.11789756045987,4.01789756045987,0.9,"hidden_h0_none","H0: no hidden confounding",0,"none",0,0.12447061071804,0.48709373387816
0,3.69738688074398,"Female",35,53081,0,"White","Some college","Never",0,"Inland",-0.468195323819274,3.69738688074398,4.59738688074398,0.9,"hidden_h0_none","H0: no hidden confounding",0,"none",0,0.121540709292751,0.474041733101504
0,2.24164122965965,"Female",18,44132,0,"Black","Some college","Never",0,"Coastal",-1.00896068402477,2.24164122965965,3.14164122965965,0.9,"hidden_h0_none","H0: no hidden confounding",0,"none",0,0.09657127291155,0.366243993546684
0,4.04479706905119,"Female",18,31314,0,"White","College+","Ever",5,"Inland",0.124405265761455,4.04479706905119,4.94479706905119,0.9,"hidden_h0_none","H0: no hidden confounding",0,"none",0,0.093643199525521,0.35399204075959
0,3.60786974062029,"Male",39,46067,0,"White","Some college","Never",0,"North",-2.11370957876673,3.60786974062029,4.5078697406203,0.9,"hidden_h0_none","H0: no hidden confounding",0,"none",0,0.157502223579476,0.640522481053105
0,2.79183474386203,"Female",44,100045,0,"Black","College+","Never",0,"Inland",-0.795239554302324,2.79183474386203,3.69183474386203,0.9,"hidden_h0_none","H0: no hidden confounding",0,"none",0,0.24280693828255,1.09867923888743
0,3.34944704109369,"Female",33,46186,0,"White","Some college","Ever",3,"Coastal",0.978228251440079,3.34944704109369,4.24944704109369,0.9,"hidden_h0_none","H0: no hidden confounding",0,"none",0,0.122521385782231,0.478400704644472
1,3.67833270981176,"Female",52,43796,0,"Black","College+","Never",0,"South",0.156173303926754,2.77833270981176,3.67833270981176,0.9,"hidden_h0_none","H0: no hidden confounding",0,"none",0,0.224669763664461,1
0,3.18635443681887,"Female",48,54305,1,"White","College+","Ever",4,"Coastal",0.176973146884088,3.18635443681887,4.08635443681887,0.9,"hidden_h0_none","H0: no hidden confounding",0,"none",0,0.153465197907548,0.621128615447836
1,3.89568649264196,"Male",76,74550,0,"White","Some college","Never",0,"Coastal",0.153263643047976,2.99568649264196,3.89568649264196,0.9,"hidden_h0_none","H0: no hidden confounding",0,"none",0,0.358763232803748,1
0,3.02541123672784,"Female",60,43718,0,"White","Some college","Ever",8,"Inland",1.07411694575185,3.02541123672784,3.92541123672784,0.9,"hidden_h0_none","H0: no hidden confounding",0,"none",0,0.22689893091812,1.00557073787672
0,2.22753854168887,"Female",52,91807,0,"White","Some college","Ever",1,"North",-0.660749139388548,2.22753854168887,3.12753854168887,0.9,"hidden_h0_none","H0: no hidden confounding",0,"none",0,0.220041169437158,0.966604284997531
1,3.73617519729662,"Female",58,54868,0,"White","<HS","Ever",6,"Coastal",1.18830320852494,2.83617519729662,3.73617519729662,0.9,"hidden_h0_none","H0: no hidden confounding",0,"none",0,0.245508208834408,1
0,3.1340304357979,"Male",27,50162,0,"Black","Some college","Never",0,"Coastal",-0.62009406971941,3.1340304357979,4.0340304357979,0.9,"hidden_h0_none","H0: no hidden confounding",0,"none",0,0.149701358883171,0.603213022367039
0,2.40911717745586,"Female",45,51894,0,"White","HS","Never",0,"Inland",-0.210241663439316,2.40911717745586,3.30911717745586,0.9,"hidden_h0_none","H0: no hidden confounding",0,"none",0,0.201511846744996,0.864666348216226
1,3.89065676869383,"Male",34,56430,0,"Mexican American","College+","Never",0,"North",-1.14981876014355,2.99065676869383,3.89065676869383,0.9,"hidden_h0_none","H0: no hidden confounding",0,"none",0,0.283673627751951,1
1,3.0987332639383,"Male",62,54305,1,"Mexican American","<HS","Never",0,"Coastal",0.951093964247112,2.1987332639383,3.0987332639383,0.9,"hidden_h0_none","H0: no hidden confounding",0,"none",0,0.365929135705781,1
1,4.02358107565476,"Male",35,29029,0,"Black","College+","Never",0,"Inland",0.123417759786067,3.12358107565476,4.02358107565476,0.9,"hidden_h0_none","H0: no hidden confounding",0,"none",0,0.180313472487705,1
1,3.8699064499926,"Female",69,55626,0,"White","College+","Never",0,"North",-1.29835606989797,2.9699064499926,3.8699064499926,0.9,"hidden_h0_none","H0: no hidden confounding",0,"none",0,0.275869544094585,1
0,3.39692465381423,"Male",51,90104,0,"White","HS","Ever",3,"North",1.77022527624497,3.39692465381423,4.29692465381423,0.9,"hidden_h0_none","H0: no hidden confounding",0,"none",0,0.335732600221692,1.73167754751637
1,3.69857235064294,"Female",48,54305,1,"White","College+","Never",0,"Coastal",-2.11924852303534,2.79857235064294,3.69857235064294,0.9,"hidden_h0_none","H0: no hidden confounding",0,"none",0,0.139564040314495,1
0,1.85895369824643,"Female",24,56053,0,"White","College+","Never",0,"South",0.862226531718846,1.85895369824643,2.75895369824643,0.9,"hidden_h0_none","H0: no hidden confounding",0,"none",0,0.108307966024933,0.416161561422863
1,3.29090665300923,"Female",58,54225,0,"White","College+","Ever",5,"Inland",-0.27501709460519,2.39090665300923,3.29090665300923,0.9,"hidden_h0_none","H0: no hidden confounding",0,"none",0,0.244605816154439,1
0,3.65818176921144,"Male",39,38925,0,"Other","Some college","Never",0,"North",-0.240583214154241,3.65818176921144,4.55818176921144,0.9,"hidden_h0_none","H0: no hidden confounding",0,"none",0,0.151208363524484,0.610367179329136
1,3.50862115853509,"Female",37,93350,0,"White","Some college","Never",0,"South",1.16047857922065,2.60862115853509,3.50862115853509,0.9,"hidden_h0_none","H0: no hidden confounding",0,"none",0,0.153331329238726,1
0,3.33547058257669,"Male",58,32296,0,"Black","Some college","Ever",2,"North",-0.196639948497648,3.33547058257669,4.23547058257669,0.9,"hidden_h0_none","H0: no hidden confounding",0,"none",0,0.276658757024095,1.31044151874602
0,2.12363078829889,"Male",18,23684,0,"Other","College+","Ever",4,"Inland",-0.685309149800297,2.12363078829889,3.02363078829889,0.9,"hidden_h0_none","H0: no hidden confounding",0,"none",0,0.109348754977702,0.420651667061664
0,1.95698292304403,"Female",35,65662,0,"White","HS","Ever",7,"North",0.0707497030166376,1.95698292304403,2.85698292304403,0.9,"hidden_h0_none","H0: no hidden confounding",0,"none",0,0.197160661680948,0.841410783782993
0,3.14826436200907,"Male",32,54305,1,"Mexican American","HS","Never",0,"Coastal",0.707512571640698,3.14826436200907,4.04826436200907,0.9,"hidden_h0_none","H0: no hidden confounding",0,"none",0,0.253197153468543,1.16163397426043
0,3.77903146652189,"Female",48,52431,0,"Black","<HS","Ever",2,"South",-0.756458122681963,3.77903146652189,4.67903146652189,0.9,"hidden_h0_none","H0: no hidden confounding",0,"none",0,0.22750977223634,1.00907515334647
0,3.8858078716064,"Female",45,50078,0,"Mexican American","College+","Ever",8,"North",-0.504322190821311,3.8858078716064,4.7858078716064,0.9,"hidden_h0_none","H0: no hidden confounding",0,"none",0,0.320489666299158,1.61597417623633
0,3.75777649669533,"Male",18,77798,0,"Mexican American","College+","Never",0,"North",1.85479990110415,3.75777649669533,4.65777649669533,0.9,"hidden_h0_none","H0: no hidden confounding",0,"none",0,0.228336128062133,1.01382481181762
0,2.32945390904937,"Male",38,35228,0,"White","Some college","Ever",4,"North",1.15956748014894,2.32945390904937,3.22945390904937,0.9,"hidden_h0_none","H0: no hidden confounding",0,"none",0,0.161121530678369,0.65806831740772
1,3.74175028033639,"Male",50,44892,0,"White","Some college","Ever",2,"Inland",-0.340274121888743,2.84175028033639,3.74175028033639,0.9,"hidden_h0_none","H0: no hidden confounding",0,"none",0,0.210873116884713,1
1,4.19127627231563,"Male",68,42957,0,"White","Some college","Never",1,"Inland",-0.0279472101857785,3.29127627231563,4.19127627231563,0.9,"hidden_h0_none","H0: no hidden confounding",0,"none",0,0.280529373321451,1
0,1.7212425014917,"Female",33,57953,0,"Mexican American","Some college","Never",0,"North",-0.905006085046086,1.7212425014917,2.6212425014917,0.9,"hidden_h0_none","H0: no hidden confounding",0,"none",0,0.211757584356026,0.92044029819473
0,3.75766664834307,"Male",48,63060,0,"White","HS","Never",0,"Coastal",0.624173539445681,3.75766664834307,4.65766664834307,0.9,"hidden_h0_none","H0: no hidden confounding",0,"none",0,0.268395186010872,1.2569402067686
0,5.2135391201121,"Female",68,78777,0,"White","College+","Ever",8,"Coastal",0.933080472318987,5.2135391201121,6.1135391201121,0.9,"hidden_h0_none","H0: no hidden confounding",0,"none",0,0.332131770429746,1.70386855081914
0,3.24394536748717,"Male",61,72841,0,"White","College+","Never",0,"Coastal",0.580399374356544,3.24394536748717,4.14394536748717,0.9,"hidden_h0_none","H0: no hidden confounding",0,"none",0,0.301924789771084,1.481879901781
0,4.78458186371645,"Female",76,54305,1,"White","HS","Never",0,"Inland",-0.159419965597165,4.78458186371645,5.68458186371645,0.9,"hidden_h0_none","H0: no hidden confounding",0,"none",0,0.291745130731832,1.41133625642274
0,2.7955950377054,"Female",20,62257,0,"White","College+","Ever",6,"Coastal",-1.11549527275064,2.7955950377054,3.6955950377054,0.9,"hidden_h0_none","H0: no hidden confounding",0,"none",0,0.115322732307245,0.446628576121817
0,3.38532078442929,"Male",36,54520,0,"White","Some college","Ever",8,"Coastal",0.747457050709607,3.38532078442929,4.28532078442929,0.9,"hidden_h0_none","H0: no hidden confounding",0,"none",0,0.176384929957103,0.733759341956628
0,4.01656491306833,"Male",47,58169,0,"Other","<HS","Never",0,"Coastal",1.55135568694031,4.01656491306833,4.91656491306833,0.9,"hidden_h0_none","H0: no hidden confounding",0,"none",0,0.21484718341903,0.937544569716666
0,3.58930557020782,"Male",44,36245,0,"White","College+","Ever",5,"South",2.00686884205691,3.58930557020782,4.48930557020782,0.9,"hidden_h0_none","H0: no hidden confounding",0,"none",0,0.206817480269985,0.893368343459099
0,4.32625482093887,"Female",52,62281,0,"White","Some college","Ever",7,"South",0.785543212181971,4.32625482093887,5.22625482093887,0.9,"hidden_h0_none","H0: no hidden confounding",0,"none",0,0.207066427279648,0.894724511245547
0,5.08191605773717,"Male",55,65548,0,"White","College+","Never",0,"North",-1.19501486540563,5.08191605773717,5.98191605773717,0.9,"hidden_h0_none","H0: no hidden confounding",0,"none",0,0.263005162636555,1.22268977114837
0,2.06155238498571,"Female",29,38729,0,"Black","Some college","Never",0,"North",0.925062803992852,2.06155238498571,2.96155238498571,0.9,"hidden_h0_none","H0: no hidden confounding",0,"none",0,0.120763855756794,0.470595628747364
0,2.21914367300701,"Male",35,67921,0,"White","Some college","Never",0,"Inland",1.83298321180002,2.21914367300701,3.11914367300701,0.9,"hidden_h0_none","H0: no hidden confounding",0,"none",0,0.15972549750934,0.651282659602044
1,4.76223973083921,"Male",45,54305,1,"White","HS","Never",0,"South",0.738941606355109,3.86223973083921,4.76223973083921,0.9,"hidden_h0_none","H0: no hidden confounding",0,"none",0,0.191733150781548,1
0,3.024839846319,"Male",51,38843,0,"White","Some college","Never",0,"South",0.374245825814034,3.024839846319,3.924839846319,0.9,"hidden_h0_none","H0: no hidden confounding",0,"none",0,0.196131503936745,0.835947110212661
0,2.81439598389578,"Male",70,59261,0,"Mexican American","<HS","Never",0,"Inland",0.818972217772761,2.81439598389578,3.71439598389578,0.9,"hidden_h0_none","H0: no hidden confounding",0,"none",0,0.49823996169998,3.40219293812823
0,2.90325240336207,"Male",18,39748,0,"Other","HS","Never",0,"North",-0.479170922808546,2.90325240336207,3.80325240336207,0.9,"hidden_h0_none","H0: no hidden confounding",0,"none",0,0.129851466576956,0.511293083168694
0,3.39932503737395,"Male",42,56326,0,"White","<HS","Never",0,"South",0.256951806271894,3.39932503737395,4.29932503737395,0.9,"hidden_h0_none","H0: no hidden confounding",0,"none",0,0.194081389476793,0.825104886441955
0,3.03960570108525,"Female",58,60559,0,"Mexican American","College+","Never",0,"North",0.584995995053372,3.03960570108525,3.93960570108525,0.9,"hidden_h0_none","H0: no hidden confounding",0,"none",0,0.370461216370011,2.01621438452219
0,2.05186295950025,"Male",27,11155,0,"White","Some college","Ever",4,"South",0.199698338730154,2.05186295950025,2.95186295950025,0.9,"hidden_h0_none","H0: no hidden confounding",0,"none",0,0.113005681275045,0.436511702053519
0,3.1138058112772,"Male",37,67446,0,"White","College+","Never",0,"South",1.58893071357755,3.1138058112772,4.0138058112772,0.9,"hidden_h0_none","H0: no hidden confounding",0,"none",0,0.185686864137418,0.781279074564134
0,1.74759262885235,"Male",49,66282,0,"White","HS","Ever",10,"South",-1.39032562375405,1.74759262885235,2.64759262885235,0.9,"hidden_h0_none","H0: no hidden confounding",0,"none",0,0.31738197681134,1.5930190199802
0,3.65794691771172,"Female",45,60546,0,"White","Some college","Never",0,"North",-1.54105466890723,3.65794691771172,4.55794691771172,0.9,"hidden_h0_none","H0: no hidden confounding",0,"none",0,0.156709859160674,0.636701317469755
1,3.87441621995771,"Male",60,46349,0,"Other","<HS","Ever",6,"South",-0.838301229553465,2.97441621995771,3.87441621995771,0.9,"hidden_h0_none","H0: no hidden confounding",0,"none",0,0.291048572139468,1
0,2.35974695537934,"Female",18,30869,0,"White","Some college","Never",0,"Inland",-1.20159747038194,2.35974695537934,3.25974695537934,0.9,"hidden_h0_none","H0: no hidden confounding",0,"none",0,0.0737101363563915,0.27264450810685
0,3.45872382984942,"Male",41,63177,0,"White","College+","Ever",5,"South",1.19574324041896,3.45872382984942,4.35872382984942,0.9,"hidden_h0_none","H0: no hidden confounding",0,"none",0,0.218475113448457,0.957801719925603
0,1.76799694627201,"Female",43,50231,0,"Black","<HS","Never",0,"South",2.1782685960939,1.76799694627201,2.66799694627201,0.9,"hidden_h0_none","H0: no hidden confounding",0,"none",0,0.190731862820627,0.807508792854543
0,1.70188911850691,"Female",30,54305,1,"Black","HS","Never",0,"South",1.46711063035204,1.70188911850691,2.60188911850691,0.9,"hidden_h0_none","H0: no hidden confounding",0,"none",0,0.137695893844299,0.54711293994659
0,1.93123127194414,"Female",18,23666,0,"Other","<HS","Ever",7,"Inland",-0.813620293798515,1.93123127194414,2.83123127194414,0.9,"hidden_h0_none","H0: no hidden confounding",0,"none",0,0.0906505604773207,0.341551456176184
0,3.0645998676174,"Female",45,62756,0,"White","HS","Ever",4,"Inland",-0.0911672936708534,3.0645998676174,3.9645998676174,0.9,"hidden_h0_none","H0: no hidden confounding",0,"none",0,0.230276751443823,1.02501906019918
0,3.82158034580002,"Female",42,38034,0,"Mexican American","<HS","Ever",7,"South",1.13818343223693,3.82158034580002,4.72158034580002,0.9,"hidden_h0_none","H0: no hidden confounding",0,"none",0,0.28508400202781,1.36626292156424
1,5.40187086574415,"Female",78,70222,0,"White","College+","Ever",4,"Inland",-0.30580555237086,4.50187086574415,5.40187086574415,0.9,"hidden_h0_none","H0: no hidden confounding",0,"none",0,0.366886915138107,1
0,2.57588534234806,"Male",48,32919,0,"White","College+","Ever",6,"North",-0.239661566891305,2.57588534234806,3.47588534234806,0.9,"hidden_h0_none","H0: no hidden confounding",0,"none",0,0.223283301675419,0.984940633487213
0,1.99153646166247,"Female",32,8000,0,"Black","Some college","Never",0,"North",-0.862881353890893,1.99153646166247,2.89153646166247,0.9,"hidden_h0_none","H0: no hidden confounding",0,"none",0,0.111506699155121,0.429994849306796
1,5.72805333159086,"Female",60,71981,0,"Other","HS","Ever",8,"Coastal",0.537234267860436,4.82805333159086,5.72805333159086,0.9,"hidden_h0_none","H0: no hidden confounding",0,"none",0,0.325360323682058,1
1,3.33057530101988,"Female",51,67510,0,"Other","<HS","Never",0,"Inland",-0.434391372673907,2.43057530101988,3.33057530101988,0.9,"hidden_h0_none","H0: no hidden confounding",0,"none",0,0.20089722257451,1
0,3.65754404872107,"Female",51,52099,0,"Mexican American","<HS","Ever",5,"North",-0.129832175479663,3.65754404872107,4.55754404872107,0.9,"hidden_h0_none","H0: no hidden confounding",0,"none",0,0.344874297111481,1.803651555987
0,3.45781344408074,"Male",52,99207,0,"Mexican American","College+","Ever",2,"North",-0.307507514115712,3.45781344408074,4.35781344408074,0.9,"hidden_h0_none","H0: no hidden confounding",0,"none",0,0.461922796633777,2.94131308004554
0,2.38961641629853,"Male",49,44875,0,"Other","HS","Never",0,"North",1.80903306866188,2.38961641629853,3.28961641629853,0.9,"hidden_h0_none","H0: no hidden confounding",0,"none",0,0.252482498308956,1.15724780229548
1,5.10583123660526,"Male",73,89560,0,"Mexican American","College+","Never",0,"Coastal",-0.503053694075617,4.20583123660526,5.10583123660526,0.9,"hidden_h0_none","H0: no hidden confounding",0,"none",0,0.561187590807011,1
1,5.01670958469544,"Male",55,65157,0,"White","College+","Never",0,"Coastal",0.703351202660999,4.11670958469544,5.01670958469544,0.9,"hidden_h0_none","H0: no hidden confounding",0,"none",0,0.262594505378324,1
0,4.23599992669478,"Female",27,39969,0,"White","Some college","Ever",8,"Inland",1.52294546846322,4.23599992669478,5.13599992669478,0.9,"hidden_h0_none","H0: no hidden confounding",0,"none",0,0.110445467332284,0.425394402842979
0,2.15145345470068,"Female",36,58013,0,"White","HS","Never",0,"North",1.17462771626079,2.15145345470068,3.05145345470068,0.9,"hidden_h0_none","H0: no hidden confounding",0,"none",0,0.171820076194054,0.710829855004572
0,4.44751687956677,"Male",48,74708,0,"White","Some college","Ever",6,"Inland",0.879548979902275,4.44751687956677,5.34751687956677,0.9,"hidden_h0_none","H0: no hidden confounding",0,"none",0,0.23980555111995,1.08081406893593
0,3.82065379333831,"Female",43,86227,0,"White","College+","Ever",4,"North",-0.0877968235221217,3.82065379333831,4.72065379333831,0.9,"hidden_h0_none","H0: no hidden confounding",0,"none",0,0.205918302067799,0.888477047965782
0,1.93569896234327,"Male",68,66178,0,"Black","HS","Never",0,"North",-2.05920800072289,1.93569896234327,2.83569896234327,0.9,"hidden_h0_none","H0: no hidden confounding",0,"none",0,0.436943995235207,2.65883037785843
1,1.42682718928536,"Female",26,60056,0,"Mexican American","<HS","Ever",6,"Inland",1.26237848524274,0.526827189285358,1.42682718928536,0.9,"hidden_h0_none","H0: no hidden confounding",0,"none",0,0.227751172164708,1
1,5.54988361825238,"Female",28,76342,0,"White","College+","Ever",3,"Inland",-0.0578731163378706,4.64988361825238,5.54988361825238,0.9,"hidden_h0_none","H0: no hidden confounding",0,"none",0,0.141985243643353,1
0,4.60908141877452,"Female",31,57229,0,"White","College+","Ever",5,"North",-0.410983245116582,4.60908141877452,5.50908141877452,0.9,"hidden_h0_none","H0: no hidden confounding",0,"none",0,0.14202710046495,0.567171110929421
0,1.71320227195883,"Female",38,51067,0,"White","College+","Never",0,"South",-1.01824369198886,1.71320227195883,2.61320227195883,0.9,"hidden_h0_none","H0: no hidden confounding",0,"none",0,0.144448757551776,0.578474521444226
0,2.74337797124148,"Female",54,71113,0,"Black","<HS","Never",0,"South",-1.5387296110033,2.74337797124148,3.64337797124148,0.9,"hidden_h0_none","H0: no hidden confounding",0,"none",0,0.258828362438794,1.19649124171026
0,1.52478187148969,"Female",19,31843,0,"Black","Some college","Never",0,"Inland",0.434150208249313,1.52478187148969,2.42478187148969,0.9,"hidden_h0_none","H0: no hidden confounding",0,"none",0,0.0930388117680637,0.351472947710946
1,1.90111119735648,"Female",25,48743,0,"White","<HS","Never",0,"Inland",-0.58369274258892,1.00111119735648,1.90111119735648,0.9,"hidden_h0_none","H0: no hidden confounding",0,"none",0,0.105767367250296,1
0,2.52973862615908,"Female",20,54305,1,"Black","College+","Never",0,"Coastal",0.322691216135145,2.52973862615908,3.42973862615908,0.9,"hidden_h0_none","H0: no hidden confounding",0,"none",0,0.0904307133580919,0.340640766025287
0,2.22167487728355,"Female",36,52227,0,"White","Some college","Never",0,"South",0.356627209717021,2.22167487728355,3.12167487728355,0.9,"hidden_h0_none","H0: no hidden confounding",0,"none",0,0.123781633553448,0.484016658054712
1,4.30363130927135,"Female",60,56348,0,"Black","HS","Never",0,"Coastal",0.88130912098734,3.40363130927135,4.30363130927135,0.9,"hidden_h0_none","H0: no hidden confounding",0,"none",0,0.321324520830519,1
0,2.68551562305316,"Male",32,71899,0,"Black","College+","Never",0,"South",0.665063273251644,2.68551562305316,3.58551562305316,0.9,"hidden_h0_none","H0: no hidden confounding",0,"none",0,0.204536119119368,0.880979895709404
0,2.8000069851527,"Female",41,37653,0,"Other","College+","Ever",5,"South",0.0687677940364261,2.8000069851527,3.7000069851527,0.9,"hidden_h0_none","H0: no hidden confounding",0,"none",0,0.159809183998303,0.651688796720579
0,2.33506811322828,"Male",51,58189,0,"Other","HS","Never",0,"Coastal",0.239500290688631,2.33506811322828,3.23506811322828,0.9,"hidden_h0_none","H0: no hidden confounding",0,"none",0,0.276411695992633,1.30882423606866
1,5.21496090643265,"Female",51,59979,0,"Black","HS","Never",0,"North",-1.36459001226006,4.31496090643265,5.21496090643265,0.9,"hidden_h0_none","H0: no hidden confounding",0,"none",0,0.277461213063378,1
0,2.84243471754509,"Male",44,54305,1,"Other","HS","Never",0,"Inland",-0.927166089217783,2.84243471754509,3.74243471754509,0.9,"hidden_h0_none","H0: no hidden confounding",0,"none",0,0.186373770191699,0.784831274595371
0,2.80170402259295,"Female",39,42719,0,"White","HS","Ever",3,"Inland",1.60529409291295,2.80170402259295,3.70170402259295,0.9,"hidden_h0_none","H0: no hidden confounding",0,"none",0,0.185141599177652,0.778463607489391
0,2.83424875399677,"Male",36,27927,0,"White","HS","Ever",3,"Coastal",1.19520401290777,2.83424875399677,3.73424875399677,0.9,"hidden_h0_none","H0: no hidden confounding",0,"none",0,0.19761849858562,0.843845888802353
0,1.83183920473875,"Female",47,54305,1,"Other","College+","Never",0,"North",-0.095386601186951,1.83183920473875,2.73183920473875,0.9,"hidden_h0_none","H0: no hidden confounding",0,"none",0,0.13541858845177,0.536647165338601
1,5.48833846287974,"Male",57,32410,0,"White","College+","Ever",4,"North",1.42519646102684,4.58833846287974,5.48833846287974,0.9,"hidden_h0_none","H0: no hidden confounding",0,"none",0,0.259626973808214,1
0,2.90290770822318,"Female",44,54305,1,"White","HS","Never",0,"South",1.004860870831,2.90290770822318,3.80290770822318,0.9,"hidden_h0_none","H0: no hidden confounding",0,"none",0,0.15427732815244,0.625015210963761
0,3.73433952673747,"Male",54,56176,0,"Black","Some college","Never",0,"North",-1.62829421448216,3.73433952673747,4.63433952673747,0.9,"hidden_h0_none","H0: no hidden confounding",0,"none",0,0.265593778880631,1.23907616279082
0,3.20455436043176,"Female",44,32154,0,"Mexican American","College+","Ever",5,"South",-0.592032497669428,3.20455436043176,4.10455436043176,0.9,"hidden_h0_none","H0: no hidden confounding",0,"none",0,0.285867344531602,1.37151987626388
0,3.32808655773079,"Male",63,79712,0,"White","College+","Ever",5,"North",1.43034152424775,3.32808655773079,4.22808655773079,0.9,"hidden_h0_none","H0: no hidden confounding",0,"none",0,0.348655112321225,1.83400907355821
0,3.07757272710709,"Male",36,65461,0,"Black","Some college","Ever",6,"Coastal",-1.91390581961245,3.07757272710709,3.97757272710709,0.9,"hidden_h0_none","H0: no hidden confounding",0,"none",0,0.216515556445204,0.946836908605842
0,4.55196324149294,"Female",74,61679,0,"White","Some college","Never",0,"Inland",-0.167713107692829,4.55196324149294,5.45196324149294,0.9,"hidden_h0_none","H0: no hidden confounding",0,"none",0,0.281179688513834,1.3402322256307
0,5.134761243791,"Female",72,77900,0,"Mexican American","Some college","Ever",10,"Inland",-0.668504464399492,5.134761243791,6.034761243791,0.9,"hidden_h0_none","H0: no hidden confounding",0,"none",0,0.495123665831218,3.3600452215103
0,5.55002389398849,"Female",63,59453,0,"White","HS","Ever",2,"Inland",1.12357499176678,5.55002389398849,6.45002389398849,0.9,"hidden_h0_none","H0: no hidden confounding",0,"none",0,0.311291748072367,1.54863393885362
0,2.89134883200615,"Female",21,52978,0,"White","Some college","Never",0,"South",-0.379339192893255,2.89134883200615,3.79134883200615,0.9,"hidden_h0_none","H0: no hidden confounding",0,"none",0,0.0882791791875923,0.331751476754032
0,3.8055684754783,"Male",21,48462,0,"Mexican American","Some college","Ever",7,"Inland",0.687379669192563,3.8055684754783,4.7055684754783,0.9,"hidden_h0_none","H0: no hidden confounding",0,"none",0,0.217307423815606,0.951261236508564
1,5.19007987636076,"Female",69,81426,0,"White","Some college","Ever",8,"Inland",-0.70291738957718,4.29007987636076,5.19007987636076,0.9,"hidden_h0_none","H0: no hidden confounding",0,"none",0,0.311653301450942,1
0,3.50173482221748,"Male",23,49444,0,"White","College+","Never",0,"North",-0.736351854181197,3.50173482221748,4.40173482221748,0.9,"hidden_h0_none","H0: no hidden confounding",0,"none",0,0.126504416935049,0.496205332486333
0,4.09613055440809,"Female",44,46282,0,"Black","Some college","Ever",11,"Coastal",-0.366383224841917,4.09613055440809,4.99613055440809,0.9,"hidden_h0_none","H0: no hidden confounding",0,"none",0,0.205113261125684,0.884107223610877
1,3.73289223544362,"Female",51,45586,0,"Other","Some college","Ever",2,"South",0.949596210918785,2.83289223544362,3.73289223544362,0.9,"hidden_h0_none","H0: no hidden confounding",0,"none",0,0.176948721729436,1
0,1.76387613754942,"Female",48,60654,0,"Mexican American","HS","Never",0,"North",-0.179400349145517,1.76387613754942,2.66387613754942,0.9,"hidden_h0_none","H0: no hidden confounding",0,"none",0,0.36239838488193,1.9473916165902
1,3.79106538701733,"Male",50,54305,1,"Black","<HS","Never",0,"Inland",-0.814550172558139,2.89106538701733,3.79106538701733,0.9,"hidden_h0_none","H0: no hidden confounding",0,"none",0,0.210820516004179,1
0,3.06457874873345,"Female",80,61587,0,"White","Some college","Ever",5,"Coastal",0.440108795931194,3.06457874873345,3.96457874873345,0.9,"hidden_h0_none","H0: no hidden confounding",0,"none",0,0.340434697252707,1.76844870474962
0,2.79388496862599,"Female",26,60837,0,"Black","<HS","Never",0,"Inland",-0.903568872501127,2.79388496862599,3.69388496862599,0.9,"hidden_h0_none","H0: no hidden confounding",0,"none",0,0.139376689073506,0.55487286806619
0,1.58824250181651,"Female",42,43906,0,"White","HS","Never",0,"South",-0.770569738244623,1.58824250181651,2.48824250181651,0.9,"hidden_h0_none","H0: no hidden confounding",0,"none",0,0.182942572514844,0.767147105173538
0,2.94804525461668,"Male",44,47387,0,"White","Some college","Never",0,"Inland",-1.73010720034531,2.94804525461668,3.84804525461668,0.9,"hidden_h0_none","H0: no hidden confounding",0,"none",0,0.176171075342544,0.73267946628646
0,3.26470242819429,"Male",52,54305,1,"White","<HS","Never",0,"Coastal",-0.538995256024766,3.26470242819429,4.16470242819429,0.9,"hidden_h0_none","H0: no hidden confounding",0,"none",0,0.18357533715211,0.770397154507455
1,5.65618784055898,"Male",72,62553,0,"White","College+","Ever",5,"South",0.157325202656228,4.75618784055898,5.65618784055898,0.9,"hidden_h0_none","H0: no hidden confounding",0,"none",0,0.380153894710639,1
0,3.92402670045805,"Male",43,35217,0,"White","<HS","Never",0,"North",-0.237905117708175,3.92402670045805,4.82402670045805,0.9,"hidden_h0_none","H0: no hidden confounding",0,"none",0,0.180540949694901,0.754857401418927
0,3.95808697766955,"Female",39,41630,0,"White","College+","Ever",1,"South",0.248124465676157,3.95808697766955,4.85808697766955,0.9,"hidden_h0_none","H0: no hidden confounding",0,"none",0,0.149989318681928,0.604578084578263
0,3.37501763172958,"Male",71,73790,0,"White","<HS","Never",0,"North",-0.774534833003644,3.37501763172958,4.27501763172958,0.9,"hidden_h0_none","H0: no hidden confounding",0,"none",0,0.356434194335795,1.89759204671111
0,3.59444550411428,"Female",60,54305,1,"Black","Some college","Never",0,"Coastal",-0.354118389166794,3.59444550411428,4.49444550411428,0.9,"hidden_h0_none","H0: no hidden confounding",0,"none",0,0.194051169720879,0.824945478942508
0,2.06417939283037,"Female",27,65041,0,"White","College+","Never",0,"Inland",-0.756150106953056,2.06417939283037,2.96417939283037,0.9,"hidden_h0_none","H0: no hidden confounding",0,"none",0,0.120993462474067,0.471613524734805
1,4.59001951938067,"Female",24,63267,0,"Mexican American","College+","Ever",2,"South",1.03092768262775,3.69001951938067,4.59001951938067,0.9,"hidden_h0_none","H0: no hidden confounding",0,"none",0,0.214612884052105,1
0,2.74948579552278,"Female",56,54305,1,"Black","HS","Never",0,"Inland",-1.47380600306834,2.74948579552278,3.64948579552278,0.9,"hidden_h0_none","H0: no hidden confounding",0,"none",0,0.23635538736349,1.0604511433796
0,3.55015343582762,"Female",37,46681,0,"White","Some college","Ever",2,"South",-0.993869578657147,3.55015343582762,4.45015343582762,0.9,"hidden_h0_none","H0: no hidden confounding",0,"none",0,0.132610987205425,0.52381995940953
1,4.35964617849889,"Male",58,54044,0,"Mexican American","<HS","Ever",7,"North",-0.565861295040063,3.45964617849889,4.35964617849889,0.9,"hidden_h0_none","H0: no hidden confounding",0,"none",0,0.453105255739291,1
0,0.925098894768323,"Female",43,8004,0,"Mexican American","College+","Never",0,"Inland",1.11282343087875,0.925098894768323,1.82509889476832,0.9,"hidden_h0_none","H0: no hidden confounding",0,"none",0,0.232017827709566,1.03511039241362
0,4.27193582964205,"Female",58,63923,0,"White","<HS","Ever",5,"Inland",-0.765007575337323,4.27193582964205,5.17193582964205,0.9,"hidden_h0_none","H0: no hidden confounding",0,"none",0,0.252103657500206,1.15492607914681
0,2.96003953360007,"Female",41,29782,0,"White","College+","Never",0,"Inland",-0.197689400688947,2.96003953360007,3.86003953360007,0.9,"hidden_h0_none","H0: no hidden confounding",0,"none",0,0.139692094815314,0.556332418234953
1,3.20330518141972,"Female",35,37307,0,"Black","HS","Ever",8,"North",-1.38820626017894,2.30330518141972,3.20330518141972,0.9,"hidden_h0_none","H0: no hidden confounding",0,"none",0,0.210681245666007,1
0,4.33413497950574,"Male",54,83124,0,"Black","Some college","Ever",5,"Inland",-0.871340396372822,4.33413497950574,5.23413497950574,0.9,"hidden_h0_none","H0: no hidden confounding",0,"none",0,0.321700466270122,1.62497477224314
0,4.31327239677662,"Female",27,47441,0,"Mexican American","Some college","Never",0,"North",0.153898125311005,4.31327239677662,5.21327239677662,0.9,"hidden_h0_none","H0: no hidden confounding",0,"none",0,0.178862595933081,0.746311519927603
0,4.11476525973421,"Female",58,77147,0,"White","HS","Never",0,"North",0.388488553120164,4.11476525973421,5.01476525973422,0.9,"hidden_h0_none","H0: no hidden confounding",0,"none",0,0.287189331039856,1.38041783505214
0,2.51350777003239,"Female",42,55110,0,"White","HS","Never",0,"South",-1.81569462068383,2.51350777003239,3.41350777003239,0.9,"hidden_h0_none","H0: no hidden confounding",0,"none",0,0.19219683323665,0.815186778798912
0,3.25900830967949,"Female",64,65962,0,"Mexican American","HS","Ever",4,"South",1.49189318305071,3.25900830967949,4.15900830967949,0.9,"hidden_h0_none","H0: no hidden confounding",0,"none",0,0.495575673278839,3.366126305544
0,3.94589794144128,"Male",57,57132,0,"White","HS","Ever",7,"South",-0.227586049128526,3.94589794144128,4.84589794144128,0.9,"hidden_h0_none","H0: no hidden confounding",0,"none",0,0.342268807059307,1.78293427325353
1,6.4334021991336,"Female",58,49543,0,"Black","Some college","Ever",10,"Coastal",0.348268401941029,5.5334021991336,6.4334021991336,0.9,"hidden_h0_none","H0: no hidden confounding",0,"none",0,0.270042551398106,1
1,4.2347732953702,"Male",46,80928,0,"White","<HS","Never",0,"South",0.166118240015182,3.3347732953702,4.2347732953702,0.9,"hidden_h0_none","H0: no hidden confounding",0,"none",0,0.233523876637891,1
0,3.00166003200533,"Female",23,54305,1,"Mexican American","HS","Ever",5,"South",1.32088496698244,3.00166003200533,3.90166003200533,0.9,"hidden_h0_none","H0: no hidden confounding",0,"none",0,0.194210949646869,0.825788444510877
1,2.70497793916906,"Male",53,38591,0,"Mexican American","College+","Ever",6,"South",-0.148379910514048,1.80497793916906,2.70497793916906,0.9,"hidden_h0_none","H0: no hidden confounding",0,"none",0,0.40117656123902,1
0,2.54540465472533,"Male",43,29519,0,"Black","College+","Never",0,"Coastal",1.32915785137165,2.54540465472533,3.44540465472533,0.9,"hidden_h0_none","H0: no hidden confounding",0,"none",0,0.212831810596327,0.926372075960654
0,3.14395453618374,"Male",24,39040,0,"White","College+","Never",0,"Coastal",0.414076468266785,3.14395453618374,4.04395453618374,0.9,"hidden_h0_none","H0: no hidden confounding",0,"none",0,0.123123960991479,0.481083904165121
1,1.15124123849316,"Male",44,49467,0,"White","College+","Never",0,"Coastal",-1.97409367717452,0.251241238493158,1.15124123849316,0.9,"hidden_h0_none","H0: no hidden confounding",0,"none",0,0.198201224188113,1
0,1.61365559925722,"Female",31,29954,0,"White","College+","Never",0,"South",0.443232702659899,1.61365559925722,2.51365559925722,0.9,"hidden_h0_none","H0: no hidden confounding",0,"none",0,0.111902501351589,0.431713469247846
0,3.07269108563877,"Female",64,57275,0,"Black","College+","Never",0,"Coastal",-0.456957623346414,3.07269108563877,3.97269108563877,0.9,"hidden_h0_none","H0: no hidden confounding",0,"none",0,0.297309674135598,1.44964451779333
0,4.02109162938584,"Female",55,84965,0,"White","<HS","Never",0,"North",0.133083569301008,4.02109162938584,4.92109162938584,0.9,"hidden_h0_none","H0: no hidden confounding",0,"none",0,0.235997536230646,1.05834962691857
0,2.76104866061043,"Male",60,54305,1,"White","<HS","Never",0,"Coastal",1.07930111878752,2.76104866061043,3.66104866061043,0.9,"hidden_h0_none","H0: no hidden confounding",0,"none",0,0.216076244121195,0.944386234090362
0,3.47348784994832,"Female",57,69624,0,"White","Some college","Never",0,"South",0.102024353804429,3.47348784994832,4.37348784994832,0.9,"hidden_h0_none","H0: no hidden confounding",0,"none",0,0.209447638799568,0.907739595372948
0,3.5540448554151,"Female",80,80005,0,"Black","HS","Ever",4,"Coastal",-0.546215561416308,3.5540448554151,4.4540448554151,0.9,"hidden_h0_none","H0: no hidden confounding",0,"none",0,0.500216923673605,3.41116051761558
0,3.66231094944091,"Male",63,57502,0,"White","College+","Never",0,"North",-0.531719672252238,3.66231094944091,4.56231094944091,0.9,"hidden_h0_none","H0: no hidden confounding",0,"none",0,0.295171737719579,1.43485466160005
0,3.01977504068953,"Female",35,59632,0,"White","Some college","Ever",4,"North",0.416401037311024,3.01977504068953,3.91977504068953,0.9,"hidden_h0_none","H0: no hidden confounding",0,"none",0,0.138099171999554,0.548972042711811
0,1.7444922315824,"Female",28,20295,0,"White","HS","Ever",6,"North",-0.434826011234827,1.7444922315824,2.6444922315824,0.9,"hidden_h0_none","H0: no hidden confounding",0,"none",0,0.136808838476204,0.543029748522705
0,3.31305383921377,"Female",35,55540,0,"White","Some college","Never",0,"Coastal",0.779630417849271,3.31305383921377,4.21305383921377,0.9,"hidden_h0_none","H0: no hidden confounding",0,"none",0,0.12297119782524,0.48040331811495
0,3.66739943236642,"Male",42,65228,0,"White","Some college","Ever",5,"Coastal",-0.070011313534392,3.66739943236642,4.56739943236642,0.9,"hidden_h0_none","H0: no hidden confounding",0,"none",0,0.202351956752128,0.869185665450244
0,4.05262795139752,"Male",53,64766,0,"White","Some college","Never",0,"South",-0.584470211422133,4.05262795139752,4.95262795139752,0.9,"hidden_h0_none","H0: no hidden confounding",0,"none",0,0.228075453018432,1.01232542776716
0,1.73586110420904,"Male",46,83951,0,"Black","HS","Never",0,"North",-0.953188706083444,1.73586110420904,2.63586110420904,0.9,"hidden_h0_none","H0: no hidden confounding",0,"none",0,0.328009045245178,1.67239493600699
1,4.85084107475936,"Male",36,38910,0,"White","HS","Ever",5,"Inland",1.05060841669092,3.95084107475936,4.85084107475936,0.9,"hidden_h0_none","H0: no hidden confounding",0,"none",0,0.211800258260601,1
0,3.86868810533993,"Male",50,56151,0,"Mexican American","College+","Ever",4,"South",-0.324188243547587,3.86868810533993,4.76868810533993,0.9,"hidden_h0_none","H0: no hidden confounding",0,"none",0,0.399073321927479,2.27534712871743
0,1.67631118903673,"Male",53,54305,1,"White","<HS","Never",0,"South",0.0141667392788002,1.67631118903673,2.57631118903673,0.9,"hidden_h0_none","H0: no hidden confounding",0,"none",0,0.187420977134132,0.790258257033576
0,3.79649589934614,"Male",44,19698,0,"Mexican American","Some college","Ever",7,"Inland",-1.77540840423857,3.79649589934614,4.69649589934614,0.9,"hidden_h0_none","H0: no hidden confounding",0,"none",0,0.299028641826218,1.46160145414526
1,3.80606015816198,"Male",36,45502,0,"White","Some college","Ever",6,"Inland",1.14877233627755,2.90606015816198,3.80606015816198,0.9,"hidden_h0_none","H0: no hidden confounding",0,"none",0,0.165547192688048,1
0,2.97501006098788,"Male",46,83621,0,"White","HS","Never",0,"North",-1.00899000145789,2.97501006098788,3.87501006098788,0.9,"hidden_h0_none","H0: no hidden confounding",0,"none",0,0.280451565635538,1.33540896471987
0,3.92777958310709,"Female",61,49820,0,"White","College+","Ever",7,"North",-0.271404576097452,3.92777958310709,4.82777958310709,0.9,"hidden_h0_none","H0: no hidden confounding",0,"none",0,0.259702817481155,1.2019516994354
0,2.829530587089,"Female",35,48884,0,"Mexican American","HS","Never",0,"North",-0.294996864439116,2.829530587089,3.729530587089,0.9,"hidden_h0_none","H0: no hidden confounding",0,"none",0,0.276943503651593,1.31230686551671
1,3.81009006081622,"Female",54,26572,0,"White","Some college","Ever",4,"North",-1.60950212010464,2.91009006081622,3.81009006081622,0.9,"hidden_h0_none","H0: no hidden confounding",0,"none",0,0.178466367554667,1
1,5.13072264619367,"Female",59,69106,0,"White","HS","Ever",9,"North",-0.358935002420016,4.23072264619367,5.13072264619367,0.9,"hidden_h0_none","H0: no hidden confounding",0,"none",0,0.321479541135471,1
0,3.24621907842665,"Male",51,47508,0,"White","College+","Never",1,"Coastal",0.634666667877401,3.24621907842665,4.14621907842665,0.9,"hidden_h0_none","H0: no hidden confounding",0,"none",0,0.22860219351031,1.0153562460953
1,3.42904226721902,"Male",57,39463,0,"Other","HS","Ever",9,"Coastal",-0.164450430739697,2.52904226721902,3.42904226721902,0.9,"hidden_h0_none","H0: no hidden confounding",0,"none",0,0.324998423439913,1
0,4.36422940978022,"Female",36,85914,0,"Black","Some college","Ever",7,"Inland",1.01655670722137,4.36422940978022,5.26422940978022,0.9,"hidden_h0_none","H0: no hidden confounding",0,"none",0,0.198036854386916,0.846073436070673
0,3.32753562588865,"Female",60,57288,0,"White","College+","Never",0,"Inland",1.26978546470313,3.32753562588865,4.22753562588865,0.9,"hidden_h0_none","H0: no hidden confounding",0,"none",0,0.234133536914252,1.04743486194963
1,3.91594787126385,"Female",46,57539,0,"White","Some college","Ever",9,"Coastal",2.1693189357503,3.01594787126385,3.91594787126385,0.9,"hidden_h0_none","H0: no hidden confounding",0,"none",0,0.183392266646631,1
0,1.98272751807879,"Female",60,73702,0,"Black","College+","Never",0,"North",-0.189470856394647,1.98272751807879,2.88272751807879,0.9,"hidden_h0_none","H0: no hidden confounding",0,"none",0,0.294650577990518,1.43126296473347
1,3.75165898246368,"Female",18,79375,0,"White","HS","Never",0,"Coastal",0.304560799505822,2.85165898246368,3.75165898246368,0.9,"hidden_h0_none","H0: no hidden confounding",0,"none",0,0.128404375211515,1
0,1.78668952828673,"Male",54,33764,0,"White","Some college","Never",0,"Coastal",-1.98112714037903,1.78668952828673,2.68668952828673,0.9,"hidden_h0_none","H0: no hidden confounding",0,"none",0,0.203944095687755,0.877776642171353
1,3.08784759106089,"Female",78,46305,0,"White","College+","Never",0,"Coastal",-0.598039204347738,2.18784759106089,3.08784759106089,0.9,"hidden_h0_none","H0: no hidden confounding",0,"none",0,0.312922524944986,1
0,3.22358342734029,"Female",34,67456,0,"White","Some college","Ever",6,"Coastal",-0.365442123689458,3.22358342734029,4.12358342734029,0.9,"hidden_h0_none","H0: no hidden confounding",0,"none",0,0.143488932786451,0.57398676378109
1,3.93301175637722,"Female",49,51835,0,"Other","College+","Never",0,"Inland",-1.18319248387901,3.03301175637722,3.93301175637722,0.9,"hidden_h0_none","H0: no hidden confounding",0,"none",0,0.181803911070612,1
0,3.96300233021511,"Male",65,32965,0,"White","Some college","Never",0,"South",-1.43913567728164,3.96300233021511,4.86300233021511,0.9,"hidden_h0_none","H0: no hidden confounding",0,"none",0,0.252341112680219,1.15638104630243
0,1.4826648279571,"Male",41,61073,0,"Black","College+","Never",0,"South",0.568398104148594,1.4826648279571,2.3826648279571,0.9,"hidden_h0_none","H0: no hidden confounding",0,"none",0,0.233654845370924,1.04464042227876
0,4.41298230054691,"Male",69,54305,1,"White","College+","Ever",3,"Coastal",2.27181988015713,4.41298230054691,5.31298230054691,0.9,"hidden_h0_none","H0: no hidden confounding",0,"none",0,0.27893479930684,1.32539282068988
0,2.33966238911196,"Male",25,60365,0,"White","College+","Ever",8,"Coastal",0.435980985420105,2.33966238911196,3.23966238911196,0.9,"hidden_h0_none","H0: no hidden confounding",0,"none",0,0.160342572852892,0.654279277199213
0,3.56469675194732,"Male",33,26235,0,"Mexican American","Some college","Ever",4,"Coastal",0.0965626734477324,3.56469675194732,4.46469675194732,0.9,"hidden_h0_none","H0: no hidden confounding",0,"none",0,0.242710647790795,1.09810388986512
0,3.41874616518716,"Female",57,54305,1,"White","HS","Never",0,"North",0.633015201823798,3.41874616518716,4.31874616518716,0.9,"hidden_h0_none","H0: no hidden confounding",0,"none",0,0.202532218905005,0.870156614753849
0,2.7054336748448,"Female",49,50528,0,"White","<HS","Ever",5,"Inland",1.45527895843216,2.7054336748448,3.6054336748448,0.9,"hidden_h0_none","H0: no hidden confounding",0,"none",0,0.199547771090357,0.854137744779572
0,3.01961705199981,"Male",26,54305,1,"Black","<HS","Ever",8,"Coastal",0.686675640817204,3.01961705199981,3.91961705199981,0.9,"hidden_h0_none","H0: no hidden confounding",0,"none",0,0.146234993020621,0.5868531084342
0,3.33380272909194,"Female",49,39643,0,"White","<HS","Never",0,"Coastal",-1.72847683180722,3.33380272909194,4.23380272909194,0.9,"hidden_h0_none","H0: no hidden confounding",0,"none",0,0.171765051840251,0.710555006643476
0,2.82245165265467,"Female",33,74725,0,"Black","HS","Never",0,"South",0.82966396593671,2.82245165265467,3.72245165265467,0.9,"hidden_h0_none","H0: no hidden confounding",0,"none",0,0.208281577115443,0.901356422813389
1,4.48801502912159,"Male",47,51214,0,"Mexican American","Some college","Ever",7,"South",-0.113108059822624,3.58801502912159,4.48801502912159,0.9,"hidden_h0_none","H0: no hidden confounding",0,"none",0,0.353266070362512,1
0,2.97947779993389,"Female",19,71469,0,"Other","HS","Ever",4,"Coastal",0.232471578769641,2.97947779993389,3.87947779993389,0.9,"hidden_h0_none","H0: no hidden confounding",0,"none",0,0.138141255651728,0.549166147604856
1,3.69660082651911,"Male",43,32877,0,"White","HS","Never",0,"Inland",-2.37268577855367,2.79660082651911,3.69660082651911,0.9,"hidden_h0_none","H0: no hidden confounding",0,"none",0,0.215231412852951,1
0,4.55530323467659,"Male",51,67134,0,"White","Some college","Never",0,"Inland",-0.326088031188741,4.55530323467659,5.45530323467659,0.9,"hidden_h0_none","H0: no hidden confounding",0,"none",0,0.221442436292611,0.974510614192516
0,3.37371955717059,"Female",25,48106,0,"Black","Some college","Never",0,"Inland",-0.784848552903834,3.37371955717059,4.27371955717059,0.9,"hidden_h0_none","H0: no hidden confounding",0,"none",0,0.115454567110324,0.447205796311886
0,3.7875294581045,"Female",55,44743,0,"Black","HS","Ever",4,"Inland",0.923355380671866,3.7875294581045,4.6875294581045,0.9,"hidden_h0_none","H0: no hidden confounding",0,"none",0,0.304357241715124,1.49904207321696
0,0.912522640565539,"Male",36,46416,0,"Other","HS","Ever",6,"Coastal",-1.57053837981831,0.912522640565539,1.81252264056554,0.9,"hidden_h0_none","H0: no hidden confounding",0,"none",0,0.219407316892413,0.963037240444446
0,2.54424423242403,"Female",80,55509,0,"Mexican American","HS","Ever",8,"Coastal",2.25979707856777,2.54424423242403,3.44424423242403,0.9,"hidden_h0_none","H0: no hidden confounding",0,"none",0,0.595822228411927,3.41116051761558
1,3.46137401172388,"Female",58,84352,0,"White","HS","Ever",5,"Coastal",0.285893185733373,2.56137401172388,3.46137401172388,0.9,"hidden_h0_none","H0: no hidden confounding",0,"none",0,0.321916570729508,1
0,2.91863434712462,"Female",49,72701,0,"White","College+","Never",1,"Coastal",-0.42386442051338,2.91863434712462,3.81863434712462,0.9,"hidden_h0_none","H0: no hidden confounding",0,"none",0,0.202983422975419,0.872588868941062
0,3.2719001097605,"Female",39,54288,0,"White","Some college","Never",0,"South",1.02575770512682,3.2719001097605,4.1719001097605,0.9,"hidden_h0_none","H0: no hidden confounding",0,"none",0,0.133592360886926,0.528294151941005
0,4.00015491346943,"Female",48,54305,1,"Mexican American","Some college","Never",0,"Inland",1.27651361907845,4.00015491346943,4.90015491346943,0.9,"hidden_h0_none","H0: no hidden confounding",0,"none",0,0.220196791472122,0.967480944296544
0,3.25354858873246,"Male",24,53357,0,"White","Some college","Ever",7,"Inland",0.526363567786372,3.25354858873246,4.15354858873246,0.9,"hidden_h0_none","H0: no hidden confounding",0,"none",0,0.133937754272438,0.529871251418328
0,3.88720214242782,"Male",43,68564,0,"White","Some college","Never",0,"North",-1.33855782960594,3.88720214242782,4.78720214242782,0.9,"hidden_h0_none","H0: no hidden confounding",0,"none",0,0.189516167246389,0.801158343028071
0,2.61017546268195,"Female",28,49446,0,"White","HS","Never",0,"Coastal",0.389653936753473,2.61017546268195,3.51017546268195,0.9,"hidden_h0_none","H0: no hidden confounding",0,"none",0,0.139091681990946,0.553554908476424
1,4.12381492476344,"Female",30,85811,0,"Black","Some college","Ever",6,"Inland",0.16021517419965,3.22381492476344,4.12381492476344,0.9,"hidden_h0_none","H0: no hidden confounding",0,"none",0,0.172831923674628,1
0,3.06632111664072,"Male",46,51066,0,"White","Some college","Never",0,"North",-0.250757357446733,3.06632111664072,3.96632111664072,0.9,"hidden_h0_none","H0: no hidden confounding",0,"none",0,0.18669109616956,0.786474289905344
0,2.05949664677816,"Female",42,58112,0,"White","College+","Never",0,"South",0.852704192634105,2.05949664677816,2.95949664677816,0.9,"hidden_h0_none","H0: no hidden confounding",0,"none",0,0.162626431016491,0.665408483620762
0,4.08202690720953,"Male",21,63948,0,"White","College+","Never",0,"Coastal",1.55258266754807,4.08202690720953,4.98202690720954,0.9,"hidden_h0_none","H0: no hidden confounding",0,"none",0,0.129599491992617,0.510153199162247
0,3.68509574662416,"Female",25,30408,0,"White","<HS","Ever",6,"Coastal",0.0595873871760948,3.68509574662416,4.58509574662416,0.9,"hidden_h0_none","H0: no hidden confounding",0,"none",0,0.109555891615115,0.421546535165868
0,3.68273890410237,"Female",32,54305,1,"Black","<HS","Never",0,"South",0.0200653174036951,3.68273890410237,4.58273890410237,0.9,"hidden_h0_none","H0: no hidden confounding",0,"none",0,0.117600628043392,0.456626279199744
0,2.63913246611939,"Female",23,39135,0,"White","College+","Ever",5,"South",-1.22449114677683,2.63913246611939,3.53913246611939,0.9,"hidden_h0_none","H0: no hidden confounding",0,"none",0,0.109070175786445,0.419448810206344
0,2.57566059647876,"Male",45,65519,0,"Black","<HS","Never",1,"Inland",0.244701092674473,2.57566059647876,3.47566059647876,0.9,"hidden_h0_none","H0: no hidden confounding",0,"none",0,0.257217974845969,1.18646895806762
1,2.60948871326081,"Female",23,43731,0,"Mexican American","Some college","Never",0,"North",-0.800612033120994,1.70948871326081,2.60948871326081,0.9,"hidden_h0_none","H0: no hidden confounding",0,"none",0,0.161650347662632,1
0,2.89877045803617,"Female",42,74973,0,"White","College+","Ever",5,"South",-0.602017777675237,2.89877045803617,3.79877045803617,0.9,"hidden_h0_none","H0: no hidden confounding",0,"none",0,0.194290063029459,0.82620595397382
1,3.94149534048191,"Male",72,104394,0,"White","HS","Never",0,"South",1.07794962657414,3.04149534048191,3.94149534048191,0.9,"hidden_h0_none","H0: no hidden confounding",0,"none",0,0.458144537151881,1
0,3.76501598702879,"Male",32,67563,0,"Black","Some college","Ever",9,"South",0.634210152450504,3.76501598702879,4.66501598702879,0.9,"hidden_h0_none","H0: no hidden confounding",0,"none",0,0.208315017246331,0.901539216529469
0,3.32419660927856,"Female",56,81632,0,"Other","HS","Never",0,"Inland",0.297738598328602,3.32419660927856,4.22419660927856,0.9,"hidden_h0_none","H0: no hidden confounding",0,"none",0,0.279856587286786,1.33147492637979
0,5.106243639601,"Male",18,66935,0,"Mexican American","College+","Ever",8,"North",0.880484551293303,5.106243639601,6.006243639601,0.9,"hidden_h0_none","H0: no hidden confounding",0,"none",0,0.247835909961283,1.12893279424763
0,3.18794654904316,"Female",25,40997,0,"White","<HS","Never",0,"Coastal",-2.0526607356668,3.18794654904316,4.08794654904316,0.9,"hidden_h0_none","H0: no hidden confounding",0,"none",0,0.10186095150243,0.388580140630156
0,2.14852534049808,"Male",19,58216,0,"White","<HS","Never",0,"South",-0.790132122086948,2.14852534049808,3.04852534049808,0.9,"hidden_h0_none","H0: no hidden confounding",0,"none",0,0.119319229201631,0.464203463435806
0,1.5481892902701,"Female",41,48599,0,"White","Some college","Never",0,"Inland",0.72279082827437,1.5481892902701,2.4481892902701,0.9,"hidden_h0_none","H0: no hidden confounding",0,"none",0,0.135932065440529,0.53900212598436
0,4.78731894902245,"Female",19,81343,0,"White","HS","Ever",3,"Coastal",-0.0382309352528344,4.78731894902245,5.68731894902245,0.9,"hidden_h0_none","H0: no hidden confounding",0,"none",0,0.144108249739756,0.576881290750617
0,2.88890521451144,"Male",51,91488,0,"Mexican American","Some college","Never",0,"North",-1.16588227684377,2.88890521451144,3.78890521451144,0.9,"hidden_h0_none","H0: no hidden confounding",0,"none",0,0.392408079870321,2.21280122062774
0,4.11938976946355,"Female",58,31764,0,"Other","Some college","Never",0,"South",-0.455962364389796,4.11938976946355,5.01938976946355,0.9,"hidden_h0_none","H0: no hidden confounding",0,"none",0,0.179821807983924,0.75119137612931
0,2.52435889873584,"Male",58,77454,0,"Other","Some college","Ever",8,"Inland",-0.228850652413664,2.52435889873584,3.42435889873584,0.9,"hidden_h0_none","H0: no hidden confounding",0,"none",0,0.296039091145537,1.44084402543476
0,4.35040582350361,"Female",61,72076,0,"White","HS","Never",0,"Coastal",1.7151259541201,4.35040582350361,5.25040582350361,0.9,"hidden_h0_none","H0: no hidden confounding",0,"none",0,0.297296733379389,1.44955472527339
0,2.55959911951708,"Female",57,52179,0,"White","College+","Ever",3,"Coastal",1.7962477977244,2.55959911951708,3.45959911951708,0.9,"hidden_h0_none","H0: no hidden confounding",0,"none",0,0.232948896234542,1.04052569413249
0,2.51826562733035,"Male",62,54305,1,"White","Some college","Ever",12,"North",-0.659354723655631,2.51826562733035,3.41826562733035,0.9,"hidden_h0_none","H0: no hidden confounding",0,"none",0,0.242798854486579,1.09863093146038
1,2.84660682126189,"Male",65,52284,0,"Black","Some college","Never",0,"Coastal",-0.920491816911355,1.94660682126189,2.84660682126189,0.9,"hidden_h0_none","H0: no hidden confounding",0,"none",0,0.319036429692752,1
0,2.60070723672393,"Female",39,61715,0,"Black","HS","Ever",9,"South",-2.08035092060041,2.60070723672393,3.50070723672393,0.9,"hidden_h0_none","H0: no hidden confounding",0,"none",0,0.254853673909818,1.17183316517686
1,3.4196636918247,"Female",76,54248,0,"Black","<HS","Never",0,"South",2.28232487778649,2.51966369182471,3.4196636918247,0.9,"hidden_h0_none","H0: no hidden confounding",0,"none",0,0.35812418487725,1
0,3.97588250246555,"Female",26,62474,0,"Black","HS","Ever",6,"South",-1.14212074280152,3.97588250246555,4.87588250246555,0.9,"hidden_h0_none","H0: no hidden confounding",0,"none",0,0.191379776351493,0.810901110102091
0,1.84118946814216,"Male",46,54305,1,"Mexican American","HS","Ever",6,"Coastal",2.38434399477368,1.84118946814216,2.74118946814216,0.9,"hidden_h0_none","H0: no hidden confounding",0,"none",0,0.357450607097459,1.90601350073317
0,3.92541694379318,"Male",76,79644,0,"Black","Some college","Ever",3,"Inland",-1.41575248043194,3.92541694379318,4.82541694379318,0.9,"hidden_h0_none","H0: no hidden confounding",0,"none",0,0.442147486935929,2.7155901089235
1,3.63356582125053,"Female",36,54305,1,"Mexican American","Some college","Never",0,"North",0.525986650167978,2.73356582125053,3.63356582125053,0.9,"hidden_h0_none","H0: no hidden confounding",0,"none",0,0.172221590800182,1
0,3.92266577795242,"Female",33,27777,0,"Mexican American","<HS","Never",0,"Coastal",-1.93051095626767,3.92266577795242,4.82266577795242,0.9,"hidden_h0_none","H0: no hidden confounding",0,"none",0,0.204776710369377,0.882283022652555
0,2.53899986042756,"Male",36,58008,0,"Black","College+","Ever",2,"Inland",-0.511117614506362,2.53899986042756,3.43899986042756,0.9,"hidden_h0_none","H0: no hidden confounding",0,"none",0,0.223041196264451,0.983566084212699
0,3.66395375852981,"Male",42,59234,0,"White","Some college","Ever",7,"Coastal",0.177109058750698,3.66395375852981,4.56395375852981,0.9,"hidden_h0_none","H0: no hidden confounding",0,"none",0,0.201562681265774,0.864939538896881
0,3.07882010623822,"Female",53,64619,0,"White","College+","Ever",5,"Inland",1.03443760137695,3.07882010623822,3.97882010623822,0.9,"hidden_h0_none","H0: no hidden confounding",0,"none",0,0.231739971131297,1.03349685976491
0,3.73087802473256,"Male",56,54305,1,"White","HS","Ever",5,"North",0.0932227710876162,3.73087802473256,4.63087802473256,0.9,"hidden_h0_none","H0: no hidden confounding",0,"none",0,0.26235561277041,1.21859605750004
0,2.5325498956054,"Female",28,8000,0,"Other","Some college","Ever",5,"Coastal",1.03447768936616,2.5325498956054,3.4325498956054,0.9,"hidden_h0_none","H0: no hidden confounding",0,"none",0,0.0923765948010997,0.348716673855386
0,2.22864369035806,"Female",42,33775,0,"Other","<HS","Never",0,"North",-0.241888624321299,2.22864369035806,3.12864369035806,0.9,"hidden_h0_none","H0: no hidden confounding",0,"none",0,0.142746703276805,0.570523285048053
0,3.55476955578363,"Male",47,70789,0,"White","Some college","Never",0,"Coastal",0.0834718231417947,3.55476955578363,4.45476955578363,0.9,"hidden_h0_none","H0: no hidden confounding",0,"none",0,0.207628414267522,0.897789133927446
0,3.3193235758996,"Male",40,50636,0,"Black","HS","Never",0,"North",-1.12664166080339,3.3193235758996,4.2193235758996,0.9,"hidden_h0_none","H0: no hidden confounding",0,"none",0,0.259123057169129,1.19832999706361
1,4.9970068701044,"Female",67,75706,0,"Mexican American","Some college","Ever",5,"North",1.71884729280485,4.0970068701044,4.9970068701044,0.9,"hidden_h0_none","H0: no hidden confounding",0,"none",0,0.443329215526504,1
0,2.4138902904036,"Female",42,64942,0,"White","Some college","Never",0,"Coastal",0.390571237550638,2.4138902904036,3.3138902904036,0.9,"hidden_h0_none","H0: no hidden confounding",0,"none",0,0.149892494456082,0.604118989908283
1,4.56952144120614,"Male",42,62383,0,"Black","College+","Never",0,"Coastal",1.08636936519229,3.66952144120614,4.56952144120614,0.9,"hidden_h0_none","H0: no hidden confounding",0,"none",0,0.239534679916007,1
0,3.93751165130346,"Male",37,64172,0,"White","Some college","Ever",5,"North",-0.0568213985013021,3.93751165130346,4.83751165130346,0.9,"hidden_h0_none","H0: no hidden confounding",0,"none",0,0.181732746077366,0.760947104055522
1,4.21331378900462,"Female",54,76711,0,"White","HS","Ever",7,"South",0.507128736332507,3.31331378900462,4.21331378900462,0.9,"hidden_h0_none","H0: no hidden confounding",0,"none",0,0.297210191723504,1
0,3.71684314685926,"Female",42,67271,0,"White","College+","Never",0,"North",0.0602529344041686,3.71684314685926,4.61684314685926,0.9,"hidden_h0_none","H0: no hidden confounding",0,"none",0,0.169501810581675,0.699281602906876
0,4.15668697031189,"Female",75,47287,0,"White","Some college","Ever",7,"South",1.55598082473125,4.15668697031189,5.05668697031189,0.9,"hidden_h0_none","H0: no hidden confounding",0,"none",0,0.30184001848609,1.48128395421513
1,4.38558267726313,"Female",41,54421,0,"Black","HS","Ever",5,"Coastal",1.65352050976047,3.48558267726313,4.38558267726313,0.9,"hidden_h0_none","H0: no hidden confounding",0,"none",0,0.246620137323031,1
0,2.15439514970544,"Female",18,54305,1,"White","HS","Never",0,"Coastal",0.436058603402599,2.15439514970544,3.05439514970544,0.9,"hidden_h0_none","H0: no hidden confounding",0,"none",0,0.0860195857792316,0.322460786351679
0,5.17149168746706,"Male",48,31461,0,"Black","Some college","Never",0,"South",-0.477218214838329,5.17149168746706,6.07149168746706,0.9,"hidden_h0_none","H0: no hidden confounding",0,"none",0,0.213526160103408,0.930214831575866
0,0.803920398521603,"Female",52,20273,0,"Black","<HS","Never",0,"Coastal",1.50874065366981,0.803920398521603,1.7039203985216,0.9,"hidden_h0_none","H0: no hidden confounding",0,"none",0,0.201236163257045,0.863185398426418
0,2.27061263597888,"Female",61,34109,0,"Other","<HS","Never",0,"South",-0.287373693837617,2.27061263597888,3.17061263597888,0.9,"hidden_h0_none","H0: no hidden confounding",0,"none",0,0.212950400372567,0.927027910164968
0,2.64961789780412,"Male",46,48748,0,"Black","HS","Never",0,"Inland",-0.792605612170459,2.64961789780412,3.54961789780412,0.9,"hidden_h0_none","H0: no hidden confounding",0,"none",0,0.287400093098649,1.38183947274833
0,1.49763349497616,"Female",18,22216,0,"White","College+","Never",0,"Inland",-1.47133172733022,1.49763349497616,2.39763349497616,0.9,"hidden_h0_none","H0: no hidden confounding",0,"none",0,0.0798563992543055,0.297351795221644
0,4.37645091304855,"Male",54,18261,0,"White","Some college","Ever",7,"Inland",-0.267720897476933,4.37645091304855,5.27645091304855,0.9,"hidden_h0_none","H0: no hidden confounding",0,"none",0,0.215305977277479,0.940095975345652
1,5.16685845618699,"Female",61,54305,1,"White","Some college","Ever",4,"North",-0.178177985799128,4.26685845618699,5.16685845618699,0.9,"hidden_h0_none","H0: no hidden confounding",0,"none",0,0.180874078580076,1
0,3.06369220287118,"Male",52,54305,1,"White","Some college","Never",0,"South",2.49551528761528,3.06369220287118,3.96369220287118,0.9,"hidden_h0_none","H0: no hidden confounding",0,"none",0,0.166095051046348,0.682427614531482
0,2.60319581952758,"Male",27,42729,0,"White","<HS","Ever",8,"North",1.30759773505439,2.60319581952758,3.50319581952758,0.9,"hidden_h0_none","H0: no hidden confounding",0,"none",0,0.15280238904393,0.617962146605269
0,2.79461223771017,"Female",42,51796,0,"Mexican American","HS","Never",0,"North",-1.99134493073638,2.79461223771017,3.69461223771017,0.9,"hidden_h0_none","H0: no hidden confounding",0,"none",0,0.317407419470304,1.59320610526679
1,5.23031807714352,"Female",57,57741,0,"Other","HS","Never",0,"Coastal",0.994751747427594,4.33031807714351,5.23031807714352,0.9,"hidden_h0_none","H0: no hidden confounding",0,"none",0,0.259371756698338,1
1,5.38512629198879,"Male",64,68902,0,"Mexican American","HS","Ever",3,"North",-0.233859259753535,4.48512629198879,5.38512629198879,0.9,"hidden_h0_none","H0: no hidden confounding",0,"none",0,0.555184314281886,1
0,2.99998508002418,"Female",18,65981,0,"White","College+","Ever",4,"South",0.161279975699483,2.99998508002418,3.89998508002418,0.9,"hidden_h0_none","H0: no hidden confounding",0,"none",0,0.109505271339556,0.421327807892886
0,2.26073534685975,"Female",25,25661,0,"Black","<HS","Ever",6,"North",-0.666182897170303,2.26073534685975,3.16073534685975,0.9,"hidden_h0_none","H0: no hidden confounding",0,"none",0,0.130358850463581,0.513590393406538
0,2.5925731354997,"Male",36,54137,0,"Black","<HS","Never",0,"South",-0.747334361361438,2.5925731354997,3.4925731354997,0.9,"hidden_h0_none","H0: no hidden confounding",0,"none",0,0.203418543135026,0.874937031231639
0,1.161560034296,"Female",19,21352,0,"White","College+","Ever",8,"North",-1.44445544331068,1.161560034296,2.061560034296,0.9,"hidden_h0_none","H0: no hidden confounding",0,"none",0,0.0947390241409661,0.35856802485219
0,3.42105383185376,"Female",50,81231,0,"Mexican American","College+","Never",0,"South",0.0851070787555484,3.42105383185376,4.32105383185376,0.9,"hidden_h0_none","H0: no hidden confounding",0,"none",0,0.349371833901525,1.83980366823688
1,4.35143879461724,"Male",60,43427,0,"White","Some college","Never",0,"North",0.518942520687797,3.45143879461724,4.35143879461724,0.9,"hidden_h0_none","H0: no hidden confounding",0,"none",0,0.239264330602355,1
0,2.80895514560325,"Female",46,23959,0,"White","HS","Never",0,"Coastal",-0.0118921275068324,2.80895514560325,3.70895514560325,0.9,"hidden_h0_none","H0: no hidden confounding",0,"none",0,0.181999581906063,0.762312982014159
0,2.52387519484883,"Female",37,46422,0,"White","Some college","Ever",2,"South",0.359984210129976,2.52387519484883,3.42387519484883,0.9,"hidden_h0_none","H0: no hidden confounding",0,"none",0,0.132449565678828,0.523084990017585
0,3.41918572365418,"Male",55,29423,0,"White","Some college","Never",0,"North",0.00217712105465287,3.41918572365418,4.31918572365418,0.9,"hidden_h0_none","H0: no hidden confounding",0,"none",0,0.204256047227592,0.879463920273053
0,3.46115092326304,"Male",38,44037,0,"White","Some college","Ever",7,"South",-0.194010195260139,3.46115092326304,4.36115092326304,0.9,"hidden_h0_none","H0: no hidden confounding",0,"none",0,0.173538196477634,0.71943033185177
0,3.16529367961521,"Male",34,54305,1,"White","HS","Never",0,"North",1.1180687218489,3.16529367961521,4.06529367961521,0.9,"hidden_h0_none","H0: no hidden confounding",0,"none",0,0.152028676123133,0.614272112226282
1,3.75572233987586,"Female",45,66425,0,"Mexican American","HS","Never",0,"Coastal",1.73040198756191,2.85572233987586,3.75572233987586,0.9,"hidden_h0_none","H0: no hidden confounding",0,"none",0,0.352048950815142,1
0,3.63826719707958,"Female",26,63508,0,"Black","HS","Never",0,"Coastal",0.879698515503347,3.63826719707958,4.53826719707958,0.9,"hidden_h0_none","H0: no hidden confounding",0,"none",0,0.171604328501583,0.70975239764701
0,1.61090846729871,"Female",46,54305,1,"Other","<HS","Never",0,"Coastal",0.945507677352107,1.61090846729871,2.51090846729871,0.9,"hidden_h0_none","H0: no hidden confounding",0,"none",0,0.13104674678495,0.516709304127159
0,3.60484653649381,"Female",53,30769,0,"White","Some college","Never",0,"North",1.32783195724082,3.60484653649381,4.50484653649381,0.9,"hidden_h0_none","H0: no hidden confounding",0,"none",0,0.162368223083702,0.664147197436659
0,3.31258880116994,"Male",59,54305,1,"Other","Some college","Never",0,"South",-0.740484819911141,3.31258880116994,4.21258880116994,0.9,"hidden_h0_none","H0: no hidden confounding",0,"none",0,0.19078934568705,0.807809539529013
0,1.88408927779593,"Female",67,67421,0,"White","College+","Ever",6,"Coastal",0.733148116805323,1.88408927779593,2.78408927779593,0.9,"hidden_h0_none","H0: no hidden confounding",0,"none",0,0.307214818535828,1.51935766639545
0,3.12953837885864,"Female",80,48267,0,"White","College+","Never",0,"South",0.140096016135592,3.12953837885864,4.02953837885864,0.9,"hidden_h0_none","H0: no hidden confounding",0,"none",0,0.326304366802559,1.65949368691354
0,5.78493534459537,"Female",67,54305,1,"Mexican American","<HS","Ever",9,"South",1.12332590311101,5.78493534459537,6.68493534459537,0.9,"hidden_h0_none","H0: no hidden confounding",0,"none",0,0.382389126403631,2.12132422615654
0,3.6072716357978,"Male",43,56174,0,"Mexican American","Some college","Never",0,"Coastal",0.405954168418381,3.6072716357978,4.5072716357978,0.9,"hidden_h0_none","H0: no hidden confounding",0,"none",0,0.303164650914215,1.49061277411828
0,3.0536289011604,"Female",50,67352,0,"White","College+","Never",0,"Coastal",0.597162198024758,3.0536289011604,3.9536289011604,0.9,"hidden_h0_none","H0: no hidden confounding",0,"none",0,0.200192132636088,0.85758620305558
0,3.87682533161384,"Female",41,63436,0,"Mexican American","College+","Ever",11,"Inland",-1.05108772824472,3.87682533161384,4.77682533161384,0.9,"hidden_h0_none","H0: no hidden confounding",0,"none",0,0.32310799212281,1.63547822113778
0,2.3580143593936,"Female",68,38211,0,"Mexican American","HS","Ever",5,"South",-0.13680654892581,2.3580143593936,3.2580143593936,0.9,"hidden_h0_none","H0: no hidden confounding",0,"none",0,0.486871210697842,3.25090414640937
0,1.65387854201923,"Female",46,40979,0,"White","College+","Ever",0,"North",0.934072951714326,1.65387854201923,2.55387854201923,0.9,"hidden_h0_none","H0: no hidden confounding",0,"none",0,0.171670052905795,0.710080569950264
0,3.2125416197181,"Male",22,59050,0,"White","Some college","Ever",3,"Inland",0.542608092403955,3.2125416197181,4.1125416197181,0.9,"hidden_h0_none","H0: no hidden confounding",0,"none",0,0.125447960335561,0.49146704135492
0,3.34127865179895,"Male",47,59874,0,"White","<HS","Never",0,"North",-0.100798945762324,3.34127865179895,4.24127865179895,0.9,"hidden_h0_none","H0: no hidden confounding",0,"none",0,0.218026760302358,0.955288086345909
0,2.02505957114223,"Female",28,54305,1,"White","Some college","Ever",4,"South",1.59467979120221,2.02505957114223,2.92505957114223,0.9,"hidden_h0_none","H0: no hidden confounding",0,"none",0,0.0870334582227821,0.326623801769144
0,1.28843317050348,"Male",68,93570,0,"Other","<HS","Never",0,"Coastal",-0.5629371127704,1.28843317050348,2.18843317050348,0.9,"hidden_h0_none","H0: no hidden confounding",0,"none",0,0.361349767723348,1.93856852214759
0,3.9603409596872,"Female",37,42258,0,"White","HS","Ever",7,"South",-0.732260995040905,3.9603409596872,4.8603409596872,0.9,"hidden_h0_none","H0: no hidden confounding",0,"none",0,0.18541152014134,0.779856869051346
1,4.01069911465124,"Male",37,64299,0,"White","HS","Ever",4,"Inland",1.2792952348317,3.11069911465124,4.01069911465124,0.9,"hidden_h0_none","H0: no hidden confounding",0,"none",0,0.237793468397989,1
0,3.24255567698212,"Male",27,68400,0,"Other","<HS","Never",1,"Coastal",0.761303021608443,3.24255567698212,4.14255567698212,0.9,"hidden_h0_none","H0: no hidden confounding",0,"none",0,0.149852105835716,0.603927517087435
0,3.36331519286213,"Male",37,58065,0,"Other","<HS","Never",0,"Inland",2.06046243516358,3.36331519286213,4.26331519286213,0.9,"hidden_h0_none","H0: no hidden confounding",0,"none",0,0.17493445120954,0.726446013426436
1,5.05567484867582,"Male",29,52976,0,"White","<HS","Never",0,"South",-0.193774795191816,4.15567484867582,5.05567484867582,0.9,"hidden_h0_none","H0: no hidden confounding",0,"none",0,0.145199026049246,1
1,4.26932564938489,"Female",41,54696,0,"White","College+","Never",0,"Inland",-0.890670337527804,3.36932564938489,4.26932564938489,0.9,"hidden_h0_none","H0: no hidden confounding",0,"none",0,0.15672679362525,1
0,4.26567644349155,"Female",79,51477,0,"White","Some college","Ever",5,"South",-0.613602033207276,4.26567644349155,5.16567644349155,0.9,"hidden_h0_none","H0: no hidden confounding",0,"none",0,0.322650163474029,1.63205695389111
0,3.93951075338373,"Female",23,62707,0,"White","College+","Never",0,"Inland",-0.963353943077867,3.93951075338373,4.83951075338373,0.9,"hidden_h0_none","H0: no hidden confounding",0,"none",0,0.10933777251271,0.420604232426475
1,2.91300005152354,"Female",26,58423,0,"White","HS","Never",0,"South",0.0386676315878207,2.01300005152354,2.91300005152354,0.9,"hidden_h0_none","H0: no hidden confounding",0,"none",0,0.138823489821758,1
1,3.86022112798781,"Male",50,86858,0,"White","HS","Never",0,"North",0.279806130424717,2.96022112798781,3.86022112798781,0.9,"hidden_h0_none","H0: no hidden confounding",0,"none",0,0.305156904419492,1
1,5.09031031495419,"Male",28,36296,0,"White","Some college","Ever",7,"South",0.476247081896215,4.19031031495419,5.09031031495419,0.9,"hidden_h0_none","H0: no hidden confounding",0,"none",0,0.135023032078581,1
1,3.62527698282636,"Male",52,70201,0,"White","HS","Ever",7,"North",-0.823062825268684,2.72527698282636,3.62527698282636,0.9,"hidden_h0_none","H0: no hidden confounding",0,"none",0,0.329683049636472,1
1,3.6152456710979,"Female",45,45793,0,"White","HS","Never",0,"North",-1.08163917445045,2.7152456710979,3.6152456710979,0.9,"hidden_h0_none","H0: no hidden confounding",0,"none",0,0.196242500860033,1
0,2.26658672847675,"Female",56,54305,1,"White","HS","Never",0,"North",1.38969595292504,2.26658672847675,3.16658672847675,0.9,"hidden_h0_none","H0: no hidden confounding",0,"none",0,0.198452240765184,0.84828747313389
0,4.06520431747094,"Female",60,56868,0,"White","HS","Ever",4,"North",-0.46546769008539,4.06520431747094,4.96520431747094,0.9,"hidden_h0_none","H0: no hidden confounding",0,"none",0,0.297994860610605,1.454403575454
0,2.03881006877542,"Male",26,27813,0,"Black","Some college","Never",0,"Coastal",-0.720330789115422,2.03881006877542,2.93881006877542,0.9,"hidden_h0_none","H0: no hidden confounding",0,"none",0,0.131980909520089,0.520952697556868
1,4.86501439250023,"Male",41,41804,0,"Mexican American","College+","Ever",7,"Inland",-0.914477297702459,3.96501439250023,4.86501439250023,0.9,"hidden_h0_none","H0: no hidden confounding",0,"none",0,0.337424681626196,1
0,2.85801003759975,"Female",37,54305,1,"Mexican American","HS","Never",0,"Inland",-1.7364061326386,2.85801003759975,3.75801003759975,0.9,"hidden_h0_none","H0: no hidden confounding",0,"none",0,0.232979517906539,1.04070401989548
0,3.47462626601034,"Male",18,54305,1,"White","HS","Never",0,"South",-0.779088172899838,3.47462626601034,4.37462626601034,0.9,"hidden_h0_none","H0: no hidden confounding",0,"none",0,0.106591916249305,0.408781133091372
1,3.86417843179453,"Female",18,67473,0,"Mexican American","Some college","Never",1,"North",-0.0668221879365578,2.96417843179453,3.86417843179453,0.9,"hidden_h0_none","H0: no hidden confounding",0,"none",0,0.163726286410715,1
0,3.22668514090322,"Male",47,45300,0,"White","Some college","Ever",6,"South",-0.705140760566816,3.22668514090322,4.12668514090322,0.9,"hidden_h0_none","H0: no hidden confounding",0,"none",0,0.207736268136453,0.898377778997424
0,1.41124420157073,"Female",18,54305,1,"Black","<HS","Never",0,"North",-2.26744543691069,1.41124420157073,2.31124420157073,0.9,"hidden_h0_none","H0: no hidden confounding",0,"none",0,0.0853562291057192,0.319742002489642
0,3.50325235069442,"Male",36,60655,0,"White","Some college","Never",0,"Coastal",-0.336648317210887,3.50325235069442,4.40325235069442,0.9,"hidden_h0_none","H0: no hidden confounding",0,"none",0,0.157863889626476,0.642268999339123
0,2.46581096748848,"Male",37,40411,0,"White","<HS","Never",0,"Inland",-0.0227491650010738,2.46581096748848,3.36581096748848,0.9,"hidden_h0_none","H0: no hidden confounding",0,"none",0,0.16283945383113,0.66644963665346
0,4.05357948591492,"Female",41,44323,0,"White","College+","Ever",0,"South",-0.849887737117204,4.05357948591492,4.95357948591492,0.9,"hidden_h0_none","H0: no hidden confounding",0,"none",0,0.156701663913491,0.636661833551691
0,4.79624732752534,"Male",54,65652,0,"Mexican American","College+","Ever",7,"North",0.215078618874784,4.79624732752534,5.69624732752534,0.9,"hidden_h0_none","H0: no hidden confounding",0,"none",0,0.446552271323667,2.76447167399287
0,2.81156096211981,"Female",18,54305,1,"Black","HS","Never",0,"North",-0.551226545877216,2.81156096211981,3.71156096211981,0.9,"hidden_h0_none","H0: no hidden confounding",0,"none",0,0.105269012131951,0.403110879756855
0,2.08252730774143,"Male",27,43573,0,"White","Some college","Never",0,"Inland",-0.733128496779362,2.08252730774143,2.98252730774142,0.9,"hidden_h0_none","H0: no hidden confounding",0,"none",0,0.119634551155317,0.465596906269014
0,2.81260232553639,"Female",44,56331,0,"White","College+","Never",0,"South",0.684760809073235,2.81260232553639,3.71260232553639,0.9,"hidden_h0_none","H0: no hidden confounding",0,"none",0,0.168322582248234,0.693432075808629
0,2.5034273312506,"Male",35,28200,0,"Mexican American","HS","Never",0,"Inland",0.58742185484817,2.5034273312506,3.4034273312506,0.9,"hidden_h0_none","H0: no hidden confounding",0,"none",0,0.30267187344611,1.48713821314951
0,2.91694936968703,"Male",36,30259,0,"Black","Some college","Never",0,"South",0.763122589614542,2.91694936968703,3.81694936968703,0.9,"hidden_h0_none","H0: no hidden confounding",0,"none",0,0.165790457533642,0.680927427537919
1,3.89858013465781,"Female",65,54116,0,"White","HS","Ever",7,"South",-1.21288203158795,2.99858013465781,3.89858013465781,0.9,"hidden_h0_none","H0: no hidden confounding",0,"none",0,0.331120975031425,1
0,3.01482063579078,"Male",52,40707,0,"White","College+","Ever",6,"Coastal",-0.132475954944417,3.01482063579078,3.91482063579078,0.9,"hidden_h0_none","H0: no hidden confounding",0,"none",0,0.249253093661801,1.13753156663515
0,3.30368800929603,"Male",18,39427,0,"Mexican American","HS","Never",0,"Coastal",-0.129629384899896,3.30368800929603,4.20368800929603,0.9,"hidden_h0_none","H0: no hidden confounding",0,"none",0,0.230328870608498,1.02532048160929
0,3.13685164257506,"Male",58,54458,0,"Black","<HS","Ever",6,"Coastal",-1.48446304695591,3.13685164257506,4.03685164257506,0.9,"hidden_h0_none","H0: no hidden confounding",0,"none",0,0.339727631468947,1.76288588038035
0,3.93183444366598,"Female",51,70923,0,"White","<HS","Ever",5,"South",0.712328992367943,3.93183444366598,4.83183444366598,0.9,"hidden_h0_none","H0: no hidden confounding",0,"none",0,0.226592758948765,1.00381630251964
0,3.06742506512628,"Male",39,44816,0,"Mexican American","Some college","Never",0,"North",1.04073996195133,3.06742506512628,3.96742506512628,0.9,"hidden_h0_none","H0: no hidden confounding",0,"none",0,0.269795341507534,1.2659201081455
0,3.37600311840562,"Female",57,91244,0,"White","HS","Never",0,"Coastal",1.6200740879516,3.37600311840562,4.27600311840562,0.9,"hidden_h0_none","H0: no hidden confounding",0,"none",0,0.297735274867794,1.45259949400286
0,3.21428164661119,"Female",18,19241,0,"Black","Some college","Ever",4,"South",1.46969629057472,3.21428164661119,4.11428164661119,0.9,"hidden_h0_none","H0: no hidden confounding",0,"none",0,0.094523238765034,0.357666064698754
1,3.59934418652526,"Male",42,45819,0,"White","HS","Never",1,"North",-0.0843970642546971,2.69934418652526,3.59934418652526,0.9,"hidden_h0_none","H0: no hidden confounding",0,"none",0,0.22527793801281,1
1,4.18436976297534,"Female",55,52993,0,"Black","College+","Ever",3,"Coastal",0.110748062433996,3.28436976297534,4.18436976297534,0.9,"hidden_h0_none","H0: no hidden confounding",0,"none",0,0.266002748270477,1
0,3.27877948768038,"Male",31,67359,0,"White","HS","Ever",2,"South",0.48674700864322,3.27877948768038,4.17877948768038,0.9,"hidden_h0_none","H0: no hidden confounding",0,"none",0,0.209400079199404,0.907478879640167
0,3.84429337442794,"Male",56,45712,0,"Mexican American","HS","Ever",7,"South",0.207309769759515,3.84429337442794,4.74429337442794,0.9,"hidden_h0_none","H0: no hidden confounding",0,"none",0,0.486875251670953,3.25095673034271
0,2.33561972457498,"Male",41,49751,0,"White","Some college","Never",0,"Coastal",0.28249842297029,2.33561972457498,3.23561972457498,0.9,"hidden_h0_none","H0: no hidden confounding",0,"none",0,0.167137376278759,0.687569587371147
0,2.68886337993877,"Male",37,58283,0,"White","College+","Ever",5,"South",0.697420519211329,2.68886337993877,3.58886337993877,0.9,"hidden_h0_none","H0: no hidden confounding",0,"none",0,0.197353069148749,0.842433806273336
0,2.64714093720359,"Male",45,36530,0,"Other","HS","Ever",5,"South",-0.180318645525849,2.64714093720359,3.54714093720359,0.9,"hidden_h0_none","H0: no hidden confounding",0,"none",0,0.248349741734219,1.13204672535606
0,4.19803716761057,"Female",61,93467,0,"Black","College+","Never",0,"North",-0.563917746576988,4.19803716761057,5.09803716761057,0.9,"hidden_h0_none","H0: no hidden confounding",0,"none",0,0.32293848824931,1.63421101121407
1,2.99139878469835,"Female",49,54305,1,"White","College+","Never",0,"Coastal",0.0296977548745099,2.09139878469835,2.99139878469835,0.9,"hidden_h0_none","H0: no hidden confounding",0,"none",0,0.142648797455041,1
0,2.82384328567784,"Female",56,97983,0,"Other","<HS","Never",0,"Coastal",0.420514131215791,2.82384328567784,3.72384328567784,0.9,"hidden_h0_none","H0: no hidden confounding",0,"none",0,0.251951930737534,1.15399688230087
1,6.09561754942171,"Male",46,86241,0,"White","HS","Ever",7,"Coastal",-1.61347937652414,5.19561754942171,6.09561754942171,0.9,"hidden_h0_none","H0: no hidden confounding",0,"none",0,0.315315311199439,1
0,3.35928238026401,"Female",36,30130,0,"Black","Some college","Ever",6,"South",0.130853735976443,3.35928238026401,4.25928238026401,0.9,"hidden_h0_none","H0: no hidden confounding",0,"none",0,0.152539300423588,0.616706653809681
1,3.96281677547937,"Female",56,54305,1,"White","HS","Ever",5,"North",-1.12219655858293,3.06281677547937,3.96281677547937,0.9,"hidden_h0_none","H0: no hidden confounding",0,"none",0,0.21909307757966,1
0,1.8511519429979,"Female",63,62020,0,"White","HS","Never",0,"Coastal",0.260532997198789,1.8511519429979,2.7511519429979,0.9,"hidden_h0_none","H0: no hidden confounding",0,"none",0,0.29654354752585,1.44433425754345
0,2.71945532205184,"Female",39,48065,0,"White","HS","Ever",5,"South",0.421663287385281,2.71945532205184,3.61945532205184,0.9,"hidden_h0_none","H0: no hidden confounding",0,"none",0,0.193829772590912,0.823777986136229
1,3.85432074374593,"Male",55,52509,0,"Mexican American","<HS","Never",0,"Coastal",1.67481603758725,2.95432074374593,3.85432074374593,0.9,"hidden_h0_none","H0: no hidden confounding",0,"none",0,0.395213745222043,1
0,3.02635509995959,"Female",42,71302,0,"Mexican American","College+","Ever",12,"Coastal",-0.109748088257001,3.02635509995959,3.92635509995959,0.9,"hidden_h0_none","H0: no hidden confounding",0,"none",0,0.341272198481412,1.77505317684878
0,4.30437239473874,"Female",75,54305,1,"White","Some college","Never",0,"Coastal",0.646088337140297,4.30437239473874,5.20437239473874,0.9,"hidden_h0_none","H0: no hidden confounding",0,"none",0,0.220058756600308,0.966703340516476
0,2.78367481008367,"Female",51,54305,1,"White","College+","Never",0,"North",-2.19111828114687,2.78367481008367,3.68367481008367,0.9,"hidden_h0_none","H0: no hidden confounding",0,"none",0,0.148988727465384,0.599838792863714
0,1.84876627783733,"Male",41,32105,0,"White","Some college","Never",0,"Inland",0.865294885785707,1.84876627783733,2.74876627783733,0.9,"hidden_h0_none","H0: no hidden confounding",0,"none",0,0.154241483182702,0.624843510955458
0,4.55678809469385,"Male",55,54305,1,"Mexican American","HS","Ever",5,"North",-0.105186524618171,4.55678809469385,5.45678809469385,0.9,"hidden_h0_none","H0: no hidden confounding",0,"none",0,0.408260162665817,2.36386487455103
1,4.5506878057069,"Female",26,31200,0,"White","College+","Never",0,"North",-1.0083466982843,3.6506878057069,4.5506878057069,0.9,"hidden_h0_none","H0: no hidden confounding",0,"none",0,0.100474181579377,1
0,1.69673333844,"Male",32,22227,0,"White","College+","Never",0,"North",-0.727831218281755,1.69673333844,2.59673333844,0.9,"hidden_h0_none","H0: no hidden confounding",0,"none",0,0.135791798715548,0.53835854258132
1,3.97896233941827,"Female",47,50184,0,"Black","College+","Ever",4,"South",0.961660114531925,3.07896233941827,3.97896233941827,0.9,"hidden_h0_none","H0: no hidden confounding",0,"none",0,0.227926401838346,1
0,2.22524580485585,"Male",32,54305,1,"White","HS","Never",0,"Inland",0.608331097469678,2.22524580485585,3.12524580485585,0.9,"hidden_h0_none","H0: no hidden confounding",0,"none",0,0.145581516246675,0.583783820571447
0,2.91736236270615,"Female",20,45993,0,"White","College+","Never",0,"Inland",0.224120394233605,2.91736236270615,3.81736236270615,0.9,"hidden_h0_none","H0: no hidden confounding",0,"none",0,0.0941065943240369,0.355925750611156
0,4.54369340004649,"Female",52,73153,0,"White","College+","Never",0,"North",-1.08325289339892,4.54369340004649,5.44369340004649,0.9,"hidden_h0_none","H0: no hidden confounding",0,"none",0,0.213704485232498,0.931202836066127
0,1.78117010726936,"Female",43,51495,0,"White","Some college","Never",0,"Coastal",0.193144071057105,1.78117010726936,2.68117010726936,0.9,"hidden_h0_none","H0: no hidden confounding",0,"none",0,0.143946742445475,0.576126043821598
0,1.45215004069854,"Female",18,35702,0,"White","Some college","Never",1,"Coastal",1.57525710201671,1.45215004069854,2.35215004069854,0.9,"hidden_h0_none","H0: no hidden confounding",0,"none",0,0.0764881522456198,0.283771090634763
0,2.80013800427418,"Female",55,71466,0,"White","Some college","Never",0,"South",0.392191670966388,2.80013800427418,3.70013800427418,0.9,"hidden_h0_none","H0: no hidden confounding",0,"none",0,0.202752425845609,0.871343315189773
0,2.46187959890253,"Female",46,52740,0,"Other","HS","Never",0,"Coastal",0.515668671169097,2.46187959890253,3.36187959890253,0.9,"hidden_h0_none","H0: no hidden confounding",0,"none",0,0.204836182567782,0.882605266580718
0,0.99121779840815,"Female",22,55711,0,"Black","College+","Never",0,"South",-0.134910215249563,0.99121779840815,1.89121779840815,0.9,"hidden_h0_none","H0: no hidden confounding",0,"none",0,0.125903692501849,0.493509631307616
0,2.24235692683595,"Female",45,30389,0,"White","<HS","Never",0,"South",-0.225102088957989,2.24235692683595,3.14235692683595,0.9,"hidden_h0_none","H0: no hidden confounding",0,"none",0,0.151208838429274,0.610369437834161
0,1.31200065426443,"Female",38,64439,0,"White","Some college","Never",0,"North",2.36994951398958,1.31200065426443,2.21200065426443,0.9,"hidden_h0_none","H0: no hidden confounding",0,"none",0,0.137052964902794,0.544152646034538
0,2.85419661501238,"Female",59,61164,0,"Mexican American","College+","Never",1,"Coastal",-0.691326041586096,2.85419661501238,3.75419661501238,0.9,"hidden_h0_none","H0: no hidden confounding",0,"none",0,0.380433977565544,2.1038179510459
0,3.3850588918801,"Female",73,80905,0,"Other","Some college","Ever",3,"Coastal",0.895257240341011,3.3850588918801,4.2850588918801,0.9,"hidden_h0_none","H0: no hidden confounding",0,"none",0,0.316066085571256,1.58336196828165
0,3.34243568946971,"Female",46,27536,0,"Black","<HS","Never",0,"Coastal",-0.402043481223952,3.34243568946971,4.24243568946971,0.9,"hidden_h0_none","H0: no hidden confounding",0,"none",0,0.183631611120967,0.77068643670081
0,3.05319378661699,"Male",43,67966,0,"Mexican American","<HS","Never",0,"Coastal",-0.44410485912557,3.05319378661699,3.95319378661699,0.9,"hidden_h0_none","H0: no hidden confounding",0,"none",0,0.343644006154283,1.79384852921371
1,4.50782497882324,"Male",32,35883,0,"Mexican American","<HS","Never",0,"Inland",1.07409712072657,3.60782497882324,4.50782497882324,0.9,"hidden_h0_none","H0: no hidden confounding",0,"none",0,0.249549925778555,1
0,2.88563098488255,"Male",58,68512,0,"White","College+","Never",0,"North",-0.378759149596302,2.88563098488255,3.78563098488255,0.9,"hidden_h0_none","H0: no hidden confounding",0,"none",0,0.281308956802328,1.34108955139862
1,4.7410982156288,"Female",72,64532,0,"Mexican American","College+","Ever",7,"Inland",0.678266067172744,3.8410982156288,4.7410982156288,0.9,"hidden_h0_none","H0: no hidden confounding",0,"none",0,0.500071122902449,1
0,1.63026321393918,"Male",46,18933,0,"Black","HS","Ever",6,"Inland",0.418408068939462,1.63026321393918,2.53026321393918,0.9,"hidden_h0_none","H0: no hidden confounding",0,"none",0,0.28275405980318,1.3506947184591
0,1.86952054735647,"Male",47,34030,0,"White","<HS","Ever",3,"South",0.688276025703793,1.86952054735647,2.76952054735647,0.9,"hidden_h0_none","H0: no hidden confounding",0,"none",0,0.210840303717756,0.915387941779239
0,3.97446079930578,"Male",48,23085,0,"Black","College+","Never",0,"North",-1.01961961318836,3.97446079930578,4.87446079930578,0.9,"hidden_h0_none","H0: no hidden confounding",0,"none",0,0.228720288485606,1.01603632227531
0,3.98405413095159,"Male",53,60369,0,"Black","College+","Ever",7,"North",-1.00166894417698,3.98405413095159,4.88405413095159,0.9,"hidden_h0_none","H0: no hidden confounding",0,"none",0,0.324421339460958,1.64531834895872
0,3.9441894812493,"Female",32,31895,0,"Other","<HS","Never",0,"Coastal",-0.0408321190490793,3.9441894812493,4.8441894812493,0.9,"hidden_h0_none","H0: no hidden confounding",0,"none",0,0.113307810772595,0.437827883785128
1,2.43655986480578,"Male",54,54305,1,"Mexican American","Some college","Never",0,"North",-0.431830347436724,1.53655986480578,2.43655986480578,0.9,"hidden_h0_none","H0: no hidden confounding",0,"none",0,0.294298083254786,1
1,2.67384755943464,"Male",39,63021,0,"White","College+","Never",0,"North",0.701147057937308,1.77384755943464,2.67384755943464,0.9,"hidden_h0_none","H0: no hidden confounding",0,"none",0,0.18979163807674,1
0,3.3848279338389,"Male",18,26177,0,"White","College+","Ever",7,"Coastal",-0.0683895207465607,3.3848279338389,4.2848279338389,0.9,"hidden_h0_none","H0: no hidden confounding",0,"none",0,0.115782043375964,0.448640349997681
1,3.19644629527096,"Male",58,49762,0,"White","Some college","Never",0,"Inland",-0.696647293960938,2.29644629527096,3.19644629527096,0.9,"hidden_h0_none","H0: no hidden confounding",0,"none",0,0.23626239776957,1
0,3.38659240831548,"Female",70,43539,0,"White","<HS","Ever",8,"Inland",-1.14085339946141,3.38659240831548,4.28659240831548,0.9,"hidden_h0_none","H0: no hidden confounding",0,"none",0,0.299204367362376,1.46282708495188
0,3.32353503845814,"Male",42,54322,0,"White","Some college","Ever",7,"Inland",-0.240239721286995,3.32353503845814,4.22353503845814,0.9,"hidden_h0_none","H0: no hidden confounding",0,"none",0,0.197311217764423,0.842211242469177
0,2.96724948078964,"Female",26,31952,0,"Black","<HS","Ever",8,"Coastal",-0.480833868100956,2.96724948078964,3.86724948078964,0.9,"hidden_h0_none","H0: no hidden confounding",0,"none",0,0.140561497649487,0.560361153992824
0,4.04375448498404,"Female",44,54305,1,"Mexican American","Some college","Never",0,"North",-0.712979794875941,4.04375448498404,4.94375448498404,0.9,"hidden_h0_none","H0: no hidden confounding",0,"none",0,0.203212713739698,0.873825936058209
0,3.43573371465134,"Female",46,62301,0,"White","HS","Ever",4,"South",0.113398608444434,3.43573371465134,4.33573371465134,0.9,"hidden_h0_none","H0: no hidden confounding",0,"none",0,0.234376421451656,1.04885407621039
0,2.152734525452,"Female",48,70145,0,"Mexican American","Some college","Never",0,"South",-2.0480696570357,2.152734525452,3.052734525452,0.9,"hidden_h0_none","H0: no hidden confounding",0,"none",0,0.295990552175095,1.44050845786658
0,2.94475093745792,"Female",32,52987,0,"Black","Some college","Ever",6,"South",0.213131960320943,2.94475093745792,3.84475093745792,0.9,"hidden_h0_none","H0: no hidden confounding",0,"none",0,0.1554177793508,0.630485663433464
1,4.38836799911384,"Female",52,54305,1,"White","College+","Never",0,"Coastal",-1.38338195766738,3.48836799911384,4.38836799911384,0.9,"hidden_h0_none","H0: no hidden confounding",0,"none",0,0.152244938065107,1
0,3.37093068143024,"Male",44,78181,0,"White","Some college","Never",0,"South",-0.358687630846044,3.37093068143024,4.27093068143024,0.9,"hidden_h0_none","H0: no hidden confounding",0,"none",0,0.201721722391118,0.865794469280727
0,3.22683295767967,"Male",40,49384,0,"White","Some college","Ever",4,"North",-0.367813482726044,3.22683295767967,4.12683295767967,0.9,"hidden_h0_none","H0: no hidden confounding",0,"none",0,0.179129302927656,0.747667209540254
0,2.79902572824794,"Female",35,41186,0,"Black","College+","Ever",2,"North",0.854259524443425,2.79902572824794,3.69902572824794,0.9,"hidden_h0_none","H0: no hidden confounding",0,"none",0,0.167719359242899,0.690446214405671
0,4.52866803647955,"Female",36,63986,0,"White","College+","Ever",6,"Coastal",1.47852538711206,4.52866803647955,5.42866803647955,0.9,"hidden_h0_none","H0: no hidden confounding",0,"none",0,0.165086708838796,0.677465503570903
1,4.32830480848085,"Female",50,66931,0,"White","HS","Never",0,"South",0.560747294158017,3.42830480848085,4.32830480848085,0.9,"hidden_h0_none","H0: no hidden confounding",0,"none",0,0.237201159602581,1
1,5.01552323707872,"Male",48,48304,0,"White","College+","Ever",7,"Coastal",2.06614658978842,4.11552323707872,5.01552323707872,0.9,"hidden_h0_none","H0: no hidden confounding",0,"none",0,0.240593011820062,1
0,1.56369057404419,"Female",21,8129,0,"White","Some college","Ever",9,"Coastal",-0.532388278571342,1.56369057404419,2.46369057404419,0.9,"hidden_h0_none","H0: no hidden confounding",0,"none",0,0.0833458187557147,0.311526319792725
0,4.46248538491171,"Female",47,60867,0,"Black","Some college","Never",0,"Coastal",-0.71533011450775,4.46248538491171,5.36248538491171,0.9,"hidden_h0_none","H0: no hidden confounding",0,"none",0,0.196701752202315,0.83897275956627
0,3.88676353758159,"Female",60,68776,0,"White","HS","Ever",7,"South",-1.14868442459036,3.88676353758159,4.78676353758159,0.9,"hidden_h0_none","H0: no hidden confounding",0,"none",0,0.320622315560319,1.6169586722077
0,4.27356664272993,"Female",30,57901,0,"White","<HS","Ever",10,"Inland",1.62391296400807,4.27356664272993,5.17356664272993,0.9,"hidden_h0_none","H0: no hidden confounding",0,"none",0,0.146317706882493,0.587241938756564
0,1.92723628180693,"Female",26,54305,1,"Black","College+","Never",0,"Coastal",-0.0371608828281206,1.92723628180693,2.82723628180693,0.9,"hidden_h0_none","H0: no hidden confounding",0,"none",0,0.10380299649583,0.396846773915371
0,2.57181945430542,"Female",38,88814,0,"White","HS","Ever",6,"Coastal",-0.363507478898309,2.57181945430542,3.47181945430542,0.9,"hidden_h0_none","H0: no hidden confounding",0,"none",0,0.228630083123569,1.01551683585416
0,2.83826201250632,"Female",41,44585,0,"White","Some college","Never",0,"Coastal",0.719161248589474,2.83826201250632,3.73826201250632,0.9,"hidden_h0_none","H0: no hidden confounding",0,"none",0,0.133396379787441,0.527399842389583
0,1.28479746800746,"Male",32,54305,1,"White","<HS","Never",0,"North",-0.50686404889192,1.28479746800746,2.18479746800746,0.9,"hidden_h0_none","H0: no hidden confounding",0,"none",0,0.119057881045511,0.463049292847558
0,2.71697605832585,"Female",45,54305,1,"White","College+","Never",0,"Coastal",-0.179262842018248,2.71697605832585,3.61697605832585,0.9,"hidden_h0_none","H0: no hidden confounding",0,"none",0,0.130644013447779,0.514882718780405
1,3.9309077455883,"Male",67,54305,1,"Mexican American","HS","Never",0,"Inland",-0.941746192435337,3.0309077455883,3.9309077455883,0.9,"hidden_h0_none","H0: no hidden confounding",0,"none",0,0.452455175763086,1
0,2.33504353829137,"Male",33,60141,0,"White","College+","Ever",2,"Inland",1.41366387944411,2.33504353829137,3.23504353829137,0.9,"hidden_h0_none","H0: no hidden confounding",0,"none",0,0.177108980092611,0.737419657135428
0,2.53196943666148,"Male",51,65257,0,"White","College+","Ever",7,"Inland",0.243490075304686,2.53196943666148,3.43196943666148,0.9,"hidden_h0_none","H0: no hidden confounding",0,"none",0,0.272660633476703,1.2844044350397
0,2.66840468926739,"Female",49,35144,0,"White","College+","Ever",9,"North",-0.427353915588409,2.66840468926739,3.56840468926739,0.9,"hidden_h0_none","H0: no hidden confounding",0,"none",0,0.197036384511054,0.840750267855024
0,3.26362930782771,"Female",68,83081,0,"White","College+","Never",0,"North",-0.890774486352673,3.26362930782771,4.16362930782771,0.9,"hidden_h0_none","H0: no hidden confounding",0,"none",0,0.301185466204046,1.47668727801474
0,2.39132889642213,"Female",55,72510,0,"White","HS","Never",0,"North",0.984887464416582,2.39132889642213,3.29132889642213,0.9,"hidden_h0_none","H0: no hidden confounding",0,"none",0,0.266867733207135,1.24718300327953
0,2.21608790141677,"Female",34,34911,0,"White","Some college","Never",0,"Inland",-1.60592226494313,2.21608790141677,3.11608790141677,0.9,"hidden_h0_none","H0: no hidden confounding",0,"none",0,0.108914575671589,0.418777283131937
0,4.37798409233639,"Male",54,82477,0,"White","<HS","Never",0,"South",-1.24461488913058,4.37798409233639,5.27798409233639,0.9,"hidden_h0_none","H0: no hidden confounding",0,"none",0,0.273588246763861,1.29041982041475
0,2.92048500163923,"Male",53,64373,0,"Mexican American","<HS","Ever",6,"North",-2.27306648154479,2.92048500163923,3.82048500163923,0.9,"hidden_h0_none","H0: no hidden confounding",0,"none",0,0.432120798873523,2.60714783931004
0,3.13746441710832,"Male",51,61571,0,"White","HS","Ever",6,"Coastal",0.775803713700021,3.13746441710832,4.03746441710832,0.9,"hidden_h0_none","H0: no hidden confounding",0,"none",0,0.310955547136757,1.54620658639693
0,4.7986243455988,"Male",40,54305,1,"White","HS","Ever",3,"Coastal",0.154915225836567,4.7986243455988,5.6986243455988,0.9,"hidden_h0_none","H0: no hidden confounding",0,"none",0,0.187153008890932,0.788868223200292
0,4.27637852235151,"Male",40,54119,0,"Mexican American","HS","Ever",6,"North",-0.956063513938482,4.27637852235151,5.17637852235151,0.9,"hidden_h0_none","H0: no hidden confounding",0,"none",0,0.394605895534355,2.2332730917186
0,4.80673359763057,"Female",35,39556,0,"White","Some college","Ever",7,"South",-1.2921316804493,4.80673359763057,5.70673359763057,0.9,"hidden_h0_none","H0: no hidden confounding",0,"none",0,0.130266165419157,0.513170538080598
0,2.04211037278654,"Male",38,36923,0,"White","HS","Never",0,"Inland",-0.574402405332023,2.04211037278654,2.94211037278653,0.9,"hidden_h0_none","H0: no hidden confounding",0,"none",0,0.197973377308903,0.845735301026753
0,3.44897380456812,"Female",21,54305,1,"White","College+","Ever",9,"South",-1.96217661984659,3.44897380456812,4.34897380456812,0.9,"hidden_h0_none","H0: no hidden confounding",0,"none",0,0.088997905891767,0.334716301209577
1,3.05576194154758,"Female",36,33178,0,"Black","College+","Never",0,"Inland",-2.63348344285372,2.15576194154758,3.05576194154758,0.9,"hidden_h0_none","H0: no hidden confounding",0,"none",0,0.154011635165355,1
1,5.03569352794819,"Female",54,67589,0,"White","Some college","Ever",5,"Coastal",-0.346739350139438,4.13569352794819,5.03569352794819,0.9,"hidden_h0_none","H0: no hidden confounding",0,"none",0,0.215748851275482,1
0,2.90202153009875,"Female",53,53674,0,"Black","Some college","Ever",4,"South",0.806280616809571,2.90202153009875,3.80202153009875,0.9,"hidden_h0_none","H0: no hidden confounding",0,"none",0,0.234679864972696,1.05062841227924
0,1.85661867398291,"Female",80,86740,0,"Other","Some college","Never",0,"Inland",-1.26723114423292,1.85661867398291,2.75661867398291,0.9,"hidden_h0_none","H0: no hidden confounding",0,"none",0,0.340842602698087,1.77166332016429
1,2.81617655410723,"Female",41,33136,0,"Black","Some college","Never",0,"Coastal",0.253706859159012,1.91617655410723,2.81617655410723,0.9,"hidden_h0_none","H0: no hidden confounding",0,"none",0,0.153151596584579,1
0,2.65730314220845,"Male",60,70807,0,"White","HS","Never",0,"North",1.60679640590895,2.65730314220845,3.55730314220845,0.9,"hidden_h0_none","H0: no hidden confounding",0,"none",0,0.341787483762555,1.77912502954765
0,3.30032110191524,"Female",50,42100,0,"Black","College+","Never",0,"South",1.0766616718268,3.30032110191524,4.20032110191524,0.9,"hidden_h0_none","H0: no hidden confounding",0,"none",0,0.214373949741402,0.934915984711687
0,2.92991196863357,"Male",52,31158,0,"White","Some college","Never",0,"North",-0.369933136084237,2.92991196863357,3.82991196863357,0.9,"hidden_h0_none","H0: no hidden confounding",0,"none",0,0.193588667906478,0.822507298740128
0,4.74235997000103,"Male",65,61451,0,"White","Some college","Never",0,"Coastal",2.03706033921542,4.74235997000103,5.64235997000103,0.9,"hidden_h0_none","H0: no hidden confounding",0,"none",0,0.282572274327037,1.34948431716853
0,3.75089575451942,"Female",36,38976,0,"Other","HS","Never",0,"South",-0.746556946101683,3.75089575451942,4.65089575451942,0.9,"hidden_h0_none","H0: no hidden confounding",0,"none",0,0.156369766016691,0.635063425816959
1,5.08326013049783,"Male",40,70604,0,"White","HS","Ever",6,"Coastal",-1.1617917299935,4.18326013049783,5.08326013049783,0.9,"hidden_h0_none","H0: no hidden confounding",0,"none",0,0.263728954101954,1
1,3.11343072703737,"Female",43,54305,1,"White","Some college","Never",0,"South",0.44702299044435,2.21343072703737,3.11343072703737,0.9,"hidden_h0_none","H0: no hidden confounding",0,"none",0,0.111071738723743,1
0,2.70450762302833,"Male",37,29400,0,"Black","College+","Never",0,"Coastal",1.24522105969691,2.70450762302833,3.60450762302833,0.9,"hidden_h0_none","H0: no hidden confounding",0,"none",0,0.188267562825263,0.794655787605712
0,2.71680856072911,"Male",18,52213,0,"White","HS","Never",0,"North",-0.846077258650839,2.71680856072911,3.61680856072911,0.9,"hidden_h0_none","H0: no hidden confounding",0,"none",0,0.138811998728107,0.552262415908706
1,2.35206293732092,"Female",61,32610,0,"Black","College+","Ever",3,"Coastal",1.25456946048377,1.45206293732092,2.35206293732092,0.9,"hidden_h0_none","H0: no hidden confounding",0,"none",0,0.274327458489673,1
0,3.83622389571559,"Female",26,59387,0,"Mexican American","College+","Never",0,"North",-1.09188004129638,3.83622389571559,4.73622389571559,0.9,"hidden_h0_none","H0: no hidden confounding",0,"none",0,0.205689196606158,0.887232544135329
1,4.34299364586641,"Male",60,74219,0,"Mexican American","College+","Ever",9,"Coastal",0.660212801432299,3.44299364586641,4.34299364586641,0.9,"hidden_h0_none","H0: no hidden confounding",0,"none",0,0.503037793755368,1
0,2.39437192149654,"Male",43,60532,0,"Mexican American","<HS","Ever",2,"South",-0.641700756967858,2.39437192149654,3.29437192149654,0.9,"hidden_h0_none","H0: no hidden confounding",0,"none",0,0.353484592460628,1.87330313749366
0,2.15619924958145,"Male",41,54305,1,"Black","HS","Never",0,"Inland",-0.128591274868329,2.15619924958145,3.05619924958145,0.9,"hidden_h0_none","H0: no hidden confounding",0,"none",0,0.211255839086612,0.917675243160233
0,3.41510190199495,"Female",48,76640,0,"Mexican American","College+","Ever",3,"Inland",-0.797411760026885,3.41510190199495,4.31510190199495,0.9,"hidden_h0_none","H0: no hidden confounding",0,"none",0,0.354307579682126,1.88005782054409
0,2.05874626329165,"Female",32,23229,0,"White","<HS","Never",0,"Coastal",0.239384818483689,2.05874626329165,2.95874626329165,0.9,"hidden_h0_none","H0: no hidden confounding",0,"none",0,0.109597016807893,0.421724253047025
0,3.4288922637453,"Female",34,46840,0,"White","<HS","Never",0,"North",-1.73376169369652,3.4288922637453,4.3288922637453,0.9,"hidden_h0_none","H0: no hidden confounding",0,"none",0,0.128313013985448,0.504343694303201
0,2.9142415592465,"Female",22,26574,0,"Black","<HS","Ever",9,"Coastal",1.7014599424518,2.9142415592465,3.8142415592465,0.9,"hidden_h0_none","H0: no hidden confounding",0,"none",0,0.126993725551716,0.498403805993379
1,5.25655835494212,"Male",52,31439,0,"Mexican American","College+","Ever",5,"Inland",1.63310002642065,4.35655835494212,5.25655835494212,0.9,"hidden_h0_none","H0: no hidden confounding",0,"none",0,0.382585230006704,1
0,4.0621043089831,"Male",39,52942,0,"White","College+","Ever",8,"South",-1.21687597895718,4.0621043089831,4.9621043089831,0.9,"hidden_h0_none","H0: no hidden confounding",0,"none",0,0.2075804852302,0.897527598153756
0,2.8781278592223,"Male",37,56538,0,"Mexican American","College+","Ever",5,"South",0.761426602582771,2.8781278592223,3.7781278592223,0.9,"hidden_h0_none","H0: no hidden confounding",0,"none",0,0.326440562841981,1.66052203767008
1,3.37850406729061,"Male",53,76455,0,"Mexican American","<HS","Never",0,"North",0.72985660136998,2.47850406729061,3.37850406729061,0.9,"hidden_h0_none","H0: no hidden confounding",0,"none",0,0.414221592205586,1
0,5.10362792275637,"Male",67,54305,1,"White","HS","Never",0,"South",1.20694817704629,5.10362792275637,6.00362792275637,0.9,"hidden_h0_none","H0: no hidden confounding",0,"none",0,0.293424897634171,1.42283677891793
0,3.86363649997039,"Female",58,70390,0,"White","College+","Ever",8,"North",-1.09297894726876,3.86363649997039,4.76363649997039,0.9,"hidden_h0_none","H0: no hidden confounding",0,"none",0,0.269224103916704,1.26225231853034
0,4.35083244529987,"Female",30,36876,0,"Mexican American","College+","Ever",6,"South",-0.420359075746665,4.35083244529987,5.25083244529987,0.9,"hidden_h0_none","H0: no hidden confounding",0,"none",0,0.225745153393316,0.998966566729787
0,3.7017066100273,"Female",71,88515,0,"White","HS","Ever",4,"North",1.1112560567149,3.7017066100273,4.6017066100273,0.9,"hidden_h0_none","H0: no hidden confounding",0,"none",0,0.400036976015109,2.28450493913649
0,3.39330752697433,"Male",45,54305,1,"Mexican American","HS","Ever",10,"Inland",0.0317930440607153,3.39330752697433,4.29330752697433,0.9,"hidden_h0_none","H0: no hidden confounding",0,"none",0,0.364310073326792,1.96355152251333
0,1.93673964238893,"Female",58,82612,0,"Other","Some college","Never",0,"Inland",0.864157130378495,1.93673964238893,2.83673964238893,0.9,"hidden_h0_none","H0: no hidden confounding",0,"none",0,0.224105431874086,0.989614665673955
0,3.34029000525687,"Female",60,64407,0,"Mexican American","College+","Ever",3,"North",-0.970669541326003,3.34029000525687,4.24029000525687,0.9,"hidden_h0_none","H0: no hidden confounding",0,"none",0,0.410709934119846,2.38793520723821
0,1.1300253616252,"Female",29,44461,0,"White","HS","Never",0,"South",0.236358366677507,1.1300253616252,2.0300253616252,0.9,"hidden_h0_none","H0: no hidden confounding",0,"none",0,0.138903686320613,0.552686036751731
0,2.46775925927074,"Male",57,31255,0,"Other","College+","Never",0,"South",-0.489362270899238,2.46775925927074,3.36775925927074,0.9,"hidden_h0_none","H0: no hidden confounding",0,"none",0,0.235968010533222,1.05817632222918
0,2.9446516470863,"Female",41,49968,0,"White","<HS","Never",0,"South",-0.777112027257901,2.9446516470863,3.8446516470863,0.9,"hidden_h0_none","H0: no hidden confounding",0,"none",0,0.151764944750719,0.613015848374655
1,4.82117676425538,"Female",79,31218,0,"Black","College+","Never",0,"Inland",-0.481725918947217,3.92117676425538,4.82117676425538,0.9,"hidden_h0_none","H0: no hidden confounding",0,"none",0,0.349873176240975,1
0,2.39614647268873,"Male",24,41684,0,"White","Some college","Ever",5,"Inland",0.11935418698291,2.39614647268873,3.29614647268873,0.9,"hidden_h0_none","H0: no hidden confounding",0,"none",0,0.123742184557137,0.483840619354831
1,3.95256112491163,"Male",42,45247,0,"Black","Some college","Ever",1,"Coastal",-0.762471145905416,3.05256112491163,3.95256112491163,0.9,"hidden_h0_none","H0: no hidden confounding",0,"none",0,0.21216179413681,1
0,1.79777590829232,"Male",58,24443,0,"White","Some college","Never",0,"Inland",0.0172195325832988,1.79777590829232,2.69777590829232,0.9,"hidden_h0_none","H0: no hidden confounding",0,"none",0,0.212396561869762,0.923966722955538
1,4.45886716878551,"Male",33,38591,0,"White","Some college","Ever",8,"Coastal",2.53303848987828,3.55886716878551,4.45886716878551,0.9,"hidden_h0_none","H0: no hidden confounding",0,"none",0,0.153976240562988,1
0,2.5549150087725,"Female",50,33318,0,"Black","Some college","Never",0,"Inland",-1.22990662506984,2.5549150087725,3.4549150087725,0.9,"hidden_h0_none","H0: no hidden confounding",0,"none",0,0.185423780064876,0.779920173498627
0,1.47815032566193,"Male",37,62811,0,"Other","<HS","Never",0,"Coastal",-0.001461456159683,1.47815032566193,2.37815032566193,0.9,"hidden_h0_none","H0: no hidden confounding",0,"none",0,0.178679066437849,0.745379138543625
1,2.93397307252791,"Male",45,72364,0,"Black","Some college","Never",0,"Coastal",-0.0977064697092295,2.03397307252791,2.93397307252791,0.9,"hidden_h0_none","H0: no hidden confounding",0,"none",0,0.23895463311987,1
0,5.01733474536609,"Female",18,47261,0,"White","College+","Never",1,"South",0.338844497929785,5.01733474536609,5.91733474536609,0.9,"hidden_h0_none","H0: no hidden confounding",0,"none",0,0.0915605186665445,0.345325536028702
1,4.41892538524731,"Male",45,54208,0,"White","Some college","Ever",6,"South",1.12697519742405,3.51892538524731,4.41892538524731,0.9,"hidden_h0_none","H0: no hidden confounding",0,"none",0,0.207306122757371,1
1,2.85276744411187,"Female",41,54305,1,"Mexican American","HS","Ever",7,"North",-0.69122001297703,1.95276744411187,2.85276744411187,0.9,"hidden_h0_none","H0: no hidden confounding",0,"none",0,0.281483595168198,1
0,2.86395616472896,"Female",50,37928,0,"Black","<HS","Never",1,"Coastal",0.777755019883334,2.86395616472896,3.76395616472896,0.9,"hidden_h0_none","H0: no hidden confounding",0,"none",0,0.21082092347243,0.915281322617892
0,2.99768355026579,"Male",46,53180,0,"Mexican American","College+","Ever",4,"South",1.08258358629544,2.99768355026579,3.89768355026579,0.9,"hidden_h0_none","H0: no hidden confounding",0,"none",0,0.371158845303489,2.02225216735499
1,2.97181232386912,"Male",22,47749,0,"Other","HS","Never",0,"South",-0.717344832092465,2.07181232386912,2.97181232386912,0.9,"hidden_h0_none","H0: no hidden confounding",0,"none",0,0.147155993145065,1
0,3.58483715056024,"Male",61,70187,0,"Other","College+","Ever",7,"South",-1.13577765979384,3.58483715056024,4.48483715056024,0.9,"hidden_h0_none","H0: no hidden confounding",0,"none",0,0.32972962404946,1.68548306501351
0,2.04944022062741,"Female",50,38335,0,"White","College+","Never",0,"Inland",-1.53926720146341,2.04944022062741,2.94944022062741,0.9,"hidden_h0_none","H0: no hidden confounding",0,"none",0,0.176186686352875,0.732758276339527
1,4.17307727999502,"Female",62,82417,0,"White","<HS","Ever",5,"Inland",1.99733417032242,3.27307727999502,4.17307727999502,0.9,"hidden_h0_none","H0: no hidden confounding",0,"none",0,0.29207023870638,1
0,3.3282041396723,"Female",54,54305,1,"White","Some college","Never",0,"North",-2.01190248300111,3.3282041396723,4.2282041396723,0.9,"hidden_h0_none","H0: no hidden confounding",0,"none",0,0.141869290105699,0.566436723989216
0,2.53612172988454,"Male",49,68434,0,"White","HS","Never",0,"North",0.552972453323493,2.53612172988454,3.43612172988454,0.9,"hidden_h0_none","H0: no hidden confounding",0,"none",0,0.279248354189699,1.32745996044792
