"Z","Y","gender","age","income","income.missing","race","education","smoking.ever","smoking.now","location_region","hidden_confounder","Y0","Y1","true_unit_ATT","dataset_id","dataset_label","scenario_order","scenario_class","omitted_confounding_strength","ps","w"
0,2.05639627982318,"Female",55,54896,1,"White","HS","Ever",10,"Inland",0.459661508984997,2.05639627982318,2.95639627982318,0.9,"hidden_h4_strong","H4: strong hidden variable",4,"strong_hidden",0.24,0.283307317448075,1.47716690618286
0,1.80329153452399,"Male",63,42839,0,"White","HS","Ever",8,"South",-0.57572544611056,1.80329153452399,2.70329153452399,0.9,"hidden_h4_strong","H4: strong hidden variable",4,"strong_hidden",0.24,0.331820671923634,1.8557315471143
0,4.07180798554804,"Female",48,31668,0,"Other","<HS","Ever",7,"Coastal",0.94191463936803,4.07180798554804,4.97180798554804,0.9,"hidden_h4_strong","H4: strong hidden variable",4,"strong_hidden",0.24,0.250427408694192,1.24845504754937
0,5.19703821128575,"Female",66,56821,0,"White","College+","Ever",6,"North",-0.308578559981227,5.19703821128575,6.09703821128575,0.9,"hidden_h4_strong","H4: strong hidden variable",4,"strong_hidden",0.24,0.223198024871103,1.07370450108796
0,2.36874911452248,"Female",62,60958,0,"White","HS","Ever",4,"South",-0.0611301431128414,2.36874911452248,3.26874911452248,0.9,"hidden_h4_strong","H4: strong hidden variable",4,"strong_hidden",0.24,0.230485208411927,1.11925961768269
0,2.38594691727796,"Male",46,71581,0,"Other","College+","Never",0,"Coastal",-0.0585473927305839,2.38594691727796,3.28594691727796,0.9,"hidden_h4_strong","H4: strong hidden variable",4,"strong_hidden",0.24,0.372042619986991,2.21394727026062
0,3.68797423902027,"Female",26,54896,1,"Black","<HS","Never",0,"South",-0.273637350228893,3.68797423902027,4.58797423902027,0.9,"hidden_h4_strong","H4: strong hidden variable",4,"strong_hidden",0.24,0.116235508385363,0.491481323341616
0,3.8308876026918,"Female",36,79998,0,"Black","<HS","Ever",5,"South",0.94995501639438,3.8308876026918,4.7308876026918,0.9,"hidden_h4_strong","H4: strong hidden variable",4,"strong_hidden",0.24,0.159316792805015,0.708164138802862
0,3.62929003100055,"Male",26,76407,0,"White","College+","Never",0,"Coastal",-3.00544272589008,3.62929003100055,4.52929003100055,0.9,"hidden_h4_strong","H4: strong hidden variable",4,"strong_hidden",0.24,0.255564950560067,1.28285989301665
0,0.59532772796193,"Female",54,54896,1,"White","College+","Never",0,"North",-1.24887448424754,0.59532772796193,1.49532772796193,0.9,"hidden_h4_strong","H4: strong hidden variable",4,"strong_hidden",0.24,0.175530059883816,0.795575540838727
0,1.76610236025841,"Female",35,57071,0,"White","<HS","Ever",5,"Coastal",-0.368277006119911,1.76610236025841,2.66610236025841,0.9,"hidden_h4_strong","H4: strong hidden variable",4,"strong_hidden",0.24,0.162888420955924,0.72712924432727
1,4.84125085074303,"Female",43,54896,1,"Other","College+","Never",0,"South",0.53854319465077,3.94125085074303,4.84125085074303,0.9,"hidden_h4_strong","H4: strong hidden variable",4,"strong_hidden",0.24,0.264256617913055,1
0,1.51067271906942,"Male",68,63277,0,"Black","Some college","Never",0,"North",-1.86266672762098,1.51067271906942,2.41067271906942,0.9,"hidden_h4_strong","H4: strong hidden variable",4,"strong_hidden",0.24,0.181572661685903,0.829039226316981
0,0.393455248265668,"Female",37,41711,0,"White","<HS","Never",0,"Inland",-0.329656585074291,0.393455248265668,1.29345524826567,0.9,"hidden_h4_strong","H4: strong hidden variable",4,"strong_hidden",0.24,0.131283518160293,0.564724842505044
1,4.96465452663046,"Female",50,68499,0,"Other","HS","Ever",5,"North",1.07906771861349,4.06465452663046,4.96465452663046,0.9,"hidden_h4_strong","H4: strong hidden variable",4,"strong_hidden",0.24,0.358468543352267,1
1,3.4252043067221,"Male",38,23565,0,"White","Some college","Never",0,"Inland",0.304396493892565,2.5252043067221,3.4252043067221,0.9,"hidden_h4_strong","H4: strong hidden variable",4,"strong_hidden",0.24,0.165342485861956,1
0,2.99147457766202,"Male",50,84402,0,"White","Some college","Never",0,"North",0.793737241603941,2.99147457766202,3.89147457766202,0.9,"hidden_h4_strong","H4: strong hidden variable",4,"strong_hidden",0.24,0.22071716057754,1.05839001871457
0,2.6688110174189,"Male",37,62268,0,"White","Some college","Never",0,"North",0.662006045741006,2.6688110174189,3.5688110174189,0.9,"hidden_h4_strong","H4: strong hidden variable",4,"strong_hidden",0.24,0.196966167921807,0.916563462460539
0,2.87960908415071,"Male",30,44461,0,"Black","Some college","Ever",3,"North",-1.80329246998308,2.87960908415071,3.77960908415071,0.9,"hidden_h4_strong","H4: strong hidden variable",4,"strong_hidden",0.24,0.165057941948794,0.738728467843581
0,2.83229991363322,"Female",55,86697,0,"White","College+","Never",0,"North",-0.0202053153184376,2.83229991363322,3.73229991363322,0.9,"hidden_h4_strong","H4: strong hidden variable",4,"strong_hidden",0.24,0.209266468973155,0.988949781177403
1,4.90000900937095,"Male",39,54896,1,"White","College+","Ever",6,"North",0.30278637476062,4.00000900937095,4.90000900937095,0.9,"hidden_h4_strong","H4: strong hidden variable",4,"strong_hidden",0.24,0.273620106628169,1
0,2.33709887605756,"Female",43,38715,0,"White","HS","Ever",5,"Coastal",-0.0637577988970404,2.33709887605756,3.23709887605756,0.9,"hidden_h4_strong","H4: strong hidden variable",4,"strong_hidden",0.24,0.214266722898872,1.01902380263093
0,4.52201126821154,"Female",58,63959,0,"Mexican American","College+","Never",1,"Coastal",1.66721568624424,4.52201126821154,5.42201126821154,0.9,"hidden_h4_strong","H4: strong hidden variable",4,"strong_hidden",0.24,0.189249481224484,0.872272559143031
0,4.57966216279624,"Female",43,67265,0,"White","<HS","Never",0,"South",0.102614719514601,4.57966216279624,5.47966216279624,0.9,"hidden_h4_strong","H4: strong hidden variable",4,"strong_hidden",0.24,0.149572885514221,0.657234755189116
0,4.04564513919457,"Male",33,30186,0,"White","<HS","Never",0,"Coastal",1.20673467862792,4.04564513919457,4.94564513919457,0.9,"hidden_h4_strong","H4: strong hidden variable",4,"strong_hidden",0.24,0.16849108178302,0.757207234912458
0,3.80583523973615,"Female",35,74839,0,"White","<HS","Ever",5,"North",-0.881275081892482,3.80583523973615,4.70583523973615,0.9,"hidden_h4_strong","H4: strong hidden variable",4,"strong_hidden",0.24,0.176814548948546,0.802647872955108
0,4.21768167675791,"Male",42,55683,0,"Black","<HS","Never",0,"South",1.67158998920114,4.21768167675791,5.11768167675791,0.9,"hidden_h4_strong","H4: strong hidden variable",4,"strong_hidden",0.24,0.168582466637703,0.757701196164666
0,4.54372006214134,"Male",48,57245,0,"Other","College+","Never",0,"North",0.377762713793216,4.54372006214134,5.44372006214135,0.9,"hidden_h4_strong","H4: strong hidden variable",4,"strong_hidden",0.24,0.354345389861447,2.0508376333842
0,2.3070797549896,"Female",29,24118,0,"Mexican American","College+","Never",0,"North",1.26613637577076,2.3070797549896,3.2070797549896,0.9,"hidden_h4_strong","H4: strong hidden variable",4,"strong_hidden",0.24,0.143925226981393,0.628246346165765
0,1.75703591455366,"Female",38,50030,0,"Other","College+","Never",0,"North",-1.18495041628597,1.75703591455366,2.65703591455366,0.9,"hidden_h4_strong","H4: strong hidden variable",4,"strong_hidden",0.24,0.265049307063755,1.34763790295872
0,1.41154123612715,"Female",42,60001,0,"White","College+","Ever",4,"Inland",-2.46686919659993,1.41154123612715,2.31154123612715,0.9,"hidden_h4_strong","H4: strong hidden variable",4,"strong_hidden",0.24,0.199679064060234,0.932337391928454
1,3.78416009358349,"Female",30,33267,0,"White","HS","Never",0,"Inland",1.61033685564406,2.88416009358349,3.78416009358349,0.9,"hidden_h4_strong","H4: strong hidden variable",4,"strong_hidden",0.24,0.179311917199069,1
1,5.50129866828652,"Male",53,96387,0,"White","College+","Never",0,"Coastal",0.540957813397386,4.60129866828652,5.50129866828652,0.9,"hidden_h4_strong","H4: strong hidden variable",4,"strong_hidden",0.24,0.286003131265579,1
0,1.84336511259198,"Female",24,45055,0,"White","<HS","Never",0,"Coastal",-0.601810501787478,1.84336511259198,2.74336511259198,0.9,"hidden_h4_strong","H4: strong hidden variable",4,"strong_hidden",0.24,0.131034642485206,0.563492853946697
0,1.80003279653122,"Female",57,92772,0,"Black","<HS","Never",0,"Inland",-1.83961041550519,1.80003279653122,2.70003279653122,0.9,"hidden_h4_strong","H4: strong hidden variable",4,"strong_hidden",0.24,0.150682951051481,0.662977855833212
0,4.4215072435125,"Female",38,54896,1,"White","HS","Ever",6,"Coastal",-0.55528078468629,4.4215072435125,5.3215072435125,0.9,"hidden_h4_strong","H4: strong hidden variable",4,"strong_hidden",0.24,0.232137464930317,1.12970878710984
0,3.13835203338116,"Female",49,73328,0,"White","College+","Never",0,"Coastal",-0.375073773799552,3.13835203338116,4.03835203338116,0.9,"hidden_h4_strong","H4: strong hidden variable",4,"strong_hidden",0.24,0.195715380844425,0.909326696505673
0,2.88636808560905,"Male",49,39432,0,"Other","Some college","Ever",6,"Inland",1.09246227026646,2.88636808560905,3.78636808560905,0.9,"hidden_h4_strong","H4: strong hidden variable",4,"strong_hidden",0.24,0.322602909634157,1.77962992924912
1,5.55033341944693,"Female",80,36795,0,"White","Some college","Never",0,"South",3.00643846569558,4.65033341944693,5.55033341944693,0.9,"hidden_h4_strong","H4: strong hidden variable",4,"strong_hidden",0.24,0.13680602518562,1
0,1.30092176810679,"Male",32,54896,1,"Black","<HS","Never",0,"Coastal",0.0609941062390129,1.30092176810679,2.20092176810679,0.9,"hidden_h4_strong","H4: strong hidden variable",4,"strong_hidden",0.24,0.160407986473277,0.713941185976686
0,4.07131163230709,"Male",27,41213,0,"White","College+","Ever",5,"South",1.2661108235569,4.07131163230709,4.97131163230709,0.9,"hidden_h4_strong","H4: strong hidden variable",4,"strong_hidden",0.24,0.251104538055674,1.25296260734833
0,4.10164700227215,"Female",54,79023,0,"Black","Some college","Ever",5,"Coastal",0.0495111070912349,4.10164700227215,5.00164700227215,0.9,"hidden_h4_strong","H4: strong hidden variable",4,"strong_hidden",0.24,0.163312626016187,0.729392502139261
0,4.36796751109521,"Female",27,23247,0,"White","Some college","Ever",4,"Coastal",-0.116022750227668,4.36796751109521,5.26796751109521,0.9,"hidden_h4_strong","H4: strong hidden variable",4,"strong_hidden",0.24,0.131034157455968,0.563490453635792
0,3.41660529312882,"Female",49,57574,0,"Black","Some college","Ever",4,"Coastal",1.08844026435588,3.41660529312882,4.31660529312882,0.9,"hidden_h4_strong","H4: strong hidden variable",4,"strong_hidden",0.24,0.139277077746451,0.604673623723517
0,4.41495410586081,"Female",31,54896,1,"White","Some college","Ever",9,"South",0.936803260538424,4.41495410586081,5.31495410586081,0.9,"hidden_h4_strong","H4: strong hidden variable",4,"strong_hidden",0.24,0.190412517560739,0.878893916252606
0,1.1660714826974,"Female",19,57202,0,"Mexican American","HS","Never",0,"Inland",-2.27790461777009,1.1660714826974,2.0660714826974,0.9,"hidden_h4_strong","H4: strong hidden variable",4,"strong_hidden",0.24,0.18699949294249,0.859516781138889
1,5.4665663050822,"Female",36,70275,0,"Black","HS","Never",0,"South",1.68355303314876,4.5665663050822,5.4665663050822,0.9,"hidden_h4_strong","H4: strong hidden variable",4,"strong_hidden",0.24,0.188292353215166,1
0,2.6589567947131,"Male",44,16083,0,"White","<HS","Never",0,"South",-0.11517326074148,2.6589567947131,3.5589567947131,0.9,"hidden_h4_strong","H4: strong hidden variable",4,"strong_hidden",0.24,0.160137481076994,0.712507664571889
0,2.82345424466756,"Female",52,69835,0,"White","College+","Never",0,"South",-1.12600275503777,2.82345424466756,3.72345424466756,0.9,"hidden_h4_strong","H4: strong hidden variable",4,"strong_hidden",0.24,0.193422735470159,0.896120252585333
1,4.62003905801931,"Female",60,39007,0,"Black","<HS","Ever",5,"North",0.292689273242713,3.72003905801931,4.62003905801931,0.9,"hidden_h4_strong","H4: strong hidden variable",4,"strong_hidden",0.24,0.135530873411079,1
0,2.52680209221638,"Female",44,25783,0,"White","Some college","Never",0,"Coastal",-0.528467959237415,2.52680209221638,3.42680209221638,0.9,"hidden_h4_strong","H4: strong hidden variable",4,"strong_hidden",0.24,0.123373773455723,0.525912067623109
0,3.15698270558992,"Male",26,33752,0,"White","Some college","Ever",4,"Coastal",0.428655461383912,3.15698270558992,4.05698270558992,0.9,"hidden_h4_strong","H4: strong hidden variable",4,"strong_hidden",0.24,0.186754507258049,0.858132153572221
0,3.95462489624869,"Male",45,73202,0,"White","HS","Ever",9,"Inland",1.53550663315526,3.95462489624869,4.85462489624869,0.9,"hidden_h4_strong","H4: strong hidden variable",4,"strong_hidden",0.24,0.377627191341087,2.26734389591401
0,1.96981739034972,"Female",23,85959,0,"Black","HS","Ever",10,"Coastal",-1.81395991052222,1.96981739034972,2.86981739034972,0.9,"hidden_h4_strong","H4: strong hidden variable",4,"strong_hidden",0.24,0.284363010501904,1.48485850566243
1,5.8056940442889,"Female",42,29265,0,"Other","Some college","Never",0,"Coastal",1.03774525203829,4.90569404428889,5.8056940442889,0.9,"hidden_h4_strong","H4: strong hidden variable",4,"strong_hidden",0.24,0.197159712548256,1
0,2.17678265704489,"Male",59,68105,0,"Black","College+","Never",0,"Inland",1.90012294007021,2.17678265704489,3.07678265704489,0.9,"hidden_h4_strong","H4: strong hidden variable",4,"strong_hidden",0.24,0.228271621627235,1.10533062025267
0,3.67610585503721,"Male",64,38933,0,"Black","Some college","Ever",7,"North",-1.20679871901238,3.67610585503721,4.57610585503721,0.9,"hidden_h4_strong","H4: strong hidden variable",4,"strong_hidden",0.24,0.204815051244672,0.962494962311235
1,3.01889743009678,"Male",29,45586,0,"White","Some college","Ever",7,"Coastal",2.04280446919516,2.11889743009678,3.01889743009678,0.9,"hidden_h4_strong","H4: strong hidden variable",4,"strong_hidden",0.24,0.227956257257414,1
0,1.95549493343388,"Female",47,78261,0,"White","College+","Never",0,"Inland",0.413553660882236,1.95549493343388,2.85549493343388,0.9,"hidden_h4_strong","H4: strong hidden variable",4,"strong_hidden",0.24,0.199558624063389,0.931634834588447
0,2.24033979351078,"Female",23,48755,0,"White","College+","Ever",4,"Inland",-0.915927131819101,2.24033979351078,3.14033979351078,0.9,"hidden_h4_strong","H4: strong hidden variable",4,"strong_hidden",0.24,0.18524400803867,0.84961340059646
0,1.61801847143838,"Female",29,48162,0,"Mexican American","College+","Ever",4,"Coastal",-2.50350965891714,1.61801847143838,2.51801847143838,0.9,"hidden_h4_strong","H4: strong hidden variable",4,"strong_hidden",0.24,0.176672647318183,0.801865485455375
0,2.56841730863978,"Female",29,54929,0,"Black","College+","Never",0,"Inland",0.0339663156786402,2.56841730863978,3.46841730863978,0.9,"hidden_h4_strong","H4: strong hidden variable",4,"strong_hidden",0.24,0.154059240389604,0.680538264237167
1,5.32982619497873,"Male",55,45500,0,"Mexican American","HS","Never",0,"South",1.06630366803775,4.42982619497873,5.32982619497873,0.9,"hidden_h4_strong","H4: strong hidden variable",4,"strong_hidden",0.24,0.247242927845579,1
0,0.593198731168195,"Male",49,39217,0,"Other","Some college","Never",0,"South",-1.69891627025442,0.593198731168195,1.49319873116819,0.9,"hidden_h4_strong","H4: strong hidden variable",4,"strong_hidden",0.24,0.274119513107751,1.41117078768827
0,4.27043559603509,"Male",54,51181,0,"Mexican American","Some college","Never",0,"North",-0.175603601396595,4.27043559603509,5.17043559603509,0.9,"hidden_h4_strong","H4: strong hidden variable",4,"strong_hidden",0.24,0.181832483463607,0.830489192711855
0,1.30165753696248,"Female",37,54896,1,"White","HS","Ever",6,"North",-1.77936226471645,1.30165753696248,2.20165753696248,0.9,"hidden_h4_strong","H4: strong hidden variable",4,"strong_hidden",0.24,0.231852652168869,1.12790437314903
0,4.77447495802361,"Female",76,60998,0,"White","Some college","Ever",3,"North",0.202094981261929,4.77447495802361,5.67447495802361,0.9,"hidden_h4_strong","H4: strong hidden variable",4,"strong_hidden",0.24,0.159249265682158,0.707807126349004
0,2.98857982209181,"Male",57,69292,0,"Other","HS","Never",0,"North",-0.284515035305512,2.98857982209181,3.88857982209181,0.9,"hidden_h4_strong","H4: strong hidden variable",4,"strong_hidden",0.24,0.407774216375247,2.49690895973023
0,4.11368882637857,"Female",43,59684,0,"Mexican American","HS","Never",0,"North",-0.949341883880703,4.11368882637857,5.01368882637857,0.9,"hidden_h4_strong","H4: strong hidden variable",4,"strong_hidden",0.24,0.195060319365567,0.905545635291359
1,4.53108983744268,"Male",55,45082,0,"White","College+","Never",0,"South",0.288701715872219,3.63108983744268,4.53108983744268,0.9,"hidden_h4_strong","H4: strong hidden variable",4,"strong_hidden",0.24,0.232009777156266,1
0,4.03608466898021,"Male",43,54498,0,"White","<HS","Never",0,"South",1.37349180227699,4.03608466898021,4.93608466898021,0.9,"hidden_h4_strong","H4: strong hidden variable",4,"strong_hidden",0.24,0.190746094286114,0.880796535562051
0,2.83129363233082,"Female",46,61493,0,"White","Some college","Never",0,"Coastal",-0.455684841041907,2.83129363233082,3.73129363233082,0.9,"hidden_h4_strong","H4: strong hidden variable",4,"strong_hidden",0.24,0.146906385490368,0.643500264795653
0,4.7596251004791,"Female",27,64923,0,"White","<HS","Ever",6,"Inland",-0.783494572098489,4.7596251004791,5.6596251004791,0.9,"hidden_h4_strong","H4: strong hidden variable",4,"strong_hidden",0.24,0.175698707186867,0.796502847418229
0,2.80907204986571,"Female",65,61781,0,"Mexican American","Some college","Ever",6,"Inland",-0.313587431675377,2.80907204986571,3.70907204986571,0.9,"hidden_h4_strong","H4: strong hidden variable",4,"strong_hidden",0.24,0.173582932672662,0.784896678942059
0,2.43538503267036,"Female",67,54896,1,"Black","Some college","Never",0,"Inland",-1.19085361430026,2.43538503267036,3.33538503267036,0.9,"hidden_h4_strong","H4: strong hidden variable",4,"strong_hidden",0.24,0.123808560735348,0.528027348836192
0,1.77790783075943,"Female",27,59452,0,"White","HS","Ever",7,"South",-0.263137388280392,1.77790783075943,2.67790783075943,0.9,"hidden_h4_strong","H4: strong hidden variable",4,"strong_hidden",0.24,0.251777769007817,1.25745230417708
1,4.64149046593547,"Male",51,64837,0,"Black","HS","Ever",6,"Coastal",1.23155984893635,3.74149046593547,4.64149046593547,0.9,"hidden_h4_strong","H4: strong hidden variable",4,"strong_hidden",0.24,0.294665154655904,1
1,4.96766582366272,"Female",46,74272,0,"Black","<HS","Never",0,"North",0.376353108114043,4.06766582366272,4.96766582366272,0.9,"hidden_h4_strong","H4: strong hidden variable",4,"strong_hidden",0.24,0.135905665813129,1
0,1.68905453669065,"Male",39,32726,0,"Mexican American","HS","Never",0,"Coastal",-0.781956741546022,1.68905453669065,2.58905453669065,0.9,"hidden_h4_strong","H4: strong hidden variable",4,"strong_hidden",0.24,0.22970343287682,1.11433115027803
1,4.10567074446498,"Female",41,21777,0,"Mexican American","Some college","Ever",6,"North",0.870692081080233,3.20567074446498,4.10567074446498,0.9,"hidden_h4_strong","H4: strong hidden variable",4,"strong_hidden",0.24,0.139280385767989,1
0,5.00232220691264,"Female",76,59458,0,"Other","College+","Ever",5,"North",-0.340632178186711,5.00232220691264,5.90232220691264,0.9,"hidden_h4_strong","H4: strong hidden variable",4,"strong_hidden",0.24,0.323842117447476,1.78974007574525
1,4.90672489875627,"Male",38,69707,0,"White","<HS","Never",0,"Inland",1.1855694126742,4.00672489875627,4.90672489875627,0.9,"hidden_h4_strong","H4: strong hidden variable",4,"strong_hidden",0.24,0.202849137108707,1
0,0.85987235184675,"Female",45,84026,0,"White","Some college","Never",0,"North",-1.14633437618726,0.85987235184675,1.75987235184675,0.9,"hidden_h4_strong","H4: strong hidden variable",4,"strong_hidden",0.24,0.163097260777324,0.728243179000549
0,2.67353121556297,"Male",64,78866,0,"White","College+","Never",0,"North",0.183101682664509,2.67353121556297,3.57353121556297,0.9,"hidden_h4_strong","H4: strong hidden variable",4,"strong_hidden",0.24,0.269978749655773,1.38197067381845
0,3.43476673778672,"Male",47,65879,0,"Black","Some college","Never",0,"South",-0.634724842184768,3.43476673778672,4.33476673778672,0.9,"hidden_h4_strong","H4: strong hidden variable",4,"strong_hidden",0.24,0.178751787480181,0.813356054435095
1,5.16649522914307,"Male",59,69411,0,"White","HS","Never",0,"Coastal",1.23139239274111,4.26649522914307,5.16649522914307,0.9,"hidden_h4_strong","H4: strong hidden variable",4,"strong_hidden",0.24,0.287026680875141,1
1,4.79176560156584,"Female",37,64199,0,"Mexican American","College+","Never",0,"North",1.89846373372919,3.89176560156584,4.79176560156584,0.9,"hidden_h4_strong","H4: strong hidden variable",4,"strong_hidden",0.24,0.175465550201592,1
0,4.45723923825886,"Male",23,54896,1,"White","College+","Never",0,"North",-0.222330716598,4.45723923825886,5.35723923825886,0.9,"hidden_h4_strong","H4: strong hidden variable",4,"strong_hidden",0.24,0.225709424375434,1.08930743459003
1,4.71169690034495,"Female",27,25520,0,"Black","HS","Never",0,"North",1.01632068051615,3.81169690034495,4.71169690034495,0.9,"hidden_h4_strong","H4: strong hidden variable",4,"strong_hidden",0.24,0.151302238224965,1
0,1.51994463767158,"Female",48,60431,0,"Other","Some college","Never",0,"South",0.927624709139464,1.51994463767158,2.41994463767158,0.9,"hidden_h4_strong","H4: strong hidden variable",4,"strong_hidden",0.24,0.227720168807783,1.10187302665264
0,3.23288666026359,"Female",77,49840,0,"White","Some college","Ever",4,"South",0.589980156365515,3.23288666026359,4.13288666026359,0.9,"hidden_h4_strong","H4: strong hidden variable",4,"strong_hidden",0.24,0.159221712453438,0.707661470307844
0,1.32158657094534,"Female",54,48107,0,"White","<HS","Ever",3,"Inland",-0.430903025798368,1.32158657094534,2.22158657094534,0.9,"hidden_h4_strong","H4: strong hidden variable",4,"strong_hidden",0.24,0.144690469640678,0.632151776628097
1,3.12141511508752,"Female",30,45702,0,"White","HS","Never",0,"Inland",0.882962052381843,2.22141511508752,3.12141511508752,0.9,"hidden_h4_strong","H4: strong hidden variable",4,"strong_hidden",0.24,0.189715102537282,1
0,2.32865151874384,"Female",46,79536,0,"Mexican American","<HS","Ever",9,"Coastal",-0.0253389738498282,2.32865151874384,3.22865151874384,0.9,"hidden_h4_strong","H4: strong hidden variable",4,"strong_hidden",0.24,0.211231561581571,1.00072334899862
0,3.06166459243591,"Male",53,95867,0,"White","<HS","Never",0,"North",-0.619125401151388,3.06166459243591,3.96166459243591,0.9,"hidden_h4_strong","H4: strong hidden variable",4,"strong_hidden",0.24,0.23163144207995,1.12650383301765
0,1.44110000927499,"Female",34,55987,0,"White","HS","Never",0,"North",-2.10753036596501,1.44110000927499,2.34110000927499,0.9,"hidden_h4_strong","H4: strong hidden variable",4,"strong_hidden",0.24,0.199683900612667,0.932365609193452
0,4.96317106498271,"Female",38,30254,0,"White","Some college","Never",0,"South",2.3731057450828,4.96317106498271,5.86317106498271,0.9,"hidden_h4_strong","H4: strong hidden variable",4,"strong_hidden",0.24,0.12503513003414,0.53400605508523
0,2.06646154324958,"Female",50,61993,0,"Mexican American","<HS","Ever",7,"Coastal",-2.1421129217399,2.06646154324958,2.96646154324958,0.9,"hidden_h4_strong","H4: strong hidden variable",4,"strong_hidden",0.24,0.178113690932145,0.809823369066633
1,3.54115582982565,"Female",56,70604,0,"Mexican American","Some college","Never",0,"South",0.861778276345845,2.64115582982565,3.54115582982565,0.9,"hidden_h4_strong","H4: strong hidden variable",4,"strong_hidden",0.24,0.147222440693331,1
0,1.62267918886954,"Female",40,40215,0,"Black","HS","Never",0,"North",-0.857148422045758,1.62267918886954,2.52267918886954,0.9,"hidden_h4_strong","H4: strong hidden variable",4,"strong_hidden",0.24,0.16494013827866,0.738097089587216
1,3.22561845443096,"Male",41,41978,0,"Other","HS","Never",0,"South",0.819673748230922,2.32561845443096,3.22561845443096,0.9,"hidden_h4_strong","H4: strong hidden variable",4,"strong_hidden",0.24,0.365713642115102,1
0,1.16446466685453,"Male",37,35049,0,"Other","Some college","Ever",6,"Inland",-0.441423986933044,1.16446466685453,2.06446466685453,0.9,"hidden_h4_strong","H4: strong hidden variable",4,"strong_hidden",0.24,0.313158845312442,1.70377845126572
0,2.62455511632439,"Female",39,51352,0,"White","Some college","Ever",7,"Inland",-0.143594602384811,2.62455511632439,3.52455511632439,0.9,"hidden_h4_strong","H4: strong hidden variable",4,"strong_hidden",0.24,0.177172633484774,0.804623404190104
0,2.80783005762317,"Male",76,71437,0,"White","<HS","Never",0,"South",0.928471871134996,2.80783005762317,3.70783005762317,0.9,"hidden_h4_strong","H4: strong hidden variable",4,"strong_hidden",0.24,0.214465259462139,1.02022580328602
1,2.56535845799426,"Male",80,67401,0,"Other","College+","Never",0,"South",-0.330222446498668,1.66535845799426,2.56535845799426,0.9,"hidden_h4_strong","H4: strong hidden variable",4,"strong_hidden",0.24,0.37933770094279,1
0,5.22140358874271,"Male",53,92221,0,"Mexican American","<HS","Never",0,"Coastal",1.42911293820001,5.22140358874271,6.12140358874271,0.9,"hidden_h4_strong","H4: strong hidden variable",4,"strong_hidden",0.24,0.216949585051554,1.03531819747952
0,4.17234325324408,"Female",52,39634,0,"Black","Some college","Ever",4,"Inland",-1.40964600241422,4.17234325324408,5.07234325324408,0.9,"hidden_h4_strong","H4: strong hidden variable",4,"strong_hidden",0.24,0.128276949199875,0.549888757059728
0,3.39798380707166,"Male",54,51008,0,"White","HS","Never",0,"South",0.534490651821238,3.39798380707166,4.29798380707166,0.9,"hidden_h4_strong","H4: strong hidden variable",4,"strong_hidden",0.24,0.26498754087164,1.34721063269263
0,2.27885905282075,"Female",18,45946,0,"Mexican American","<HS","Never",0,"South",-0.488948800014283,2.27885905282075,3.17885905282075,0.9,"hidden_h4_strong","H4: strong hidden variable",4,"strong_hidden",0.24,0.123400895309188,0.526043956639895
0,0.357307956378698,"Female",61,41703,0,"White","College+","Never",0,"Coastal",-0.398581577682676,0.357307956378698,1.2573079563787,0.9,"hidden_h4_strong","H4: strong hidden variable",4,"strong_hidden",0.24,0.172218767154324,0.777444951495741
1,6.57176389377007,"Female",28,48532,0,"White","Some college","Ever",11,"Coastal",-0.0413931989835654,5.67176389377007,6.57176389377007,0.9,"hidden_h4_strong","H4: strong hidden variable",4,"strong_hidden",0.24,0.209507472318361,1
0,1.50593147155962,"Male",71,62908,0,"Other","<HS","Never",0,"Coastal",-0.944571906858757,1.50593147155962,2.40593147155962,0.9,"hidden_h4_strong","H4: strong hidden variable",4,"strong_hidden",0.24,0.307232878686081,1.65723909503366
0,2.3947115926825,"Male",50,42168,0,"Black","Some college","Ever",9,"Inland",0.316402388722568,2.3947115926825,3.2947115926825,0.9,"hidden_h4_strong","H4: strong hidden variable",4,"strong_hidden",0.24,0.224373274436332,1.08099356504268
0,2.76030346913637,"Female",31,24176,0,"White","HS","Never",0,"North",-0.161353498773695,2.76030346913637,3.66030346913637,0.9,"hidden_h4_strong","H4: strong hidden variable",4,"strong_hidden",0.24,0.172219975534737,0.777451541381818
0,3.50825262501158,"Male",58,33270,0,"White","HS","Never",0,"Inland",0.479649933932724,3.50825262501158,4.40825262501158,0.9,"hidden_h4_strong","H4: strong hidden variable",4,"strong_hidden",0.24,0.247413370836915,1.22848940669676
1,3.62692942095736,"Male",61,67344,0,"White","Some college","Ever",8,"Inland",0.87653873420938,2.72692942095736,3.62692942095736,0.9,"hidden_h4_strong","H4: strong hidden variable",4,"strong_hidden",0.24,0.271408930315056,1
0,2.790901783551,"Female",62,58458,0,"Black","HS","Never",0,"Inland",-0.160605273438584,2.790901783551,3.690901783551,0.9,"hidden_h4_strong","H4: strong hidden variable",4,"strong_hidden",0.24,0.184628216175544,0.846149579506345
0,5.04512136732919,"Female",64,54896,1,"White","HS","Ever",5,"North",0.620682606848005,5.04512136732919,5.94512136732919,0.9,"hidden_h4_strong","H4: strong hidden variable",4,"strong_hidden",0.24,0.228823297296078,1.10879455902005
0,2.04658627265589,"Male",35,55152,0,"Black","<HS","Never",0,"South",-0.528035054179916,2.04658627265589,2.94658627265589,0.9,"hidden_h4_strong","H4: strong hidden variable",4,"strong_hidden",0.24,0.166609483764157,0.747060737957656
0,3.07202124074778,"Female",66,63001,0,"White","<HS","Never",0,"Inland",-0.953611552597785,3.07202124074778,3.97202124074778,0.9,"hidden_h4_strong","H4: strong hidden variable",4,"strong_hidden",0.24,0.151240815462957,0.665869727895293
0,4.09072325470103,"Female",42,54896,1,"White","Some college","Never",0,"South",0.336957028065789,4.09072325470103,4.99072325470103,0.9,"hidden_h4_strong","H4: strong hidden variable",4,"strong_hidden",0.24,0.136899755960659,0.592715360477551
0,3.08471782449915,"Male",50,31641,0,"Black","Some college","Never",0,"Inland",-0.0206570881340277,3.08471782449915,3.98471782449915,0.9,"hidden_h4_strong","H4: strong hidden variable",4,"strong_hidden",0.24,0.153107053394068,0.675571671754578
1,5.40682778003369,"Male",43,54896,1,"White","<HS","Ever",7,"North",1.40609091707581,4.50682778003369,5.40682778003369,0.9,"hidden_h4_strong","H4: strong hidden variable",4,"strong_hidden",0.24,0.233072102062986,1
0,3.59771134225075,"Male",57,54896,1,"White","HS","Ever",7,"South",-0.762533758564264,3.59771134225075,4.49771134225075,0.9,"hidden_h4_strong","H4: strong hidden variable",4,"strong_hidden",0.24,0.322594088269595,1.77955809224553
0,3.52924026575184,"Male",52,64211,0,"White","<HS","Never",0,"North",-0.883638878308575,3.52924026575184,4.42924026575184,0.9,"hidden_h4_strong","H4: strong hidden variable",4,"strong_hidden",0.24,0.201528783840189,0.943153904154973
1,2.54562834989118,"Female",58,73054,0,"Mexican American","College+","Never",0,"Coastal",-0.646266772558671,1.64562834989118,2.54562834989118,0.9,"hidden_h4_strong","H4: strong hidden variable",4,"strong_hidden",0.24,0.187770460529498,1
0,3.82144107446846,"Female",43,50287,0,"White","Some college","Ever",7,"Inland",-0.282756336210112,3.82144107446846,4.72144107446846,0.9,"hidden_h4_strong","H4: strong hidden variable",4,"strong_hidden",0.24,0.177241359191592,0.805002756544059
0,2.40326077791763,"Male",55,85656,0,"White","Some college","Never",0,"Inland",-0.613460064895761,2.40326077791763,3.30326077791763,0.9,"hidden_h4_strong","H4: strong hidden variable",4,"strong_hidden",0.24,0.223302146255791,1.07434938606008
0,4.20355802001532,"Male",62,54896,1,"White","College+","Never",0,"South",-0.519831727574439,4.20355802001532,5.10355802001532,0.9,"hidden_h4_strong","H4: strong hidden variable",4,"strong_hidden",0.24,0.236790515771179,1.15937863423541
0,3.43163505043665,"Male",41,70582,0,"Black","<HS","Never",0,"South",-1.15800908283734,3.43163505043665,4.33163505043665,0.9,"hidden_h4_strong","H4: strong hidden variable",4,"strong_hidden",0.24,0.180280405352066,0.8218412904511
0,3.68117017022167,"Male",58,94131,0,"Black","HS","Ever",6,"Inland",0.418338592658411,3.68117017022167,4.58117017022167,0.9,"hidden_h4_strong","H4: strong hidden variable",4,"strong_hidden",0.24,0.332093232374064,1.85801377341839
1,3.38415015165378,"Male",62,54896,1,"White","College+","Never",0,"South",1.01304968583533,2.48415015165378,3.38415015165378,0.9,"hidden_h4_strong","H4: strong hidden variable",4,"strong_hidden",0.24,0.236790515771179,1
0,3.1752935149959,"Female",57,54287,0,"White","College+","Never",0,"North",0.063137586867592,3.1752935149959,4.0752935149959,0.9,"hidden_h4_strong","H4: strong hidden variable",4,"strong_hidden",0.24,0.181473679109321,0.828487084391876
0,2.7480589325836,"Male",31,54896,1,"White","<HS","Ever",5,"Coastal",0.426530797552794,2.7480589325836,3.6480589325836,0.9,"hidden_h4_strong","H4: strong hidden variable",4,"strong_hidden",0.24,0.209039831797224,0.987595679959366
0,4.12973373714597,"Male",18,27670,0,"White","HS","Ever",4,"South",-0.362359579275536,4.12973373714597,5.02973373714597,0.9,"hidden_h4_strong","H4: strong hidden variable",4,"strong_hidden",0.24,0.250256513130794,1.24731870534627
0,1.96409719791235,"Female",55,54896,1,"Mexican American","Some college","Never",0,"Coastal",-0.102473071764843,1.96409719791235,2.86409719791235,0.9,"hidden_h4_strong","H4: strong hidden variable",4,"strong_hidden",0.24,0.131857390652059,0.567568328029466
0,2.03134850975395,"Male",68,83488,0,"Black","Some college","Never",0,"Inland",-0.516378338590976,2.03134850975395,2.93134850975395,0.9,"hidden_h4_strong","H4: strong hidden variable",4,"strong_hidden",0.24,0.198876551369275,0.927660115524593
0,1.07815207965853,"Female",30,56158,0,"Other","Some college","Ever",5,"Inland",-0.808032717368632,1.07815207965853,1.97815207965853,0.9,"hidden_h4_strong","H4: strong hidden variable",4,"strong_hidden",0.24,0.24913638088807,1.23988337476854
1,4.62274366654797,"Female",41,15971,0,"White","<HS","Ever",1,"Coastal",2.0632167786532,3.72274366654797,4.62274366654797,0.9,"hidden_h4_strong","H4: strong hidden variable",4,"strong_hidden",0.24,0.109402524570217,1
0,2.71071919332521,"Male",59,60895,0,"Black","HS","Ever",3,"North",0.0831026499118956,2.71071919332521,3.61071919332521,0.9,"hidden_h4_strong","H4: strong hidden variable",4,"strong_hidden",0.24,0.256791766964186,1.29114593248923
0,2.90314158629391,"Female",36,55501,0,"White","Some college","Ever",3,"South",0.492062863856626,2.90314158629391,3.80314158629391,0.9,"hidden_h4_strong","H4: strong hidden variable",4,"strong_hidden",0.24,0.146998966430558,0.643975687683803
0,1.05173426953213,"Male",46,56111,0,"Mexican American","College+","Never",0,"South",-0.729679359976241,1.05173426953213,1.95173426953213,0.9,"hidden_h4_strong","H4: strong hidden variable",4,"strong_hidden",0.24,0.22896171907977,1.10966447908342
0,2.75793575492046,"Male",78,62405,0,"White","<HS","Never",0,"North",-0.0120102667872403,2.75793575492046,3.65793575492046,0.9,"hidden_h4_strong","H4: strong hidden variable",4,"strong_hidden",0.24,0.206648206866465,0.973353469519114
0,3.1832565169846,"Male",80,46670,0,"Other","Some college","Ever",7,"Coastal",1.11466351008867,3.1832565169846,4.0832565169846,0.9,"hidden_h4_strong","H4: strong hidden variable",4,"strong_hidden",0.24,0.356226200029232,2.06774656459703
0,4.48864435030069,"Female",27,19005,0,"Black","HS","Ever",7,"South",0.282135116735643,4.48864435030069,5.3886443503007,0.9,"hidden_h4_strong","H4: strong hidden variable",4,"strong_hidden",0.24,0.187000805255078,0.859524200407771
0,3.39232384553503,"Female",38,55341,0,"Mexican American","College+","Never",0,"North",0.0591944205407963,3.39232384553503,4.29232384553503,0.9,"hidden_h4_strong","H4: strong hidden variable",4,"strong_hidden",0.24,0.168676122718066,0.758207546722059
0,3.78165240251702,"Male",42,61765,0,"Mexican American","College+","Never",1,"Coastal",-0.012792163697346,3.78165240251702,4.68165240251702,0.9,"hidden_h4_strong","H4: strong hidden variable",4,"strong_hidden",0.24,0.244366698286525,1.2084694589433
0,4.12788755645814,"Male",55,54896,1,"White","College+","Never",0,"South",-0.866373581888313,4.12788755645814,5.02788755645814,0.9,"hidden_h4_strong","H4: strong hidden variable",4,"strong_hidden",0.24,0.23477428093539,1.14647795594828
0,3.31171128658827,"Female",31,35740,0,"White","HS","Ever",10,"North",-0.901502572183804,3.31171128658827,4.21171128658827,0.9,"hidden_h4_strong","H4: strong hidden variable",4,"strong_hidden",0.24,0.262331915295961,1.32890790175039
0,2.81679920071835,"Female",33,35376,0,"White","HS","Never",0,"South",-0.397259258087914,2.81679920071835,3.71679920071835,0.9,"hidden_h4_strong","H4: strong hidden variable",4,"strong_hidden",0.24,0.181756498677395,0.830065055286169
0,2.56474847757207,"Female",46,38160,0,"White","<HS","Never",0,"North",-0.404072602575249,2.56474847757207,3.46474847757207,0.9,"hidden_h4_strong","H4: strong hidden variable",4,"strong_hidden",0.24,0.130673282076848,0.561705297249199
0,1.6156646413475,"Male",52,75666,0,"Black","College+","Never",0,"North",-2.09609233861562,1.6156646413475,2.5156646413475,0.9,"hidden_h4_strong","H4: strong hidden variable",4,"strong_hidden",0.24,0.233753356497435,1.13997156426471
0,4.11977723005705,"Male",51,54586,0,"White","Some college","Ever",2,"North",-1.1423398946083,4.11977723005705,5.01977723005705,0.9,"hidden_h4_strong","H4: strong hidden variable",4,"strong_hidden",0.24,0.192179774426076,0.888991696568532
0,3.51236340282421,"Male",55,62058,0,"White","Some college","Ever",3,"Coastal",-0.647619228150335,3.51236340282421,4.41236340282421,0.9,"hidden_h4_strong","H4: strong hidden variable",4,"strong_hidden",0.24,0.209537929761121,0.99057271444334
0,4.75932417397881,"Female",18,57276,0,"Black","HS","Ever",8,"North",-0.467964322169914,4.75932417397881,5.65932417397881,0.9,"hidden_h4_strong","H4: strong hidden variable",4,"strong_hidden",0.24,0.229537899206851,1.11328887641171
0,4.27379680842086,"Female",42,48298,0,"White","Some college","Never",0,"South",-1.17645992726862,4.27379680842086,5.17379680842086,0.9,"hidden_h4_strong","H4: strong hidden variable",4,"strong_hidden",0.24,0.137187573715238,0.594159618198173
1,2.77872120628003,"Male",24,64151,0,"White","<HS","Ever",9,"North",1.08260127598405,1.87872120628003,2.77872120628003,0.9,"hidden_h4_strong","H4: strong hidden variable",4,"strong_hidden",0.24,0.266916211151194,1
0,2.38796140687122,"Male",48,77637,0,"White","HS","Never",0,"North",-0.265210678956746,2.38796140687122,3.28796140687122,0.9,"hidden_h4_strong","H4: strong hidden variable",4,"strong_hidden",0.24,0.292824410958702,1.54733648230533
0,5.20689977228168,"Male",27,52350,0,"White","HS","Never",0,"North",0.637506001298032,5.20689977228168,6.10689977228168,0.9,"hidden_h4_strong","H4: strong hidden variable",4,"strong_hidden",0.24,0.258093484524241,1.29996782606202
0,0.431647262455743,"Female",39,86222,0,"White","<HS","Never",0,"North",-1.7933648548665,0.431647262455743,1.33164726245574,0.9,"hidden_h4_strong","H4: strong hidden variable",4,"strong_hidden",0.24,0.162611417384009,0.725652586973166
1,3.59035340994721,"Female",18,40978,0,"White","College+","Never",0,"Coastal",0.883801590714543,2.69035340994721,3.59035340994721,0.9,"hidden_h4_strong","H4: strong hidden variable",4,"strong_hidden",0.24,0.162091030160322,1
0,2.19722999736012,"Male",30,44758,0,"White","Some college","Never",0,"Inland",-1.51517590679257,2.19722999736012,3.09722999736012,0.9,"hidden_h4_strong","H4: strong hidden variable",4,"strong_hidden",0.24,0.180356869713742,0.822266569213351
0,6.06361805970046,"Male",57,38963,0,"Other","HS","Ever",6,"Coastal",1.18144968242179,6.06361805970046,6.96361805970046,0.9,"hidden_h4_strong","H4: strong hidden variable",4,"strong_hidden",0.24,0.422858300743905,2.49690895973023
0,2.28715175319334,"Female",47,60326,0,"Other","<HS","Ever",8,"Coastal",0.0189954932944125,2.28715175319334,3.18715175319334,0.9,"hidden_h4_strong","H4: strong hidden variable",4,"strong_hidden",0.24,0.293527875691994,1.55259816659954
0,2.03851682097849,"Male",46,67758,0,"White","Some college","Never",0,"South",0.57294001985781,2.03851682097849,2.93851682097849,0.9,"hidden_h4_strong","H4: strong hidden variable",4,"strong_hidden",0.24,0.204167646271036,0.958672079041806
0,5.11686164259635,"Female",52,66505,0,"Other","College+","Ever",6,"North",0.556451551220823,5.11686164259635,6.01686164259635,0.9,"hidden_h4_strong","H4: strong hidden variable",4,"strong_hidden",0.24,0.337356464777027,1.90245248772755
0,3.75858328176296,"Female",73,85855,0,"White","<HS","Ever",1,"Inland",-1.13436096276409,3.75858328176296,4.65858328176296,0.9,"hidden_h4_strong","H4: strong hidden variable",4,"strong_hidden",0.24,0.160156326910143,0.712607506609248
0,2.46459166554412,"Female",53,92770,0,"Other","Some college","Never",0,"North",1.10375042717654,2.46459166554412,3.36459166554412,0.9,"hidden_h4_strong","H4: strong hidden variable",4,"strong_hidden",0.24,0.262426955005774,1.32956064714818
0,2.43005440479678,"Female",22,29899,0,"White","<HS","Never",0,"South",0.144543876965048,2.43005440479678,3.33005440479678,0.9,"hidden_h4_strong","H4: strong hidden variable",4,"strong_hidden",0.24,0.121390865340855,0.516291578252276
1,4.86000426741913,"Male",41,8000,0,"White","Some college","Ever",8,"Coastal",1.9533744908581,3.96000426741912,4.86000426741913,0.9,"hidden_h4_strong","H4: strong hidden variable",4,"strong_hidden",0.24,0.205955124479399,1
1,7.62943447182635,"Male",53,63556,0,"White","Some college","Never",0,"Coastal",1.16662400787208,6.72943447182635,7.62943447182635,0.9,"hidden_h4_strong","H4: strong hidden variable",4,"strong_hidden",0.24,0.202195945492986,1
1,6.17676088498923,"Female",80,90933,0,"White","Some college","Ever",8,"South",0.910391032702781,5.27676088498923,6.17676088498923,0.9,"hidden_h4_strong","H4: strong hidden variable",4,"strong_hidden",0.24,0.233309735447112,1
0,4.48410000333982,"Male",65,51539,0,"Black","Some college","Never",0,"North",-1.03101319614318,4.48410000333982,5.38410000333982,0.9,"hidden_h4_strong","H4: strong hidden variable",4,"strong_hidden",0.24,0.171390854246326,0.772934457562803
0,2.22687538397964,"Female",31,53886,0,"Mexican American","College+","Never",0,"Inland",0.107954606755019,2.22687538397964,3.12687538397964,0.9,"hidden_h4_strong","H4: strong hidden variable",4,"strong_hidden",0.24,0.165989672915497,0.743728439140346
0,4.44979390805677,"Male",63,57208,0,"White","HS","Never",0,"Coastal",0.198992524551308,4.44979390805677,5.34979390805677,0.9,"hidden_h4_strong","H4: strong hidden variable",4,"strong_hidden",0.24,0.274613810329017,1.41467877902346
0,2.14179349474404,"Male",23,54631,0,"White","<HS","Ever",4,"Inland",0.371603179951217,2.14179349474404,3.04179349474404,0.9,"hidden_h4_strong","H4: strong hidden variable",4,"strong_hidden",0.24,0.203249742895017,0.953262569244371
0,0.704388360165059,"Female",18,9692,0,"White","Some college","Never",0,"North",-0.0282239891701308,0.704388360165059,1.60438836016506,0.9,"hidden_h4_strong","H4: strong hidden variable",4,"strong_hidden",0.24,0.10988569185262,0.461317694056047
0,1.32417368224566,"Female",51,69137,0,"White","Some college","Never",0,"North",-0.848208401616176,1.32417368224566,2.22417368224566,0.9,"hidden_h4_strong","H4: strong hidden variable",4,"strong_hidden",0.24,0.15334913587914,0.676833311159402
0,2.64658694950068,"Male",52,54896,1,"White","College+","Never",0,"Coastal",-0.773521182167529,2.64658694950068,3.54658694950068,0.9,"hidden_h4_strong","H4: strong hidden variable",4,"strong_hidden",0.24,0.233913831784459,1.14099313090545
0,1.45466350451008,"Female",39,53397,0,"Black","College+","Ever",4,"North",-0.701314329642989,1.45466350451008,2.35466350451008,0.9,"hidden_h4_strong","H4: strong hidden variable",4,"strong_hidden",0.24,0.170038789139327,0.765587714785947
1,5.49214439989149,"Male",48,76940,0,"Mexican American","Some college","Never",0,"Coastal",1.07131046562015,4.59214439989149,5.49214439989149,0.9,"hidden_h4_strong","H4: strong hidden variable",4,"strong_hidden",0.24,0.202568032591607,1
1,4.03357124460987,"Male",61,74241,0,"White","HS","Ever",10,"Inland",1.35447744470592,3.13357124460987,4.03357124460987,0.9,"hidden_h4_strong","H4: strong hidden variable",4,"strong_hidden",0.24,0.399384668716335,1
0,2.39770208296101,"Male",18,39443,0,"White","College+","Never",0,"Coastal",-0.310428869454047,2.39770208296101,3.29770208296101,0.9,"hidden_h4_strong","H4: strong hidden variable",4,"strong_hidden",0.24,0.216275872431666,1.03121590624337
1,5.80286655754792,"Female",36,64958,0,"Mexican American","HS","Never",0,"South",1.39914659370649,4.90286655754792,5.80286655754792,0.9,"hidden_h4_strong","H4: strong hidden variable",4,"strong_hidden",0.24,0.197924324709325,1
1,6.98586645929023,"Male",54,47289,0,"Other","Some college","Ever",11,"Inland",2.30333219533431,6.08586645929023,6.98586645929023,0.9,"hidden_h4_strong","H4: strong hidden variable",4,"strong_hidden",0.24,0.403979931148623,1
1,2.91335186134852,"Male",30,20711,0,"White","College+","Ever",5,"Coastal",1.24751890264205,2.01335186134852,2.91335186134852,0.9,"hidden_h4_strong","H4: strong hidden variable",4,"strong_hidden",0.24,0.231128366158012,1
0,3.02424214630645,"Female",54,86802,0,"Mexican American","<HS","Ever",6,"North",0.738698989917193,3.02424214630645,3.92424214630645,0.9,"hidden_h4_strong","H4: strong hidden variable",4,"strong_hidden",0.24,0.190762177306508,0.880888307812865
0,2.75068082058335,"Male",49,36782,0,"White","Some college","Ever",6,"South",-1.18476742312837,2.75068082058335,3.65068082058335,0.9,"hidden_h4_strong","H4: strong hidden variable",4,"strong_hidden",0.24,0.214649099631871,1.02133936942737
0,2.82398979053137,"Male",56,92438,0,"White","<HS","Never",0,"South",-0.963772640987274,2.82398979053137,3.72398979053137,0.9,"hidden_h4_strong","H4: strong hidden variable",4,"strong_hidden",0.24,0.229100734854886,1.1105384465392
0,1.91078057337199,"Female",48,19494,0,"White","College+","Never",0,"South",0.354973696477645,1.91078057337199,2.81078057337199,0.9,"hidden_h4_strong","H4: strong hidden variable",4,"strong_hidden",0.24,0.152610269975958,0.672984887987205
1,2.73233845736528,"Male",25,54896,1,"Mexican American","College+","Ever",10,"North",0.206357042628142,1.83233845736528,2.73233845736528,0.9,"hidden_h4_strong","H4: strong hidden variable",4,"strong_hidden",0.24,0.305370213399339,1
0,4.58250780074508,"Female",53,59669,0,"White","HS","Never",0,"South",-0.128061397865472,4.58250780074508,5.48250780074508,0.9,"hidden_h4_strong","H4: strong hidden variable",4,"strong_hidden",0.24,0.207934175615288,0.981000768674735
1,3.87283842492408,"Female",45,54896,1,"White","College+","Ever",6,"South",1.4532333392108,2.97283842492408,3.87283842492408,0.9,"hidden_h4_strong","H4: strong hidden variable",4,"strong_hidden",0.24,0.20907221640298,1
0,2.51803426732906,"Female",54,29004,0,"Mexican American","Some college","Ever",6,"Inland",0.912545520728816,2.51803426732906,3.41803426732906,0.9,"hidden_h4_strong","H4: strong hidden variable",4,"strong_hidden",0.24,0.146751761870626,0.642706469552134
0,4.25635088789518,"Male",54,44517,0,"White","<HS","Never",0,"South",0.837871839421116,4.25635088789518,5.15635088789518,0.9,"hidden_h4_strong","H4: strong hidden variable",4,"strong_hidden",0.24,0.184960776440118,0.848019576536147
0,1.43802989488429,"Female",53,53953,0,"Black","Some college","Never",0,"North",-0.863925200239313,1.43802989488429,2.33802989488429,0.9,"hidden_h4_strong","H4: strong hidden variable",4,"strong_hidden",0.24,0.12506184168109,0.534136443029967
0,3.05127069942662,"Male",33,44716,0,"White","<HS","Never",0,"Coastal",-0.695363562360824,3.05127069942662,3.95127069942662,0.9,"hidden_h4_strong","H4: strong hidden variable",4,"strong_hidden",0.24,0.180117061852941,0.820933073847712
0,0.792832148839188,"Female",72,46746,0,"Mexican American","HS","Never",0,"North",-0.161651401209082,0.792832148839188,1.69283214883919,0.9,"hidden_h4_strong","H4: strong hidden variable",4,"strong_hidden",0.24,0.191073064350182,0.882662995356737
0,3.56301471763032,"Male",41,48981,0,"White","College+","Never",0,"South",-0.722057490059466,3.56301471763032,4.46301471763032,0.9,"hidden_h4_strong","H4: strong hidden variable",4,"strong_hidden",0.24,0.23188578776665,1.12811423293296
0,2.4027949287214,"Male",69,72622,0,"White","HS","Never",0,"South",0.36772937298388,2.4027949287214,3.3027949287214,0.9,"hidden_h4_strong","H4: strong hidden variable",4,"strong_hidden",0.24,0.294001846242247,1.55614922250931
0,2.98546431175295,"Male",46,67916,0,"Mexican American","College+","Never",0,"Coastal",-0.072562811893401,2.98546431175295,3.88546431175295,0.9,"hidden_h4_strong","H4: strong hidden variable",4,"strong_hidden",0.24,0.240757152103094,1.18495875939321
1,1.83923130422777,"Female",36,45145,0,"Other","HS","Ever",2,"Coastal",0.0296240986858085,0.939231304227773,1.83923130422777,0.9,"hidden_h4_strong","H4: strong hidden variable",4,"strong_hidden",0.24,0.285974320678456,1
1,4.22113426582141,"Female",19,61107,0,"Mexican American","Some college","Ever",6,"Coastal",0.992168190587305,3.32113426582141,4.22113426582141,0.9,"hidden_h4_strong","H4: strong hidden variable",4,"strong_hidden",0.24,0.162774989823976,1
0,3.3324216226351,"Female",34,70757,0,"Mexican American","HS","Never",0,"North",0.341545459739039,3.3324216226351,4.2324216226351,0.9,"hidden_h4_strong","H4: strong hidden variable",4,"strong_hidden",0.24,0.202576924757822,0.949305338022549
1,3.65449130325542,"Female",60,56503,0,"White","College+","Ever",7,"North",0.884477999797283,2.75449130325542,3.65449130325542,0.9,"hidden_h4_strong","H4: strong hidden variable",4,"strong_hidden",0.24,0.231788850437525,1
0,3.78561113978457,"Male",41,48605,0,"Black","College+","Never",0,"North",-0.475027781532167,3.78561113978457,4.68561113978457,0.9,"hidden_h4_strong","H4: strong hidden variable",4,"strong_hidden",0.24,0.205003023638822,0.963606093127802
1,4.41733344107583,"Male",49,55220,0,"White","HS","Never",0,"Inland",1.7026588843769,3.51733344107583,4.41733344107583,0.9,"hidden_h4_strong","H4: strong hidden variable",4,"strong_hidden",0.24,0.268003962988468,1
0,0.869318538245998,"Female",59,75655,0,"Other","Some college","Ever",8,"Coastal",1.87916637408751,0.869318538245998,1.769318538246,0.9,"hidden_h4_strong","H4: strong hidden variable",4,"strong_hidden",0.24,0.316977740517323,1.73419789875289
1,3.08676345297404,"Male",44,54896,1,"Black","HS","Never",0,"Coastal",0.939371431201746,2.18676345297404,3.08676345297404,0.9,"hidden_h4_strong","H4: strong hidden variable",4,"strong_hidden",0.24,0.229838470252979,1
0,2.13431561241664,"Female",40,38736,0,"Other","HS","Never",0,"North",-2.82322208666221,2.13431561241664,3.03431561241664,0.9,"hidden_h4_strong","H4: strong hidden variable",4,"strong_hidden",0.24,0.282101054506755,1.46840597139434
0,1.80512468737105,"Female",24,60114,0,"White","<HS","Ever",5,"Inland",-1.29738645101766,1.80512468737105,2.70512468737105,0.9,"hidden_h4_strong","H4: strong hidden variable",4,"strong_hidden",0.24,0.1627983296121,0.726648875986041
0,5.05965935518306,"Female",54,98135,0,"White","College+","Ever",3,"South",-0.33303105321199,5.05965935518306,5.95965935518306,0.9,"hidden_h4_strong","H4: strong hidden variable",4,"strong_hidden",0.24,0.228412780625564,1.10621647765739
0,3.00004664315565,"Male",47,43261,0,"White","College+","Never",0,"South",-0.036865009827406,3.00004664315565,3.90004664315565,0.9,"hidden_h4_strong","H4: strong hidden variable",4,"strong_hidden",0.24,0.227951831369427,1.10332494272222
1,5.74615015939181,"Male",51,54896,1,"White","Some college","Ever",6,"North",0.941083558530281,4.84615015939181,5.74615015939181,0.9,"hidden_h4_strong","H4: strong hidden variable",4,"strong_hidden",0.24,0.225775693802642,1
0,3.49665596674174,"Female",21,24603,0,"Black","College+","Never",0,"North",0.463766247842206,3.49665596674174,4.39665596674174,0.9,"hidden_h4_strong","H4: strong hidden variable",4,"strong_hidden",0.24,0.131867126147077,0.567616598942354
0,1.84178005550001,"Female",54,72883,0,"White","<HS","Ever",3,"South",1.58244875046966,1.84178005550001,2.74178005550001,0.9,"hidden_h4_strong","H4: strong hidden variable",4,"strong_hidden",0.24,0.162590051469313,0.725538729619196
0,1.58031784177874,"Female",20,34581,0,"White","College+","Ever",3,"Inland",-0.563832068731909,1.58031784177874,2.48031784177874,0.9,"hidden_h4_strong","H4: strong hidden variable",4,"strong_hidden",0.24,0.1645050609234,0.73576680053484
1,4.50074314159642,"Male",46,77700,0,"White","HS","Never",0,"Inland",1.09220876321584,3.60074314159642,4.50074314159642,0.9,"hidden_h4_strong","H4: strong hidden variable",4,"strong_hidden",0.24,0.292235274685952,1
0,2.26307839910366,"Female",49,37111,0,"White","HS","Never",0,"South",-0.0314612905295173,2.26307839910366,3.16307839910366,0.9,"hidden_h4_strong","H4: strong hidden variable",4,"strong_hidden",0.24,0.187054032036707,0.859825142653974
0,3.55752121286349,"Female",46,54896,1,"Black","HS","Ever",5,"Inland",0.449336219144045,3.55752121286349,4.45752121286349,0.9,"hidden_h4_strong","H4: strong hidden variable",4,"strong_hidden",0.24,0.197932007246996,0.922167029906151
0,1.6054634824201,"Female",63,56255,0,"White","Some college","Never",0,"Inland",-1.29549280874269,1.6054634824201,2.5054634824201,0.9,"hidden_h4_strong","H4: strong hidden variable",4,"strong_hidden",0.24,0.146661551223662,0.642243485713879
1,4.49750197421695,"Female",32,62269,0,"White","College+","Never",0,"South",1.90368168246854,3.59750197421694,4.49750197421695,0.9,"hidden_h4_strong","H4: strong hidden variable",4,"strong_hidden",0.24,0.182132172087957,1
0,2.74753806718708,"Female",73,69141,0,"White","HS","Ever",6,"Inland",-0.438247244804335,2.74753806718708,3.64753806718708,0.9,"hidden_h4_strong","H4: strong hidden variable",4,"strong_hidden",0.24,0.264640609644062,1.34481205496237
0,1.41352778432625,"Female",65,54896,1,"White","Some college","Ever",7,"South",-0.912208630670876,1.41352778432625,2.31352778432625,0.9,"hidden_h4_strong","H4: strong hidden variable",4,"strong_hidden",0.24,0.180423905183889,0.822639471736223
0,3.72041323409321,"Female",69,65119,0,"Black","Some college","Never",0,"North",-0.900716693626162,3.72041323409321,4.62041323409321,0.9,"hidden_h4_strong","H4: strong hidden variable",4,"strong_hidden",0.24,0.134974633858035,0.583079889544425
0,3.06324858721578,"Male",33,73282,0,"White","College+","Never",0,"South",-0.555184315328905,3.06324858721578,3.96324858721578,0.9,"hidden_h4_strong","H4: strong hidden variable",4,"strong_hidden",0.24,0.254389223504897,1.2749445038695
0,3.23221965187514,"Male",63,54896,1,"White","HS","Ever",7,"Inland",0.387167471164271,3.23221965187514,4.13221965187514,0.9,"hidden_h4_strong","H4: strong hidden variable",4,"strong_hidden",0.24,0.324693558058248,1.79670810716837
0,2.60048336931785,"Male",62,84538,0,"White","HS","Never",0,"North",-1.36774376273969,2.60048336931785,3.50048336931785,0.9,"hidden_h4_strong","H4: strong hidden variable",4,"strong_hidden",0.24,0.305562333086683,1.6442630439908
0,1.56610889156643,"Female",26,76726,0,"White","HS","Ever",9,"Coastal",0.0147560710041094,1.56610889156643,2.46610889156643,0.9,"hidden_h4_strong","H4: strong hidden variable",4,"strong_hidden",0.24,0.294382902993566,1.55900761424709
0,3.95454199805545,"Female",38,27475,0,"White","College+","Ever",4,"Inland",0.926792952992812,3.95454199805545,4.85454199805545,0.9,"hidden_h4_strong","H4: strong hidden variable",4,"strong_hidden",0.24,0.171422384716472,0.773106071389502
1,3.96348467387815,"Female",32,54896,1,"White","Some college","Ever",3,"Coastal",1.80245429287911,3.06348467387815,3.96348467387815,0.9,"hidden_h4_strong","H4: strong hidden variable",4,"strong_hidden",0.24,0.140974390179519,1
1,5.65004430021988,"Female",80,63243,0,"White","<HS","Never",0,"North",0.123094957461643,4.75004430021988,5.65004430021988,0.9,"hidden_h4_strong","H4: strong hidden variable",4,"strong_hidden",0.24,0.154311591405298,1
0,2.13130937816943,"Female",35,51002,0,"White","Some college","Never",0,"Inland",0.448041313973769,2.13130937816943,3.03130937816943,0.9,"hidden_h4_strong","H4: strong hidden variable",4,"strong_hidden",0.24,0.137643680716749,0.596450318881239
0,3.77896391690079,"Female",24,40251,0,"White","Some college","Never",0,"South",-0.337172817973816,3.77896391690079,4.67896391690079,0.9,"hidden_h4_strong","H4: strong hidden variable",4,"strong_hidden",0.24,0.128714533699895,0.552041675998081
1,3.46197663337489,"Male",80,71388,0,"White","College+","Ever",6,"Coastal",0.711430744957144,2.56197663337489,3.46197663337489,0.9,"hidden_h4_strong","H4: strong hidden variable",4,"strong_hidden",0.24,0.314330461588609,1
0,3.77134237481367,"Female",33,56202,0,"Other","<HS","Never",0,"South",-0.323284651918239,3.77134237481367,4.67134237481367,0.9,"hidden_h4_strong","H4: strong hidden variable",4,"strong_hidden",0.24,0.21841779951407,1.04428277570248
0,2.63044574462406,"Female",18,47729,0,"Mexican American","HS","Never",0,"North",-0.0905587231346144,2.63044574462406,3.53044574462406,0.9,"hidden_h4_strong","H4: strong hidden variable",4,"strong_hidden",0.24,0.178887084940333,0.814105805465559
1,4.84894526949692,"Male",48,21433,0,"Black","Some college","Never",0,"Coastal",1.51376854715481,3.94894526949692,4.84894526949692,0.9,"hidden_h4_strong","H4: strong hidden variable",4,"strong_hidden",0.24,0.145492225484066,1
0,1.25897423868353,"Female",32,27032,0,"Black","HS","Never",0,"North",-1.39022896639812,1.25897423868353,2.15897423868353,0.9,"hidden_h4_strong","H4: strong hidden variable",4,"strong_hidden",0.24,0.153420373903476,0.677204713337101
0,3.53197733406259,"Female",61,59152,0,"Black","HS","Ever",9,"North",-0.136554680539954,3.53197733406259,4.4319773340626,0.9,"hidden_h4_strong","H4: strong hidden variable",4,"strong_hidden",0.24,0.255116891934833,1.27984046520028
0,5.83737662458355,"Male",29,38399,0,"White","College+","Never",0,"North",-1.74585344369287,5.83737662458355,6.73737662458355,0.9,"hidden_h4_strong","H4: strong hidden variable",4,"strong_hidden",0.24,0.21827887781609,1.04343310953911
0,3.63756734741484,"Female",58,65067,0,"Mexican American","College+","Ever",7,"North",0.459988394204569,3.63756734741484,4.53756734741484,0.9,"hidden_h4_strong","H4: strong hidden variable",4,"strong_hidden",0.24,0.228298765490281,1.10550093911109
0,1.88534728051789,"Female",48,54896,1,"Mexican American","HS","Never",0,"Inland",-0.394903563989135,1.88534728051789,2.78534728051789,0.9,"hidden_h4_strong","H4: strong hidden variable",4,"strong_hidden",0.24,0.186150531801884,0.85472212286938
0,3.10647872224205,"Female",38,41516,0,"Mexican American","College+","Never",0,"South",-0.0164649657547753,3.10647872224205,4.00647872224205,0.9,"hidden_h4_strong","H4: strong hidden variable",4,"strong_hidden",0.24,0.158167965373823,0.702098148326187
0,2.08959885703773,"Male",18,39869,0,"Black","Some college","Never",0,"Inland",0.450190868625786,2.08959885703773,2.98959885703773,0.9,"hidden_h4_strong","H4: strong hidden variable",4,"strong_hidden",0.24,0.152408854447178,0.671936968078726
1,5.27222197567078,"Male",60,59218,0,"Black","HS","Never",0,"South",1.44794737802014,4.37222197567078,5.27222197567078,0.9,"hidden_h4_strong","H4: strong hidden variable",4,"strong_hidden",0.24,0.245921338226146,1
0,2.34323122373899,"Male",37,74189,0,"White","College+","Ever",4,"Coastal",-1.50262411975069,2.34323122373899,3.24323122373899,0.9,"hidden_h4_strong","H4: strong hidden variable",4,"strong_hidden",0.24,0.278160252301867,1.43998851009092
0,1.44377323553292,"Male",30,44561,0,"White","College+","Ever",4,"Coastal",0.207472223258111,1.44377323553292,2.34377323553292,0.9,"hidden_h4_strong","H4: strong hidden variable",4,"strong_hidden",0.24,0.244241687737158,1.20765145124772
0,4.78611587724141,"Female",34,70601,0,"White","Some college","Ever",6,"Coastal",1.04795511698202,4.78611587724141,5.68611587724141,0.9,"hidden_h4_strong","H4: strong hidden variable",4,"strong_hidden",0.24,0.182901154749579,0.836462736598301
0,1.6169324419994,"Male",40,26882,0,"Mexican American","HS","Never",0,"North",-0.545753599964398,1.6169324419994,2.5169324419994,0.9,"hidden_h4_strong","H4: strong hidden variable",4,"strong_hidden",0.24,0.224281484227879,1.08042347404771
0,2.92100789146487,"Female",63,76847,0,"White","Some college","Never",0,"Inland",-1.51869481550689,2.92100789146487,3.82100789146487,0.9,"hidden_h4_strong","H4: strong hidden variable",4,"strong_hidden",0.24,0.161580931331522,0.720167813652168
0,2.80012643780391,"Male",53,54896,1,"White","HS","Never",0,"Coastal",-1.47865516912527,2.80012643780391,3.70012643780391,0.9,"hidden_h4_strong","H4: strong hidden variable",4,"strong_hidden",0.24,0.261283577460022,1.32171892200428
1,4.57593853218313,"Female",55,40854,0,"Black","College+","Never",0,"North",0.445077085676939,3.67593853218313,4.57593853218313,0.9,"hidden_h4_strong","H4: strong hidden variable",4,"strong_hidden",0.24,0.14933516530251,1
0,1.89809620702858,"Female",55,32515,0,"White","Some college","Never",0,"North",0.0183172719524349,1.89809620702858,2.79809620702858,0.9,"hidden_h4_strong","H4: strong hidden variable",4,"strong_hidden",0.24,0.129448893275661,0.555659594406076
1,3.10070319643795,"Male",43,26931,0,"Other","College+","Ever",2,"South",0.0346752984112209,2.20070319643795,3.10070319643795,0.9,"hidden_h4_strong","H4: strong hidden variable",4,"strong_hidden",0.24,0.312862750737179,1
0,1.56089055414632,"Female",50,83608,0,"Other","College+","Never",0,"Inland",-1.18445352672259,1.56089055414632,2.46089055414632,0.9,"hidden_h4_strong","H4: strong hidden variable",4,"strong_hidden",0.24,0.307045049883227,1.65577700314129
0,2.33705735208782,"Female",18,37889,0,"White","Some college","Ever",1,"Inland",-0.583639557888331,2.33705735208782,3.23705735208782,0.9,"hidden_h4_strong","H4: strong hidden variable",4,"strong_hidden",0.24,0.11862159847759,0.502928348390449
0,3.63323703860982,"Male",70,56531,0,"Other","College+","Never",0,"North",0.190567528041667,3.63323703860982,4.53323703860982,0.9,"hidden_h4_strong","H4: strong hidden variable",4,"strong_hidden",0.24,0.361514694865948,2.11582525483935
0,4.8786893982247,"Male",52,73838,0,"Black","College+","Ever",6,"South",0.314849644191752,4.8786893982247,5.7786893982247,0.9,"hidden_h4_strong","H4: strong hidden variable",4,"strong_hidden",0.24,0.275556031387724,1.42137891274234
0,3.27695764061676,"Male",34,44263,0,"White","Some college","Never",0,"North",-0.67322120264551,3.27695764061676,4.17695764061676,0.9,"hidden_h4_strong","H4: strong hidden variable",4,"strong_hidden",0.24,0.180895776548603,0.825266107923087
0,4.85898693504607,"Female",45,55070,0,"Other","College+","Never",0,"South",-0.340180533295417,4.85898693504607,5.75898693504607,0.9,"hidden_h4_strong","H4: strong hidden variable",4,"strong_hidden",0.24,0.272758989249321,1.40153987543109
0,3.12097594942935,"Male",44,63954,0,"White","Some college","Never",0,"North",-1.66108292608145,3.12097594942935,4.02097594942935,0.9,"hidden_h4_strong","H4: strong hidden variable",4,"strong_hidden",0.24,0.200239359520081,0.935608520740093
0,2.85556675318449,"Female",42,54216,0,"White","College+","Ever",8,"South",-0.485075134932662,2.85556675318449,3.75556675318449,0.9,"hidden_h4_strong","H4: strong hidden variable",4,"strong_hidden",0.24,0.235145390594768,1.14884735690667
0,3.49659063807218,"Male",66,72959,0,"White","<HS","Ever",6,"North",-0.889681921311391,3.49659063807218,4.39659063807218,0.9,"hidden_h4_strong","H4: strong hidden variable",4,"strong_hidden",0.24,0.254463285724255,1.27544237879922
1,3.29990687190627,"Male",46,41232,0,"Other","College+","Ever",8,"North",-0.785156045463068,2.39990687190627,3.29990687190627,0.9,"hidden_h4_strong","H4: strong hidden variable",4,"strong_hidden",0.24,0.415577324650378,1
0,3.70369353177519,"Male",30,33739,0,"White","<HS","Ever",4,"North",0.0536746937989257,3.70369353177519,4.60369353177519,0.9,"hidden_h4_strong","H4: strong hidden variable",4,"strong_hidden",0.24,0.186775276298468,0.858249505152075
0,1.21719068177159,"Female",30,54896,1,"Other","Some college","Ever",4,"Inland",0.561571107504611,1.21719068177159,2.11719068177159,0.9,"hidden_h4_strong","H4: strong hidden variable",4,"strong_hidden",0.24,0.229768937453161,1.11474372004354
0,1.64331417411589,"Male",55,72298,0,"Black","<HS","Ever",4,"Coastal",0.310352932968395,1.64331417411589,2.54331417411589,0.9,"hidden_h4_strong","H4: strong hidden variable",4,"strong_hidden",0.24,0.20225943841197,0.947440335915934
1,2.99007595764383,"Male",38,85483,0,"Black","College+","Ever",2,"Coastal",0.828579484578684,2.09007595764383,2.99007595764383,0.9,"hidden_h4_strong","H4: strong hidden variable",4,"strong_hidden",0.24,0.237719440115001,1
0,1.22056265492366,"Female",42,69260,0,"White","College+","Never",0,"South",0.381506976393703,1.22056265492366,2.12056265492366,0.9,"hidden_h4_strong","H4: strong hidden variable",4,"strong_hidden",0.24,0.190447598922239,0.879093935798892
1,3.53956597020206,"Male",50,54896,1,"White","College+","Never",0,"South",1.55738819083149,2.63956597020206,3.53956597020206,0.9,"hidden_h4_strong","H4: strong hidden variable",4,"strong_hidden",0.24,0.233341417321704,1
0,3.37582922141657,"Female",49,65371,0,"White","Some college","Ever",4,"Inland",-1.5823776709371,3.37582922141657,4.27582922141657,0.9,"hidden_h4_strong","H4: strong hidden variable",4,"strong_hidden",0.24,0.164871755398918,0.73773066774627
0,4.21425705198513,"Female",30,119777,0,"White","College+","Never",0,"Inland",0.29694349587531,4.21425705198513,5.11425705198513,0.9,"hidden_h4_strong","H4: strong hidden variable",4,"strong_hidden",0.24,0.234091590061435,1.14212521873175
0,0.67640338624968,"Female",61,88092,0,"White","College+","Never",0,"South",-0.187570408425678,0.67640338624968,1.57640338624968,0.9,"hidden_h4_strong","H4: strong hidden variable",4,"strong_hidden",0.24,0.212151758622722,1.00625676709149
0,2.80357558775396,"Female",53,48618,0,"White","Some college","Ever",9,"Inland",-1.29643309640954,2.80357558775396,3.70357558775396,0.9,"hidden_h4_strong","H4: strong hidden variable",4,"strong_hidden",0.24,0.196557386042158,0.914195866017808
1,5.42942220036896,"Male",56,78009,0,"White","HS","Never",0,"Coastal",2.19762559506051,4.52942220036896,5.42942220036896,0.9,"hidden_h4_strong","H4: strong hidden variable",4,"strong_hidden",0.24,0.295910393363063,1
0,2.89262821972405,"Female",54,26253,0,"White","Some college","Ever",8,"North",-0.5160421411161,2.89262821972405,3.79262821972405,0.9,"hidden_h4_strong","H4: strong hidden variable",4,"strong_hidden",0.24,0.169246417244201,0.761293301950136
0,3.97909488699892,"Female",44,51351,0,"Mexican American","College+","Ever",3,"South",0.306329264530389,3.97909488699892,4.87909488699892,0.9,"hidden_h4_strong","H4: strong hidden variable",4,"strong_hidden",0.24,0.173992642117884,0.787139515002822
0,2.34450043486175,"Female",54,43303,0,"Other","Some college","Never",0,"North",-0.608575115683886,2.34450043486175,3.24450043486175,0.9,"hidden_h4_strong","H4: strong hidden variable",4,"strong_hidden",0.24,0.213007556772083,1.01141454881116
0,2.19291696863445,"Female",18,54896,1,"White","College+","Never",0,"North",0.867894740882654,2.19291696863445,3.09291696863445,0.9,"hidden_h4_strong","H4: strong hidden variable",4,"strong_hidden",0.24,0.167356833782865,0.751085324971308
0,1.75683762205135,"Female",42,54896,1,"White","College+","Never",0,"Coastal",0.377380434614909,1.75683762205135,2.65683762205135,0.9,"hidden_h4_strong","H4: strong hidden variable",4,"strong_hidden",0.24,0.172771284207695,0.780460103817042
0,3.51509518373534,"Male",37,64636,0,"White","Some college","Never",0,"North",-0.449244464374235,3.51509518373534,4.41509518373534,0.9,"hidden_h4_strong","H4: strong hidden variable",4,"strong_hidden",0.24,0.199057427797887,0.92871349754252
0,4.49452946055075,"Female",43,54325,0,"Black","HS","Never",0,"North",0.313645052417796,4.49452946055075,5.39452946055075,0.9,"hidden_h4_strong","H4: strong hidden variable",4,"strong_hidden",0.24,0.176730685581036,0.802185452080571
0,4.84337199366207,"Female",29,54896,1,"White","HS","Ever",3,"South",0.0268827602939351,4.84337199366207,5.74337199366207,0.9,"hidden_h4_strong","H4: strong hidden variable",4,"strong_hidden",0.24,0.199182568578912,0.929442566677559
0,5.3432196147061,"Male",55,91596,0,"Mexican American","Some college","Ever",7,"Inland",0.654755824154827,5.3432196147061,6.2432196147061,0.9,"hidden_h4_strong","H4: strong hidden variable",4,"strong_hidden",0.24,0.271586560100649,1.3932693130263
0,2.49213402217527,"Male",27,38689,0,"Black","Some college","Ever",5,"Coastal",1.27796036267404,2.49213402217527,3.39213402217527,0.9,"hidden_h4_strong","H4: strong hidden variable",4,"strong_hidden",0.24,0.176904088556817,0.803141696516554
0,1.47288763914236,"Female",37,38902,0,"White","HS","Ever",6,"Coastal",-2.24065208535261,1.47288763914236,2.37288763914236,0.9,"hidden_h4_strong","H4: strong hidden variable",4,"strong_hidden",0.24,0.223098691909079,1.07308943474892
0,1.18329544627673,"Female",38,32445,0,"White","HS","Ever",3,"Coastal",-1.91683690493981,1.18329544627673,2.08329544627673,0.9,"hidden_h4_strong","H4: strong hidden variable",4,"strong_hidden",0.24,0.188046633524496,0.865444503244791
0,2.42362339219979,"Male",69,84219,0,"Black","Some college","Never",0,"North",-0.426507677271898,2.42362339219979,3.32362339219979,0.9,"hidden_h4_strong","H4: strong hidden variable",4,"strong_hidden",0.24,0.199780469066833,0.932929077284064
0,5.11897854751967,"Male",57,54896,1,"White","College+","Never",0,"South",-0.379133797479884,5.11897854751967,6.01897854751967,0.9,"hidden_h4_strong","H4: strong hidden variable",4,"strong_hidden",0.24,0.235349131352581,1.1501491458855
0,3.69345896662635,"Male",47,54896,1,"White","College+","Ever",4,"Inland",-0.14220800949434,3.69345896662635,4.59345896662635,0.9,"hidden_h4_strong","H4: strong hidden variable",4,"strong_hidden",0.24,0.252742239783182,1.26389834095035
1,3.63725381191624,"Male",30,45343,0,"Other","Some college","Ever",3,"Coastal",0.612374011473615,2.73725381191624,3.63725381191624,0.9,"hidden_h4_strong","H4: strong hidden variable",4,"strong_hidden",0.24,0.28494192897352,1
0,2.67311593274732,"Male",34,22072,0,"Black","Some college","Never",0,"South",1.3355041361727,2.67311593274732,3.57311593274732,0.9,"hidden_h4_strong","H4: strong hidden variable",4,"strong_hidden",0.24,0.143167333204805,0.624385296628555
1,3.75765161921449,"Female",73,54745,0,"Mexican American","College+","Never",0,"Inland",-0.413632963459005,2.85765161921449,3.75765161921449,0.9,"hidden_h4_strong","H4: strong hidden variable",4,"strong_hidden",0.24,0.176185860365417,1
0,3.25415245581574,"Male",21,41389,0,"White","Some college","Ever",7,"South",1.70679356901408,3.25415245581574,4.15415245581574,0.9,"hidden_h4_strong","H4: strong hidden variable",4,"strong_hidden",0.24,0.221660471079198,1.06420161205188
0,1.61505294031597,"Female",22,33311,0,"White","Some college","Never",0,"North",-0.784510884376528,1.61505294031597,2.51505294031597,0.9,"hidden_h4_strong","H4: strong hidden variable",4,"strong_hidden",0.24,0.124099963556579,0.52944622649277
0,3.94204827368133,"Female",18,42901,0,"Mexican American","<HS","Ever",5,"Coastal",-0.401810564103357,3.94204827368133,4.84204827368133,0.9,"hidden_h4_strong","H4: strong hidden variable",4,"strong_hidden",0.24,0.141000718011898,0.613385169216587
0,3.70079413251744,"Male",54,71158,0,"Mexican American","<HS","Ever",2,"Coastal",-1.01701322020274,3.70079413251744,4.60079413251744,0.9,"hidden_h4_strong","H4: strong hidden variable",4,"strong_hidden",0.24,0.196349071090235,0.912990267023859
0,2.12870392198649,"Male",50,40229,0,"Mexican American","Some college","Ever",8,"Coastal",-0.555728000058291,2.12870392198649,3.02870392198649,0.9,"hidden_h4_strong","H4: strong hidden variable",4,"strong_hidden",0.24,0.227937132928869,1.10323279620063
0,4.84910550459122,"Male",41,82777,0,"Mexican American","<HS","Never",0,"Coastal",1.30503129883229,4.84910550459122,5.74910550459122,0.9,"hidden_h4_strong","H4: strong hidden variable",4,"strong_hidden",0.24,0.205015915730718,0.963682319320659
0,4.08150594064143,"Male",18,26198,0,"White","Some college","Never",0,"Inland",0.198275182855127,4.08150594064143,4.98150594064143,0.9,"hidden_h4_strong","H4: strong hidden variable",4,"strong_hidden",0.24,0.162965048398968,0.727537904335658
0,1.43022201312581,"Female",45,31196,0,"White","Some college","Never",0,"North",-0.466188662058959,1.43022201312581,2.33022201312581,0.9,"hidden_h4_strong","H4: strong hidden variable",4,"strong_hidden",0.24,0.126843505007669,0.542851313607855
0,1.38242739588902,"Male",35,43977,0,"Mexican American","<HS","Ever",10,"South",-2.46865781934621,1.38242739588902,2.28242739588902,0.9,"hidden_h4_strong","H4: strong hidden variable",4,"strong_hidden",0.24,0.24809099518448,1.2329641895557
0,1.78918375368892,"Male",29,76124,0,"Black","<HS","Never",0,"North",-0.486169525337468,1.78918375368892,2.68918375368892,0.9,"hidden_h4_strong","H4: strong hidden variable",4,"strong_hidden",0.24,0.182006685433011,0.831461863383926
0,2.83147904026114,"Male",36,54896,1,"White","College+","Ever",2,"Inland",-2.62700901280556,2.83147904026114,3.73147904026114,0.9,"hidden_h4_strong","H4: strong hidden variable",4,"strong_hidden",0.24,0.227563694942286,1.10089283908795
0,1.8271909205802,"Female",25,12289,0,"White","<HS","Never",0,"South",-0.822428736787255,1.8271909205802,2.7271909205802,0.9,"hidden_h4_strong","H4: strong hidden variable",4,"strong_hidden",0.24,0.111802307792209,0.470376780854975
0,3.56833533454454,"Female",63,16319,0,"White","College+","Never",0,"South",1.90443046047855,3.56833533454454,4.46833533454454,0.9,"hidden_h4_strong","H4: strong hidden variable",4,"strong_hidden",0.24,0.153429478638161,0.677252185726174
0,3.68366595449254,"Male",54,74123,0,"Mexican American","College+","Never",0,"North",-0.653798429627861,3.68366595449254,4.58366595449254,0.9,"hidden_h4_strong","H4: strong hidden variable",4,"strong_hidden",0.24,0.24951019783683,1.24236226832365
0,2.23914743875122,"Female",56,49936,0,"Mexican American","College+","Never",0,"Inland",-1.16146400752735,2.23914743875122,3.13914743875122,0.9,"hidden_h4_strong","H4: strong hidden variable",4,"strong_hidden",0.24,0.168495989218512,0.757233758244815
0,4.08233080370158,"Male",64,76399,0,"White","Some college","Never",0,"North",-0.300159188837663,4.08233080370158,4.98233080370158,0.9,"hidden_h4_strong","H4: strong hidden variable",4,"strong_hidden",0.24,0.216934772663019,1.03522792774197
0,2.57268944017301,"Male",40,56559,0,"White","Some college","Ever",7,"Inland",-0.414936197422417,2.57268944017301,3.47268944017301,0.9,"hidden_h4_strong","H4: strong hidden variable",4,"strong_hidden",0.24,0.242085345588188,1.19358387807289
0,4.86165959615607,"Female",50,43437,0,"Black","Some college","Ever",6,"South",-1.18944029560103,4.86165959615607,5.76165959615607,0.9,"hidden_h4_strong","H4: strong hidden variable",4,"strong_hidden",0.24,0.144571021294602,0.631541709508321
0,3.63556180448684,"Male",50,57810,0,"Mexican American","College+","Never",0,"Inland",-1.00343108388895,3.63556180448684,4.53556180448684,0.9,"hidden_h4_strong","H4: strong hidden variable",4,"strong_hidden",0.24,0.231770543217755,1.12738442532973
0,4.60310760878997,"Female",46,46288,0,"Mexican American","Some college","Never",0,"North",-0.887171296739744,4.60310760878997,5.50310760878997,0.9,"hidden_h4_strong","H4: strong hidden variable",4,"strong_hidden",0.24,0.129232036613932,0.554590586784992
0,3.60217972285753,"Female",31,52060,0,"Black","College+","Ever",4,"Inland",-2.17841255485635,3.60217972285753,4.50217972285753,0.9,"hidden_h4_strong","H4: strong hidden variable",4,"strong_hidden",0.24,0.167203753139578,0.750260375506619
0,3.98586415606565,"Male",65,74537,0,"Black","College+","Never",0,"South",0.256369511654963,3.98586415606565,4.88586415606565,0.9,"hidden_h4_strong","H4: strong hidden variable",4,"strong_hidden",0.24,0.236360884411961,1.15662396920005
0,4.12152608115029,"Male",47,33690,0,"White","Some college","Ever",1,"South",-0.235456899639317,4.12152608115029,5.02152608115029,0.9,"hidden_h4_strong","H4: strong hidden variable",4,"strong_hidden",0.24,0.165376289161912,0.740435566983661
0,0.796479202374239,"Male",56,37821,0,"White","HS","Never",0,"South",0.815963149911798,0.796479202374239,1.69647920237424,0.9,"hidden_h4_strong","H4: strong hidden variable",4,"strong_hidden",0.24,0.251553600921433,1.25595645701691
0,4.84488993892589,"Male",40,54896,1,"Black","HS","Ever",6,"Coastal",-0.701049814328341,4.84488993892589,5.74488993892589,0.9,"hidden_h4_strong","H4: strong hidden variable",4,"strong_hidden",0.24,0.271934952107217,1.39572416210346
0,1.88160379257754,"Male",53,36032,0,"White","College+","Never",0,"North",-0.65259565470547,1.88160379257754,2.78160379257754,0.9,"hidden_h4_strong","H4: strong hidden variable",4,"strong_hidden",0.24,0.222609511825098,1.07006274127829
0,3.04863146314883,"Male",24,85808,0,"White","College+","Ever",4,"Inland",-0.431869275240976,3.04863146314883,3.94863146314883,0.9,"hidden_h4_strong","H4: strong hidden variable",4,"strong_hidden",0.24,0.287046787135084,1.50451460347108
1,3.73184764975981,"Female",45,77504,0,"Mexican American","HS","Never",0,"South",-0.191585020712817,2.83184764975981,3.73184764975981,0.9,"hidden_h4_strong","H4: strong hidden variable",4,"strong_hidden",0.24,0.211624599515322,1
0,3.52156308446594,"Male",18,72759,0,"White","HS","Never",0,"Inland",-0.558145264051634,3.52156308446594,4.42156308446594,0.9,"hidden_h4_strong","H4: strong hidden variable",4,"strong_hidden",0.24,0.27752155963489,1.43541203615415
0,3.42336557043291,"Female",47,63017,0,"White","HS","Ever",3,"North",-0.331859861183757,3.42336557043291,4.32336557043291,0.9,"hidden_h4_strong","H4: strong hidden variable",4,"strong_hidden",0.24,0.217831478677648,1.04069879979086
0,5.59499454967389,"Male",59,59560,0,"Mexican American","College+","Ever",5,"South",-0.944126156621597,5.59499454967389,6.49499454967389,0.9,"hidden_h4_strong","H4: strong hidden variable",4,"strong_hidden",0.24,0.268218582485043,1.36965830021725
0,5.13209009384739,"Female",45,59832,0,"White","HS","Never",0,"North",-0.249595725312934,5.13209009384739,6.03209009384739,0.9,"hidden_h4_strong","H4: strong hidden variable",4,"strong_hidden",0.24,0.205984088605682,0.969413842052984
1,4.28569132591881,"Male",41,38734,0,"Black","College+","Ever",4,"South",1.02182954448684,3.38569132591881,4.28569132591881,0.9,"hidden_h4_strong","H4: strong hidden variable",4,"strong_hidden",0.24,0.214179481862564,1
0,4.15677604158102,"Male",45,75992,0,"Mexican American","Some college","Ever",6,"South",-0.0716954548105809,4.15677604158102,5.05677604158102,0.9,"hidden_h4_strong","H4: strong hidden variable",4,"strong_hidden",0.24,0.240562472120917,1.18369706758917
1,5.79248297782605,"Male",24,53655,0,"White","Some college","Ever",5,"North",0.305189388340879,4.89248297782605,5.79248297782605,0.9,"hidden_h4_strong","H4: strong hidden variable",4,"strong_hidden",0.24,0.213576196873619,1
1,3.73238474444582,"Female",75,74995,0,"White","College+","Ever",5,"Inland",1.17073304863345,2.83238474444582,3.73238474444582,0.9,"hidden_h4_strong","H4: strong hidden variable",4,"strong_hidden",0.24,0.232916157205071,1
0,2.78892091365626,"Female",40,66131,0,"White","Some college","Never",0,"Coastal",-0.10037023331783,2.78892091365626,3.68892091365626,0.9,"hidden_h4_strong","H4: strong hidden variable",4,"strong_hidden",0.24,0.14894852188528,0.654011093818461
0,4.26873319391006,"Male",42,49704,0,"White","Some college","Never",0,"North",-1.08812500240895,4.26873319391006,5.16873319391006,0.9,"hidden_h4_strong","H4: strong hidden variable",4,"strong_hidden",0.24,0.18736194450438,0.861566841982234
0,4.56369102797698,"Female",56,42017,0,"White","College+","Ever",7,"South",-2.1793142167259,4.56369102797698,5.46369102797698,0.9,"hidden_h4_strong","H4: strong hidden variable",4,"strong_hidden",0.24,0.216667763723754,1.03360130585843
1,5.47967459512332,"Male",63,81389,0,"Mexican American","Some college","Never",0,"Coastal",0.603888854569924,4.57967459512332,5.47967459512332,0.9,"hidden_h4_strong","H4: strong hidden variable",4,"strong_hidden",0.24,0.210552033951268,1
0,2.75965551931085,"Male",42,56420,0,"White","HS","Never",0,"Coastal",0.269359853862575,2.75965551931085,3.65965551931085,0.9,"hidden_h4_strong","H4: strong hidden variable",4,"strong_hidden",0.24,0.267118926290575,1.36199621832651
1,5.12596200944082,"Male",50,60234,0,"White","HS","Never",0,"Coastal",1.92881725314059,4.22596200944082,5.12596200944082,0.9,"hidden_h4_strong","H4: strong hidden variable",4,"strong_hidden",0.24,0.273827184599877,1
0,2.07387041787274,"Female",47,33410,0,"White","College+","Never",0,"Inland",-0.79459824037293,2.07387041787274,2.97387041787274,0.9,"hidden_h4_strong","H4: strong hidden variable",4,"strong_hidden",0.24,0.162671750747291,0.72597413030298
0,1.99970295617946,"Female",59,44014,0,"Mexican American","College+","Never",0,"North",-1.91574913304384,1.99970295617946,2.89970295617946,0.9,"hidden_h4_strong","H4: strong hidden variable",4,"strong_hidden",0.24,0.164590395787688,0.736223665612841
0,3.24615014116905,"Male",28,33298,0,"White","Some college","Never",0,"Coastal",-0.403129207724468,3.24615014116905,4.14615014116905,0.9,"hidden_h4_strong","H4: strong hidden variable",4,"strong_hidden",0.24,0.170673688199072,0.769034595005038
1,2.95557717387423,"Female",59,54893,0,"White","College+","Never",0,"Coastal",-0.0902179973877627,2.05557717387423,2.95557717387423,0.9,"hidden_h4_strong","H4: strong hidden variable",4,"strong_hidden",0.24,0.18245120880885,1
0,3.54606240165988,"Female",28,17479,0,"White","HS","Ever",8,"North",-1.22339835552897,3.54606240165988,4.44606240165988,0.9,"hidden_h4_strong","H4: strong hidden variable",4,"strong_hidden",0.24,0.22084856369757,1.0591987298752
0,4.08360824547766,"Female",47,99363,0,"White","Some college","Ever",2,"Coastal",-0.0134113204340408,4.08360824547766,4.98360824547766,0.9,"hidden_h4_strong","H4: strong hidden variable",4,"strong_hidden",0.24,0.174067070941501,0.787547192936729
0,3.10508725996585,"Female",40,39961,0,"Other","Some college","Ever",2,"North",-0.500448688473191,3.10508725996585,4.00508725996585,0.9,"hidden_h4_strong","H4: strong hidden variable",4,"strong_hidden",0.24,0.204556252830683,0.960966028324119
1,3.19940927776666,"Female",18,38744,0,"Black","<HS","Never",0,"Inland",1.04518539305388,2.29940927776666,3.19940927776666,0.9,"hidden_h4_strong","H4: strong hidden variable",4,"strong_hidden",0.24,0.109871083176634,1
0,4.64349911460606,"Female",33,23988,0,"White","HS","Ever",4,"North",-0.860806285012966,4.64349911460606,5.54349911460606,0.9,"hidden_h4_strong","H4: strong hidden variable",4,"strong_hidden",0.24,0.188845556775294,0.869977393139042
0,3.64987361803397,"Male",57,73135,0,"White","Some college","Ever",5,"Inland",1.08611666559376,3.64987361803397,4.54987361803397,0.9,"hidden_h4_strong","H4: strong hidden variable",4,"strong_hidden",0.24,0.241876599526306,1.19222630619636
0,2.07770692514244,"Female",41,11806,0,"White","HS","Ever",4,"North",0.76283911752445,2.07770692514244,2.97770692514244,0.9,"hidden_h4_strong","H4: strong hidden variable",4,"strong_hidden",0.24,0.18057041091815,0.823454660991273
0,1.52908071661679,"Male",34,33624,0,"White","Some college","Never",0,"North",-0.85597200062043,1.52908071661679,2.42908071661679,0.9,"hidden_h4_strong","H4: strong hidden variable",4,"strong_hidden",0.24,0.172293932653147,0.777854902143484
0,2.0503574756169,"Male",71,42767,0,"White","College+","Ever",7,"South",-1.34939271667366,2.0503574756169,2.9503574756169,0.9,"hidden_h4_strong","H4: strong hidden variable",4,"strong_hidden",0.24,0.290438035351215,1.5295649055929
0,6.18564404398203,"Male",46,77315,0,"White","HS","Never",0,"Inland",-0.231563914599912,6.18564404398203,7.08564404398203,0.9,"hidden_h4_strong","H4: strong hidden variable",4,"strong_hidden",0.24,0.291792625660171,1.5396379776314
0,2.90872139704531,"Female",38,54896,1,"White","College+","Ever",10,"Coastal",-0.856892737835989,2.90872139704531,3.80872139704531,0.9,"hidden_h4_strong","H4: strong hidden variable",4,"strong_hidden",0.24,0.249604040113645,1.24298495274644
0,3.03421833701394,"Female",57,43396,0,"White","College+","Ever",4,"South",0.0424604204328886,3.03421833701394,3.93421833701394,0.9,"hidden_h4_strong","H4: strong hidden variable",4,"strong_hidden",0.24,0.18897749782536,0.870726852741526
0,1.4661286008743,"Male",47,47119,0,"White","HS","Never",0,"Coastal",1.51843423785872,1.4661286008743,2.3661286008743,0.9,"hidden_h4_strong","H4: strong hidden variable",4,"strong_hidden",0.24,0.258645244134647,1.3037165148826
1,3.05597304187941,"Female",42,58285,0,"Black","College+","Ever",7,"Coastal",1.37671083511161,2.15597304187941,3.05597304187941,0.9,"hidden_h4_strong","H4: strong hidden variable",4,"strong_hidden",0.24,0.202195254800594,1
1,5.27355225207767,"Female",50,53352,0,"Black","College+","Never",0,"Coastal",-0.136945858960064,4.37355225207767,5.27355225207767,0.9,"hidden_h4_strong","H4: strong hidden variable",4,"strong_hidden",0.24,0.157318936556928,1
1,5.62138786137212,"Female",26,43182,0,"White","<HS","Ever",6,"Coastal",0.82874373308854,4.72138786137212,5.62138786137212,0.9,"hidden_h4_strong","H4: strong hidden variable",4,"strong_hidden",0.24,0.158654888620472,1
0,3.37646429638171,"Female",35,41767,0,"Other","HS","Never",0,"North",-0.274901097929698,3.37646429638171,4.27646429638171,0.9,"hidden_h4_strong","H4: strong hidden variable",4,"strong_hidden",0.24,0.283899552852094,1.48147903969115
0,3.46938686395845,"Male",45,38276,0,"Black","<HS","Never",0,"South",0.910352749679379,3.46938686395845,4.36938686395845,0.9,"hidden_h4_strong","H4: strong hidden variable",4,"strong_hidden",0.24,0.156076472809999,0.691097139072952
0,2.65373225399932,"Male",39,53011,0,"Black","College+","Ever",8,"Coastal",-1.1573243093389,2.65373225399932,3.55373225399932,0.9,"hidden_h4_strong","H4: strong hidden variable",4,"strong_hidden",0.24,0.272351992556081,1.398665814823
0,1.34005332167877,"Female",38,58985,0,"Black","HS","Never",0,"North",-1.33664117378103,1.34005332167877,2.24005332167877,0.9,"hidden_h4_strong","H4: strong hidden variable",4,"strong_hidden",0.24,0.179353515411316,0.816692425669608
0,2.88444310817481,"Male",24,42347,0,"Black","College+","Never",0,"Inland",1.00701242841395,2.88444310817481,3.78444310817481,0.9,"hidden_h4_strong","H4: strong hidden variable",4,"strong_hidden",0.24,0.195086700451881,0.905697789854778
0,1.32132116272906,"Male",36,46934,0,"Black","<HS","Ever",3,"Coastal",-0.362346673402161,1.32132116272906,2.22132116272906,0.9,"hidden_h4_strong","H4: strong hidden variable",4,"strong_hidden",0.24,0.167436297319846,0.751513672479343
0,3.76398030936527,"Male",35,58421,0,"White","College+","Never",0,"North",-0.893184800531523,3.76398030936527,4.66398030936527,0.9,"hidden_h4_strong","H4: strong hidden variable",4,"strong_hidden",0.24,0.239615878008854,1.17757154066864
0,3.98480185304267,"Male",47,47374,0,"White","College+","Ever",8,"North",-2.09834808425083,3.98480185304267,4.88480185304267,0.9,"hidden_h4_strong","H4: strong hidden variable",4,"strong_hidden",0.24,0.300324408836569,1.60397891587534
0,1.81595292436476,"Female",52,37473,0,"White","College+","Ever",6,"Inland",-0.109387927438099,1.81595292436476,2.71595292436476,0.9,"hidden_h4_strong","H4: strong hidden variable",4,"strong_hidden",0.24,0.201474530386746,0.942835935655192
1,3.27974355866535,"Male",42,29583,0,"Mexican American","College+","Ever",4,"Coastal",0.651541451295794,2.37974355866535,3.27974355866535,0.9,"hidden_h4_strong","H4: strong hidden variable",4,"strong_hidden",0.24,0.221350933966917,1
0,3.21021371405798,"Female",37,26294,0,"White","HS","Never",0,"South",-0.0225250032731239,3.21021371405798,4.11021371405798,0.9,"hidden_h4_strong","H4: strong hidden variable",4,"strong_hidden",0.24,0.175287827285695,0.794244289356684
0,3.02739025522008,"Male",49,8000,0,"Mexican American","College+","Ever",8,"South",-1.36816656333923,3.02739025522008,3.92739025522008,0.9,"hidden_h4_strong","H4: strong hidden variable",4,"strong_hidden",0.24,0.24496328160682,1.21237693830291
0,1.83482601515749,"Male",39,53732,0,"White","HS","Ever",7,"South",0.414540840497376,1.83482601515749,2.73482601515749,0.9,"hidden_h4_strong","H4: strong hidden variable",4,"strong_hidden",0.24,0.323442588699494,1.78647645255155
0,5.31472608899684,"Female",42,54364,0,"White","HS","Never",0,"North",-0.674795125635592,5.31472608899684,6.21472608899684,0.9,"hidden_h4_strong","H4: strong hidden variable",4,"strong_hidden",0.24,0.200285826206623,0.935880009361574
1,3.87983241073532,"Female",43,52979,0,"White","<HS","Ever",5,"Inland",1.12287498391312,2.97983241073532,3.87983241073532,0.9,"hidden_h4_strong","H4: strong hidden variable",4,"strong_hidden",0.24,0.161533733355605,1
0,3.13317113415593,"Female",33,32787,0,"Black","<HS","Never",0,"North",1.29003853227191,3.13317113415593,4.03317113415593,0.9,"hidden_h4_strong","H4: strong hidden variable",4,"strong_hidden",0.24,0.108979359347125,0.457047390411231
0,2.57962220095236,"Male",51,82830,0,"Black","HS","Ever",9,"Inland",-0.660279680393208,2.57962220095236,3.47962220095236,0.9,"hidden_h4_strong","H4: strong hidden variable",4,"strong_hidden",0.24,0.356170050951803,2.06724034040049
0,2.01409753317654,"Female",42,36808,0,"Black","HS","Never",0,"North",-1.13397761206986,2.01409753317654,2.91409753317654,0.9,"hidden_h4_strong","H4: strong hidden variable",4,"strong_hidden",0.24,0.162782236878872,0.726563080183814
0,1.10687384233977,"Female",49,68178,0,"White","Some college","Never",0,"Inland",0.454417664388462,1.10687384233977,2.00687384233977,0.9,"hidden_h4_strong","H4: strong hidden variable",4,"strong_hidden",0.24,0.152244898881352,0.671084311613885
0,1.026902211924,"Male",31,54896,1,"White","HS","Never",0,"South",0.283223013748766,1.026902211924,1.926902211924,0.9,"hidden_h4_strong","H4: strong hidden variable",4,"strong_hidden",0.24,0.254552970785828,1.27604540896092
0,2.23727266120109,"Male",65,45962,0,"Black","HS","Ever",7,"North",0.538069065547918,2.23727266120109,3.13727266120109,0.9,"hidden_h4_strong","H4: strong hidden variable",4,"strong_hidden",0.24,0.290043230712748,1.52663627387068
0,2.37549244874973,"Male",70,54896,1,"White","Some college","Never",0,"North",0.253356515873122,2.37549244874973,3.27549244874973,0.9,"hidden_h4_strong","H4: strong hidden variable",4,"strong_hidden",0.24,0.192672443999092,0.891814599796658
0,2.41378204491065,"Female",35,59965,0,"Other","Some college","Never",0,"North",-0.593503186063535,2.41378204491065,3.31378204491065,0.9,"hidden_h4_strong","H4: strong hidden variable",4,"strong_hidden",0.24,0.223636019139125,1.07641842379892
0,4.3728049070185,"Female",40,43646,0,"White","College+","Ever",6,"Coastal",-0.384537353345665,4.3728049070185,5.2728049070185,0.9,"hidden_h4_strong","H4: strong hidden variable",4,"strong_hidden",0.24,0.203922483738895,0.957226033746452
0,2.90238940441918,"Female",68,55256,0,"White","HS","Ever",3,"North",-1.63960051958499,2.90238940441918,3.80238940441918,0.9,"hidden_h4_strong","H4: strong hidden variable",4,"strong_hidden",0.24,0.216201632667276,1.03076428562495
1,2.98358075048387,"Female",45,68265,0,"White","<HS","Ever",7,"South",1.25510196572774,2.08358075048387,2.98358075048387,0.9,"hidden_h4_strong","H4: strong hidden variable",4,"strong_hidden",0.24,0.191830639409722,1
0,2.20744624007815,"Male",52,39434,0,"White","HS","Ever",5,"Coastal",-0.34034939001837,2.20744624007815,3.10744624007815,0.9,"hidden_h4_strong","H4: strong hidden variable",4,"strong_hidden",0.24,0.285523642336728,1.49334090244989
0,0.625869681697847,"Female",47,62127,0,"Black","College+","Ever",6,"Coastal",-2.13594062128336,0.625869681697847,1.52586968169785,0.9,"hidden_h4_strong","H4: strong hidden variable",4,"strong_hidden",0.24,0.197258280077784,0.918256804539672
1,4.83558283015175,"Male",50,45614,0,"White","Some college","Never",0,"Inland",0.890698373580659,3.93558283015176,4.83558283015175,0.9,"hidden_h4_strong","H4: strong hidden variable",4,"strong_hidden",0.24,0.185850589760286,1
1,5.17257313477501,"Male",42,59261,0,"Black","College+","Never",0,"Inland",0.936771744263474,4.27257313477501,5.17257313477501,0.9,"hidden_h4_strong","H4: strong hidden variable",4,"strong_hidden",0.24,0.215099770666162,1
0,5.56545668598328,"Female",59,64872,0,"Black","Some college","Ever",2,"South",-0.461973252583844,5.56545668598328,6.46545668598328,0.9,"hidden_h4_strong","H4: strong hidden variable",4,"strong_hidden",0.24,0.131789066972846,0.567229593343621
0,5.92345013027337,"Female",47,87202,0,"White","Some college","Never",0,"South",0.391194906803594,5.92345013027337,6.82345013027337,0.9,"hidden_h4_strong","H4: strong hidden variable",4,"strong_hidden",0.24,0.165964554539635,0.743593499245861
0,4.66764185189253,"Male",18,56126,0,"Mexican American","College+","Never",0,"North",-0.755349159734449,4.66764185189253,5.56764185189253,0.9,"hidden_h4_strong","H4: strong hidden variable",4,"strong_hidden",0.24,0.221170508783261,1.06118127136221
0,3.8555543304818,"Female",45,73986,0,"Mexican American","HS","Never",0,"South",-0.572286921950292,3.8555543304818,4.7555543304818,0.9,"hidden_h4_strong","H4: strong hidden variable",4,"strong_hidden",0.24,0.208378898843426,0.983651196145251
1,5.33699776407235,"Male",68,74279,0,"White","<HS","Ever",5,"Coastal",1.04871422067333,4.43699776407235,5.33699776407235,0.9,"hidden_h4_strong","H4: strong hidden variable",4,"strong_hidden",0.24,0.245148330829524,1
1,3.83313836535379,"Male",43,59195,0,"White","College+","Never",0,"South",0.126175438439016,2.93313836535379,3.83313836535379,0.9,"hidden_h4_strong","H4: strong hidden variable",4,"strong_hidden",0.24,0.2427439809588,1
0,3.22141419833805,"Male",41,54896,1,"White","College+","Never",0,"Inland",-0.427957206478864,3.22141419833805,4.12141419833805,0.9,"hidden_h4_strong","H4: strong hidden variable",4,"strong_hidden",0.24,0.230777625754886,1.12110564870117
0,0.726271500625779,"Male",28,56694,0,"White","College+","Never",0,"North",-0.79331169985238,0.726271500625779,1.62627150062578,0.9,"hidden_h4_strong","H4: strong hidden variable",4,"strong_hidden",0.24,0.235847775295134,1.15333812905654
0,4.61536966870848,"Female",79,82476,0,"White","College+","Ever",4,"South",0.391207595675596,4.61536966870848,5.51536966870848,0.9,"hidden_h4_strong","H4: strong hidden variable",4,"strong_hidden",0.24,0.230734616883441,1.12083404561721
0,3.27522558831287,"Male",43,37657,0,"Other","Some college","Ever",4,"North",-0.893363566845427,3.27522558831287,4.17522558831287,0.9,"hidden_h4_strong","H4: strong hidden variable",4,"strong_hidden",0.24,0.292806279340694,1.54720100216058
0,1.07590735590415,"Female",61,61626,0,"Black","Some college","Ever",7,"North",-0.632309685882114,1.07590735590415,1.97590735590415,0.9,"hidden_h4_strong","H4: strong hidden variable",4,"strong_hidden",0.24,0.168142748124594,0.755325387222507
1,4.68090080970731,"Male",56,70521,0,"Other","<HS","Ever",7,"Inland",0.924029627356421,3.78090080970731,4.68090080970731,0.9,"hidden_h4_strong","H4: strong hidden variable",4,"strong_hidden",0.24,0.376673878700171,1
1,3.33667647409068,"Male",25,50878,0,"White","College+","Never",0,"North",0.831022296829505,2.43667647409068,3.33667647409068,0.9,"hidden_h4_strong","H4: strong hidden variable",4,"strong_hidden",0.24,0.229220118887339,1
0,4.33299573449333,"Female",47,80554,0,"White","Some college","Ever",12,"South",0.856968262738699,4.33299573449333,5.23299573449333,0.9,"hidden_h4_strong","H4: strong hidden variable",4,"strong_hidden",0.24,0.257463208003964,1.29569250520111
0,2.05775198462824,"Male",45,69903,0,"White","<HS","Ever",3,"Coastal",0.2214722691774,2.05775198462824,2.95775198462824,0.9,"hidden_h4_strong","H4: strong hidden variable",4,"strong_hidden",0.24,0.213114150025547,1.01205775789295
0,2.62637410042102,"Female",31,54896,1,"White","HS","Never",0,"Coastal",-0.55750994288413,2.62637410042102,3.52637410042102,0.9,"hidden_h4_strong","H4: strong hidden variable",4,"strong_hidden",0.24,0.191814836285306,0.886902889123227
0,4.42812506591262,"Female",49,47256,0,"Other","Some college","Never",1,"Inland",0.183981169434398,4.42812506591262,5.32812506591262,0.9,"hidden_h4_strong","H4: strong hidden variable",4,"strong_hidden",0.24,0.225717563458187,1.08935816598807
0,3.05015527512976,"Male",27,8000,0,"White","Some college","Never",0,"North",-0.735616214159448,3.05015527512976,3.95015527512976,0.9,"hidden_h4_strong","H4: strong hidden variable",4,"strong_hidden",0.24,0.151466301362542,0.667039686660526
1,4.33180744328694,"Female",41,46880,0,"White","HS","Ever",2,"Coastal",-0.0365898237793452,3.43180744328694,4.33180744328694,0.9,"hidden_h4_strong","H4: strong hidden variable",4,"strong_hidden",0.24,0.191866271879166,1
0,3.42212313959356,"Male",40,70521,0,"Mexican American","College+","Ever",2,"South",0.0196385995589733,3.42212313959356,4.32212313959356,0.9,"hidden_h4_strong","H4: strong hidden variable",4,"strong_hidden",0.24,0.239788698627635,1.17868874585318
0,4.75216518115637,"Female",68,83157,0,"White","College+","Ever",8,"Inland",-0.626173097247401,4.75216518115637,5.65216518115637,0.9,"hidden_h4_strong","H4: strong hidden variable",4,"strong_hidden",0.24,0.273492834876716,1.40673016030292
0,2.43773147396181,"Male",54,10186,0,"White","Some college","Ever",12,"North",-0.107011531379243,2.43773147396181,3.33773147396181,0.9,"hidden_h4_strong","H4: strong hidden variable",4,"strong_hidden",0.24,0.254348533235286,1.27467101020999
0,4.37563013014604,"Female",50,57554,0,"Other","Some college","Ever",6,"South",-0.409107277773199,4.37563013014604,5.27563013014604,0.9,"hidden_h4_strong","H4: strong hidden variable",4,"strong_hidden",0.24,0.268304490377753,1.37025785110036
0,2.2340878268554,"Male",43,42369,0,"White","HS","Never",0,"Coastal",-0.1935257787892,2.2340878268554,3.1340878268554,0.9,"hidden_h4_strong","H4: strong hidden variable",4,"strong_hidden",0.24,0.252404001543685,1.26163583332832
0,-0.0192661041711508,"Female",30,54896,1,"White","Some college","Ever",3,"North",-1.06670979176026,-0.0192661041711508,0.880733895828849,0.9,"hidden_h4_strong","H4: strong hidden variable",4,"strong_hidden",0.24,0.140587672081753,0.61129438739678
0,5.01399440437919,"Male",80,54896,1,"White","Some college","Never",0,"South",1.19502125257921,5.01399440437919,5.91399440437919,0.9,"hidden_h4_strong","H4: strong hidden variable",4,"strong_hidden",0.24,0.195171152731581,0.906184940730488
0,1.93020112639041,"Female",40,40245,0,"Black","Some college","Ever",4,"Coastal",-0.0291658987525416,1.93020112639041,2.83020112639041,0.9,"hidden_h4_strong","H4: strong hidden variable",4,"strong_hidden",0.24,0.126522252663417,0.541277304942279
0,1.8321704369653,"Female",70,71396,0,"Mexican American","HS","Ever",4,"Inland",-0.397334964705216,1.8321704369653,2.7321704369653,0.9,"hidden_h4_strong","H4: strong hidden variable",4,"strong_hidden",0.24,0.231676097853316,1.12678649567257
0,2.81119559908956,"Female",35,54301,0,"Mexican American","<HS","Never",0,"North",-1.16155502840949,2.81119559908956,3.71119559908956,0.9,"hidden_h4_strong","H4: strong hidden variable",4,"strong_hidden",0.24,0.131590037165446,0.566243148464045
0,3.45549324083217,"Female",46,54896,1,"Mexican American","College+","Never",0,"South",-0.0521257902105803,3.45549324083217,4.35549324083217,0.9,"hidden_h4_strong","H4: strong hidden variable",4,"strong_hidden",0.24,0.164674271685911,0.736672810654859
0,-1.86050766349273,"Female",59,73668,0,"Black","Some college","Never",0,"South",-1.04695176485327,-1.86050766349273,-0.960507663492734,0.9,"hidden_h4_strong","H4: strong hidden variable",4,"strong_hidden",0.24,0.138701833858608,0.601774011852447
1,4.62437980181079,"Female",51,54896,1,"Black","HS","Never",0,"North",0.0722011961096266,3.72437980181079,4.62437980181079,0.9,"hidden_h4_strong","H4: strong hidden variable",4,"strong_hidden",0.24,0.17338572085866,1
0,3.09682641996525,"Male",54,74323,0,"Black","College+","Never",0,"Coastal",0.160986210252987,3.09682641996525,3.99682641996525,0.9,"hidden_h4_strong","H4: strong hidden variable",4,"strong_hidden",0.24,0.232989111674778,1.13511233781209
1,4.63566121587709,"Male",37,87006,0,"White","HS","Never",0,"Coastal",1.38844290327707,3.73566121587709,4.63566121587709,0.9,"hidden_h4_strong","H4: strong hidden variable",4,"strong_hidden",0.24,0.300023410799841,1
0,2.91734071103529,"Female",80,84815,0,"Black","College+","Never",0,"Inland",-1.84020428293205,2.91734071103529,3.81734071103529,0.9,"hidden_h4_strong","H4: strong hidden variable",4,"strong_hidden",0.24,0.189174183797645,0.871844533212801
1,5.35651648007121,"Female",52,45700,0,"White","Some college","Ever",11,"South",1.13626508726334,4.45651648007121,5.35651648007121,0.9,"hidden_h4_strong","H4: strong hidden variable",4,"strong_hidden",0.24,0.213277436036953,1
0,5.00262308617967,"Female",70,64684,0,"White","College+","Ever",9,"Inland",0.59003072562198,5.00262308617967,5.90262308617967,0.9,"hidden_h4_strong","H4: strong hidden variable",4,"strong_hidden",0.24,0.26575643369475,1.35253460397671
0,4.05937110940624,"Female",75,61046,0,"Black","College+","Ever",4,"Coastal",0.505711423071227,4.05937110940624,4.95937110940624,0.9,"hidden_h4_strong","H4: strong hidden variable",4,"strong_hidden",0.24,0.184633033898461,0.846176658827663
0,3.40323155189534,"Male",34,50839,0,"Black","Some college","Never",0,"Inland",-0.301069162368186,3.40323155189534,4.30323155189534,0.9,"hidden_h4_strong","H4: strong hidden variable",4,"strong_hidden",0.24,0.163933301292717,0.732708124450595
0,4.54100566499697,"Male",70,57795,0,"Other","HS","Never",0,"North",0.496602619131018,4.54100566499697,5.44100566499697,0.9,"hidden_h4_strong","H4: strong hidden variable",4,"strong_hidden",0.24,0.397395031802074,2.46430508480745
0,4.48166841685403,"Female",67,49961,0,"White","<HS","Ever",7,"North",0.0293455531679968,4.48166841685403,5.38166841685403,0.9,"hidden_h4_strong","H4: strong hidden variable",4,"strong_hidden",0.24,0.181713076907016,0.829822715846943
0,4.42504128304316,"Female",66,73124,0,"White","College+","Never",0,"Coastal",0.890709388599019,4.42504128304316,5.32504128304316,0.9,"hidden_h4_strong","H4: strong hidden variable",4,"strong_hidden",0.24,0.199846905135837,0.933316804635878
0,1.20110654790591,"Male",25,53892,0,"Other","HS","Never",0,"Coastal",0.478519029466235,1.20110654790591,2.10110654790591,0.9,"hidden_h4_strong","H4: strong hidden variable",4,"strong_hidden",0.24,0.375200631648282,2.24402518517811
0,1.63790386253366,"Female",30,30482,0,"White","Some college","Never",0,"South",-1.1684150095704,1.63790386253366,2.53790386253366,0.9,"hidden_h4_strong","H4: strong hidden variable",4,"strong_hidden",0.24,0.123780243452734,0.527889518671162
0,3.89235446008804,"Female",23,61764,0,"Mexican American","College+","Ever",9,"South",0.683136228027155,3.89235446008804,4.79235446008804,0.9,"hidden_h4_strong","H4: strong hidden variable",4,"strong_hidden",0.24,0.236536388100873,1.15774887068095
0,4.41049191980796,"Female",50,50962,0,"Black","College+","Ever",5,"South",0.287632757261134,4.41049191980796,5.31049191980796,0.9,"hidden_h4_strong","H4: strong hidden variable",4,"strong_hidden",0.24,0.179305119461293,0.816423906107941
1,5.31283880001841,"Male",31,54896,1,"Other","College+","Never",0,"Inland",0.952323566747042,4.41283880001841,5.31283880001841,0.9,"hidden_h4_strong","H4: strong hidden variable",4,"strong_hidden",0.24,0.336404750859768,1
0,1.96356260572254,"Female",21,54896,1,"White","College+","Never",0,"South",0.877174438863454,1.96356260572254,2.86356260572254,0.9,"hidden_h4_strong","H4: strong hidden variable",4,"strong_hidden",0.24,0.168026152353137,0.754695838907037
0,1.78432190052212,"Male",30,32435,0,"White","Some college","Never",0,"North",-0.0209898671063363,1.78432190052212,2.68432190052212,0.9,"hidden_h4_strong","H4: strong hidden variable",4,"strong_hidden",0.24,0.170447010503876,0.767803351482093
1,5.6314479786697,"Female",71,88981,0,"White","College+","Ever",6,"Inland",0.23787168434532,4.7314479786697,5.6314479786697,0.9,"hidden_h4_strong","H4: strong hidden variable",4,"strong_hidden",0.24,0.257255095127107,1
0,0.858514928120891,"Male",29,62818,0,"Black","Some college","Never",0,"Coastal",-0.456224339706673,0.858514928120891,1.75851492812089,0.9,"hidden_h4_strong","H4: strong hidden variable",4,"strong_hidden",0.24,0.172127539832305,0.776947500090082
0,3.84076784063263,"Male",63,46828,0,"White","Some college","Ever",7,"South",-0.847773361336474,3.84076784063263,4.74076784063263,0.9,"hidden_h4_strong","H4: strong hidden variable",4,"strong_hidden",0.24,0.238916147125532,1.17305329082207
0,4.02824819154036,"Male",35,64876,0,"Black","College+","Ever",3,"Coastal",0.268299641535515,4.02824819154036,4.92824819154036,0.9,"hidden_h4_strong","H4: strong hidden variable",4,"strong_hidden",0.24,0.227168078195676,1.09841637699361
0,2.57911147413469,"Female",32,77890,0,"White","HS","Never",0,"Inland",0.251485233614806,2.57911147413469,3.47911147413469,0.9,"hidden_h4_strong","H4: strong hidden variable",4,"strong_hidden",0.24,0.21931534856553,1.04977960991581
0,3.39157146764609,"Male",59,78125,0,"White","<HS","Never",0,"North",-0.712614006530777,3.39157146764609,4.29157146764609,0.9,"hidden_h4_strong","H4: strong hidden variable",4,"strong_hidden",0.24,0.216157940969172,1.03049853716617
1,6.50643939697424,"Male",51,47476,0,"White","Some college","Ever",5,"Inland",1.79271079691007,5.60643939697424,6.50643939697424,0.9,"hidden_h4_strong","H4: strong hidden variable",4,"strong_hidden",0.24,0.215057491606031,1
0,1.89799673418245,"Male",44,58639,0,"White","Some college","Never",0,"South",-0.381444266133598,1.89799673418245,2.79799673418245,0.9,"hidden_h4_strong","H4: strong hidden variable",4,"strong_hidden",0.24,0.195547760167548,0.908358591849017
1,4.33939433450526,"Male",53,56692,0,"White","HS","Never",0,"Coastal",1.016513726084,3.43939433450526,4.33939433450526,0.9,"hidden_h4_strong","H4: strong hidden variable",4,"strong_hidden",0.24,0.27087392912874,1
0,4.1791125594121,"Female",42,77645,0,"Mexican American","College+","Never",0,"South",-0.471218877144139,4.1791125594121,5.0791125594121,0.9,"hidden_h4_strong","H4: strong hidden variable",4,"strong_hidden",0.24,0.187763650527305,0.863841067423121
1,4.09591450988795,"Female",35,55300,0,"Other","HS","Ever",5,"North",0.0726361359014505,3.19591450988795,4.09591450988795,0.9,"hidden_h4_strong","H4: strong hidden variable",4,"strong_hidden",0.24,0.336395752677082,1
0,4.53038844150275,"Male",30,30365,0,"Black","Some college","Ever",7,"North",-0.36771621885439,4.53038844150275,5.43038844150276,0.9,"hidden_h4_strong","H4: strong hidden variable",4,"strong_hidden",0.24,0.188702144053108,0.869163047926564
1,4.59549205413068,"Male",25,63630,0,"White","<HS","Ever",5,"South",1.20414593117824,3.69549205413068,4.59549205413068,0.9,"hidden_h4_strong","H4: strong hidden variable",4,"strong_hidden",0.24,0.222247720198673,1
0,5.28525749732972,"Female",21,81842,0,"Black","<HS","Ever",6,"South",1.08143501346182,5.28525749732972,6.18525749732972,0.9,"hidden_h4_strong","H4: strong hidden variable",4,"strong_hidden",0.24,0.16564731703267,0.741889948397032
0,5.16895072110675,"Female",34,28129,0,"Mexican American","Some college","Ever",7,"Inland",0.292168876076585,5.16895072110675,6.06895072110675,0.9,"hidden_h4_strong","H4: strong hidden variable",4,"strong_hidden",0.24,0.149707553923384,0.65793068438767
0,0.804901630230391,"Female",30,20552,0,"White","HS","Ever",7,"North",-2.44357187492462,0.804901630230391,1.70490163023039,0.9,"hidden_h4_strong","H4: strong hidden variable",4,"strong_hidden",0.24,0.21404902302535,1.01770647949379
0,2.24763273261624,"Female",77,54896,1,"White","HS","Never",0,"Coastal",-1.84614679527487,2.24763273261624,3.14763273261624,0.9,"hidden_h4_strong","H4: strong hidden variable",4,"strong_hidden",0.24,0.203472792558092,0.954575928358362
0,3.69089485109142,"Female",46,55892,0,"White","Some college","Never",0,"North",0.575385888275458,3.69089485109142,4.59089485109142,0.9,"hidden_h4_strong","H4: strong hidden variable",4,"strong_hidden",0.24,0.143045487525055,0.623765197533925
1,3.09367340446972,"Female",51,63192,0,"White","Some college","Never",0,"North",0.887217926445432,2.19367340446972,3.09367340446972,0.9,"hidden_h4_strong","H4: strong hidden variable",4,"strong_hidden",0.24,0.149105677637061,1
0,2.23240044843869,"Female",35,72016,0,"Black","Some college","Ever",7,"Inland",-0.135624702109386,2.23240044843869,3.13240044843869,0.9,"hidden_h4_strong","H4: strong hidden variable",4,"strong_hidden",0.24,0.170423643665021,0.767676468255879
0,3.65733655693311,"Female",71,85808,0,"White","<HS","Never",0,"Coastal",1.63057921597236,3.65733655693311,4.55733655693311,0.9,"hidden_h4_strong","H4: strong hidden variable",4,"strong_hidden",0.24,0.169373391394708,0.761980911661022
0,1.6125754211786,"Male",41,42892,0,"Mexican American","Some college","Never",0,"South",0.0151836028615621,1.6125754211786,2.5125754211786,0.9,"hidden_h4_strong","H4: strong hidden variable",4,"strong_hidden",0.24,0.172093974739897,0.776764501343137
0,2.72182013156028,"Male",46,87127,0,"Black","College+","Ever",3,"Coastal",-0.0913968443802519,2.72182013156028,3.62182013156028,0.9,"hidden_h4_strong","H4: strong hidden variable",4,"strong_hidden",0.24,0.252930228996157,1.2651567043553
1,1.46055661994101,"Female",42,82832,0,"White","HS","Ever",3,"South",1.82522833104693,0.560556619941006,1.46055661994101,0.9,"hidden_h4_strong","H4: strong hidden variable",4,"strong_hidden",0.24,0.235745976797859,1
0,3.92498283879544,"Female",50,64287,0,"White","College+","Never",0,"North",-1.3259522721352,3.92498283879544,4.82498283879544,0.9,"hidden_h4_strong","H4: strong hidden variable",4,"strong_hidden",0.24,0.188165856288529,0.866120376924888
0,2.73770805342913,"Female",51,54896,1,"Black","College+","Never",0,"North",-0.0200177289354913,2.73770805342913,3.63770805342913,0.9,"hidden_h4_strong","H4: strong hidden variable",4,"strong_hidden",0.24,0.153520093824877,0.677724711979244
0,3.56448475636914,"Female",38,61164,0,"White","<HS","Ever",4,"Inland",-0.438147010483691,3.56448475636914,4.46448475636914,0.9,"hidden_h4_strong","H4: strong hidden variable",4,"strong_hidden",0.24,0.158479899323123,0.703743570892919
0,0.432614295316374,"Female",59,36874,0,"White","<HS","Never",0,"Inland",-2.2473535200503,0.432614295316374,1.33261429531637,0.9,"hidden_h4_strong","H4: strong hidden variable",4,"strong_hidden",0.24,0.132229309788435,0.569413161726909
1,3.8092988741948,"Female",63,54548,0,"White","Some college","Ever",5,"North",1.32371514355515,2.9092988741948,3.8092988741948,0.9,"hidden_h4_strong","H4: strong hidden variable",4,"strong_hidden",0.24,0.167984484652817,1
0,2.96994538292,"Male",43,89443,0,"Mexican American","HS","Ever",3,"Inland",-1.28884843960837,2.96994538292,3.86994538292,0.9,"hidden_h4_strong","H4: strong hidden variable",4,"strong_hidden",0.24,0.301928801271748,1.61625384264437
0,3.28121334706081,"Female",38,54419,0,"Mexican American","<HS","Ever",9,"Coastal",-0.735249673234379,3.28121334706081,4.18121334706081,0.9,"hidden_h4_strong","H4: strong hidden variable",4,"strong_hidden",0.24,0.186944552649687,0.859206193092444
1,2.23194108242606,"Male",49,52833,0,"Black","College+","Never",0,"South",0.376198907940455,1.33194108242606,2.23194108242606,0.9,"hidden_h4_strong","H4: strong hidden variable",4,"strong_hidden",0.24,0.210982618259184,1
1,6.92072904308096,"Female",57,77631,0,"Other","<HS","Ever",4,"Coastal",0.567792728766026,6.02072904308096,6.92072904308096,0.9,"hidden_h4_strong","H4: strong hidden variable",4,"strong_hidden",0.24,0.267551625088058,1
0,2.65843435434955,"Male",45,44400,0,"White","Some college","Never",0,"North",-0.162657174747282,2.65843435434955,3.55843435434955,0.9,"hidden_h4_strong","H4: strong hidden variable",4,"strong_hidden",0.24,0.183630012959783,0.840545800447624
1,4.67890313326501,"Male",18,38623,0,"White","Some college","Never",0,"South",1.94000447089213,3.77890313326501,4.67890313326501,0.9,"hidden_h4_strong","H4: strong hidden variable",4,"strong_hidden",0.24,0.172611372449348,1
1,3.35638707869963,"Male",40,52502,0,"White","Some college","Ever",5,"South",1.80214577150057,2.45638707869963,3.35638707869963,0.9,"hidden_h4_strong","H4: strong hidden variable",4,"strong_hidden",0.24,0.216812700386657,1
0,2.99610169741896,"Female",45,54896,1,"White","College+","Ever",2,"South",-1.53459639473831,2.99610169741896,3.89610169741896,0.9,"hidden_h4_strong","H4: strong hidden variable",4,"strong_hidden",0.24,0.17200005434939,0.776252521001453
0,2.8500858272424,"Male",26,53835,0,"Mexican American","<HS","Ever",7,"North",0.969176168943809,2.8500858272424,3.7500858272424,0.9,"hidden_h4_strong","H4: strong hidden variable",4,"strong_hidden",0.24,0.222851243326885,1.07155792520225
0,3.18944220896365,"Female",32,51411,0,"White","College+","Never",0,"North",1.28472497106212,3.18944220896365,4.08944220896365,0.9,"hidden_h4_strong","H4: strong hidden variable",4,"strong_hidden",0.24,0.173309424761488,0.78340067624554
0,4.63890853512588,"Male",51,89544,0,"Black","HS","Never",0,"North",0.0685613221665415,4.63890853512588,5.53890853512588,0.9,"hidden_h4_strong","H4: strong hidden variable",4,"strong_hidden",0.24,0.275634205346481,1.42193559081866
1,3.04371755547805,"Male",36,72593,0,"White","HS","Never",0,"South",1.02750580606182,2.14371755547805,3.04371755547805,0.9,"hidden_h4_strong","H4: strong hidden variable",4,"strong_hidden",0.24,0.283140048686179,1
0,1.90634127529246,"Female",65,70786,0,"Black","College+","Never",0,"North",0.408438816824696,1.90634127529246,2.80634127529246,0.9,"hidden_h4_strong","H4: strong hidden variable",4,"strong_hidden",0.24,0.174022745737292,0.787304396323953
0,1.5730430137457,"Male",50,54896,1,"White","Some college","Never",0,"Inland",-0.589382957515546,1.5730430137457,2.4730430137457,0.9,"hidden_h4_strong","H4: strong hidden variable",4,"strong_hidden",0.24,0.187748271966331,0.863753961561411
1,4.9709327513609,"Female",18,32084,0,"Mexican American","Some college","Ever",3,"North",0.851945124255305,4.0709327513609,4.9709327513609,0.9,"hidden_h4_strong","H4: strong hidden variable",4,"strong_hidden",0.24,0.12116227106196,1
0,2.36297118007123,"Female",44,19264,0,"Mexican American","<HS","Ever",5,"Coastal",0.576237828745815,2.36297118007123,3.26297118007123,0.9,"hidden_h4_strong","H4: strong hidden variable",4,"strong_hidden",0.24,0.130460596575777,0.560653891522696
1,4.86892818424439,"Male",43,72373,0,"White","HS","Never",0,"Coastal",1.77801750736297,3.96892818424439,4.86892818424439,0.9,"hidden_h4_strong","H4: strong hidden variable",4,"strong_hidden",0.24,0.285167257374594,1
0,2.40947151982349,"Male",41,54896,1,"White","Some college","Ever",8,"South",0.65592586284175,2.40947151982349,3.30947151982349,0.9,"hidden_h4_strong","H4: strong hidden variable",4,"strong_hidden",0.24,0.244565649413188,1.20977185577849
1,3.12785398493147,"Male",23,52340,0,"Black","HS","Ever",7,"Coastal",2.00908858660775,2.22785398493147,3.12785398493147,0.9,"hidden_h4_strong","H4: strong hidden variable",4,"strong_hidden",0.24,0.283565796395459,1
0,3.51531021466443,"Male",49,54896,1,"White","College+","Never",0,"North",1.64041423027919,3.51531021466443,4.41531021466443,0.9,"hidden_h4_strong","H4: strong hidden variable",4,"strong_hidden",0.24,0.233055575745718,1.13553454562204
0,3.19302456982998,"Male",31,54896,1,"White","College+","Never",0,"South",-0.0892386956179153,3.19302456982998,4.09302456982998,0.9,"hidden_h4_strong","H4: strong hidden variable",4,"strong_hidden",0.24,0.227952172429528,1.103327080916
0,1.99940531847581,"Female",80,62696,0,"White","<HS","Ever",2,"South",-0.770427193616521,1.99940531847581,2.89940531847581,0.9,"hidden_h4_strong","H4: strong hidden variable",4,"strong_hidden",0.24,0.152591250944437,0.672885914925289
0,2.2459185745768,"Male",42,54896,1,"White","<HS","Never",0,"Inland",0.505973651654168,2.2459185745768,3.1459185745768,0.9,"hidden_h4_strong","H4: strong hidden variable",4,"strong_hidden",0.24,0.18487201582436,0.847520323469215
1,4.54230495836196,"Female",68,54900,0,"Mexican American","College+","Ever",7,"Coastal",1.30696037569784,3.64230495836196,4.54230495836196,0.9,"hidden_h4_strong","H4: strong hidden variable",4,"strong_hidden",0.24,0.221232533733806,1
0,4.72943056557626,"Male",40,54896,1,"White","College+","Never",0,"North",0.426055401099596,4.72943056557626,5.62943056557626,0.9,"hidden_h4_strong","H4: strong hidden variable",4,"strong_hidden",0.24,0.230493980583868,1.11931497600115
0,4.01943917380027,"Female",30,26598,0,"Black","Some college","Ever",5,"Inland",1.28037045070702,4.01943917380027,4.91943917380027,0.9,"hidden_h4_strong","H4: strong hidden variable",4,"strong_hidden",0.24,0.123067631950618,0.524423918678075
0,3.83667551335537,"Male",44,60685,0,"Mexican American","College+","Ever",4,"North",-0.678136766163046,3.83667551335537,4.73667551335537,0.9,"hidden_h4_strong","H4: strong hidden variable",4,"strong_hidden",0.24,0.253194125132399,1.26692424288676
0,3.32226296138183,"Male",65,69609,0,"White","College+","Ever",5,"South",-0.489734301172505,3.32226296138183,4.22226296138183,0.9,"hidden_h4_strong","H4: strong hidden variable",4,"strong_hidden",0.24,0.294408143106072,1.559197054986
0,1.71235178994875,"Female",42,49239,0,"Black","HS","Ever",7,"North",0.316486556321905,1.71235178994875,2.61235178994875,0.9,"hidden_h4_strong","H4: strong hidden variable",4,"strong_hidden",0.24,0.217975847184934,1.04158077568187
0,1.67363610033123,"Female",33,54896,1,"White","College+","Never",0,"North",-2.86295308834833,1.67363610033123,2.57363610033123,0.9,"hidden_h4_strong","H4: strong hidden variable",4,"strong_hidden",0.24,0.170724796142177,0.769312290622808
0,1.68720222295812,"Male",64,71969,0,"White","College+","Never",0,"Inland",-0.566697644250534,1.68720222295812,2.58720222295812,0.9,"hidden_h4_strong","H4: strong hidden variable",4,"strong_hidden",0.24,0.262486223601806,1.32996779693667
0,4.92131356719127,"Female",26,54896,1,"White","Some college","Ever",10,"South",-0.00583194898630826,4.92131356719127,5.82131356719127,0.9,"hidden_h4_strong","H4: strong hidden variable",4,"strong_hidden",0.24,0.198598525671439,0.926041886052182
1,3.78215558665288,"Female",61,60705,0,"White","<HS","Ever",5,"South",0.872172034518695,2.88215558665288,3.78215558665288,0.9,"hidden_h4_strong","H4: strong hidden variable",4,"strong_hidden",0.24,0.171487570565372,1
0,5.58455137950452,"Male",39,78512,0,"Black","College+","Ever",6,"North",0.915606377677274,5.58455137950452,6.48455137950452,0.9,"hidden_h4_strong","H4: strong hidden variable",4,"strong_hidden",0.24,0.276597787486933,1.42880715682789
1,6.02199361839364,"Female",43,85799,0,"White","College+","Never",0,"Coastal",1.22670789424216,5.12199361839364,6.02199361839364,0.9,"hidden_h4_strong","H4: strong hidden variable",4,"strong_hidden",0.24,0.205294057263023,1
0,3.72817065664234,"Female",67,77488,0,"White","Some college","Never",0,"South",0.621051477904607,3.72817065664234,4.62817065664234,0.9,"hidden_h4_strong","H4: strong hidden variable",4,"strong_hidden",0.24,0.162934627150362,0.727375656536921
0,0.533813291389552,"Male",45,75690,0,"White","College+","Never",1,"North",0.436627785094715,0.533813291389552,1.43381329138955,0.9,"hidden_h4_strong","H4: strong hidden variable",4,"strong_hidden",0.24,0.272392682160958,1.39895300515629
0,2.96605949133266,"Male",46,60051,0,"White","College+","Never",0,"Inland",0.834268684806265,2.96605949133266,3.86605949133266,0.9,"hidden_h4_strong","H4: strong hidden variable",4,"strong_hidden",0.24,0.244504865687262,1.2093738735631
1,4.58192230617987,"Male",37,71114,0,"White","College+","Ever",5,"Inland",0.845996807842889,3.68192230617986,4.58192230617987,0.9,"hidden_h4_strong","H4: strong hidden variable",4,"strong_hidden",0.24,0.286905983308067,1
1,5.33113992778361,"Male",67,75767,0,"White","HS","Never",0,"South",1.64951185399517,4.43113992778361,5.33113992778361,0.9,"hidden_h4_strong","H4: strong hidden variable",4,"strong_hidden",0.24,0.296977284736884,1
0,2.12051969418964,"Female",23,27190,0,"Mexican American","Some college","Never",0,"Coastal",0.467353807743923,2.12051969418964,3.02051969418964,0.9,"hidden_h4_strong","H4: strong hidden variable",4,"strong_hidden",0.24,0.113977613754945,0.480706077802306
0,2.66312448718451,"Female",49,56380,0,"Black","Some college","Never",0,"South",-0.692709015032236,2.66312448718451,3.56312448718451,0.9,"hidden_h4_strong","H4: strong hidden variable",4,"strong_hidden",0.24,0.125841137724053,0.537943939385488
0,3.10673007693874,"Female",42,42856,0,"Black","<HS","Never",0,"South",0.881083748995652,3.10673007693874,4.00673007693874,0.9,"hidden_h4_strong","H4: strong hidden variable",4,"strong_hidden",0.24,0.116004142815294,0.49037465700088
1,4.55072563471564,"Female",33,59548,0,"Black","College+","Never",0,"Coastal",1.0757871407696,3.65072563471564,4.55072563471564,0.9,"hidden_h4_strong","H4: strong hidden variable",4,"strong_hidden",0.24,0.158286799707703,1
0,2.16470044958261,"Female",25,34775,0,"Black","<HS","Ever",6,"Coastal",-0.690356050493569,2.16470044958261,3.06470044958261,0.9,"hidden_h4_strong","H4: strong hidden variable",4,"strong_hidden",0.24,0.133292980679404,0.574698036862879
0,3.7347554379203,"Female",24,10631,0,"Other","College+","Ever",1,"Inland",0.101913907052132,3.7347554379203,4.6347554379203,0.9,"hidden_h4_strong","H4: strong hidden variable",4,"strong_hidden",0.24,0.208858042228109,0.98651009285221
0,0.0374182465060366,"Female",47,52117,0,"White","Some college","Ever",2,"North",-1.29783324686458,0.0374182465060366,0.937418246506037,0.9,"hidden_h4_strong","H4: strong hidden variable",4,"strong_hidden",0.24,0.139455645113529,0.605574510503439
0,2.51224984839039,"Female",50,54896,1,"White","College+","Never",0,"North",0.152916765316001,2.51224984839039,3.41224984839039,0.9,"hidden_h4_strong","H4: strong hidden variable",4,"strong_hidden",0.24,0.174606635173974,0.790504811380398
1,2.38815954306919,"Female",53,54896,1,"White","HS","Never",0,"South",0.43834409340191,1.48815954306919,2.38815954306919,0.9,"hidden_h4_strong","H4: strong hidden variable",4,"strong_hidden",0.24,0.197325702148231,1
0,2.86588978675637,"Male",51,50138,0,"White","College+","Ever",7,"South",0.434360249906791,2.86588978675637,3.76588978675637,0.9,"hidden_h4_strong","H4: strong hidden variable",4,"strong_hidden",0.24,0.292300728148109,1.543426299542
1,4.46591176890838,"Male",68,89111,0,"Other","Some college","Ever",6,"Coastal",1.34465333501906,3.56591176890838,4.46591176890838,0.9,"hidden_h4_strong","H4: strong hidden variable",4,"strong_hidden",0.24,0.392888281066676,1
1,3.18908022507173,"Female",18,54896,1,"White","Some college","Never",0,"South",1.41912232244536,2.28908022507173,3.18908022507173,0.9,"hidden_h4_strong","H4: strong hidden variable",4,"strong_hidden",0.24,0.132429510785654,1
0,3.09203886787348,"Male",30,46899,0,"White","Some college","Never",0,"Inland",1.13156868433236,3.09203886787348,3.99203886787348,0.9,"hidden_h4_strong","H4: strong hidden variable",4,"strong_hidden",0.24,0.182123702999369,0.832115473000384
0,2.89385938891621,"Male",36,64710,0,"White","HS","Ever",7,"Coastal",0.32016488296646,2.89385938891621,3.79385938891621,0.9,"hidden_h4_strong","H4: strong hidden variable",4,"strong_hidden",0.24,0.33587304410948,1.88985633261679
0,4.29132860506076,"Female",39,43323,0,"White","<HS","Never",0,"South",0.230745866192407,4.29132860506076,5.19132860506076,0.9,"hidden_h4_strong","H4: strong hidden variable",4,"strong_hidden",0.24,0.132676771136983,0.571634804967669
0,3.44958059036429,"Male",18,39315,0,"Mexican American","HS","Ever",0,"North",-0.73923371582539,3.44958059036429,4.34958059036429,0.9,"hidden_h4_strong","H4: strong hidden variable",4,"strong_hidden",0.24,0.20790346657123,0.980817861114156
0,0.574087920497589,"Male",40,39307,0,"White","College+","Ever",6,"Coastal",-1.22449253416712,0.574087920497589,1.47408792049759,0.9,"hidden_h4_strong","H4: strong hidden variable",4,"strong_hidden",0.24,0.264579391895163,1.34438904882826
0,4.26537147750358,"Male",57,65448,0,"Black","College+","Never",0,"Coastal",0.755422235141146,4.26537147750358,5.16537147750358,0.9,"hidden_h4_strong","H4: strong hidden variable",4,"strong_hidden",0.24,0.225120867628581,1.08564174951175
0,1.12712144541643,"Female",50,50749,0,"Mexican American","<HS","Never",0,"Coastal",-0.933494536014263,1.12712144541643,2.02712144541643,0.9,"hidden_h4_strong","H4: strong hidden variable",4,"strong_hidden",0.24,0.132073511381312,0.568640161109852
0,4.16307751460815,"Female",68,37232,0,"White","Some college","Ever",5,"South",-0.525949645537997,4.16307751460815,5.06307751460815,0.9,"hidden_h4_strong","H4: strong hidden variable",4,"strong_hidden",0.24,0.156001501747746,0.690703812177909
0,4.0288936166998,"Female",53,22719,0,"Black","College+","Ever",0,"North",0.154562015609985,4.0288936166998,4.9288936166998,0.9,"hidden_h4_strong","H4: strong hidden variable",4,"strong_hidden",0.24,0.121898675528681,0.518751185765082
0,2.26193330566893,"Male",43,62299,0,"Black","Some college","Ever",5,"North",0.440168469237857,2.26193330566893,3.16193330566893,0.9,"hidden_h4_strong","H4: strong hidden variable",4,"strong_hidden",0.24,0.200914543774291,0.939556490342932
1,3.75924376610183,"Male",61,61073,0,"Black","College+","Never",0,"Coastal",0.959298942402186,2.85924376610183,3.75924376610183,0.9,"hidden_h4_strong","H4: strong hidden variable",4,"strong_hidden",0.24,0.222007466126398,1
0,2.18724259704999,"Male",46,69550,0,"White","Some college","Never",0,"Coastal",-1.83846456220225,2.18724259704999,3.08724259704999,0.9,"hidden_h4_strong","H4: strong hidden variable",4,"strong_hidden",0.24,0.205791682563056,0.968273697757682
0,1.35378662778938,"Female",18,8000,0,"Mexican American","Some college","Ever",4,"North",-0.643324954138096,1.35378662778938,2.25378662778938,0.9,"hidden_h4_strong","H4: strong hidden variable",4,"strong_hidden",0.24,0.113532203489738,0.478586949208871
0,2.81900456940374,"Female",52,71369,0,"White","<HS","Ever",3,"South",-0.11188456713497,2.81900456940374,3.71900456940374,0.9,"hidden_h4_strong","H4: strong hidden variable",4,"strong_hidden",0.24,0.161014574544232,0.717159110828488
0,4.40580786301178,"Male",39,42763,0,"White","<HS","Never",0,"Coastal",-0.75292860686976,4.40580786301178,5.30580786301178,0.9,"hidden_h4_strong","H4: strong hidden variable",4,"strong_hidden",0.24,0.179929593279559,0.819891163782892
0,3.12593500491742,"Female",23,48055,0,"White","College+","Never",0,"South",-0.323305836096692,3.12593500491742,4.02593500491743,0.9,"hidden_h4_strong","H4: strong hidden variable",4,"strong_hidden",0.24,0.168625229824333,0.757932380704914
0,1.37214134861441,"Female",18,78406,0,"White","College+","Ever",5,"Coastal",-0.224703960389336,1.37214134861441,2.27214134861441,0.9,"hidden_h4_strong","H4: strong hidden variable",4,"strong_hidden",0.24,0.220275163220628,1.05567177783702
0,4.33167684536918,"Female",42,55346,0,"White","HS","Never",0,"Coastal",1.14535313193684,4.33167684536918,5.23167684536918,0.9,"hidden_h4_strong","H4: strong hidden variable",4,"strong_hidden",0.24,0.201161974033658,0.941004947326457
0,1.54913627293724,"Male",19,32854,0,"White","Some college","Never",0,"North",0.0985208274068058,1.54913627293724,2.44913627293724,0.9,"hidden_h4_strong","H4: strong hidden variable",4,"strong_hidden",0.24,0.168301071681157,0.756180523510256
0,2.01876371562755,"Male",63,54896,1,"White","College+","Ever",4,"Inland",-1.01448413027322,2.01876371562755,2.91876371562755,0.9,"hidden_h4_strong","H4: strong hidden variable",4,"strong_hidden",0.24,0.257603135760744,1.29664104271909
0,3.62252105713681,"Female",72,50572,0,"White","College+","Never",0,"Inland",0.123870626086204,3.62252105713681,4.52252105713681,0.9,"hidden_h4_strong","H4: strong hidden variable",4,"strong_hidden",0.24,0.181967025073257,0.83124038016208
0,4.44643199188004,"Female",33,50620,0,"Black","Some college","Ever",3,"Inland",-0.286256953924097,4.44643199188004,5.34643199188004,0.9,"hidden_h4_strong","H4: strong hidden variable",4,"strong_hidden",0.24,0.125011591344937,0.533891161943233
0,2.53096398319783,"Male",32,40687,0,"Mexican American","College+","Never",0,"Coastal",0.922334377976837,2.53096398319783,3.43096398319783,0.9,"hidden_h4_strong","H4: strong hidden variable",4,"strong_hidden",0.24,0.210429447799518,0.995910521907172
0,1.05380595541748,"Male",73,58754,0,"White","College+","Never",0,"Inland",-1.2652583620747,1.05380595541748,1.95380595541748,0.9,"hidden_h4_strong","H4: strong hidden variable",4,"strong_hidden",0.24,0.251205897992095,1.25363804841694
