"observed_strength","hidden_strength","n_total","n_control","ps_observed_min","ps_observed_max","ps_observed_iqr","weight_cv_control","var_observed_control","var_ideal_control","epsilon_added_to_denominator","original_variance_ratio","stabilized_variance_ratio","original_R2","stabilized_R2","tau_observed","tau_ideal","tau_gap_observed_minus_ideal","original_bound","stabilized_bound","flag_good_overlap_instability","diagnostic_status","replicate","sample_size","grid_type"
0,0.12,300,138,0.5,0.5,0,0,0,0.00965009772588463,7.25651577503429e-05,Inf,132.98527867996,0.999999999999,0.99248037068519,0.375407140523639,0.270733849196973,0.104673291326666,NA,0.136729158265474,TRUE,"degenerate_or_near_degenerate_observed_weight_variance",1,300,"sample_size"
0,0.12,300,154,0.5,0.5,0,0,0,0.017338632004193,0.000111259148057797,Inf,155.840057261502,0.999999999999,0.993583164575447,0.00852899204005175,-0.109289359865665,0.117818351905716,NA,0.180702398454805,TRUE,"degenerate_or_near_degenerate_observed_weight_variance",2,300,"sample_size"
0,0.12,300,166,0.5,0.5,0,0,0,0.0191154505027975,0.000153464023167743,Inf,124.559816093857,0.999999999999,0.991971728673343,0.175201089953631,0.106104823742112,0.0690962662115199,NA,0.166519324848788,TRUE,"degenerate_or_near_degenerate_observed_weight_variance",3,300,"sample_size"
0,0.12,300,157,0.5,0.5,0,0,0,0.0193419068357384,0.000120538901657783,Inf,160.461946887912,0.999999999999,0.993767992851922,0.0759165829375562,-0.0269143944215402,0.102830977359096,NA,0.199006000241929,TRUE,"degenerate_or_near_degenerate_observed_weight_variance",4,300,"sample_size"
0,0.12,300,154,0.5,0.5,0,0,0,0.0161329487714318,0.000111259148057797,Inf,145.003346269118,0.999999999999,0.993103607428865,-0.064558864757865,-0.157331186896616,0.0927723221387506,NA,0.167693698270425,TRUE,"degenerate_or_near_degenerate_observed_weight_variance",5,300,"sample_size"
0,0.12,300,151,0.5,0.5,0,0,0,0.0162171060190302,0.000102702580964821,Inf,157.903587881448,0.999999999999,0.993667021671789,0.179004861325251,0.0907847540194752,0.088220107305776,NA,0.175805342425954,TRUE,"degenerate_or_near_degenerate_observed_weight_variance",6,300,"sample_size"
0,0.12,300,143,0.5,0.5,0,0,0,0.0118466102351447,8.29607691995619e-05,Inf,142.797738611219,0.999999999999,0.992997087981046,0.212672747533769,0.114071452665623,0.0986012948681461,NA,0.143031443144157,TRUE,"degenerate_or_near_degenerate_observed_weight_variance",7,300,"sample_size"
0,0.12,300,147,0.5,0.5,0,0,0,0.0127529509715136,9.23106497500961e-05,Inf,138.152542594365,0.999999999999,0.992761624352176,0.27341118169861,0.184939774907099,0.0884714067915116,NA,0.145853169689919,TRUE,"degenerate_or_near_degenerate_observed_weight_variance",8,300,"sample_size"
0,0.12,300,154,0.5,0.5,0,0,0,0.0156325997002277,0.000111259148057797,Inf,140.506196327397,0.999999999999,0.992882876156793,0.16044472697744,0.0688697232497449,0.0915750037276947,NA,0.156234727166763,TRUE,"degenerate_or_near_degenerate_observed_weight_variance",9,300,"sample_size"
0,0.12,300,157,0.5,0.5,0,0,0,0.0169043186062478,0.000120538901657783,Inf,140.239527436878,0.999999999999,0.99286934277178,0.0410390782903788,-0.0573615324686809,0.0984006107590597,NA,0.176554153845992,TRUE,"degenerate_or_near_degenerate_observed_weight_variance",10,300,"sample_size"
0,0.12,300,144,0.5,0.5,0,0,0,0.0135353417354783,8.5207100591716e-05,Inf,158.852274534433,0.999999999999,0.99370484305037,0.163195302533645,0.0726658664807873,0.0905294360528573,NA,0.145701462322649,TRUE,"degenerate_or_near_degenerate_observed_weight_variance",11,300,"sample_size"
0,0.12,300,155,0.5,0.5,0,0,0,0.0175875033086979,0.000114268727705113,Inf,153.913530516284,0.999999999999,0.993502845418167,0.214893372440521,0.148409091890019,0.0664842805505022,NA,0.15940600991572,TRUE,"degenerate_or_near_degenerate_observed_weight_variance",12,300,"sample_size"
0,0.12,300,150,0.5,0.5,0,0,0,0.016313814805899,1e-04,Inf,163.13814805899,0.999999999999,0.993870225867475,0.105180886610464,0.0256658567515817,0.0795150298588826,NA,0.162656733464463,TRUE,"degenerate_or_near_degenerate_observed_weight_variance",13,300,"sample_size"
0,0.12,300,149,0.5,0.5,0,0,0,0.0157212348736376,9.73685364676988e-05,Inf,161.461139747674,0.999999999999,0.993806559265203,-0.0818219516523397,-0.169653855406182,0.0878319037538422,NA,0.16889573922743,TRUE,"degenerate_or_near_degenerate_observed_weight_variance",14,300,"sample_size"
0,0.12,300,139,0.5,0.5,0,0,0,0.011727209373018,7.45380193665368e-05,Inf,157.331915614099,0.999999999999,0.993644010523251,-0.0500538444752321,-0.140131601975305,0.0900777575000725,NA,0.138909595642734,TRUE,"degenerate_or_near_degenerate_observed_weight_variance",15,300,"sample_size"
0,0.12,300,145,0.5,0.5,0,0,0,0.0131915195236756,8.75130072840791e-05,Inf,150.737815246757,0.999999999999,0.993365964616357,0.0812079259774945,-0.0234063612898858,0.10461428726738,NA,0.162584643618552,TRUE,"degenerate_or_near_degenerate_observed_weight_variance",16,300,"sample_size"
0,0.12,300,148,0.5,0.5,0,0,0,0.0126752231839159,9.48060941828255e-05,Inf,133.696291289807,0.999999999999,0.992520360958762,0.11882085828124,0.0527873404872946,0.0660335177939458,NA,0.14467626441518,TRUE,"degenerate_or_near_degenerate_observed_weight_variance",17,300,"sample_size"
0,0.12,300,150,0.5,0.5,0,0,0,0.0129308381538467,1e-04,Inf,129.308381538467,0.999999999999,0.992266549251469,0.01810528367667,-0.0599074095380552,0.0780126932147251,NA,0.140444612555178,TRUE,"degenerate_or_near_degenerate_observed_weight_variance",18,300,"sample_size"
0,0.12,300,158,0.5,0.5,0,0,0,0.0170830162985532,0.000123804800634795,Inf,137.98347245795,0.999999999999,0.992752755223603,-0.0256586235805609,-0.11689664667314,0.0912380230925789,NA,0.168573948163677,TRUE,"degenerate_or_near_degenerate_observed_weight_variance",19,300,"sample_size"
0,0.12,300,170,0.5,0.5,0,0,0,0.0278175608370861,0.000171005917159763,Inf,162.670165448704,0.999999999999,0.99385259124043,-0.139711423195008,-0.245505049033664,0.105793625838656,NA,0.219442157209759,TRUE,"degenerate_or_near_degenerate_observed_weight_variance",20,300,"sample_size"
0,0.12,300,154,0.5,0.5,0,0,0,0.0127583380029739,0.000111259148057797,Inf,114.672260445012,0.999999999999,0.991279495179399,-0.103052507981409,-0.168327206497876,0.0652746985164678,NA,0.13247250649872,TRUE,"degenerate_or_near_degenerate_observed_weight_variance",21,300,"sample_size"
0,0.12,300,147,0.5,0.5,0,0,0,0.0131528129153782,9.23106497500961e-05,Inf,142.484241536438,0.999999999999,0.992981680014458,0.224510646053626,0.1317571649652,0.0927534810884268,NA,0.149023793083631,TRUE,"degenerate_or_near_degenerate_observed_weight_variance",22,300,"sample_size"
0,0.12,300,139,0.5,0.5,0,0,0,0.0089098318724412,7.45380193665368e-05,Inf,119.534057225583,0.999999999999,0.991634183401699,0.253087281208444,0.183030532451373,0.0700567487570714,NA,0.114497230143623,TRUE,"degenerate_or_near_degenerate_observed_weight_variance",23,300,"sample_size"
0,0.12,300,138,0.5,0.5,0,0,0,0.00950732147928084,7.25651577503429e-05,Inf,131.017719440373,0.999999999999,0.992367444615344,0.19937107993226,0.0969179110631542,0.102453168869106,NA,0.126889551012818,TRUE,"degenerate_or_near_degenerate_observed_weight_variance",24,300,"sample_size"
0,0.12,300,144,0.5,0.5,0,0,0,0.0118459679937521,8.5207100591716e-05,Inf,139.02559659334,0.999999999999,0.992807079958627,-0.165536509340952,-0.257833787885807,0.0922972785448546,NA,0.148494364842274,TRUE,"degenerate_or_near_degenerate_observed_weight_variance",25,300,"sample_size"
0,0.12,300,138,0.5,0.5,0,0,0,0.0099667659960516,7.25651577503429e-05,Inf,137.349194917233,0.999999999999,0.992719287502176,0.280294269721565,0.183934679566465,0.0963595901551002,NA,0.133198059221019,TRUE,"degenerate_or_near_degenerate_observed_weight_variance",26,300,"sample_size"
0,0.12,300,146,0.5,0.5,0,0,0,0.0135938224587968,8.98802496205094e-05,Inf,151.243710561468,0.999999999999,0.99338815481128,0.0885014711290636,-0.0028787015518934,0.091380172680957,NA,0.154310968938777,TRUE,"degenerate_or_near_degenerate_observed_weight_variance",27,300,"sample_size"
0,0.12,300,144,0.5,0.5,0,0,0,0.0120054914350274,8.5207100591716e-05,Inf,140.897781424975,0.999999999999,0.992902656167567,0.174367707228993,0.0613050020058724,0.11306270522312,NA,0.152970892279131,TRUE,"degenerate_or_near_degenerate_observed_weight_variance",28,300,"sample_size"
0,0.12,300,148,0.5,0.5,0,0,0,0.0113215476379926,9.48060941828255e-05,Inf,119.417931258301,0.999999999999,0.991626048203456,0.139110295315362,0.0661434694798474,0.0729668258355142,NA,0.132542222041133,TRUE,"degenerate_or_near_degenerate_observed_weight_variance",29,300,"sample_size"
0,0.12,300,149,0.5,0.5,0,0,0,0.0149097795377515,9.73685364676988e-05,Inf,153.127284014356,0.999999999999,0.993469485164341,-0.00236883645712038,-0.0753681536891295,0.0729993172320091,NA,0.152183852818076,TRUE,"degenerate_or_near_degenerate_observed_weight_variance",30,300,"sample_size"
0.002,0.12,300,152,0.498623919935262,0.501328942362171,0.000750003348820971,0.00215471390162734,4.89585780350323e-06,0.0162004967098089,0.000105450724601779,3309.02108680865,146.814666631972,0.999697795821252,0.993188691409784,0.0393488134000255,-0.0307184712031408,0.0700672846031662,0.144027110756801,0.143557459575021,TRUE,"unstable_good_overlap_warning",1,300,"sample_size"
0.002,0.12,300,148,0.498439049939623,0.501768957047222,0.000666568000522505,0.00203482080307502,3.92592237915712e-06,0.0128457279672597,9.48176900307554e-05,3272.02800428715,130.091736100696,0.999694379143855,0.992313116651576,-0.116758529858414,-0.203960128565459,0.0872015987070451,0.152395970401531,0.151832318765474,TRUE,"unstable_good_overlap_warning",2,300,"sample_size"
0.002,0.12,300,152,0.49872122458878,0.501420747474996,0.00067780911986981,0.00199309322847936,4.18966500438375e-06,0.0143880039116269,0.000105468816318728,3434.16571410182,131.20739716641,0.999708808460846,0.992378478488284,0.225714067958053,0.156596739205984,0.0691173287520692,0.139455616393718,0.138943398990306,TRUE,"unstable_good_overlap_warning",3,300,"sample_size"
0.002,0.12,300,151,0.498457331411344,0.501321704226591,0.000651332941892291,0.00216457821892837,4.81120932224054e-06,0.0170294672629783,0.00010268516000416,3539.53987914369,158.418999354948,0.999717477402672,0.993687625827257,0.263783380746115,0.171970566526403,0.0918128142197115,0.169288847985612,0.168777538269509,TRUE,"unstable_good_overlap_warning",4,300,"sample_size"
0.002,0.12,300,157,0.498797625151533,0.501282952739612,0.000580188175358209,0.00170076498782088,3.48666593935387e-06,0.0159985512022493,0.00012053737393698,4588.49556582816,128.995565845152,0.999782063644684,0.992247795546706,0.0834163920560923,-0.000124104058774499,0.0835404961148668,0.157588950998448,0.156994039968772,TRUE,"unstable_good_overlap_warning",5,300,"sample_size"
0.002,0.12,300,150,0.498627611327023,0.501535547239165,0.000683055702398294,0.00210180332977357,4.41722531367354e-06,0.0163007818581376,9.99920335660284e-05,3690.27629350906,156.123911164996,0.999729017580131,0.993594831230284,0.0670475245315489,-0.0395885818437031,0.106636106375252,0.164208752265728,0.163704197047283,TRUE,"unstable_good_overlap_warning",6,300,"sample_size"
0.002,0.12,300,156,0.498623347742148,0.501318099261219,0.000677111026124833,0.00193417197219319,4.38921576258401e-06,0.0139260401190941,0.000117326673835594,3172.78549799421,114.414314885824,0.999684819537711,0.991259834916654,0.451594532129605,0.365214096719462,0.0863804354101433,0.147176488153403,0.146555000672805,TRUE,"unstable_good_overlap_warning",7,300,"sample_size"
0.002,0.12,300,156,0.498453333505707,0.501700504387874,0.000684494659267065,0.00221272995399499,5.74281687381725e-06,0.0186346125270815,0.000117291931425811,3244.85578010345,151.458126948823,0.999691819893466,0.993397515074659,-0.212817907297627,-0.310955495956641,0.0981375886590148,0.173915253285394,0.173366882213712,TRUE,"unstable_good_overlap_warning",8,300,"sample_size"
0.002,0.12,300,143,0.498308958484128,0.501160157421791,0.000664928338232285,0.00201956099482008,3.3814481916107e-06,0.010742721341584,8.29065397118932e-05,3176.95872680718,124.498456883681,0.999685233556369,0.991967771930424,0.196611182285413,0.120125685510039,0.0764854967753739,0.125116319104227,0.124632441213944,TRUE,"unstable_good_overlap_warning",9,300,"sample_size"
0.002,0.12,300,149,0.498567378923383,0.501608869669102,0.000699471248338246,0.00207771235371223,4.20629285406726e-06,0.0123960811209772,9.7438067545533e-05,2947.0323515375,121.955424504063,0.999660675594729,0.991800282733904,0.0910870747349279,0.00774513430734425,0.0833419404275837,0.134973913239346,0.134442211920757,TRUE,"unstable_good_overlap_warning",10,300,"sample_size"
0.002,0.12,300,146,0.49849204519591,0.50150915291508,0.000698804364701655,0.00193750805040914,3.37248385333234e-06,0.0159428419082397,8.98385735613342e-05,4727.32935177337,171.040242975842,0.999788464072294,0.994153422711512,-0.130537286452718,-0.253073030794707,0.122535744341989,0.173354570167956,0.172865346420188,TRUE,"unstable_good_overlap_warning",11,300,"sample_size"
0.002,0.12,300,137,0.498789663088414,0.501334726859573,0.000699476463908499,0.00194125620202635,2.66040722985233e-06,0.0104796548858834,7.05963758998038e-05,3939.11682703744,143.053713774676,0.999746135988368,0.993009618739608,0.115942323808288,0.00113606614997508,0.114806257658313,0.14011685414879,0.139643986586134,TRUE,"unstable_good_overlap_warning",12,300,"sample_size"
0.002,0.12,300,172,0.498525585366083,0.501065358747474,0.000775659650416927,0.0021190846111143,8.10922129266923e-06,0.0234945483257348,0.000180585367279606,2897.26318690723,124.510980964013,0.999654846682718,0.991968579861329,-0.0417444274979821,-0.118305373681252,0.0765609461832704,0.193069292676014,0.192325613155968,TRUE,"unstable_good_overlap_warning",13,300,"sample_size"
0.002,0.12,300,158,0.498688730026697,0.501203575428133,0.000714302415475765,0.00198042042306227,4.85537379863576e-06,0.0176206151735486,0.000123796360696724,3629.09549384221,136.963681388875,0.999724449245908,0.992698794382134,0.10727243699957,0.02578110127057,0.0814913357289997,0.15755240965252,0.156997826615527,TRUE,"unstable_good_overlap_warning",14,300,"sample_size"
0.002,0.12,300,143,0.498648234922087,0.501381301626959,0.0006584917491399,0.00199742060701498,3.30972013426345e-06,0.0102427842413846,8.29568436736857e-05,3094.75841638315,118.734116548186,0.999676873000908,0.991577820856618,0.338674112003085,0.260747536575671,0.0779265754274132,0.117252074135695,0.116776139402293,TRUE,"unstable_good_overlap_warning",15,300,"sample_size"
0.002,0.12,300,160,0.498578116889339,0.501148787250275,0.000710331192656066,0.00201227544872353,5.28737574997896e-06,0.0197619157574001,0.000130576588496008,3737.56598582553,145.453696033927,0.999732446195253,0.993124959851369,0.0400310662369343,-0.0348190511697346,0.0748501174066689,0.159119787268415,0.158593083947624,TRUE,"unstable_good_overlap_warning",16,300,"sample_size"
0.002,0.12,300,142,0.498416505883855,0.501509184616969,0.000554451114267773,0.00180101147193803,2.62215333706113e-06,0.0107847248888559,8.08397806143429e-05,4112.92685916809,129.217289586596,0.999756864142193,0.992261097541983,0.19333196052921,0.114241019729421,0.0790909407997886,0.129451865322822,0.128965663798072,TRUE,"unstable_good_overlap_warning",17,300,"sample_size"
0.002,0.12,300,141,0.498473214370564,0.501963552628471,0.000668030230915106,0.0021635521631096,3.68246172418254e-06,0.013368700021055,7.86689766002251e-05,3630.37039414786,162.337177019198,0.999724546012822,0.993839981584245,0.250368257108513,0.163243806738908,0.0871244503696044,0.14330436091939,0.142881980402206,TRUE,"unstable_good_overlap_warning",18,300,"sample_size"
0.002,0.12,300,150,0.498317172150439,0.501356909005069,0.000713920552144476,0.00207461554354695,4.30352517275793e-06,0.01263933097021,9.99882788733047e-05,2936.9715437519,121.191987096393,0.999659513214513,0.991748629394082,0.0251950106911931,-0.0552685946049207,0.0804636052961138,0.149650266641312,0.149056955956654,TRUE,"unstable_good_overlap_warning",19,300,"sample_size"
0.002,0.12,300,145,0.498489663874853,0.50153450605092,0.000756812682643715,0.00207117068039896,3.75515758093046e-06,0.0148046085389254,8.75379530920931e-05,3942.47331033632,162.165670879042,0.99974635211927,0.993833466759152,-0.0416248867746873,-0.147516485889615,0.105891599114928,0.157111768897355,0.156646470101576,TRUE,"unstable_good_overlap_warning",20,300,"sample_size"
0.002,0.12,300,153,0.498844910480364,0.501712197538051,0.000587452312962533,0.00188655524993947,3.85669528083468e-06,0.0150257692975226,0.000108361814685827,3896.02190564318,133.897423000773,0.99974332793187,0.9925315963699,-0.137587135173394,-0.223835304209678,0.086248169036284,0.15167757634081,0.151129516783956,TRUE,"unstable_good_overlap_warning",21,300,"sample_size"
0.002,0.12,300,161,0.498149853755058,0.501472911733894,0.000688377339583435,0.00209335405422565,5.88141970222311e-06,0.0222873030316152,0.000134213683678192,3789.44271281827,159.086952319069,0.999736108954328,0.993714129377535,-0.000430930354211156,-0.0975978723546527,0.0971669420004415,0.191852846481815,0.191274154274392,TRUE,"unstable_good_overlap_warning",22,300,"sample_size"
0.002,0.12,300,151,0.498491436799288,0.5012563202117,0.000740748608110964,0.00196611361272926,3.96967349251328e-06,0.0154924136127888,0.000102692225802891,3902.69215894134,145.247869343504,0.999743766620765,0.993115217424394,0.103830486045668,0.0267586158207889,0.0770718702248789,0.148579484595862,0.148086106008389,TRUE,"unstable_good_overlap_warning",23,300,"sample_size"
0.002,0.12,300,143,0.498694136653919,0.50145676956432,0.000713557376587792,0.00209231925486869,3.63240760162015e-06,0.0113868329027052,8.29733590894916e-05,3134.78941560038,131.478922683261,0.999680999305719,0.992394218178916,0.221564188507479,0.157071338195553,0.064492850311926,0.125907566610897,0.125447850526797,TRUE,"unstable_good_overlap_warning",24,300,"sample_size"
0.002,0.12,300,151,0.498922245202164,0.501227000741815,0.00064503237624991,0.0020006910117565,4.11377899370811e-06,0.0130660112037068,0.000102773444915501,3176.15779158064,122.241094172351,0.999685154181366,0.991819444952038,0.0790703702409501,0.0126980726453561,0.066372297595594,0.128127236785713,0.127622176850282,TRUE,"unstable_good_overlap_warning",25,300,"sample_size"
0.002,0.12,300,144,0.497876760634731,0.501392050798241,0.000729345373374379,0.00202912751968693,3.50722494834543e-06,0.0113520206595087,8.51814326074173e-05,3236.75293906202,127.998562300609,0.999691048399792,0.992187412248807,-0.0227333006064219,-0.103905437280651,0.0811721366742288,0.129079190133051,0.12859384637094,TRUE,"unstable_good_overlap_warning",26,300,"sample_size"
0.002,0.12,300,150,0.498572774329102,0.501273060346255,0.000679688662716671,0.00205182020515763,4.20939180458022e-06,0.0159466020247861,9.99863573793273e-05,3788.33873516708,153.044650570534,0.999736032052594,0.993465959141518,0.0633945210595317,-0.034502937797021,0.0978974588565527,0.155481354075204,0.154993018778682,TRUE,"unstable_good_overlap_warning",27,300,"sample_size"
0.002,0.12,300,148,0.498488948461637,0.501494933031404,0.000563439308086833,0.00188471643858459,3.3659132618886e-06,0.0122398499784182,9.4756908504078e-05,3636.4127730227,124.7400936717,0.99972500371591,0.99198333133666,0.191944639731651,0.117759062700662,0.0741855770309896,0.132402891140539,0.13188924393266,TRUE,"unstable_good_overlap_warning",28,300,"sample_size"
0.002,0.12,300,158,0.498603512052908,0.501585514296549,0.000624876561551913,0.00180431882439301,4.02938535611175e-06,0.0156757714068321,0.000123769103013379,3890.36292670671,122.660069041743,0.999742954572918,0.991847387598814,-0.0639702872932525,-0.144983585129794,0.081013297836542,0.150541242373977,0.149945606987531,TRUE,"unstable_good_overlap_warning",29,300,"sample_size"
0.002,0.12,300,161,0.498288848188395,0.501311907327017,0.000582670741068436,0.0019808321433812,5.26602043779778e-06,0.0216572695124946,0.0001342107152109,4112.64440924798,155.275138981193,0.999756847444007,0.993559818998963,0.145517022495524,0.0677946048946523,0.0777224176008715,0.176929757563025,0.176380552469696,TRUE,"unstable_good_overlap_warning",30,300,"sample_size"
0.01,0.12,300,160,0.492481787067229,0.506103340962747,0.00308829118880116,0.00983791882368699,0.000126234282285401,0.0195624232709629,0.000130428003286973,154.969180453964,76.2185345125305,0.993547104030165,0.986879831705035,-0.0450529434240454,-0.129343961427606,0.0842910180035603,0.173290557475564,0.17270813910176,TRUE,"unstable_good_overlap_warning",1,300,"sample_size"
0.01,0.12,300,153,0.492303696619178,0.507384690168626,0.00337657275725889,0.0106692855815275,0.000123381763447632,0.0159598491650551,0.000108387773055802,129.353388370308,68.860858099954,0.992269240005239,0.985477961971539,-0.05950049051941,-0.133030594815001,0.0735301042955914,0.140402475274131,0.139921179815539,TRUE,"unstable_good_overlap_warning",2,300,"sample_size"
0.01,0.12,300,153,0.493896902537939,0.507240496607647,0.00300036926078528,0.00951576150386726,9.82220561079894e-05,0.0147713592849601,0.000108473068015923,150.387396377855,71.4644786497467,0.993350506597724,0.98600703427921,0.0980790430193692,0.0303140221464036,0.0677650208729657,0.141850979375275,0.141325680868418,TRUE,"unstable_good_overlap_warning",3,300,"sample_size"
0.01,0.12,300,153,0.491478805934549,0.508060069891835,0.00336718668121705,0.010168561380843,0.000112062412201909,0.0162407078965822,0.000108377951411976,144.925560475357,73.6739299025507,0.993099905932949,0.986426677641294,0.210533613151549,0.123770682629932,0.0867629305216171,0.161751684725554,0.16120731586463,TRUE,"unstable_good_overlap_warning",4,300,"sample_size"
0.01,0.12,300,152,0.491895528857543,0.507354435621038,0.00306507538219986,0.00860380141586684,7.80249560131641e-05,0.0174815253810319,0.000105402952600228,224.050435582206,95.3046104771191,0.995536719232875,0.989507328187023,0.118429764739366,0.0358746964377844,0.0825550683015813,0.159027807795101,0.158545506629729,TRUE,"unstable_good_overlap_warning",5,300,"sample_size"
0.01,0.12,300,163,0.492767351975564,0.507546794667144,0.00350577639797395,0.0102386779187963,0.000148364134880775,0.0230009060412737,0.000141527607667683,155.030095782631,79.3430880061335,0.993549639539654,0.987396507684164,0.0534073210873043,-0.0345661268489711,0.0879734479362754,0.189664041118579,0.189075826751831,TRUE,"unstable_good_overlap_warning",6,300,"sample_size"
0.01,0.12,300,146,0.493244731393883,0.507430331934912,0.00365867163397404,0.0107577615221581,0.000104013875314085,0.0122774607584947,8.98767691561941e-05,118.036759244102,63.3215738285747,0.991528062898339,0.984207594038847,-0.0622104722204424,-0.133339852335752,0.0711293801153099,0.132709587742373,0.132218781564189,TRUE,"unstable_good_overlap_warning",7,300,"sample_size"
0.01,0.12,300,141,0.493160757798759,0.508446731591236,0.00363053874487385,0.00946218188599121,7.03379067806277e-05,0.0130607600576063,7.85609733907056e-05,185.685936010872,87.7156365620594,0.99461456251624,0.98859952410774,0.336686299073808,0.235302247117157,0.101384051956651,0.138112706430605,0.137694447390893,TRUE,"unstable_good_overlap_warning",8,300,"sample_size"
0.01,0.12,300,157,0.493014976207108,0.510161872274809,0.00347306305849032,0.0111268922814886,0.000149422383653521,0.0161915647702846,0.000120689056675376,108.361039185597,59.9440169974629,0.990771590900977,0.983317767976038,0.0172987154367863,-0.0654406830816747,0.082739398518461,0.152727593337785,0.152152004743703,TRUE,"unstable_good_overlap_warning",9,300,"sample_size"
0.01,0.12,300,153,0.493452790715568,0.50731937712834,0.0034557943855158,0.00976420107785093,0.000102894133488769,0.0151504009676503,0.000107923789277759,147.242611934761,71.8648621940398,0.99320848776818,0.986084993841637,0.258260029892895,0.175699823166692,0.0825602067262028,0.151386601216763,0.150842736488448,TRUE,"unstable_good_overlap_warning",10,300,"sample_size"
0.01,0.12,300,138,0.492705767856179,0.508677274156932,0.00359388369235875,0.0102441194856834,7.62629581254414e-05,0.00974618980341377,7.2671542114721e-05,127.797164481644,65.4394367167962,0.992175100253154,0.984718694870072,0.0325754886398719,-0.0497861874325745,0.0823616760724464,0.122466398322561,0.122005350048666,TRUE,"unstable_good_overlap_warning",11,300,"sample_size"
0.01,0.12,300,153,0.493137549568984,0.505988705196992,0.00383400465383482,0.00997252244831603,0.000107394603884697,0.0159309874856333,0.000107987233522034,148.340669916129,73.9662530390103,0.993258760388736,0.986480320971882,0.179690979003686,0.0655200015370524,0.114170977466634,0.165653787632833,0.165087572401912,TRUE,"unstable_good_overlap_warning",12,300,"sample_size"
0.01,0.12,300,145,0.491789686469142,0.507042164631288,0.00376776632314557,0.0101115469621706,8.95155660545182e-05,0.0127835056183584,8.75514525550174e-05,142.807627564716,72.1958596171332,0.992997572909424,0.986148790175736,-0.115859084686115,-0.200250381126611,0.0843912964404963,0.127136715299588,0.126697520713042,TRUE,"unstable_good_overlap_warning",13,300,"sample_size"
0.01,0.12,300,154,0.494130653855773,0.507391433129808,0.00355987946272007,0.0107755616434943,0.000129271406393684,0.0165013819262886,0.000111332674552181,127.649125097589,68.5831340076123,0.992166025429195,0.985419155679164,0.395138714443316,0.310029089732337,0.0851096247109788,0.155251735007696,0.154722967637734,TRUE,"unstable_good_overlap_warning",14,300,"sample_size"
0.01,0.12,300,153,0.49319798156181,0.506022986852171,0.00327061925197336,0.00968866675664021,0.000101596311781879,0.0133125321737891,0.000108230559892811,131.03361667666,63.445315976633,0.992368370610821,0.984238395150112,0.0639746849689642,-0.0083810126248296,0.0723556975937938,0.135547745129008,0.13499136596574,TRUE,"unstable_good_overlap_warning",15,300,"sample_size"
0.01,0.12,300,151,0.49453724888208,0.509425277103978,0.00364405877866231,0.0104133190448514,0.000111449745414152,0.0128861236798733,0.000102778134725361,115.62272871946,60.1514782832253,0.991351181458221,0.983375304671791,0.0650863207314378,-0.0149781140559155,0.0800644347873534,0.152250085928151,0.151636388037473,TRUE,"unstable_good_overlap_warning",16,300,"sample_size"
0.01,0.12,300,146,0.49249097660099,0.508546250146568,0.00376086720715485,0.0107028324850258,0.000103082311036615,0.0149174187241868,8.99884331963594e-05,144.713662064562,77.2640038419607,0.993089802401975,0.987057362416198,4.2269584489496e-05,-0.117324994083998,0.117367263668488,0.160878671375743,0.160389305151131,TRUE,"unstable_good_overlap_warning",17,300,"sample_size"
0.01,0.12,300,141,0.492787277608454,0.506446379019038,0.00346249909397789,0.0104297384272825,8.56121184813112e-05,0.0101288186191284,7.87024787033228e-05,118.310570965949,61.6428411880355,0.991547669901045,0.983777516079287,0.00297298887614328,-0.0802201108402995,0.0831930997164427,0.118664258541031,0.118198394393566,TRUE,"unstable_good_overlap_warning",18,300,"sample_size"
0.01,0.12,300,151,0.493305557144032,0.506236273741391,0.00334944319057118,0.010248815430707,0.000108144333262709,0.0137186377372251,0.0001029571289356,126.854892192078,64.9859910697246,0.992116977258663,0.984612068177477,0.199281307142063,0.119843362353293,0.0794379447887698,0.139582233646311,0.139053293718971,TRUE,"unstable_good_overlap_warning",19,300,"sample_size"
0.01,0.12,300,157,0.491326463073527,0.507776392406649,0.00335599100407347,0.00971819477517914,0.000113719745258434,0.0182242276606276,0.000120410588779376,160.255614530371,77.8379603630709,0.993759969016184,0.987152798000673,0.191433853983013,0.0803850391847618,0.111048814798252,0.181831921434495,0.181226444146041,TRUE,"unstable_good_overlap_warning",20,300,"sample_size"
0.01,0.12,300,155,0.491828468903476,0.506573677160997,0.00316575966430477,0.00989214388258386,0.000111906878691564,0.0194977337863121,0.000114360470470456,174.231772115201,86.1712211617004,0.994260518688068,0.988395197532091,0.0494350579888967,-0.0480032598355997,0.0974383178244964,0.167362339091289,0.166867958672759,TRUE,"unstable_good_overlap_warning",21,300,"sample_size"
0.01,0.12,300,152,0.492874037197074,0.506544695874497,0.00366088952850863,0.0110102021686787,0.000127984829558893,0.0154153687987108,0.000105576657255981,120.446843988,66.0013301376581,0.991697582378334,0.98484879019992,-0.10929426943152,-0.203875857423834,0.0945815879923133,0.154799206033172,0.154263748245075,TRUE,"unstable_good_overlap_warning",22,300,"sample_size"
0.01,0.12,300,146,0.494168380908684,0.508124804555593,0.00312078048711784,0.01055342012745,0.00010015290470965,0.0126276376871501,8.99243059186299e-05,126.083589125632,66.4342539824254,0.992068753697965,0.984947524205442,0.10670634604776,0.0178838908659014,0.0888224551818588,0.14375764551732,0.143240758491385,TRUE,"unstable_good_overlap_warning",23,300,"sample_size"
0.01,0.12,300,146,0.493907407398122,0.506692339979285,0.00349914713322358,0.0101136227262916,9.19056463387381e-05,0.0119603208385566,8.98521960140001e-05,130.136953658693,65.8036026602097,0.992315787546229,0.98480326365771,0.0868553004259442,0.00755417261396141,0.0793011278119828,0.132198996234822,0.131697626113922,TRUE,"unstable_good_overlap_warning",24,300,"sample_size"
0.01,0.12,300,150,0.491192373701825,0.506705971092958,0.00346842055034108,0.0101041829819717,0.000102073968963903,0.0132833496016027,9.99798767156895e-05,130.134545922284,65.7416321719848,0.992315645373695,0.984788938653304,0.163789023132346,0.0680237049628947,0.0957653181694511,0.151581851763289,0.151005883902567,TRUE,"unstable_good_overlap_warning",25,300,"sample_size"
0.01,0.12,300,152,0.492552628005969,0.508119540160583,0.00371668618775711,0.0110852621623929,0.000129794790377352,0.0149537865061054,0.000105624660103915,115.210991617077,63.5197579279684,0.991320272606249,0.984256866955727,-0.0343751742985734,-0.116158924975352,0.0817837506767782,0.147491275229654,0.146964879708605,TRUE,"unstable_good_overlap_warning",26,300,"sample_size"
0.01,0.12,300,156,0.492071340184397,0.508247248838159,0.00317392369506864,0.00966374560002137,0.000109525510555482,0.0179650671656177,0.00011728009504281,164.02632660194,79.2090967867727,0.993903417696924,0.987375187439746,0.206412198171376,0.127697567193386,0.07871463097799,0.168701799024978,0.168146846409503,TRUE,"unstable_good_overlap_warning",27,300,"sample_size"
0.01,0.12,300,169,0.493401518883051,0.507649686634742,0.0029368925757029,0.00898539362820217,0.000134215656997405,0.0268004565735625,0.000166237487797338,199.682042863901,89.2001200116291,0.994992038414383,0.988789252751346,0.343428673290298,0.228723244333224,0.114705428957075,0.223542695878287,0.222844823364736,TRUE,"unstable_good_overlap_warning",28,300,"sample_size"
0.01,0.12,300,155,0.491660852527908,0.508107017905269,0.0037452228581058,0.0109089603511824,0.000135947927643577,0.0151722946606026,0.000114236756844687,111.603721539476,60.6443783384924,0.991039725322723,0.983510425411266,0.0582795937323981,-0.000647446246986316,0.0589270399793844,0.137063202949784,0.1365415500229,TRUE,"unstable_good_overlap_warning",29,300,"sample_size"
0.01,0.12,300,146,0.493226209024122,0.506728225466058,0.00335872967945111,0.0107568622839539,0.000104339873521555,0.0119077607676944,9.01735336579566e-05,114.124738374677,61.2182005361976,0.991237657897476,0.983664988659562,-0.00379761992775629,-0.0857226997406735,0.0819250798129172,0.133484241169411,0.132973379823866,TRUE,"unstable_good_overlap_warning",30,300,"sample_size"
0.05,0.12,300,139,0.467841353916293,0.533084724056642,0.0141679400359166,0.044333795524694,0.00146821662777712,0.0104768910583933,7.46999498767573e-05,7.13579376515799,6.79031595753814,0.859861420759845,0.852731447806951,-0.179676240880609,-0.234359009979046,0.0546827690984368,0.106567670288856,0.106124920870304,FALSE,"stable",1,300,"sample_size"
0.05,0.12,300,155,0.470978516346778,0.537240822655286,0.0143555738516091,0.043153359988241,0.00212279176269627,0.0185118683995371,0.000113992994218521,8.72052959920295,8.27610629154615,0.885328065385914,0.879170232380718,-0.0906032057305428,-0.172529109307699,0.0819259035771567,0.146556397997735,0.146045827618991,FALSE,"stable",2,300,"sample_size"
0.05,0.12,300,151,0.466710332473697,0.541824306154901,0.0175500411579069,0.04592006788775,0.00216315967083927,0.0224045278682819,0.000102584922481956,10.3573158145969,9.88837309126725,0.903449888185251,0.89887112968228,0.150167534913718,0.0349254627247624,0.115242072188956,0.183684124547134,0.183218070154569,FALSE,"stable",3,300,"sample_size"
0.05,0.12,300,150,0.46141132864654,0.540083730430008,0.0169708560735353,0.0500549574890391,0.00248638368405925,0.0173496089228572,9.92370746533575e-05,6.97784860562324,6.71003621254018,0.856689352762092,0.850969507715751,0.19405186242562,0.0857264154290902,0.10832544699653,0.16541690520368,0.164863762072716,FALSE,"stable",4,300,"sample_size"
0.05,0.12,300,157,0.455344105149135,0.538656952543187,0.0173853572240837,0.0560528938180781,0.00377855609494408,0.0215621042057162,0.000120262380657967,5.70644014907374,5.53042013642008,0.824759399226799,0.819181911078583,0.248443157083502,0.154459315618574,0.0939838414649282,0.170159002562373,0.169582670974767,FALSE,"stable",5,300,"sample_size"
0.05,0.12,300,151,0.464213801839991,0.537289416199234,0.0179171765484712,0.0521106366234171,0.00277815609362481,0.0185261100675454,0.000102306655082501,6.66849141776387,6.431643691924,0.850041045664969,0.844518750120492,0.222676896266039,0.109034300086978,0.113642596179061,0.171470020063724,0.170912134625868,FALSE,"stable",6,300,"sample_size"
0.05,0.12,300,152,0.466262883413414,0.530177854590903,0.0179932133210069,0.0477487872823958,0.00240391700204738,0.0144275070334211,0.000105437421665079,6.00166603968999,5.74948954882044,0.833379599366769,0.82607151617396,0.22359892257426,0.159373290058441,0.0642256325158197,0.141203017163661,0.140582534216724,FALSE,"stable",7,300,"sample_size"
0.05,0.12,300,155,0.466889435869893,0.534823570391514,0.0155916733641454,0.050301368368847,0.00288528594808434,0.0206172015889853,0.000114032661722502,7.14563546211907,6.87396181305095,0.860054433884674,0.854523486281027,0.0777862073673622,-0.024161351740478,0.10194755910784,0.174586596065531,0.17402431374821,FALSE,"stable",8,300,"sample_size"
0.05,0.12,300,152,0.468321977661026,0.538485178781396,0.0175397149060291,0.052968843556955,0.00295234502507063,0.0160041849194172,0.000105226742758564,5.42083827720451,5.23427940034251,0.815526686305113,0.808951734610391,0.211163612020897,0.131916432804731,0.0792471792161653,0.14558773997852,0.144999672448675,FALSE,"stable",9,300,"sample_size"
0.05,0.12,300,161,0.469553600709679,0.53227087380451,0.016166302399565,0.0481772497922813,0.00314596165467888,0.0222903686771702,0.000135540603694802,7.0853910898814,6.7927329991287,0.858864530226413,0.852783850016147,0.13189192824798,0.0467431561926104,0.0851487720553694,0.169735715423198,0.169133791677991,FALSE,"stable",10,300,"sample_size"
0.05,0.12,300,148,0.462883084618465,0.538747025204586,0.0163031283627547,0.0489275970549,0.0022324687655184,0.0161655443577869,9.32561790264763e-05,7.24110662038002,6.95075503047087,0.861899561430913,0.856130737507482,0.110203930993395,0.0229829000376294,0.0872210309557657,0.137168167976103,0.136708353651389,FALSE,"stable",11,300,"sample_size"
0.05,0.12,300,147,0.464476923317645,0.525860167531061,0.0166655589882062,0.0455183173755126,0.00188135382903415,0.0139225239060292,9.08025578373517e-05,7.40026872732213,7.0595435527884,0.864869772051932,0.858347782328644,-0.0799942257332354,-0.15941949314272,0.0794252674094844,0.130272240309643,0.129780118788744,FALSE,"stable",12,300,"sample_size"
0.05,0.12,300,148,0.459197924604109,0.533593416782824,0.0174453908260736,0.052187977802101,0.00259766624532064,0.0179442280871296,9.53767266121562e-05,6.90782663841202,6.66317926380918,0.855236668152708,0.849921492367545,0.175103093177588,0.0800074479413357,0.0950956452362519,0.156149353993359,0.155663374590183,FALSE,"stable",13,300,"sample_size"
0.05,0.12,300,162,0.466330985388589,0.530135450966289,0.0158746467029597,0.0479666031442305,0.00315282250520155,0.0265745989768494,0.000137031872967274,8.42882811607901,8.07774324395514,0.881359545333191,0.876203047088884,0.0259177782382242,-0.0766056324277918,0.102523410666016,0.192030597805185,0.191468024887834,FALSE,"stable",14,300,"sample_size"
0.05,0.12,300,151,0.45844960028696,0.531458025616878,0.0158502922438486,0.0509014460579241,0.00268782303752406,0.0160908444389153,0.000103738611596246,5.98657136808297,5.76410141040087,0.832959479054833,0.826512420791977,0.0731730891665111,-0.0110864409806537,0.0842595301471648,0.144739958664501,0.144178731127293,FALSE,"stable",15,300,"sample_size"
0.05,0.12,300,149,0.468845223008602,0.54304625781944,0.0167994585180402,0.0512795196373816,0.00259728329851716,0.0151233888668517,9.87714492997105e-05,5.82277215407575,5.60945169199472,0.82826049628268,0.821729456833169,0.0219799530694256,-0.0393308430234607,0.0613107960928863,0.125163891349494,0.124669440539528,FALSE,"stable",16,300,"sample_size"
0.05,0.12,300,144,0.467707639375891,0.539067151252338,0.0186764363653541,0.0538283072852307,0.00250079072308261,0.0142715454149591,8.63089640109129e-05,5.70681316242536,5.51642655524899,0.824770853445111,0.81872322780252,0.085388928194651,-0.00651487899760994,0.091903807192261,0.137944985170501,0.137438314425276,FALSE,"stable",17,300,"sample_size"
0.05,0.12,300,163,0.45572138094626,0.538536618158457,0.0176975031685258,0.0483514924909268,0.00332323635725399,0.0289672606993414,0.000142148231890418,8.71658154440665,8.35903200761138,0.885276126322516,0.880368923209118,0.373508874862415,0.26666575780422,0.106843117058195,0.196066173327606,0.195522007768185,FALSE,"stable",18,300,"sample_size"
0.05,0.12,300,147,0.464556707795533,0.531304027245185,0.0180094982714205,0.0453041840743059,0.00189447300366983,0.0189504106429534,9.23021451878873e-05,10.0029985152832,9.53827646467632,0.900029976164433,0.895159256108442,0.156004432082447,0.0328574621172357,0.123146969965211,0.175300351346507,0.174825368688814,FALSE,"stable",19,300,"sample_size"
0.05,0.12,300,154,0.458633119906156,0.534111435190087,0.014944538845833,0.0509921620139035,0.00288266549288561,0.0194168016756662,0.000110863196764961,6.73571100205234,6.48625875636178,0.851537573435781,0.845827920599191,0.244593019912003,0.161575621786865,0.0830173981251383,0.1579350807216,0.157404704147786,FALSE,"stable",20,300,"sample_size"
0.05,0.12,300,155,0.462069926004404,0.537181160230717,0.0169831565647997,0.0531519793096016,0.00324000567423869,0.0234968347178547,0.000114685070888006,7.25209678016254,7.00417311252557,0.862108845163869,0.857227971962643,0.0152844511702603,-0.0696324528640091,0.0849169040342694,0.173537712840421,0.173045769254656,FALSE,"stable",21,300,"sample_size"
0.05,0.12,300,153,0.46458995122627,0.534356871544009,0.0172480044405566,0.0516098380736793,0.00284546161310543,0.019116806292445,0.000106828649493858,6.71834974135589,6.47524619602069,0.851153923433855,0.845565717545297,0.00631775560537129,-0.0947749739518733,0.101092729557245,0.168278523508988,0.167725201957265,FALSE,"stable",22,300,"sample_size"
0.05,0.12,300,160,0.4541732144046,0.529872897470987,0.0153595740194609,0.0490482698603614,0.0031501459874526,0.020872544056539,0.000130943304197911,6.62589738370117,6.36146785448782,0.849077046912941,0.842803575703911,0.0287817501454484,-0.0306023656278842,0.0593841157733326,0.1427437312971,0.142215417084485,FALSE,"stable",23,300,"sample_size"
0.05,0.12,300,140,0.464954192470022,0.539663726539503,0.0168186320264566,0.0488487164948831,0.00181990217286068,0.00883925973645004,7.62678896232857e-05,4.85699718823661,4.66163869546104,0.794111472326575,0.785483160465936,0.227968764295437,0.170141296183681,0.0578274681117565,0.0963535701119773,0.0958286820361024,FALSE,"stable",24,300,"sample_size"
0.05,0.12,300,142,0.465117384233181,0.537773702673626,0.018282106569741,0.0480154333935704,0.00186248045056763,0.0160922278545481,8.07848673992822e-05,8.64021302862196,8.28102457536997,0.884262112903078,0.879241995854683,-0.10313813804217,-0.215357361475134,0.112219223432964,0.142777949119755,0.14237208404811,FALSE,"stable",25,300,"sample_size"
0.05,0.12,300,144,0.466174799491079,0.534740860092958,0.015750641098934,0.048193167535646,0.00195994105996484,0.0164604970378971,8.43863238720565e-05,8.39846532843817,8.05179110158138,0.880930627097562,0.87580403075738,0.236182240853776,0.125297163534686,0.11088507731909,0.158337376308883,0.157875980024742,FALSE,"stable",26,300,"sample_size"
0.05,0.12,300,151,0.461581121799076,0.536267722232968,0.0166954594316528,0.0525641758742551,0.00281949487285423,0.0234248623250531,0.00010204496703373,8.30817695417183,8.01798490139757,0.879636651275481,0.875280383750075,0.257544223891355,0.145632676737442,0.111911547153913,0.180440708786576,0.179993351566942,FALSE,"stable",27,300,"sample_size"
0.05,0.12,300,141,0.466183762701659,0.537022813321558,0.0179234477959181,0.0465742932442482,0.00169843798657174,0.014535744894009,7.82991681158163e-05,8.55830180962277,8.18114534029943,0.883154389475302,0.877767725861792,0.0915003470302639,0.0107416546472219,0.080758692383042,0.125511820278942,0.125128464862275,FALSE,"stable",28,300,"sample_size"
0.05,0.12,300,146,0.468722837892505,0.531579921725775,0.0157918432482129,0.0446886044302341,0.00178117037726492,0.0143034589647729,8.91891200113748e-05,8.03037101186051,7.6474383590974,0.875472752314551,0.869237259191452,0.10114134048018,0.0141497955603304,0.08699154491985,0.144736230393782,0.144219872507873,FALSE,"stable",29,300,"sample_size"
0.05,0.12,300,160,0.465887001453995,0.53425646353706,0.0167541204880531,0.0460858491223727,0.00278867440356069,0.0211319308523628,0.000131299364193473,7.5777691455771,7.23702763556537,0.868035040288385,0.86182172428282,0.0974611717336431,0.0137659565569447,0.0836952151766984,0.156067562748477,0.155508000904935,FALSE,"stable",30,300,"sample_size"
0.2,0.12,300,135,0.359447020173909,0.623380607553078,0.0654128196172297,0.193655217090511,0.0236832706100739,0.0269649979010928,6.31514424122724e-05,1.13856731804698,1.13553940216731,0.121703228127672,0.119361249736132,0.15030696140043,0.0776360851663274,0.0726708762341026,0.0708673646388558,0.070182189440735,FALSE,"stable",1,300,"sample_size"
0.2,0.12,300,125,0.368270057486273,0.674057585719177,0.0688316634501173,0.183979020839528,0.0173357894582251,0.0228446125087175,5.1216160473628e-05,1.31777168635829,1.3138899825367,0.241143203824982,0.238901267768764,0.0546613208934307,-0.0143553195102814,0.069016640403712,0.0874337896821822,0.0870263995916374,FALSE,"stable",2,300,"sample_size"
0.2,0.12,300,151,0.370324488042602,0.633125502364269,0.0642050517375661,0.196275809172803,0.0381907479618723,0.0495148550494116,9.91344522070581e-05,1.29651440969013,1.29315766796935,0.228701206460945,0.226699091093584,0.0499925626112958,-0.053298473242456,0.103291035853752,0.143310422262685,0.142681753265922,FALSE,"stable",3,300,"sample_size"
0.2,0.12,300,152,0.369751260556547,0.629218891853677,0.0662835193662336,0.177624189572961,0.0326871936228537,0.0450603675265034,0.00010360325892848,1.37853276871707,1.37417726348511,0.274591056017732,0.272291845766783,0.125140564037415,0.0546828481254984,0.0704577159119167,0.136339570707155,0.135767570475556,FALSE,"stable",4,300,"sample_size"
0.2,0.12,300,152,0.342470257052053,0.680489143942295,0.0692673112920401,0.208648623804282,0.0454510501723535,0.0613306879389499,0.000104402974750931,1.34937889677751,1.34628642022076,0.258918305015644,0.257216009178773,0.049239864461324,-0.0252874138528394,0.0745272783141634,0.151816074121912,0.151316182748666,FALSE,"stable",5,300,"sample_size"
0.2,0.12,300,149,0.36575455860663,0.625223036598059,0.0701157442818243,0.201156570458014,0.0415350185356935,0.0554414280568594,0.000102646929620146,1.33481168448776,1.33152105040675,0.250830651528381,0.248979203374577,-0.176623109932988,-0.257795744676101,0.0811726347431134,0.137831926079228,0.137322296746719,FALSE,"stable",6,300,"sample_size"
0.2,0.12,300,158,0.350516648277439,0.630649064983401,0.0726821235424289,0.190138942735249,0.0445950074582932,0.0633087474080599,0.000123351402427843,1.41963755622798,1.41572161906121,0.295594854043571,0.293646443950527,0.156911942126674,0.0746444014709311,0.0822675406557427,0.170208755017971,0.169646863031874,FALSE,"stable",7,300,"sample_size"
0.2,0.12,300,143,0.361627430021316,0.653537023320397,0.0701474050438243,0.218036237850812,0.0395481839907117,0.053069321221183,8.31896287855478e-05,1.34189021760511,1.33907347574435,0.254782554578337,0.253214989234156,0.056016003232767,-0.0521976451232549,0.108213648356022,0.157393295077172,0.15690836206499,FALSE,"stable",8,300,"sample_size"
0.2,0.12,300,148,0.359903697891792,0.632259036316698,0.0632889623330496,0.195277228913376,0.035757226920556,0.054223230038752,9.37692890905314e-05,1.51642715916486,1.51246090127231,0.340555203092822,0.338825883592241,0.0448035772761013,-0.0462604049998632,0.0910639822759645,0.170740447345736,0.170306390588532,FALSE,"stable",9,300,"sample_size"
0.2,0.12,300,144,0.388618629759192,0.645077890231462,0.0625369693026585,0.216498217592049,0.0405558220820527,0.0479519495054326,8.65255878878708e-05,1.18236906672527,1.17985186030231,0.154240390634003,0.152435967898738,-0.0805618192076089,-0.134379039342748,0.053817220135139,0.0980011012930761,0.0974261687113945,FALSE,"stable",10,300,"sample_size"
0.2,0.12,300,141,0.377301548596863,0.622985660386373,0.0616425619587819,0.196567392579769,0.0306549136024771,0.0466938716682096,7.93372499745955e-05,1.5232100234801,1.5192780163205,0.34349171513769,0.341792621720499,0.0415669764963312,-0.0427749429038129,0.0843419194001441,0.14643600817596,0.146073383846509,FALSE,"stable",11,300,"sample_size"
0.2,0.12,300,134,0.380484144212933,0.639994398274825,0.0694418523600006,0.208735728470697,0.0298130491087054,0.0487491410646038,6.84246857719249e-05,1.63516119692598,1.63141689060911,0.388439499494026,0.387035891465707,-0.0925462111716473,-0.189048725589315,0.0965025144176681,0.170269747630002,0.169961838325446,FALSE,"stable",12,300,"sample_size"
0.2,0.12,300,155,0.368628437302517,0.661321155554343,0.0692062670314582,0.19310181877759,0.0412180228117581,0.0682153325321448,0.000110538718815662,1.65498798532096,1.65056150046938,0.395766006237159,0.394145568210802,0.150627578782966,0.0505116995088173,0.100115879274149,0.208510601541898,0.208083297190934,FALSE,"stable",13,300,"sample_size"
0.2,0.12,300,158,0.368795581726582,0.604004236894575,0.0647481884340007,0.18822618682222,0.0429438899416616,0.0706409803709192,0.000121210793066474,1.64495998073029,1.64033008551525,0.392082475127422,0.390366604361897,0.0105843617062895,-0.102684660652766,0.113269022359056,0.218637207802328,0.218158272165932,FALSE,"stable",14,300,"sample_size"
0.2,0.12,300,160,0.354181200675056,0.638186626445046,0.065761129315177,0.200618721677122,0.0509750038276915,0.0713469870777512,0.000126652669927395,1.39964652712773,1.3961775795091,0.28553389686742,0.283758731928929,0.117901587227903,0.0492045904498786,0.0686969967780243,0.15910319944141,0.158607855862062,FALSE,"stable",15,300,"sample_size"
0.2,0.12,300,148,0.349028244809441,0.650811312427726,0.0675848614552336,0.220993454303058,0.0472475795918495,0.074545603455062,9.67432659541799e-05,1.57776555114628,1.57454154913053,0.366192271549166,0.364894498622658,0.0192505337065435,-0.0997099502723049,0.118960483978848,0.217627945521813,0.217241970237592,FALSE,"stable",16,300,"sample_size"
0.2,0.12,300,158,0.368454242270674,0.640331861519113,0.0687966324360205,0.180050133350922,0.0402312696679396,0.0594393735799205,0.000124101446641618,1.47744215060873,1.47289869819693,0.323154548157447,0.321066682166148,0.0695500196880467,-0.00086441673521187,0.0704144364232586,0.169422345899613,0.168874149434599,FALSE,"stable",17,300,"sample_size"
0.2,0.12,300,148,0.312500732243402,0.642277086135809,0.060833972272864,0.2197274267226,0.0429058965000246,0.0517228858179433,8.8868621082173e-05,1.20549598160508,1.20300426510649,0.17046592003689,0.168747751770042,0.239163393377068,0.128675434246096,0.110487959130973,0.11631988138968,0.115732188302935,FALSE,"stable",18,300,"sample_size"
0.2,0.12,300,157,0.374511509490231,0.629815720095842,0.0678941354024031,0.193495480676655,0.0444174632310044,0.0527378163018326,0.000118634799200027,1.18732166282338,1.18415888760766,0.157768251594047,0.155518731088286,0.143856404640022,0.0936454895461639,0.0502109150938584,0.101982023224689,0.101252363458162,FALSE,"stable",19,300,"sample_size"
0.2,0.12,300,142,0.395460986543668,0.619882980683675,0.0674451268338464,0.190845911179429,0.029380902458056,0.0365160674080926,8.06676512178853e-05,1.24285043525204,1.23944743177819,0.195397956474781,0.193188856291118,0.102679704086453,-0.0302036812535544,0.132883385340007,0.119728805147587,0.119050075564001,FALSE,"stable",20,300,"sample_size"
0.2,0.12,300,149,0.400733264687842,0.652131007654709,0.0691300345269118,0.201599773629102,0.0408442331375347,0.0544510106855316,0.00010049643738815,1.33313827933013,1.32986616961029,0.249890266070166,0.248044635729738,-0.00670824287246585,-0.0965683968626556,0.0898601539901898,0.15164544012864,0.151084393611176,FALSE,"stable",21,300,"sample_size"
0.2,0.12,300,142,0.362859655687653,0.616261450445562,0.0662813067962954,0.180838780772861,0.0269770768653612,0.0376859905862681,8.24919839695459e-05,1.39696345806306,1.39270476910057,0.284161662047671,0.281972732350289,0.0901800998515354,0.00495960342558011,0.0852204964259553,0.128310225024187,0.127815075482483,FALSE,"stable",22,300,"sample_size"
0.2,0.12,300,146,0.3561662186512,0.627384311237477,0.0629487646902552,0.2092960647548,0.0392862749491608,0.0511494535214713,8.96847757190296e-05,1.30196750869515,1.29900207839639,0.231931677771117,0.230178290988961,0.110369992603274,0.0313233324837858,0.0790466601194879,0.127801973772651,0.127317970420345,FALSE,"stable",23,300,"sample_size"
0.2,0.12,300,153,0.352089188349658,0.615554796722397,0.0779880869419286,0.210850873371154,0.0491050133185284,0.0533403374422076,0.000110452366337346,1.08625034059569,1.08381251096462,0.079401899702416,0.0773311897737992,0.237349384644376,0.162904734807035,0.0744446498373412,0.0837861703415652,0.0826864296594898,FALSE,"stable",24,300,"sample_size"
0.2,0.12,300,156,0.355283468811607,0.658553738660565,0.0692778119311514,0.196445151301903,0.0461138562189819,0.0585547734723285,0.000119494746771025,1.26978696368979,1.26650507153813,0.212466320260395,0.210425585753455,0.179550872235151,0.0972462915055758,0.082304580729575,0.119999803603707,0.119422115299438,FALSE,"stable",25,300,"sample_size"
0.2,0.12,300,152,0.339597340085596,0.646383128728083,0.0646450076401328,0.206355464544092,0.0447043938354997,0.0568929114449257,0.000104982826781619,1.27264697188998,1.26966531745611,0.214236137681667,0.212390866906884,0.204409870133519,0.116006034648386,0.0884038354851333,0.138834029616293,0.138234830016899,FALSE,"stable",26,300,"sample_size"
0.2,0.12,300,145,0.319032777176649,0.642042236774024,0.0681112657923995,0.203301213619475,0.0356689113751382,0.0476780767324553,8.6299824467261e-05,1.33668438128134,1.33345812072791,0.251880238892739,0.250070186340671,-0.154647414694522,-0.246141222942373,0.0914938082478503,0.142475297973262,0.141962449573613,FALSE,"stable",27,300,"sample_size"
0.2,0.12,300,150,0.362537227527274,0.624930139212706,0.067973048163806,0.218486193019822,0.0474872330308634,0.0557340492028372,9.94784180073817e-05,1.17366385964442,1.17121035486388,0.147967289115501,0.14618241219681,0.20267679099699,0.130342715202338,0.072334075794652,0.101780714716931,0.10116497990766,FALSE,"stable",28,300,"sample_size"
0.2,0.12,300,145,0.360857806424437,0.625038645158816,0.0626287655198073,0.187226900898579,0.0300826461902349,0.0419527383342422,8.58182271631319e-05,1.39458271286854,1.39061563604305,0.282939627192793,0.280894034209579,0.111853438904441,0.0285475487285258,0.0833058901759153,0.139471599964202,0.138966510468665,FALSE,"stable",29,300,"sample_size"
0.2,0.12,300,163,0.35349102449974,0.690578357140044,0.065419687380711,0.220413397606101,0.0657860476673214,0.0914952821997643,0.000135412207208738,1.3908007160189,1.38794381031472,0.280989728807122,0.279509737664922,0.243085805251342,0.154030890089632,0.0890549151617099,0.192264667837104,0.191757664107089,FALSE,"stable",30,300,"sample_size"
0,0.12,600,304,0.5,0.5,0,0,0,0.0149026142078722,0.000105478451424397,Inf,141.285864616184,0.999999999999,0.992922151110328,0.15291686512854,0.0624524195988638,0.0904644455296766,NA,0.15931561394928,TRUE,"degenerate_or_near_degenerate_observed_weight_variance",1,600,"sample_size"
0,0.12,600,304,0.5,0.5,0,0,0,0.0146222040154359,0.000105478451424397,Inf,138.62740510479,0.999999999999,0.992786419112122,0.0938227828533084,0.0129748315267135,0.0808479513265948,NA,0.154991047011576,TRUE,"degenerate_or_near_degenerate_observed_weight_variance",2,600,"sample_size"
0,0.12,600,299,0.5,0.5,0,0,0,0.0140216296931293,9.86755113078222e-05,Inf,142.098373824365,0.999999999999,0.992962621787382,0.107382153133416,0.00526119230447009,0.102120960828946,NA,0.163369409041353,TRUE,"degenerate_or_near_degenerate_observed_weight_variance",3,600,"sample_size"
0,0.12,600,309,0.5,0.5,0,0,0,0.0168720465029266,0.000112753746413009,Inf,149.636238614419,0.999999999999,0.99331712685871,0.241821056800012,0.161037865577396,0.0807831912226157,NA,0.168401731638072,TRUE,"degenerate_or_near_degenerate_observed_weight_variance",4,600,"sample_size"
0,0.12,600,309,0.5,0.5,0,0,0,0.0162179010539473,0.000112753746413009,Inf,143.834697913649,0.999999999999,0.993047574649892,-0.036460100141647,-0.12803785845166,0.091577758310013,NA,0.16382256488694,TRUE,"degenerate_or_near_degenerate_observed_weight_variance",5,600,"sample_size"
0,0.12,600,315,0.5,0.5,0,0,0,0.0166368625499505,0.000122160664819945,Inf,136.188375975786,0.999999999999,0.992657229423326,0.145997770218865,0.0591144313689228,0.0868833388499421,NA,0.169235683521839,TRUE,"degenerate_or_near_degenerate_observed_weight_variance",6,600,"sample_size"
0,0.12,600,297,0.5,0.5,0,0,0,0.0121723721611174,9.60788158023723e-05,Inf,126.691529859768,0.999999999999,0.992106812498777,0.00744645670818822,-0.0758548305211495,0.0833012872293377,NA,0.146191632909468,TRUE,"degenerate_or_near_degenerate_observed_weight_variance",7,600,"sample_size"
0,0.12,600,289,0.5,0.5,0,0,0,0.0114697521673486,8.63524984233e-05,Inf,132.824786506163,0.999999999999,0.99247128471798,0.174018910013213,0.0949035956689303,0.0791153143442827,NA,0.134286082532918,TRUE,"degenerate_or_near_degenerate_observed_weight_variance",8,600,"sample_size"
0,0.12,600,309,0.5,0.5,0,0,0,0.0154244506195599,0.000112753746413009,Inf,136.797677330039,0.999999999999,0.992689934364986,0.037733557694122,-0.0376168795329286,0.0753504372270506,NA,0.149043673447332,TRUE,"degenerate_or_near_degenerate_observed_weight_variance",9,600,"sample_size"
0,0.12,600,302,0.5,0.5,0,0,0,0.0179799877116302,0.000102702580964821,Inf,175.068508918864,0.999999999999,0.994287950436229,0.0599713677264275,-0.0464657480138906,0.106437115740318,NA,0.181352128501661,TRUE,"degenerate_or_near_degenerate_observed_weight_variance",10,600,"sample_size"
0,0.12,600,313,0.5,0.5,0,0,0,0.0173435115383049,0.000118939164005876,Inf,145.818340689262,0.999999999999,0.993142152110131,0.0965989072874476,0.0103138807576439,0.0862850265298036,NA,0.167071213753957,TRUE,"degenerate_or_near_degenerate_observed_weight_variance",11,600,"sample_size"
0,0.12,600,306,0.5,0.5,0,0,0,0.0152856302841663,0.000108329862557268,Inf,141.102646337113,0.999999999999,0.992912960699469,0.121069739217241,0.0485069304639403,0.0725628087533011,NA,0.15907912860249,TRUE,"degenerate_or_near_degenerate_observed_weight_variance",12,600,"sample_size"
0,0.12,600,281,0.5,0.5,0,0,0,0.0119289078822288,7.75945598018888e-05,Inf,153.733817327983,0.999999999999,0.993495250313946,0.116840918408941,0.0297789090661695,0.0870620093427714,NA,0.137833454948136,TRUE,"degenerate_or_near_degenerate_observed_weight_variance",13,600,"sample_size"
0,0.12,600,282,0.5,0.5,0,0,0,0.0112509683759176,7.86400854396582e-05,Inf,143.069127061805,0.999999999999,0.993010371835372,0.133581463255986,0.0422141150178499,0.0913673482381364,NA,0.133656554707369,TRUE,"degenerate_or_near_degenerate_observed_weight_variance",14,600,"sample_size"
0,0.12,600,296,0.5,0.5,0,0,0,0.01208223219657,9.48060941828255e-05,Inf,127.44151418442,0.999999999999,0.992153263350646,0.0978951624841959,0.00368909158936592,0.09420607089483,NA,0.146691235556244,TRUE,"degenerate_or_near_degenerate_observed_weight_variance",15,600,"sample_size"
0,0.12,600,315,0.5,0.5,0,0,0,0.0194312287666293,0.000122160664819945,Inf,159.062893078303,0.999999999999,0.993713178600947,0.202586776874845,0.114783070826893,0.087803706047952,NA,0.166822715819321,TRUE,"degenerate_or_near_degenerate_observed_weight_variance",16,600,"sample_size"
0,0.12,600,300,0.5,0.5,0,0,0,0.0142379333326275,1e-04,Inf,142.379333326275,0.999999999999,0.992976508762628,0.0608477113117604,-0.0291818217319666,0.090029533043727,NA,0.150704863850282,TRUE,"degenerate_or_near_degenerate_observed_weight_variance",17,600,"sample_size"
0,0.12,600,295,0.5,0.5,0,0,0,0.0132809626319905,9.35501209352325e-05,Inf,141.966279671464,0.999999999999,0.992956073778124,0.181017916401093,0.0864619441973704,0.0945559722037226,NA,0.1507210090602,TRUE,"degenerate_or_near_degenerate_observed_weight_variance",18,600,"sample_size"
0,0.12,600,283,0.5,0.5,0,0,0,0.0103016103677324,7.96992705669277e-05,Inf,129.256018210124,0.999999999999,0.99226341632794,0.224103347478205,0.138014833542855,0.0860885139353506,NA,0.136101205724066,TRUE,"degenerate_or_near_degenerate_observed_weight_variance",19,600,"sample_size"
0,0.12,600,300,0.5,0.5,0,0,0,0.0154961321137804,1e-04,Inf,154.961321137804,0.999999999999,0.993546776752692,0.193574056301974,0.101987328063634,0.0915867282383398,NA,0.161108129963161,TRUE,"degenerate_or_near_degenerate_observed_weight_variance",20,600,"sample_size"
0,0.12,600,284,0.5,0.5,0,0,0,0.0122585018367386,8.07723121294665e-05,Inf,151.766137597869,0.999999999999,0.993410914873187,0.0237108004893798,-0.0769107402201408,0.100621540709521,NA,0.155226469613978,TRUE,"degenerate_or_near_degenerate_observed_weight_variance",21,600,"sample_size"
0,0.12,600,304,0.5,0.5,0,0,0,0.0140475420447996,0.000105478451424397,Inf,133.179259413647,0.999999999999,0.992491323315637,0.116426180835357,0.0308947647925024,0.0855314160428551,NA,0.142814138078304,TRUE,"degenerate_or_near_degenerate_observed_weight_variance",22,600,"sample_size"
0,0.12,600,286,0.5,0.5,0,0,0,0.0121827228139644,8.29607691995619e-05,Inf,146.849202719648,0.999999999999,0.993190293297614,-0.0373215366074573,-0.116720931970342,0.0793993953628842,NA,0.138452833089313,TRUE,"degenerate_or_near_degenerate_observed_weight_variance",23,600,"sample_size"
0,0.12,600,300,0.5,0.5,0,0,0,0.0126938295710179,1e-04,Inf,126.938295710179,0.999999999999,0.992122156718701,-0.047535879583422,-0.125763044353118,0.0782271647696964,NA,0.132240377485307,TRUE,"degenerate_or_near_degenerate_observed_weight_variance",24,600,"sample_size"
0,0.12,600,325,0.5,0.5,0,0,0,0.0183832686992014,0.000139669421487603,Inf,131.619852816767,0.999999999999,0.992402361964406,0.122968783265236,0.0365751753459165,0.0863936079193196,NA,0.167470245575625,TRUE,"degenerate_or_near_degenerate_observed_weight_variance",25,600,"sample_size"
0,0.12,600,309,0.5,0.5,0,0,0,0.0163619701809683,0.000112753746413009,Inf,145.112430420144,0.999999999999,0.993108791596249,0.0368979324434364,-0.0604444957633172,0.0973424282067537,NA,0.17033305373142,TRUE,"degenerate_or_near_degenerate_observed_weight_variance",26,600,"sample_size"
0,0.12,600,284,0.5,0.5,0,0,0,0.0126640694186701,8.07723121294665e-05,Inf,156.787258960365,0.999999999999,0.993621930719174,0.0295896445837398,-0.0779681291836765,0.107557773767416,NA,0.157459942633194,TRUE,"degenerate_or_near_degenerate_observed_weight_variance",27,600,"sample_size"
0,0.12,600,304,0.5,0.5,0,0,0,0.0146201189801498,0.000105478451424397,Inf,138.60763769962,0.999999999999,0.992785390353689,0.0875463038047134,0.0051200524398225,0.0824262513648909,NA,0.156257872446779,TRUE,"degenerate_or_near_degenerate_observed_weight_variance",28,600,"sample_size"
0,0.12,600,283,0.5,0.5,0,0,0,0.0107972584820378,7.96992705669277e-05,Inf,135.474997515451,0.999999999999,0.992618564175386,0.109273633321269,0.0170715300381121,0.0922021032831568,NA,0.13822245283767,TRUE,"degenerate_or_near_degenerate_observed_weight_variance",29,600,"sample_size"
0,0.12,600,288,0.5,0.5,0,0,0,0.0120663330005246,8.5207100591716e-05,Inf,141.611824797824,0.999999999999,0.992938442807105,0.0736339039819465,-0.0169464711915299,0.0905803751734764,NA,0.147041951281557,TRUE,"degenerate_or_near_degenerate_observed_weight_variance",30,600,"sample_size"
0.002,0.12,600,303,0.498260515623258,0.50159445139394,0.000593636593318347,0.0018942613065259,3.73351709499182e-06,0.0164876434326174,0.00010404910955288,4416.11569282329,152.971252839132,0.999773556657126,0.993462824017977,-0.0969704830594873,-0.182468458406394,0.0854979753469067,0.156019133243641,0.155525944719142,TRUE,"unstable_good_overlap_warning",1,600,"sample_size"
0.002,0.12,600,292,0.498618353410924,0.501319547489041,0.000686614146585662,0.00189094249547044,3.21390151443341e-06,0.0126488870489871,8.98826608096621e-05,3935.67973137377,135.868465314033,0.999745914284633,0.992639940418193,0.000888003004958948,-0.0931710345883694,0.0940590375933283,0.146692281843959,0.146170023942843,TRUE,"unstable_good_overlap_warning",2,600,"sample_size"
0.002,0.12,600,306,0.498326019945055,0.501551949441529,0.000629302845053747,0.00204042630761969,4.50971518710518e-06,0.0174419291859659,0.000108319659467568,3867.63430999775,154.586775290999,0.999741444014649,0.993531141340405,0.106743527913408,-0.0076585668812803,0.114402094794688,0.180294972781525,0.17973411245731,TRUE,"unstable_good_overlap_warning",3,600,"sample_size"
0.002,0.12,600,285,0.498622575368423,0.501503626432578,0.000656969043120847,0.00182274273689784,2.71932505025681e-06,0.011353346939939,8.1848433274596e-05,4175.06062354214,134.25148265521,0.999760482519856,0.99255129269173,0.124140592751803,0.0318929665483496,0.0922476262034531,0.132036626613115,0.131559712735342,TRUE,"unstable_good_overlap_warning",4,600,"sample_size"
0.002,0.12,600,311,0.498201256183838,0.501653885214483,0.000686020572432333,0.00204401130941272,4.83960212266391e-06,0.0181304964348527,0.000115835871307203,3746.27830456296,150.241767606485,0.999733068416518,0.993344061269172,0.0919924826382246,-0.00623083862156748,0.0982233212597921,0.168735235102924,0.168195201687545,TRUE,"unstable_good_overlap_warning",5,600,"sample_size"
0.002,0.12,600,297,0.498361562193832,0.501978983288711,0.000635402089643078,0.0019181002828099,3.5345012751201e-06,0.0136717924230813,9.60694985718917e-05,3868.09661643614,137.261479901216,0.999741474916694,0.99271463486537,0.199883083564835,0.116613913635324,0.0832691699295105,0.141408140376991,0.140910309396189,TRUE,"unstable_good_overlap_warning",6,600,"sample_size"
0.002,0.12,600,305,0.49857554990688,0.501634492086775,0.000624655363367588,0.00184720345124896,3.64746320075596e-06,0.0139151645979293,0.000106896000473084,3815.02535653966,125.879578361921,0.999737878544297,0.992055899670041,0.0708708342499991,-0.0182815971298579,0.089152431379857,0.149523006761989,0.148947432082169,TRUE,"unstable_good_overlap_warning",7,600,"sample_size"
0.002,0.12,600,277,0.498562764786776,0.501560965832946,0.000687126457417642,0.00199317817748417,2.92108916132391e-06,0.00988692439776794,7.35279683354423e-05,3384.67052929221,129.326962574864,0.999704550268233,0.992267660354111,0.12954533020376,0.0462570247501446,0.0832883054536151,0.117274027855364,0.11683700768594,TRUE,"unstable_good_overlap_warning",8,600,"sample_size"
0.002,0.12,600,298,0.498104188495033,0.501370226352012,0.000653687265569636,0.00182549293715925,3.24437145780423e-06,0.0125651522625847,9.73576893707452e-05,3872.90802733442,124.899551352122,0.999741796088897,0.991993566116336,-0.0393277844136313,-0.12463939428733,0.085311609873699,0.13966503739921,0.139122766515258,TRUE,"unstable_good_overlap_warning",9,600,"sample_size"
0.002,0.12,600,296,0.49811759741703,0.501728975083394,0.00065444783274704,0.00201729353122425,3.85848495115398e-06,0.0132844031031904,9.4815342673207e-05,3442.90654787117,134.629449602001,0.999709547736456,0.992572204647971,-0.017646854285839,-0.114024297284166,0.0963774429983271,0.149286469089447,0.148752605354834,TRUE,"unstable_good_overlap_warning",10,600,"sample_size"
0.002,0.12,600,299,0.49861521561943,0.501480114648348,0.000698842372081954,0.002096837483376,4.3382211866505e-06,0.0165470641672874,9.86693229009743e-05,3814.25092344433,160.639342621463,0.99973782532401,0.993774874923658,0.225132596204793,0.12387490672787,0.101257689476922,0.155782105392923,0.155316828281736,TRUE,"unstable_good_overlap_warning",11,600,"sample_size"
0.002,0.12,600,294,0.498449793323101,0.501551872561921,0.00065939216040628,0.00197671674337283,3.60711938813342e-06,0.0152095789758611,9.23148641727131e-05,4216.54437773727,158.561973087359,0.999762838971818,0.993693317631403,-0.0390087708978805,-0.142328924816327,0.103320153918447,0.159035061620601,0.158551578863058,TRUE,"unstable_good_overlap_warning",12,600,"sample_size"
0.002,0.12,600,295,0.498295415912673,0.501432223327762,0.000709364020449132,0.00210074197101841,4.12986803131827e-06,0.0127875524922767,9.358166102398e-05,3096.35862340011,130.870457313587,0.999677039993868,0.992358856073958,0.198926008042082,0.110194361355754,0.0887316466863275,0.137205555595188,0.136702423163439,TRUE,"unstable_good_overlap_warning",13,600,"sample_size"
0.002,0.12,600,301,0.498709185322375,0.501505779701695,0.000639660921419594,0.00194046379749857,3.8162056745386e-06,0.0131036501528268,0.000101349283702058,3433.68551654678,124.600286943018,0.999708767737994,0.991974336299423,0.0183703163849507,-0.067625804836813,0.0859961212217637,0.145993566954093,0.14542771728755,TRUE,"unstable_good_overlap_warning",14,600,"sample_size"
0.002,0.12,600,302,0.498532701913345,0.501581982474015,0.000670183209850572,0.00197511736765,4.00743350838905e-06,0.0136323484327606,0.000102726031189356,3401.76534538204,127.723282209246,0.99970603498523,0.992170573894572,0.03249109655696,-0.0520234786947682,0.0845145752517282,0.149128922764086,0.148565816810801,TRUE,"unstable_good_overlap_warning",15,600,"sample_size"
0.002,0.12,600,304,0.498557545013347,0.501708719854672,0.000664865606766263,0.00195343923879621,4.02474096830654e-06,0.0159135813210113,0.000105472228000212,3953.93925878096,145.333532707984,0.999747087667627,0.993119275494326,0.161673537823056,0.0730344947777891,0.0886390430452669,0.163838600187272,0.16329461401366,TRUE,"unstable_good_overlap_warning",16,600,"sample_size"
0.002,0.12,600,310,0.498433335979453,0.501407569942067,0.00063722493244972,0.00188106482508927,4.04256051331566e-06,0.0161480418136555,0.000114248104859912,3994.50837172776,136.511547743058,0.999749656301367,0.992674612393362,0.0806211060406173,0.00171570024259915,0.0789054057980182,0.15494639957588,0.154397162593895,TRUE,"unstable_good_overlap_warning",17,600,"sample_size"
0.002,0.12,600,295,0.498210933968194,0.501800721393784,0.000699055201690946,0.0020482116712713,3.92479495198237e-06,0.0133703362659328,9.35550637839139e-05,3406.63306733505,137.159988117723,0.999706455030456,0.992709244046145,0.310087522714297,0.214891215951087,0.0951963067632102,0.148633216248675,0.148112141184397,TRUE,"unstable_good_overlap_warning",18,600,"sample_size"
0.002,0.12,600,294,0.498474720166409,0.501610380333324,0.000659477798270303,0.00195208934744903,3.51768700251038e-06,0.0136436612325036,9.23119257586677e-05,3878.58874958656,142.374166391611,0.999742174263743,0.99297625387144,0.116157501414666,0.032302894492386,0.0838546069222804,0.140382297399199,0.1399064607573,TRUE,"unstable_good_overlap_warning",19,600,"sample_size"
0.002,0.12,600,295,0.498507915398133,0.501425828821733,0.000642043710632922,0.00197654172148959,3.65525912490492e-06,0.0127018125614568,9.35634436662554e-05,3474.94175581526,130.651944500248,0.999712225392461,0.992346076410688,0.218119532893798,0.143069274922915,0.0750502579708825,0.131774127791132,0.131287756570507,TRUE,"unstable_good_overlap_warning",20,600,"sample_size"
0.002,0.12,600,300,0.498451142623144,0.501483654368523,0.00067290700137923,0.00191599548680147,3.67075433064277e-06,0.0147361646270076,9.99922535602689e-05,4014.47857841994,142.154515162391,0.999750901647508,0.992965401071801,0.0987359683126718,0.015242996964915,0.0834929713477568,0.14004802657543,0.139571951025586,TRUE,"unstable_good_overlap_warning",21,600,"sample_size"
0.002,0.12,600,317,0.498486725513926,0.501420886458159,0.000652033407678776,0.00201251442328225,5.0809319965277e-06,0.0183286831341749,0.00012544847297614,3607.34667314987,140.418039429605,0.999722787940665,0.992878407902132,0.0222676614013171,-0.0606789857028884,0.0829466471042055,0.161922121220599,0.161366887346356,TRUE,"unstable_good_overlap_warning",22,600,"sample_size"
0.002,0.12,600,323,0.498595519775303,0.501522493456776,0.00066973298500439,0.00193427700081063,5.0858001609752e-06,0.0180856811950364,0.00013593207778073,3556.11322163482,128.250981074277,0.999718794105341,0.992202788691177,0.24472540091219,0.174928631028357,0.0697967698838328,0.159065638186515,0.158466572858667,TRUE,"unstable_good_overlap_warning",23,600,"sample_size"
0.002,0.12,600,290,0.498501408752686,0.501311598415348,0.000674753803722727,0.00195632073231844,3.34921686048017e-06,0.0116708541909199,8.75111022356849e-05,3484.65168936439,128.44830732509,0.999713027272409,0.992214767007641,-0.00747232530830533,-0.0820440148894603,0.074571689581155,0.132878180361547,0.132378921843961,TRUE,"unstable_good_overlap_warning",24,600,"sample_size"
0.002,0.12,600,310,0.498313386508648,0.501474770082435,0.0006770598227962,0.00198414790582587,4.49868581508871e-06,0.0176065588327517,0.000114271407709852,3913.71159410573,148.240674989908,0.999744488070734,0.993254213122896,0.0447824611196445,-0.0579818849347689,0.102764346054413,0.175617767767354,0.175046790117501,TRUE,"unstable_good_overlap_warning",25,600,"sample_size"
0.002,0.12,600,310,0.498319769634159,0.501535182344444,0.000665371726458641,0.00206418130932233,4.8688076938167e-06,0.0197761757374156,0.00011426860847034,4061.81081305203,165.994667117562,0.999753804387741,0.993975710079338,0.0205644894816379,-0.0896314487705869,0.110195938252225,0.183707373974387,0.183175734742926,TRUE,"unstable_good_overlap_warning",26,600,"sample_size"
0.002,0.12,600,318,0.498627220432181,0.501582624097895,0.00066159030027646,0.00191657586486196,4.67283296065388e-06,0.0197543107945533,0.000127212042873794,4227.48062275887,149.78450462622,0.999763452493521,0.993323741981886,-0.141570596617697,-0.23387444978303,0.0923038531653324,0.178261469840496,0.177686430418309,TRUE,"unstable_good_overlap_warning",27,600,"sample_size"
0.002,0.12,600,322,0.49848014100904,0.501363187367778,0.000777819802385116,0.00218542132174402,6.40763596343891e-06,0.0221106651065325,0.000134161368145535,3450.67435676635,157.294029695135,0.999710201573197,0.993642479616434,0.067240330252056,-0.0317603684487071,0.0990006987007631,0.19133061854355,0.190749096049875,TRUE,"unstable_good_overlap_warning",28,600,"sample_size"
0.002,0.12,600,314,0.498414248838163,0.501598901971129,0.000680036723484101,0.00193026642895323,4.4908650007037e-06,0.0161517822796253,0.000120530091135172,3596.58602008619,129.192599215696,0.999721958547796,0.992259618537975,0.301262698513407,0.223963812071512,0.0772988864418942,0.158448568005717,0.157856097355362,TRUE,"unstable_good_overlap_warning",29,600,"sample_size"
0.002,0.12,600,318,0.498461399461168,0.501372448564158,0.000631746454602622,0.0020035506194422,5.10588369803407e-06,0.0210223372202766,0.000127195070277539,4117.27694235786,158.897850609285,0.999757121025862,0.99370664866664,-0.0891743526519759,-0.179913048398999,0.0907386957470226,0.176190881687615,0.175656924071084,TRUE,"unstable_good_overlap_warning",30,600,"sample_size"
0.01,0.12,600,284,0.492137227536977,0.509132388932743,0.00313473951188153,0.00956870226116617,7.38662739191536e-05,0.0109253228445757,8.06752109258894e-05,147.906781605547,70.6950813597426,0.993238984790658,0.985854744336295,0.166716157982502,0.0861338496387281,0.0805823083437738,0.122334936271109,0.121879338041071,TRUE,"unstable_good_overlap_warning",1,600,"sample_size"
0.01,0.12,600,298,0.491582332885446,0.507816959048709,0.00343667218639399,0.0102406095519694,0.000102147494235632,0.0126293431357526,9.74038451610656e-05,123.63830586602,63.2886913910718,0.991911891763677,0.984199388895232,0.328136546566902,0.244934279550973,0.0832022670159287,0.13757501769793,0.137039124187477,TRUE,"unstable_good_overlap_warning",2,600,"sample_size"
0.01,0.12,600,315,0.493679763442649,0.50759855862092,0.00343178172125069,0.00910700849097198,0.000101488235734563,0.0175291291485516,0.000122366973800177,172.720798836213,78.3056565222854,0.99421030931574,0.98722953047823,0.0746564628643118,-0.0143744112277358,0.0890308740920476,0.163859543990972,0.163283266415359,TRUE,"unstable_good_overlap_warning",3,600,"sample_size"
0.01,0.12,600,294,0.492712744223905,0.508170532285944,0.00359066494696492,0.0104232179789437,0.000100139552935541,0.01236878797012,9.21726359961153e-05,123.515510180894,64.31619357479,0.991903850791407,0.984451816184719,0.00263013869145001,-0.0840513856302277,0.0866815243216777,0.137193682682254,0.136677352620552,TRUE,"unstable_good_overlap_warning",4,600,"sample_size"
0.01,0.12,600,285,0.49073243329025,0.507618645463503,0.00355581124325088,0.0107232795298635,9.4096723387759e-05,0.0101245091731189,8.18312615501021e-05,107.596830246653,57.5491680683717,0.990706045915037,0.982623554196093,0.130611962830268,0.0620521992101615,0.0685597636201063,0.124418371741754,0.123909810249452,TRUE,"unstable_good_overlap_warning",5,600,"sample_size"
0.01,0.12,600,304,0.49244890066099,0.507841381812212,0.00345144910748652,0.0104393055083079,0.000114869227307966,0.0155411549759473,0.000105404823346338,135.294328517431,70.5537258237353,0.992608707172295,0.985826404086748,0.124029317131194,0.0357439670144634,0.0882853501167307,0.154673525617947,0.154144192736167,TRUE,"unstable_good_overlap_warning",6,600,"sample_size"
0.01,0.12,600,292,0.493723254815087,0.509225622893923,0.00339073449411065,0.0098565123177556,8.73312241421452e-05,0.0132537580217653,8.9892407079321e-05,151.76425330066,74.7855008410407,0.993410833063443,0.986628424109567,0.107769214057682,0.00755069541179987,0.100218518645882,0.146072397327827,0.145572896258408,TRUE,"unstable_good_overlap_warning",7,600,"sample_size"
0.01,0.12,600,317,0.491511249891391,0.506818530669304,0.00320172579557632,0.00962513482378945,0.000116160644206018,0.0179479809882347,0.00012538493775844,154.509998725582,74.3047371939745,0.993527926941634,0.986541907854549,0.127558566914006,0.0393447730623251,0.0882137938516806,0.164852312978539,0.164271708746121,TRUE,"unstable_good_overlap_warning",8,600,"sample_size"
0.01,0.12,600,311,0.491579506228592,0.507673036706684,0.00329122998432252,0.0104313788147806,0.000126206157600023,0.0184295632620208,0.000115983740448417,146.027449155282,76.0955077421718,0.993151972414881,0.986858619783599,0.072335469901652,-0.0134630559615629,0.0857985258632149,0.162424358906012,0.161908920034708,TRUE,"unstable_good_overlap_warning",9,600,"sample_size"
0.01,0.12,600,287,0.493074985907744,0.506871202503661,0.0031201059007086,0.0101005602947033,8.58058097329064e-05,0.0127372300867904,8.41057645505008e-05,148.442513699695,74.9638754187817,0.99326338543402,0.986660241424105,0.0932972013734594,0.00298521259780093,0.0903119887756585,0.141318245239628,0.140847725141601,TRUE,"unstable_good_overlap_warning",10,600,"sample_size"
0.01,0.12,600,295,0.492642442502681,0.507790796355518,0.0033880025596188,0.0103625508057498,0.000100446215869594,0.0119471944585704,9.3540617914961e-05,118.941210031058,61.5876563655818,0.991592485062672,0.983762980132512,0.198654831985821,0.106492770830089,0.0921620611557323,0.136276580711877,0.135737502048767,TRUE,"unstable_good_overlap_warning",11,600,"sample_size"
0.01,0.12,600,285,0.492678131883776,0.506968260445959,0.00328158307232418,0.0102679301721478,8.63206855147578e-05,0.0126100987449498,8.18745766740477e-05,146.084321153751,74.9729723706159,0.993154638416346,0.986661860022614,0.240304774654298,0.145125766922642,0.0951790077316562,0.139790181192758,0.139332490662535,TRUE,"unstable_good_overlap_warning",12,600,"sample_size"
0.01,0.12,600,310,0.491859289459641,0.508401670167127,0.00347634494472404,0.0107521261538784,0.000131803968241453,0.0165217634588162,0.000114009169812302,125.351032136982,67.2126949341622,0.992022403142982,0.985121858289129,0.0284863152467681,-0.0729963632811456,0.101482678527914,0.165387408700457,0.164811184399145,TRUE,"unstable_good_overlap_warning",13,600,"sample_size"
0.01,0.12,600,317,0.492069854600652,0.507759215840015,0.00376876511521285,0.0103034043319827,0.000133213719946056,0.0194017746636151,0.000125483744564248,145.643967239048,74.9979312721184,0.99313394149475,0.986666298882676,0.111048871298518,0.0150958679152418,0.0959530033832762,0.173634829601062,0.173068520107995,TRUE,"unstable_good_overlap_warning",14,600,"sample_size"
0.01,0.12,600,296,0.491678610078774,0.507821502672714,0.00366964870533748,0.00952429371453269,8.60409586226554e-05,0.0123794550399739,9.48505122313136e-05,143.87862755302,68.4358139249562,0.993049697394205,0.985387767856512,0.0293338073362371,-0.0695612732678863,0.0988950806041234,0.14929231455035,0.148715262795937,TRUE,"unstable_good_overlap_warning",15,600,"sample_size"
0.01,0.12,600,292,0.493014916022361,0.507282518485345,0.0033841140765698,0.0098432984054899,8.71184980712837e-05,0.0127253727454585,8.99143640933216e-05,146.069698481787,71.8814156302036,0.993153953144329,0.986088198302263,0.0241431937538119,-0.0588276802679849,0.0829708740217968,0.134082845545093,0.133605030606689,TRUE,"unstable_good_overlap_warning",16,600,"sample_size"
0.01,0.12,600,303,0.491614567598234,0.506520084981577,0.00304714651130938,0.00981209849529526,0.000100138907993428,0.0154616524566106,0.000104010947585078,154.402047779723,75.7367788127812,0.993523401960143,0.9867963753453,0.133385994213529,0.0474398891487949,0.0859461050647344,0.153182695662271,0.152663224109937,TRUE,"unstable_good_overlap_warning",17,600,"sample_size"
0.01,0.12,600,283,0.49209700316084,0.507216795493848,0.00356690023277745,0.0101975966548804,8.29726275032518e-05,0.0126434655655633,7.97882945901006e-05,152.381164078091,77.6812112081277,0.993437509117022,0.987126874253792,0.111066153048186,0.0103912782968667,0.100674874751319,0.146213288659263,0.14574815186867,TRUE,"unstable_good_overlap_warning",18,600,"sample_size"
0.01,0.12,600,289,0.493112322211656,0.508410355416413,0.00340607788176234,0.0103993674715899,9.35009335507252e-05,0.0116911567221841,8.64573854006487e-05,125.037860887684,64.9659142756451,0.992002422363109,0.984607312755469,0.116190431768328,0.0270312774742472,0.0891591542940812,0.133863465327146,0.133363573991455,TRUE,"unstable_good_overlap_warning",19,600,"sample_size"
0.01,0.12,600,294,0.492711758304706,0.508416686831866,0.00338734495073512,0.010160030595941,9.52388619279969e-05,0.0132661813258544,9.22622763382108e-05,139.293782572538,70.7525375500362,0.99282092867656,0.985866231309473,0.150103851385026,0.0605009362343552,0.0896029151506704,0.142247586056838,0.141748489257387,TRUE,"unstable_good_overlap_warning",20,600,"sample_size"
0.01,0.12,600,296,0.492103467515015,0.507270729926362,0.00305564606255987,0.00995669698754081,9.39949380135647e-05,0.0121584938577572,9.48143091442413e-05,129.352645096724,64.3956482046413,0.992269195583498,0.984471000325641,0.268622611695395,0.193045964426267,0.0755766472691283,0.125798983486251,0.125303684393181,TRUE,"unstable_good_overlap_warning",21,600,"sample_size"
0.01,0.12,600,285,0.492510645059769,0.508256223838197,0.0034480414207107,0.0104648667713759,8.9804133677635e-05,0.010751822155841,8.20028450505816e-05,119.725247775746,62.5808231739495,0.991647542865202,0.984020664010437,-0.0674437962992158,-0.137774682896703,0.0703308865974874,0.117057677627587,0.116606656498999,TRUE,"unstable_good_overlap_warning",22,600,"sample_size"
0.01,0.12,600,290,0.491425811501639,0.506727095895961,0.00335463272363523,0.00976518789798046,8.3448951689823e-05,0.0114264148188589,8.75104015911152e-05,136.927002526413,66.8370264602127,0.992696838596119,0.985038233252413,0.197212121251308,0.113069394894843,0.0841427263564647,0.137908205014591,0.13737519761834,TRUE,"unstable_good_overlap_warning",23,600,"sample_size"
0.01,0.12,600,287,0.492568185763811,0.508281415258084,0.00362754894986828,0.0102755656100415,8.8669746871918e-05,0.0120565968363282,8.39777037874773e-05,135.971932498508,69.8336221605373,0.992645541019938,0.985680250156563,0.31797628937028,0.218913896633935,0.0990623927363452,0.141008858440381,0.140513265257093,TRUE,"unstable_good_overlap_warning",24,600,"sample_size"
0.01,0.12,600,330,0.490575788047277,0.507880722639199,0.00318748808229924,0.00991017989723447,0.000146557215872314,0.0213425295703048,0.000149225873508609,145.625921202673,72.1560168127761,0.993133090649375,0.986141141873245,-0.0244587077765617,-0.115912855874589,0.0914541480980278,0.175775358382223,0.175155510391192,TRUE,"unstable_good_overlap_warning",25,600,"sample_size"
0.01,0.12,600,291,0.4926181192596,0.506412704413727,0.00319314371002644,0.00940715351204939,7.83352524715247e-05,0.0127967571043861,8.85198735998101e-05,163.358854419187,76.6938205956893,0.993878507513073,0.986961139864556,-0.0504915803624468,-0.133356046046309,0.0828644656838624,0.142235949776105,0.141740106315258,TRUE,"unstable_good_overlap_warning",26,600,"sample_size"
0.01,0.12,600,290,0.492470163582875,0.511690300232739,0.00333912217916654,0.0102061266944785,9.11346353855121e-05,0.0131832320217808,8.7490631255032e-05,144.656660621003,73.8038479646335,0.993087079463144,0.986450570971866,0.172031197659124,0.081246578807092,0.0907846188520318,0.153227176598297,0.152714332317077,TRUE,"unstable_good_overlap_warning",27,600,"sample_size"
0.01,0.12,600,297,0.492826038924631,0.508269268544555,0.0031509454286075,0.00960666416026136,8.85628138879603e-05,0.0137150356727,9.59635244561355e-05,154.862239246945,74.3256263348424,0.99354264793753,0.986545690237511,0.109151731007132,0.0136004398897016,0.0955512911174303,0.152740435626932,0.152201653210991,TRUE,"unstable_good_overlap_warning",28,600,"sample_size"
0.01,0.12,600,306,0.493881524861902,0.50827034854437,0.00356753447500141,0.00996269856342385,0.000107690679925489,0.014155827294102,0.000108498601015903,131.448954578952,65.4788583062986,0.992392484191273,0.984727894989827,0.0899297432751992,0.00548379014920686,0.0844459531259923,0.141544620476062,0.140996962042762,TRUE,"unstable_good_overlap_warning",29,600,"sample_size"
0.01,0.12,600,322,0.492877398276398,0.508818567175804,0.00335492804783888,0.00934840862126275,0.000117049199948035,0.0244993716655196,0.000133934689455154,209.30832228154,97.6133238024812,0.995222359105937,0.989755496882541,-0.0510791657020773,-0.168917979691659,0.117838813989581,0.209249730294519,0.208674223368792,TRUE,"unstable_good_overlap_warning",30,600,"sample_size"
0.05,0.12,600,315,0.451689041773422,0.543612715767765,0.017531575307845,0.0518129963889073,0.00326598428980537,0.019262994069252,0.000121656879913476,5.89806697153462,5.68625574675335,0.830452925538787,0.824137350738935,0.0987138194114501,0.025637095903442,0.0730767235080081,0.148511050290623,0.14794526102681,FALSE,"stable",1,600,"sample_size"
0.05,0.12,600,326,0.462954380767392,0.543441016225229,0.0172829271892613,0.0512826224649556,0.0037310739607541,0.0215994271423878,0.000141870927004398,5.7890643202426,5.57700348658683,0.827260513153515,0.82069224048271,0.0373503472366319,-0.0352540025032245,0.0726043497398564,0.151701270574886,0.151097832470333,FALSE,"stable",2,600,"sample_size"
0.05,0.12,600,291,0.453730107355612,0.536650723921735,0.015550878764254,0.0499400791471868,0.00222765527539663,0.0143550930464808,8.93201683603951e-05,6.44403701282951,6.1956172583356,0.844817775253449,0.838595581634001,0.175611106335131,0.0733846680978523,0.102226438237279,0.136923482554676,0.136418320994691,FALSE,"stable",3,600,"sample_size"
0.05,0.12,600,277,0.460990258032947,0.53526789013524,0.0175801389302932,0.0500389855973766,0.00183492204586585,0.0125733110994819,7.32825587093067e-05,6.85223174892363,6.58907911097993,0.854062145496307,0.848233723839555,0.224436957290099,0.147311079760675,0.0771258775294247,0.121852339646786,0.1214358461593,FALSE,"stable",4,600,"sample_size"
0.05,0.12,600,327,0.452426230578246,0.534656058734914,0.0166653746537455,0.0493323506246568,0.00353440563106488,0.0270755119785341,0.000145228807520688,7.66055591937717,7.35820702584297,0.869461170896158,0.864097327448403,-0.0701636964697786,-0.157460200621906,0.0872965041521276,0.187681747132886,0.187101932319396,FALSE,"stable",5,600,"sample_size"
0.05,0.12,600,291,0.465991389499699,0.53725236333129,0.0165783289280185,0.050957028890563,0.00232441203684053,0.0129207630952233,8.95168764390873e-05,5.5587231912574,5.35258640970868,0.820102572912288,0.813174431301815,0.252329227341297,0.17978994348102,0.0725392838602773,0.129537981041309,0.128989658818044,FALSE,"stable",6,600,"sample_size"
0.05,0.12,600,313,0.459218530415166,0.538793304789659,0.0154062439554279,0.0481573891408405,0.00273927587708553,0.0231575535439708,0.000118116319491589,8.45389605978985,8.10443647592769,0.881711344340226,0.876610791759518,0.0102383783267566,-0.086603712910176,0.0968420912369325,0.17868393574866,0.17816635780395,FALSE,"stable",7,600,"sample_size"
0.05,0.12,600,301,0.459284679156086,0.536670620454663,0.0167475281878843,0.0515738748208637,0.00268806804400783,0.0183055560731768,0.000101060335189657,6.8099303192801,6.56318160530277,0.853155619350638,0.847634872819603,0.0120688777478783,-0.0822985521033521,0.0943674298512305,0.155322741516107,0.154819381294285,FALSE,"stable",8,600,"sample_size"
0.05,0.12,600,303,0.45823179353064,0.537106074610462,0.0167045895235504,0.0508931728117023,0.00266797836520952,0.0169904791394228,0.000103006172513578,6.36829719497689,6.1315676461276,0.84297215262052,0.836909570649269,0.169015316168348,0.0824495309404398,0.0865657852279085,0.152430959330733,0.151881835174157,FALSE,"stable",9,600,"sample_size"
0.05,0.12,600,309,0.464652927534717,0.543661458908264,0.0167721437263707,0.0494279555228643,0.00276094049121903,0.0206345016159135,0.000113008666847109,7.47372197319719,7.17984225921322,0.866197859167591,0.860721174101451,0.0778150498154464,-0.0160796264259664,0.0938946762414128,0.169967363430533,0.169429187447883,FALSE,"stable",10,600,"sample_size"
0.05,0.12,600,306,0.465110266694121,0.537111455972126,0.0170214960718698,0.049294040930638,0.00258550368040292,0.0190560717142997,0.0001064035989498,7.37035180368805,7.07902232014539,0.864321266252228,0.858737555162919,0.19271918487484,0.093093625597012,0.0996255592778278,0.164896482509391,0.164362985177547,FALSE,"stable",11,600,"sample_size"
0.05,0.12,600,304,0.45312482266955,0.560601869139769,0.0169242136476413,0.0529990017556605,0.00295019461329772,0.0185511366863428,0.000105030464545454,6.2881060804346,6.071937815933,0.840969604009784,0.835307931287445,0.168186404633728,0.0758524590547704,0.092333945578958,0.155232902463954,0.154709481577843,FALSE,"stable",12,600,"sample_size"
0.05,0.12,600,300,0.466100118678414,0.535674712262925,0.016459078111028,0.0510168307046084,0.00261100268137711,0.0185317173814109,0.000100318346796299,7.09754820000292,6.8349403072699,0.859106275600976,0.853692943164937,0.129523307561372,0.0311799137660995,0.0983433937952721,0.155468260015483,0.154977673838869,FALSE,"stable",13,600,"sample_size"
0.05,0.12,600,286,0.459944525195522,0.535822324283682,0.016983719060466,0.0492526927143292,0.00199384488931553,0.0136970293256614,8.21923526043252e-05,6.86965641061651,6.59767996887899,0.854432312152529,0.848431569170229,0.109778586013644,0.0293731930586389,0.0804053929550046,0.129124690889341,0.128670465717146,FALSE,"stable",14,600,"sample_size"
0.05,0.12,600,320,0.457367624795986,0.533455476202485,0.018132258617582,0.0482001857585455,0.00302866430238798,0.0246476802528784,0.000130362810476453,8.13813542605058,7.80230095288078,0.877121730267728,0.87183268037991,-0.0409845158412998,-0.14029092357477,0.0993064077334704,0.191249809082469,0.190672318385298,FALSE,"stable",15,600,"sample_size"
0.05,0.12,600,305,0.461195298926111,0.54640782111132,0.0172745622063331,0.0494530301786373,0.00262104904654122,0.0174381241116996,0.000107173973475051,6.65310866071403,6.39175169469673,0.849694323210907,0.843548365492717,0.0667609602464039,-0.0227407299042315,0.0895016901506354,0.161607420223666,0.1610218949844,FALSE,"stable",16,600,"sample_size"
0.05,0.12,600,303,0.45516445932466,0.534675504406413,0.0183890711410338,0.0552406000731022,0.00317568736475701,0.0180082898101589,0.000104068900409582,5.67067464197212,5.49074027281235,0.823654139386099,0.817875195271657,0.0763901441440478,-0.00816232934031946,0.0845524734843672,0.152890246047018,0.152352945624075,FALSE,"stable",17,600,"sample_size"
0.05,0.12,600,305,0.46385651091032,0.531899310226407,0.0165356728714618,0.0480733892065688,0.00246461667314529,0.0197312919208891,0.000106644852924667,8.0058258697522,7.67377869611242,0.875090962972574,0.869686103860852,0.171209244713312,0.0765541275477257,0.0946551171655867,0.158265595198659,0.157776087141488,FALSE,"stable",18,600,"sample_size"
0.05,0.12,600,298,0.461105294076163,0.536694975123638,0.0170043129024913,0.0511916236835577,0.00255081108700512,0.016997120033555,9.73375670204114e-05,6.66341781253238,6.41849165367554,0.849926865141305,0.844200155744169,0.0903721350397114,0.00450997536175146,0.08586215967796,0.142901159628593,0.142418920153752,FALSE,"stable",19,600,"sample_size"
0.05,0.12,600,285,0.460286643591093,0.538075408102862,0.0179960507527057,0.0519557330265405,0.00220349167378738,0.0136188807860425,8.16289971008983e-05,6.18059099022339,5.95980814472637,0.838203174812599,0.832209363839192,0.162456852737804,0.0795870976439841,0.08286975509382,0.131370894142602,0.130900348909525,FALSE,"stable",20,600,"sample_size"
0.05,0.12,600,303,0.462763707063264,0.534483552466988,0.0158224574720094,0.0494701876835499,0.0025419574940757,0.019768247114695,0.000103867856215058,7.77678114632798,7.47148601948448,0.871412094389183,0.866157816879781,0.0240351119037161,-0.0813471441817555,0.105382256085472,0.175215206583808,0.174686167978288,FALSE,"stable",21,600,"sample_size"
0.05,0.12,600,308,0.467390723577036,0.543383476350597,0.0162211796261685,0.0467843981349388,0.00243701622066868,0.0167019424819785,0.000111341309869333,6.85343919352158,6.55400283587854,0.854087856948482,0.847421488052201,0.0533062130515755,-0.0265276400443555,0.0798338530959309,0.141544680573032,0.140991202668949,FALSE,"stable",22,600,"sample_size"
0.05,0.12,600,303,0.453967451100526,0.532038527015394,0.016111538977819,0.0473853358077852,0.00231741813600786,0.0192056932771133,0.000103208739976005,8.28753904127045,7.93418162363713,0.879336918351735,0.873963056628191,-0.220832371682089,-0.318890878789786,0.0980585071076967,0.161862136088033,0.161366786849132,FALSE,"stable",23,600,"sample_size"
0.05,0.12,600,326,0.461178376392335,0.538130563826359,0.0155804461343028,0.0507501331830536,0.00359422249780757,0.0223525120944053,0.000139550239346547,6.21901179129562,5.98657542061394,0.839202748996289,0.832959592130646,0.233431580026379,0.160252077250683,0.0731795027756958,0.161223170048629,0.160622349477003,FALSE,"stable",24,600,"sample_size"
0.05,0.12,600,307,0.465197379575737,0.535640965181206,0.0153999069350439,0.0490071686143396,0.00261624172379451,0.0170228720343287,0.000108932794192766,6.50661285595558,6.24652546909226,0.84631020438158,0.83991100253285,0.145341587904986,0.072056669152418,0.0732849187525675,0.150990141881738,0.150418218141435,FALSE,"stable",25,600,"sample_size"
0.05,0.12,600,300,0.464327792729023,0.534527477231528,0.0161402800303951,0.0470373846293591,0.0022044794015102,0.0127763872961485,9.96367866770467e-05,5.79564830018186,5.54502735654155,0.827456748890608,0.819658238688347,0.0730111812130986,0.0100063763944455,0.0630048048186531,0.12049498972048,0.11992583251022,FALSE,"stable",26,600,"sample_size"
0.05,0.12,600,302,0.467646069301448,0.536512775007367,0.0159369248181854,0.0513716741675674,0.00269916183988304,0.014904073242158,0.000102277825657187,5.52174123905213,5.32014786021955,0.818897706953819,0.812035299342464,0.000279972473582246,-0.0794323311999671,0.0797123036735493,0.135390945561793,0.134822460304154,FALSE,"stable",27,600,"sample_size"
0.05,0.12,600,284,0.46249699461378,0.533725852896077,0.0178955813066084,0.0516143510599783,0.00216743951959661,0.012347183589738,8.13590829917394e-05,5.69666810912258,5.49056886442675,0.824458792254614,0.817869509573229,-0.21918506994657,-0.29471975789593,0.0755346879493604,0.124929376074713,0.124429141021595,FALSE,"stable",28,600,"sample_size"
0.05,0.12,600,291,0.465361472392172,0.543154264463323,0.0162036599228106,0.0521784890497258,0.00239732166714299,0.0153575202920841,8.80528287945986e-05,6.40611583442053,6.17915743369315,0.843899169817235,0.838165638158483,0.0545549559984186,-0.0379910608258662,0.0925460168242849,0.148343392885513,0.147838604430578,FALSE,"stable",29,600,"sample_size"
0.05,0.12,600,304,0.465670239844802,0.535896194476244,0.0164601579988389,0.0523521600340338,0.00289809939435372,0.0205612113180291,0.000105741158844952,7.09472261651476,6.84497427672526,0.859050162486656,0.853907413005149,0.149126665927019,0.0693836099709575,0.079743055956061,0.155099151772093,0.154634200203101,FALSE,"stable",30,600,"sample_size"
0.2,0.12,600,294,0.357192458647061,0.637819856854379,0.0670917517821051,0.197195352272692,0.0367249414028602,0.0566902301084959,9.44425624430205e-05,1.54364385463882,1.53968437282704,0.352182177906588,0.350516237192248,0.108061712142463,-0.000722677258404358,0.108784389400867,0.184409471606342,0.183972795028179,FALSE,"stable",1,600,"sample_size"
0.2,0.12,600,293,0.358390339256493,0.657892287113078,0.0741092249772617,0.200992516710354,0.0373957926471271,0.0516886099076333,9.25684446314496e-05,1.38220388575195,1.37879086741395,0.276517733520928,0.274726846809197,-0.0237334070735564,-0.122804055797203,0.0990706487236468,0.157985747975635,0.157473313973528,FALSE,"stable",2,600,"sample_size"
0.2,0.12,600,301,0.36271677226865,0.670662640722242,0.0694497227398523,0.206682537825081,0.0443645328510544,0.0669146182553319,0.000103855222800432,1.50829083403144,1.50476824444811,0.336997893617672,0.335445837796265,-0.123961712830836,-0.219540030477516,0.09557831764668,0.184786244928445,0.184360234038677,FALSE,"stable",3,600,"sample_size"
0.2,0.12,600,315,0.364033946724762,0.639719698883215,0.0687565033858222,0.206603390748029,0.05321252623409,0.0729104444146686,0.000124663405803727,1.37017446031268,1.36697199284259,0.270165932174947,0.268456116704687,-0.0214445289518708,-0.125703195332224,0.104258666380354,0.179641305524606,0.179071949869856,FALSE,"stable",4,600,"sample_size"
0.2,0.12,600,287,0.371745642347064,0.633387591303832,0.0681118568999236,0.208857220874124,0.0366093683061785,0.0548498892308992,8.3925366317853e-05,1.4982473549439,1.49482054460573,0.332553468757874,0.331023376947395,0.107644482534014,0.0166839879938752,0.0909604945401385,0.170931039690575,0.170537356054888,FALSE,"stable",5,600,"sample_size"
0.2,0.12,600,290,0.348115312697225,0.641323052178469,0.0636844950214329,0.194630115746407,0.0331437879212959,0.0406430078793041,8.74947630846242e-05,1.22626321336041,1.22303458055826,0.184514393724952,0.182361630736926,0.239207572439322,0.167138079796426,0.0720694926428959,0.108815452608298,0.108178805352668,FALSE,"stable",6,600,"sample_size"
0.2,0.12,600,324,0.349674266684779,0.658796496845373,0.0668035926454522,0.184184419196166,0.0446535985513483,0.0635911088806355,0.000131628728388709,1.42409819014946,1.41991260831241,0.297801228231986,0.295731304767752,0.0910905078575721,-0.00224653888276771,0.0933370467403398,0.172814861024145,0.172213222648773,FALSE,"stable",7,600,"sample_size"
0.2,0.12,600,287,0.343665722541933,0.65244946276877,0.0729945096816126,0.20808020624079,0.0362475876672691,0.0487217865687808,8.37177542216189e-05,1.34413873320391,1.34104145181529,0.256029176678523,0.254310894979156,-0.0897728686240005,-0.183704252875148,0.0939313842511478,0.138565440230372,0.138099682208975,FALSE,"stable",8,600,"sample_size"
0.2,0.12,600,313,0.35329633243002,0.679242513105593,0.0640851836019354,0.214003918148386,0.0542943859624325,0.0750468279257517,0.000118552707340923,1.38222076915426,1.37920924251497,0.276526570634683,0.274946854201388,0.196736724729463,0.108923676083883,0.0878130486455799,0.168905295638194,0.168422151047641,FALSE,"stable",9,600,"sample_size"
0.2,0.12,600,318,0.354270841062872,0.649550728848969,0.0690527882400494,0.205387884596374,0.0529696752836191,0.0747596645103457,0.000125567621184257,1.41136724191823,1.40802942825566,0.291467188482516,0.289787571244976,-0.0520219468962662,-0.149432767717703,0.0974108208214368,0.192601615018556,0.192045867405565,FALSE,"stable",10,600,"sample_size"
0.2,0.12,600,294,0.331185699253055,0.656954325183012,0.0702769808992759,0.193965848844157,0.0346165364481223,0.053568755550414,9.20095845510101e-05,1.54749033401115,1.54338806068069,0.353792409540961,0.352074811594068,0.0823226487037003,-0.00493847110214007,0.0872611198058404,0.165852736336127,0.165449654048961,FALSE,"stable",11,600,"sample_size"
0.2,0.12,600,313,0.37289263928078,0.659720888775537,0.0673801174108588,0.200903545846833,0.0481387716739157,0.0693954795287677,0.0001192668641649,1.44157146341086,1.43800870551354,0.306312572507552,0.304593917849139,-0.0915645509384824,-0.17890620522157,0.087341654283088,0.179736686876636,0.179231745450333,FALSE,"stable",12,600,"sample_size"
0.2,0.12,600,287,0.357442980259379,0.631296309201374,0.0704213345546183,0.213207085920136,0.0392473150144236,0.051666750433251,8.63389340469415e-05,1.31644038361002,1.31355074463556,0.240375779678118,0.238704706244567,0.0204524271696741,-0.07036956593818,0.0908219931078541,0.135727530694271,0.135254924344963,FALSE,"stable",13,600,"sample_size"
0.2,0.12,600,281,0.365413157829583,0.657672440736546,0.0693466088185407,0.214385192054203,0.0361236912338717,0.0525996264942181,7.85963815508148e-05,1.45609777676589,1.45293653961829,0.313232932598057,0.311738694201527,0.029966809372844,-0.061147159235146,0.09111396860799,0.156517145937945,0.156143376949082,FALSE,"stable",14,600,"sample_size"
0.2,0.12,600,299,0.356641207534956,0.636244091196389,0.0676497530766866,0.198873742024464,0.0399345321302402,0.0570005060249621,0.000100970314634466,1.42734878773749,1.42374898637645,0.299400392818412,0.297628999515513,0.0625162107089545,-0.0357423688922398,0.0982585796011943,0.164764528822943,0.164276393584898,FALSE,"stable",15,600,"sample_size"
0.2,0.12,600,310,0.368137070439196,0.661512789566064,0.0694514454668978,0.201880139514924,0.0486494085591286,0.063609495259909,0.000119368674792986,1.30750808989996,1.30430777369716,0.235186376493844,0.233309790705744,-0.0289300150970329,-0.103823063687089,0.0748930485900565,0.141275393227128,0.140710636101339,FALSE,"stable",16,600,"sample_size"
0.2,0.12,600,307,0.362816205722882,0.664859138518876,0.0669242804297149,0.213133121200418,0.0494539410400224,0.0754977621885655,0.000108867692213534,1.52662781976195,1.52327448987897,0.344961498110305,0.343519499181362,0.0493238523045267,-0.0494947691189354,0.0988186214234621,0.204162534623663,0.203735370337756,FALSE,"stable",17,600,"sample_size"
0.2,0.12,600,302,0.361858748692769,0.648924217316971,0.0672391524825686,0.203062966904908,0.0418163161070321,0.0567155697834553,0.000101410824945119,1.35630239732949,1.35302111861866,0.262701295840099,0.260913236135641,0.0620311212809597,-0.0213166358032568,0.0833477570842165,0.153290605170896,0.152768033049436,FALSE,"stable",18,600,"sample_size"
0.2,0.12,600,310,0.346451958094539,0.656476170400649,0.0662644510799599,0.203370654092638,0.0474733124381231,0.0675948963851178,0.000114781782464573,1.42385043119166,1.42041612491964,0.297679041215674,0.295980957653113,0.103078148673701,-0.00429146253392343,0.107369611207624,0.191820322594159,0.191272429156398,FALSE,"stable",19,600,"sample_size"
0.2,0.12,600,306,0.376062563750827,0.663588747600864,0.063160735205871,0.198141399971385,0.042308092430718,0.0549232826057009,0.000107763823055161,1.29817440234728,1.29487619622945,0.229687476357677,0.227725397291339,0.0289314372955993,-0.0535952612642765,0.0825266985598758,0.135623488617178,0.135042972118742,FALSE,"stable",20,600,"sample_size"
0.2,0.12,600,326,0.380398026593468,0.656348377954701,0.0674638402457151,0.203352150272961,0.0582393212225243,0.0742419596736651,0.000140837648918892,1.27477378024371,1.27169848641815,0.215547091179724,0.213650082405468,0.151552321195239,0.065087778762621,0.0864645424326185,0.153837862410641,0.153159410407301,FALSE,"stable",21,600,"sample_size"
0.2,0.12,600,296,0.364895994255997,0.658584950716371,0.0706021780741102,0.202127196311334,0.0403767371737817,0.055258982536493,9.88283892116463e-05,1.36858464562548,1.36524299952009,0.269318121318703,0.267529662959985,-0.0549327675995004,-0.138078117599934,0.083145350000434,0.145866103112489,0.145380970525759,FALSE,"stable",22,600,"sample_size"
0.2,0.12,600,288,0.34467503503699,0.642681284006934,0.0684051963482373,0.201077020916078,0.0345447265363173,0.0412430235414388,8.54391412394521e-05,1.19390215748501,1.19095657599373,0.162410425569099,0.160338823297903,0.0393634016221585,-0.0427681560765192,0.0821315576986776,0.102647470403002,0.101990717053761,FALSE,"stable",23,600,"sample_size"
0.2,0.12,600,296,0.343426724606391,0.66453638103282,0.0640858535978318,0.201396420084822,0.0384048986752404,0.0544750091657543,9.46854245142522e-05,1.418439080556,1.41495058815717,0.294999684013203,0.293261539752847,0.0259346371170879,-0.0615007396524978,0.0874353767695857,0.153381473313468,0.152928942336262,FALSE,"stable",24,600,"sample_size"
0.2,0.12,600,307,0.366475818954288,0.67361260547614,0.0610329553071624,0.193814098099802,0.0412265643039698,0.0519894470311307,0.000109750476470866,1.26106669107337,1.25771848088719,0.207020527083434,0.204909512584565,0.152056668951798,0.0686644209510012,0.0833922480007967,0.128562297645903,0.127905135055781,FALSE,"stable",25,600,"sample_size"
0.2,0.12,600,297,0.310436969768274,0.638129698442307,0.0643358836610502,0.200849490914606,0.0385079624615801,0.0510319512787959,9.54572830744348e-05,1.32523114744675,1.32195415888932,0.245414656962562,0.243544117414643,0.0632182413641005,-0.0200718028874958,0.0832900442515963,0.137988028431252,0.137461153263109,FALSE,"stable",26,600,"sample_size"
0.2,0.12,600,299,0.356961784257045,0.643893646544187,0.0699879391188654,0.210899958315138,0.0453933151398889,0.0556824031830772,0.000102056087121209,1.22666527023815,1.22391359123627,0.184781680656976,0.182948855899293,0.137526770860281,0.0700557709960803,0.0674709998642009,0.118006457609213,0.117419753995901,FALSE,"stable",27,600,"sample_size"
0.2,0.12,600,298,0.319603068487159,0.652984753324491,0.0694022092064798,0.200532247279998,0.0379828179408487,0.0583758915894737,9.44536489371298e-05,1.53690259844289,1.53309019139735,0.349340679745649,0.347722654797929,0.0617446122593449,-0.0124971930768327,0.0742418053361776,0.164287163130302,0.163906260967728,FALSE,"stable",28,600,"sample_size"
0.2,0.12,600,296,0.349287358448282,0.684213720212662,0.0642299290203253,0.202837721032548,0.0395523079635449,0.0603128556549409,9.61334184298564e-05,1.52488840121621,1.52119108728347,0.344214304992792,0.342620392428282,-0.0208902071307754,-0.134558971008733,0.113668763877958,0.190702655819541,0.190260611352372,FALSE,"stable",29,600,"sample_size"
0.2,0.12,600,300,0.370790771090893,0.661784134160243,0.0630894284773024,0.199975631442769,0.0412710112278339,0.049255932133654,0.000103202675540525,1.19347529096731,1.19049831976715,0.162110847565596,0.160015614137458,-0.0165378897826511,-0.087990607993738,0.0714527182110869,0.102605285231031,0.101940057713218,FALSE,"stable",30,600,"sample_size"
0,0.12,1200,624,0.5,0.5,0,0,0,0.0156058744199041,0.000117361111111111,Inf,132.973131151846,0.999999999999,0.99247968374259,0.112072063785565,0.0297576719299004,0.0823143918556644,NA,0.160887810326787,TRUE,"degenerate_or_near_degenerate_observed_weight_variance",1,1200,"sample_size"
0,0.12,1200,575,0.5,0.5,0,0,0,0.0131084333175405,8.464e-05,Inf,154.872794394382,0.999999999999,0.993543088029693,-0.051000642647409,-0.144856583137836,0.0938559404904267,NA,0.148002594912046,TRUE,"degenerate_or_near_degenerate_observed_weight_variance",2,1200,"sample_size"
0,0.12,1200,640,0.5,0.5,0,0,0,0.0189335864156215,0.000130612244897959,Inf,144.960270994602,0.999999999999,0.993101558150114,0.0125567220206194,-0.0838703140304236,0.096427036051043,NA,0.179001930157624,TRUE,"degenerate_or_near_degenerate_observed_weight_variance",3,1200,"sample_size"
0,0.12,1200,598,0.5,0.5,0,0,0,0.0126834217355996,9.86755113078222e-05,Inf,128.536671029078,0.999999999999,0.992220119036895,0.119516626117081,0.0507680949931834,0.0687485311238978,NA,0.139830394549291,TRUE,"degenerate_or_near_degenerate_observed_weight_variance",4,1200,"sample_size"
0,0.12,1200,600,0.5,0.5,0,0,0,0.0132310154445138,1e-04,Inf,132.310154445138,0.999999999999,0.992442001113266,0.13745352214977,0.0567598580363582,0.0806936641134117,NA,0.141762638667571,TRUE,"degenerate_or_near_degenerate_observed_weight_variance",5,1200,"sample_size"
0,0.12,1200,612,0.5,0.5,0,0,0,0.016400277530603,0.000108329862557268,Inf,151.392027493186,0.999999999999,0.993394632355756,0.172544920647394,0.0793495589292614,0.0931953617181329,NA,0.165794537743149,TRUE,"degenerate_or_near_degenerate_observed_weight_variance",6,1200,"sample_size"
0,0.12,1200,589,0.5,0.5,0,0,0,0.0122982965139964,9.29283378111599e-05,Inf,132.341724856715,0.999999999999,0.99244380409064,0.0312765668329833,-0.044933923340532,0.0762104901735153,NA,0.137216185979079,TRUE,"degenerate_or_near_degenerate_observed_weight_variance",7,1200,"sample_size"
0,0.12,1200,577,0.5,0.5,0,0,0,0.0110536105457533,8.5777924349894e-05,Inf,128.863115184098,0.999999999999,0.992239827521076,-0.0179515252883777,-0.0947437005518343,0.0767921752634566,NA,0.134765809192726,TRUE,"degenerate_or_near_degenerate_observed_weight_variance",8,1200,"sample_size"
0,0.12,1200,606,0.5,0.5,0,0,0,0.0154939976639644,0.000104081216202428,Inf,148.864494759842,0.999999999999,0.993282481483491,0.0731008129045978,-0.0120159874362327,0.0851168003408305,NA,0.159784997694986,TRUE,"degenerate_or_near_degenerate_observed_weight_variance",9,1200,"sample_size"
0,0.12,1200,608,0.5,0.5,0,0,0,0.0144827075782714,0.000105478451424397,Inf,137.304893868792,0.999999999999,0.992716938400203,-0.08706314915661,-0.179324792113798,0.0922616429571883,NA,0.159394953824566,TRUE,"degenerate_or_near_degenerate_observed_weight_variance",10,1200,"sample_size"
0,0.12,1200,593,0.5,0.5,0,0,0,0.0134455574500191,9.54403458823338e-05,Inf,140.879177728419,0.999999999999,0.99290171893303,0.170084514445549,0.081678229526152,0.0884062849193972,NA,0.148089129784104,TRUE,"degenerate_or_near_degenerate_observed_weight_variance",11,1200,"sample_size"
0,0.12,1200,580,0.5,0.5,0,0,0,0.0120981784771019,8.75130072840791e-05,Inf,138.244346212781,0.999999999999,0.992766431124345,0.0549116889476999,-0.0271047572897178,0.0820164462374178,NA,0.135148767720382,TRUE,"degenerate_or_near_degenerate_observed_weight_variance",12,1200,"sample_size"
0,0.12,1200,598,0.5,0.5,0,0,0,0.0135337326824841,9.86755113078222e-05,Inf,137.15391491882,0.999999999999,0.992708921210219,0.185115709703889,0.0967608716364552,0.0883548380674342,NA,0.151685179239547,TRUE,"degenerate_or_near_degenerate_observed_weight_variance",13,1200,"sample_size"
0,0.12,1200,593,0.5,0.5,0,0,0,0.0136339769086843,9.54403458823338e-05,Inf,142.85338954548,0.999999999999,0.992999816082896,0.172045160283279,0.0824785539595434,0.0895666063237356,NA,0.154285594362056,TRUE,"degenerate_or_near_degenerate_observed_weight_variance",14,1200,"sample_size"
0,0.12,1200,605,0.5,0.5,0,0,0,0.0157707265131581,0.00010338959113057,Inf,152.536888295083,0.999999999999,0.993444208734182,0.0565267401743941,-0.0256226602526519,0.082149400427046,NA,0.158585796339197,TRUE,"degenerate_or_near_degenerate_observed_weight_variance",15,1200,"sample_size"
0,0.12,1200,600,0.5,0.5,0,0,0,0.0143015840275723,1e-04,Inf,143.015840275723,0.999999999999,0.993007767544685,0.074859432756221,-0.0191019693733427,0.0939614021295637,NA,0.159310307071322,TRUE,"degenerate_or_near_degenerate_observed_weight_variance",16,1200,"sample_size"
0,0.12,1200,584,0.5,0.5,0,0,0,0.0133960102772908,8.98802496205094e-05,Inf,149.042869082486,0.999999999999,0.9932905210014,0.103212525221571,0.0110026474736058,0.0922098777479649,NA,0.156641800938164,TRUE,"degenerate_or_near_degenerate_observed_weight_variance",17,1200,"sample_size"
0,0.12,1200,608,0.5,0.5,0,0,0,0.0145453410626664,0.000105478451424397,Inf,137.898697470847,0.999999999999,0.992748299887231,0.0539109847711347,-0.0302064852324423,0.0841174700035769,NA,0.155400434573611,TRUE,"degenerate_or_near_degenerate_observed_weight_variance",18,1200,"sample_size"
0,0.12,1200,618,0.5,0.5,0,0,0,0.0167403262460604,0.000112753746413009,Inf,148.468026816083,0.999999999999,0.993264543070686,0.167199224221286,0.0784750246760291,0.0887241995452572,NA,0.163103362523566,TRUE,"degenerate_or_near_degenerate_observed_weight_variance",19,1200,"sample_size"
0,0.12,1200,601,0.5,0.5,0,0,0,0.0152114190361159,0.000100668894456816,Inf,151.103467642045,0.999999999999,0.993382018191873,0.0796883780078772,-0.0156757816445454,0.0953641596524226,NA,0.165384793168673,TRUE,"degenerate_or_near_degenerate_observed_weight_variance",20,1200,"sample_size"
0,0.12,1200,594,0.5,0.5,0,0,0,0.0150088755163176,9.60788158023723e-05,Inf,156.214201756919,0.999999999999,0.993598533367945,-0.00826385378948924,-0.108328920640748,0.100065066851259,NA,0.157632939042285,TRUE,"degenerate_or_near_degenerate_observed_weight_variance",21,1200,"sample_size"
0,0.12,1200,570,0.5,0.5,0,0,0,0.0135320993537444,8.1859410430839e-05,Inf,165.309025346296,0.999999999999,0.993950723513703,-0.0110837272186932,-0.109947813342117,0.098864086123424,NA,0.150972626343512,TRUE,"degenerate_or_near_degenerate_observed_weight_variance",22,1200,"sample_size"
0,0.12,1200,613,0.5,0.5,0,0,0,0.015458922367686,0.000109054790187161,Inf,141.753721603198,0.999999999999,0.992945511492113,0.158934669235333,0.0670790928382428,0.0918555763970905,NA,0.157594990268004,TRUE,"degenerate_or_near_degenerate_observed_weight_variance",23,1200,"sample_size"
0,0.12,1200,595,0.5,0.5,0,0,0,0.0144821637269194,9.67215354142477e-05,Inf,149.730498641217,0.999999999999,0.99332133393614,0.140786727132845,0.0529124888371646,0.0878742382956801,NA,0.158889376042373,TRUE,"degenerate_or_near_degenerate_observed_weight_variance",24,1200,"sample_size"
0,0.12,1200,592,0.5,0.5,0,0,0,0.0149597792197062,9.48060941828255e-05,Inf,157.793434574549,0.999999999999,0.993662600711517,0.119222202130634,0.0270634330929487,0.0921587690376855,NA,0.155115137975543,TRUE,"degenerate_or_near_degenerate_observed_weight_variance",25,1200,"sample_size"
0,0.12,1200,618,0.5,0.5,0,0,0,0.0145306568685895,0.000112753746413009,Inf,128.870723420264,0.999999999999,0.992240285664116,0.0892985819948571,0.00669955928721477,0.0825990227076423,NA,0.153553711394464,TRUE,"degenerate_or_near_degenerate_observed_weight_variance",26,1200,"sample_size"
0,0.12,1200,588,0.5,0.5,0,0,0,0.0139268844771194,9.23106497500961e-05,Inf,150.869748125729,0.999999999999,0.993371765960883,0.0925883639972959,0.00209229390046728,0.0904960700968286,NA,0.154950292080577,TRUE,"degenerate_or_near_degenerate_observed_weight_variance",27,1200,"sample_size"
0,0.12,1200,581,0.5,0.5,0,0,0,0.0122773149203644,8.8098997549333e-05,Inf,139.358168218536,0.999999999999,0.992824245519417,0.171045748601704,0.0830159473137642,0.0880298012879399,NA,0.137849187287235,TRUE,"degenerate_or_near_degenerate_observed_weight_variance",28,1200,"sample_size"
0,0.12,1200,607,0.5,0.5,0,0,0,0.0142725647201129,0.000104777491191501,Inf,136.217851351557,0.999999999999,0.992658818282053,0.0355414616008345,-0.0549500938754335,0.090491555476268,NA,0.15398055719625,TRUE,"degenerate_or_near_degenerate_observed_weight_variance",29,1200,"sample_size"
0,0.12,1200,605,0.5,0.5,0,0,0,0.0156098023560748,0.00010338959113057,Inf,150.980405139249,0.999999999999,0.993376623946149,0.207641301122099,0.107843752478795,0.099797548643304,NA,0.165772361372045,TRUE,"degenerate_or_near_degenerate_observed_weight_variance",30,1200,"sample_size"
0.002,0.12,1200,581,0.498120371360814,0.501883359701042,0.000647568341493154,0.00188901291957824,3.14308570850933e-06,0.0117921832129727,8.80818378018834e-05,3751.78544480908,129.264928477899,0.999733460237876,0.992263949612822,0.261437573193364,0.173965180183823,0.0874723930095412,0.134720403424407,0.13421617794112,TRUE,"unstable_good_overlap_warning",1,1200,"sample_size"
0.002,0.12,1200,600,0.498502860377954,0.50156383152584,0.000660906026034858,0.00205105883832164,4.20721259601583e-06,0.0140254812033046,0.000100008800846977,3333.67541649464,134.580864686181,0.999700030784325,0.992569523146312,0.147684830281047,0.0541134155447001,0.0935714147363471,0.158128816897724,0.157563869169206,TRUE,"unstable_good_overlap_warning",2,1200,"sample_size"
0.002,0.12,1200,609,0.498309263590864,0.501506839127524,0.000688895545988111,0.00207980356078583,4.59372088275671e-06,0.0147946065324571,0.000106198887884183,3220.61503300975,133.534237501155,0.999689500300486,0.992511283857135,0.0418730713592365,-0.0349382706935961,0.0768113420528326,0.145553206668677,0.14502969674884,TRUE,"unstable_good_overlap_warning",3,1200,"sample_size"
0.002,0.12,1200,601,0.498452440175249,0.501505533785212,0.000647699161325899,0.00192056423537913,3.71425049663546e-06,0.0147942636360148,0.000100696300610559,3983.10874546996,141.693185977212,0.999748939819648,0.99294249760069,0.038815787185241,-0.0499093601239717,0.0887251473092128,0.146355468003428,0.145856412042944,TRUE,"unstable_good_overlap_warning",4,1200,"sample_size"
0.002,0.12,1200,582,0.498414905267891,0.501450257298,0.000635816004288747,0.00186354498465748,3.08009132228454e-06,0.0112646329992786,8.86918740568799e-05,3657.23993888712,122.745905601321,0.999726569758422,0.991853088743766,0.144536380522389,0.065963274059094,0.0785731064632951,0.128681836107658,0.128174108912302,TRUE,"unstable_good_overlap_warning",5,1200,"sample_size"
0.002,0.12,1200,639,0.498101411325467,0.501578301059229,0.000680168954082072,0.00210014050417213,5.72260469703223e-06,0.0181050361979934,0.000129746916374815,3163.77544082029,133.646565328826,0.999683921941141,0.992517578004795,0.0167624300501594,-0.0839999131728931,0.100762343223053,0.180346552375468,0.179698972697303,TRUE,"unstable_good_overlap_warning",6,1200,"sample_size"
0.002,0.12,1200,625,0.498438336503622,0.501617758750361,0.000711185615997534,0.00195006011492833,4.49356341389418e-06,0.0171596704735441,0.000118166636950593,3818.72222398956,139.895992526946,0.999738132301502,0.992851832408227,0.0604325238950144,-0.0307033561667063,0.0911358800617207,0.161120121933605,0.160564257014567,TRUE,"unstable_good_overlap_warning",7,1200,"sample_size"
0.002,0.12,1200,598,0.498577827079681,0.501713471196852,0.000705192701350499,0.00200562165972644,3.96881674278228e-06,0.0155508293160005,9.86649781069649e-05,3918.25330415706,151.517629634239,0.999744784238697,0.993400107945102,0.0985393986870001,0.0110034483496005,0.0875359503373996,0.150455299575071,0.149977122774126,TRUE,"unstable_good_overlap_warning",8,1200,"sample_size"
0.002,0.12,1200,621,0.498167552648011,0.501562717973132,0.00066475271848504,0.00199883153631898,4.59604055345144e-06,0.0167759309719306,0.000115035389245986,3650.08332211789,140.230130159403,0.999726033651358,0.992868864923228,0.011909582230974,-0.0660710896604446,0.0779806718914187,0.15633847327521,0.15580138417398,TRUE,"unstable_good_overlap_warning",9,1200,"sample_size"
0.002,0.12,1200,590,0.498104421556755,0.501573906673,0.000631077965306259,0.00201801097347929,3.80963096315876e-06,0.0131087676611281,9.35482916260689e-05,3440.95472445944,134.64510450204,0.999709382982318,0.992573068261944,0.1317549088078,0.0468317091852539,0.0849231996225462,0.142966067862977,0.142454880243527,TRUE,"unstable_good_overlap_warning",10,1200,"sample_size"
0.002,0.12,1200,584,0.498188663316159,0.501491013201304,0.000685175059774723,0.00194868580856246,3.41321226793582e-06,0.0135688240138235,8.98834333480775e-05,3975.3824106666,145.437426225049,0.999748451872877,0.993124190753674,0.0651278282872856,-0.0325275415512696,0.0976553698385552,0.142971385753513,0.142496939491718,TRUE,"unstable_good_overlap_warning",11,1200,"sample_size"
0.002,0.12,1200,612,0.498576967103555,0.50202286661977,0.000635988581698776,0.00205386909304367,4.57090168794676e-06,0.0148649587839786,0.000108356847479788,3252.08455547771,131.632472032177,0.99969250492017,0.992403090327472,-0.0263598245160341,-0.113112783657771,0.0867529591417364,0.154542526257481,0.153978059874409,TRUE,"unstable_good_overlap_warning",12,1200,"sample_size"
0.002,0.12,1200,595,0.498323582672014,0.501860838102196,0.000677949737959094,0.00198577241530422,3.81420541447955e-06,0.0151015167696243,9.67264238076076e-05,3959.28250541925,150.203125706187,0.999747428985269,0.993342348933829,0.00716521795392255,-0.0803025839735465,0.0874678019274691,0.146241992578966,0.145772775683474,TRUE,"unstable_good_overlap_warning",13,1200,"sample_size"
0.002,0.12,1200,582,0.498325374661063,0.501748426759481,0.000663164955268525,0.00191447659382452,3.24926533684534e-06,0.0143674708868164,8.86512891408314e-05,4421.7598125629,156.337151266115,0.99977384569891,0.993603567725896,0.154579324287435,0.0558247915004573,0.0987545327869773,0.147568130186673,0.147112054233815,TRUE,"unstable_good_overlap_warning",14,1200,"sample_size"
0.002,0.12,1200,603,0.498570237928615,0.501516520683322,0.000676568256556376,0.00192050512780829,3.76270972749952e-06,0.0145289801873239,0.000102016348347812,3861.30773818129,137.352141829243,0.999741020382781,0.992719443711018,0.0288913824319921,-0.0563901531192932,0.0852815355512853,0.150366928031631,0.149837954387812,TRUE,"unstable_good_overlap_warning",15,1200,"sample_size"
0.002,0.12,1200,601,0.498492319967209,0.501502866296438,0.00065717177991198,0.00200327965575901,4.0407557078924e-06,0.0136944211049427,0.000100688398656116,3389.07424623437,130.760352149363,0.999704934171592,0.992352421941647,-0.00151487473989942,-0.0843214777451717,0.0828066030052723,0.144531461216897,0.143998988875787,TRUE,"unstable_good_overlap_warning",16,1200,"sample_size"
0.002,0.12,1200,594,0.498453375649558,0.501769663410161,0.000672736175276134,0.00200786835399324,3.87284264804828e-06,0.0148555731502661,9.60637160275457e-05,3835.83184247172,148.650037054898,0.999739300354899,0.993272790106129,0.104275148307457,0.0139964296859947,0.0902787186214628,0.152103143262342,0.151610428716306,TRUE,"unstable_good_overlap_warning",17,1200,"sample_size"
0.002,0.12,1200,590,0.498069534062833,0.501406276148759,0.000652794855517114,0.00196255044043207,3.60164602061519e-06,0.0124765871051513,9.35102831023622e-05,3464.13474109824,128.476359370347,0.999711327625875,0.992216466866738,0.166074716915291,0.0824033932835886,0.0836713236317019,0.139620612835099,0.139096258603516,TRUE,"unstable_good_overlap_warning",18,1200,"sample_size"
0.002,0.12,1200,599,0.498684254823235,0.501653365248415,0.000685463197738434,0.00199356563532691,3.94866231040818e-06,0.0143263969051373,9.93548145204768e-05,3628.16462359283,138.682620804628,0.999724378548455,0.992789291158488,0.148555104719852,0.0588956509114493,0.0896594538084025,0.148276058089721,0.147760867604612,TRUE,"unstable_good_overlap_warning",19,1200,"sample_size"
0.002,0.12,1200,599,0.498293749069776,0.501453210439099,0.000661865895965841,0.00192915351483555,3.69690149771219e-06,0.0135687610162186,9.93354588105766e-05,3670.30634292409,131.694168469196,0.999727543178534,0.992406649348077,0.206807474070927,0.115318774685817,0.0914886993851103,0.145468145764129,0.144934543549379,TRUE,"unstable_good_overlap_warning",20,1200,"sample_size"
0.002,0.12,1200,618,0.498422734374028,0.501793259354327,0.000634784669584443,0.00203032932328159,4.64652618900318e-06,0.0168606675007443,0.000112718555666551,3628.66081345847,143.659998648452,0.999724416237447,0.993039120079299,0.0590745003244357,-0.0399153813758534,0.0989898817002891,0.169688900859469,0.169120582524292,TRUE,"unstable_good_overlap_warning",21,1200,"sample_size"
0.002,0.12,1200,585,0.498572372086119,0.501891471377621,0.000650546421543385,0.00201176357974138,3.66221395065957e-06,0.0142684606311651,9.04877583407215e-05,3896.12972464248,151.550343392627,0.999743335034849,0.993401532602211,0.105591257710062,0.000551460611112775,0.105039797098949,0.158126495131414,0.157624165018509,TRUE,"unstable_good_overlap_warning",22,1200,"sample_size"
0.002,0.12,1200,598,0.498155159908149,0.501925703758972,0.000676551725692864,0.00206907649541555,4.22456589071321e-06,0.016195482456043,9.86799666068032e-05,3833.6441838072,157.383567691092,0.999739151587353,0.993646096510134,0.129992728662723,0.0247248420701636,0.105267886592559,0.167865350269576,0.167353028625225,TRUE,"unstable_good_overlap_warning",23,1200,"sample_size"
0.002,0.12,1200,607,0.49798699124028,0.501397677535756,0.000667434083647112,0.00189951015609182,3.77958140455082e-06,0.0150420657907784,0.000104751551406012,3979.82320811159,138.596782335569,0.999748732557275,0.992784825281306,0.0027628058033502,-0.0908663080468857,0.0936291138502359,0.155040370107504,0.154499447430999,TRUE,"unstable_good_overlap_warning",24,1200,"sample_size"
0.002,0.12,1200,599,0.498240792971447,0.501872443194806,0.000662851666244024,0.00200319599734518,3.9864355520826e-06,0.0134401200435212,9.93431347246181e-05,3371.4630195137,130.070414572814,0.999703392861137,0.992311856594874,0.197972665252913,0.105571043411585,0.0924016218413279,0.146122364522361,0.145581167696771,TRUE,"unstable_good_overlap_warning",25,1200,"sample_size"
0.002,0.12,1200,580,0.498316918104427,0.501511429568528,0.000666942782946323,0.00205045477175762,3.679791445442e-06,0.0128144702147318,8.75231252721711e-05,3482.39034867168,140.505048258584,0.999712840922506,0.99288281800267,-0.0635381864266714,-0.15519128064501,0.0916530942183387,0.140835986450334,0.140354067265108,TRUE,"unstable_good_overlap_warning",26,1200,"sample_size"
0.002,0.12,1200,584,0.497987045080097,0.501920192765024,0.000686105973380591,0.00207367780054357,3.86549925354811e-06,0.0124617395076378,8.98924126823611e-05,3223.83699756228,132.914004272582,0.999689810619843,0.992476338325123,0.065560037165034,-0.0233957320094309,0.0889557691744649,0.134202905246982,0.133717843989022,TRUE,"unstable_good_overlap_warning",27,1200,"sample_size"
0.002,0.12,1200,577,0.498203308646898,0.501675305716693,0.000684390138463609,0.00213299470691772,3.90299862244658e-06,0.0120171447279424,8.57864788836642e-05,3078.95182407457,133.98611589775,0.999675214145223,0.992536540123582,0.0676813357358427,-0.0201656773079082,0.0878470130437509,0.13178413069685,0.13131275286446,TRUE,"unstable_good_overlap_warning",28,1200,"sample_size"
0.002,0.12,1200,603,0.498476364858212,0.501654870429834,0.000680344269475719,0.00203958797471277,4.24422114649217e-06,0.0151487170154623,0.000102026530750697,3569.25723061877,142.548318752066,0.99971982966332,0.992984834835272,0.0623584103235858,-0.0292601707544423,0.0916185810780281,0.1566227586835,0.156094292580327,TRUE,"unstable_good_overlap_warning",29,1200,"sample_size"
0.002,0.12,1200,598,0.49838198147547,0.50161862447882,0.000673532171610369,0.00207712756665313,4.25709903657551e-06,0.0135749351572781,9.86705194665181e-05,3188.77598116629,131.888169129942,0.999686400046317,0.992417818773307,0.26226696943669,0.171989498314607,0.090277471122083,0.148939506226216,0.148397059158545,TRUE,"unstable_good_overlap_warning",30,1200,"sample_size"
0.01,0.12,1200,614,0.492235442952826,0.508598103973879,0.00357357366307309,0.0104779792792687,0.000120553872586007,0.0165332838680988,0.000109806006055407,137.144361383359,71.7715427078996,0.992708413310521,0.986066901138382,0.0930310723571878,0.00188732429210026,0.0911437480650875,0.159390286154778,0.158856207349162,TRUE,"unstable_good_overlap_warning",1,1200,"sample_size"
0.01,0.12,1200,593,0.490232734672825,0.508594371924038,0.00327344532290313,0.0102577487679882,0.000100367841990426,0.0151423700841394,9.53872811564161e-05,150.868742256946,77.353633665979,0.993371721769266,0.987072359078591,-0.00379999942838161,-0.103794500225528,0.0999945007971466,0.15882484603595,0.158320459575812,TRUE,"unstable_good_overlap_warning",2,1200,"sample_size"
0.01,0.12,1200,569,0.491587149606529,0.508307879656158,0.00341328228129634,0.0102043963850745,8.45313917326523e-05,0.0114146637126742,8.11789404942555e-05,135.034612334024,68.8832347342352,0.992594491273642,0.985482679437773,0.0459159770296366,-0.0452315561617251,0.0911475331913617,0.133373356673906,0.132894696276317,TRUE,"unstable_good_overlap_warning",3,1200,"sample_size"
0.01,0.12,1200,594,0.491558540989017,0.507137049888791,0.00329442713565753,0.00968220758486119,8.99719482490899e-05,0.0126324413018883,9.59750496743909e-05,140.404220956904,67.935709868716,0.992877707000654,0.985280200914475,0.0749629949786202,-0.00587817377076327,0.0808411687493835,0.134467819789292,0.133952357539463,TRUE,"unstable_good_overlap_warning",4,1200,"sample_size"
0.01,0.12,1200,620,0.491812241818185,0.507855313121076,0.00349727116573822,0.0104086176192758,0.000123820788859303,0.0174029806873893,0.000114289796178013,140.549748129647,73.087807854749,0.992885081522326,0.986317827427697,0.147393123344053,0.0475903565613073,0.0998027667827456,0.166059379256839,0.165509283649446,TRUE,"unstable_good_overlap_warning",5,1200,"sample_size"
0.01,0.12,1200,577,0.490912756762733,0.50691839487737,0.0035410536381062,0.010018633503028,8.61366811778043e-05,0.0111976177876276,8.58165705508476e-05,129.998249694731,65.1201281456301,0.992307588737939,0.984643764862322,0.0241747773703369,-0.0602549431500246,0.0844297205203615,0.129603264486315,0.129101816228717,TRUE,"unstable_good_overlap_warning",6,1200,"sample_size"
0.01,0.12,1200,600,0.491608220666167,0.507070617129315,0.00318388591921054,0.00948152960410822,9.00197777494342e-05,0.0147102527745129,0.00010013389868118,163.411342954636,77.3598126033633,0.993880473766882,0.987073391644223,0.050278742712328,-0.0487075596874694,0.0989863023997974,0.15242728688705,0.151904403199926,TRUE,"unstable_good_overlap_warning",7,1200,"sample_size"
0.01,0.12,1200,607,0.488704880360138,0.507026979039321,0.00331716695832535,0.0101491642551342,0.000107861617690712,0.0160093495877828,0.000104714389968807,148.424897850956,75.3111781712678,0.993262585897117,0.986721758651473,0.188594640543179,0.0896883116800595,0.0989063288631192,0.1549572322316,0.154446177742524,TRUE,"unstable_good_overlap_warning",8,1200,"sample_size"
0.01,0.12,1200,624,0.491961120959156,0.508571001235915,0.00325906494791622,0.00988563385628769,0.000114706129010376,0.0171365843942716,0.00011737553418478,149.395542697823,73.8385969763651,0.993306359868964,0.986456947437394,0.20279859625331,0.117134273717897,0.0856643225354138,0.16127137057297,0.160714379797163,TRUE,"unstable_good_overlap_warning",9,1200,"sample_size"
0.01,0.12,1200,571,0.492629475712509,0.509375843857109,0.003533941995986,0.0104114422813077,8.9413805012499e-05,0.0115584179753449,8.24864826556723e-05,129.268830173698,67.2390845421781,0.992264183108517,0.98512769757636,0.0442611640347073,-0.0450698529999862,0.0893310170346935,0.133518803318606,0.13303779509735,TRUE,"unstable_good_overlap_warning",10,1200,"sample_size"
0.01,0.12,1200,627,0.492086065696825,0.507644881632506,0.00338885934102312,0.0102508145596675,0.000125907044393401,0.0180437036129164,0.000119821092497685,143.309722659664,73.4295381929091,0.993022106376029,0.986381502259038,0.0420728583467538,-0.0421702816410643,0.0842431399878181,0.160813418382589,0.160274815280961,TRUE,"unstable_good_overlap_warning",11,1200,"sample_size"
0.01,0.12,1200,630,0.49279157655537,0.508216448800028,0.00303145688610246,0.00957175914714927,0.000111953743866577,0.0185217662879285,0.000122195467569201,165.441240714577,79.1024072827536,0.993955557902729,0.987358159702707,0.138397770047203,0.0501178076432487,0.0882799624039545,0.161911680470332,0.161373439967379,TRUE,"unstable_good_overlap_warning",12,1200,"sample_size"
0.01,0.12,1200,586,0.490355855772186,0.508026478339682,0.00332315326954674,0.00973072852394512,8.63246467688749e-05,0.012705619028777,9.11683504769495e-05,147.184141544129,71.5837764076966,0.993205789771175,0.986030354220143,0.108793518630291,0.0281535396023171,0.0806399790279742,0.133237280267407,0.132755120116085,TRUE,"unstable_good_overlap_warning",13,1200,"sample_size"
0.01,0.12,1200,614,0.492202110893347,0.509244189441959,0.00339439040287848,0.0101828683388922,0.000113835374435905,0.0149835165326859,0.000109783477496982,131.624432272785,67.0047109318972,0.992402626300203,0.985075676230939,0.108220367581188,0.0240644501140477,0.0841559174671405,0.155063220203453,0.154489740618566,TRUE,"unstable_good_overlap_warning",14,1200,"sample_size"
0.01,0.12,1200,628,0.492600155059502,0.507720746340475,0.00309104094525664,0.00982332861306059,0.000116309478954506,0.0170676004282609,0.000120530724001678,146.742987602385,72.0637806218163,0.993185364313901,0.986123403582614,0.0887452403865449,0.00171103071864054,0.0870342096679043,0.160050252489531,0.159480225491757,TRUE,"unstable_good_overlap_warning",15,1200,"sample_size"
0.01,0.12,1200,564,0.49046791334802,0.508075580680404,0.00343735850790444,0.0100229278934095,7.90432053759498e-05,0.0112530797581886,7.86819893011517e-05,142.366187007043,71.3461142414573,0.992975860202321,0.985983819712792,0.180680177891986,0.0971455141669914,0.0835346637249943,0.129006477460037,0.128551475452242,TRUE,"unstable_good_overlap_warning",16,1200,"sample_size"
0.01,0.12,1200,617,0.492479768085565,0.509666689522983,0.00329610525217716,0.00982450568057579,0.000108031393688128,0.0158165286770046,0.000111925376167439,146.406781742212,71.9074420277697,0.993169715308948,0.986093233581945,0.136632048542167,0.056398808974591,0.0802332395675759,0.151324403696914,0.150784335535178,TRUE,"unstable_good_overlap_warning",17,1200,"sample_size"
0.01,0.12,1200,611,0.492559753490202,0.507718934906745,0.00314782725705798,0.00966070980996806,0.000100447512660889,0.0157084207973183,0.000107626969835012,156.384368126166,75.4942201892905,0.993605498989559,0.986753952852382,0.0317683230826298,-0.0603629479091383,0.0921312709917681,0.154903957834938,0.15436895295077,TRUE,"unstable_good_overlap_warning",18,1200,"sample_size"
0.01,0.12,1200,617,0.491486763381842,0.507049265315819,0.00331622041581003,0.00937247215039644,9.84076822709183e-05,0.0165230596871486,0.000112026478938277,167.904164653124,78.518903927974,0.994044221582794,0.987264213457216,-0.0592144589364807,-0.154989060726495,0.0957746017900138,0.16602307834716,0.165455918577323,TRUE,"unstable_good_overlap_warning",19,1200,"sample_size"
0.01,0.12,1200,636,0.491931666114049,0.507992343737075,0.00319971623989873,0.00989214549804807,0.000124490535313073,0.0177431682332167,0.000127219985974254,142.526242566117,70.4903718067588,0.992983748241759,0.985813665407506,0.118001073066813,0.0361533898117843,0.0818476832550288,0.159285280513449,0.158709159394828,TRUE,"unstable_good_overlap_warning",20,1200,"sample_size"
0.01,0.12,1200,611,0.491921301377416,0.508363858969019,0.00344629142902475,0.00965239695099948,0.000100155247365191,0.0158426180899904,0.000107498736645351,158.180609671147,76.293350043244,0.993678112620258,0.986892697732723,-0.00428141683444316,-0.091173591015222,0.0868921741807789,0.153624526586563,0.153099109060478,TRUE,"unstable_good_overlap_warning",21,1200,"sample_size"
0.01,0.12,1200,608,0.491545113344564,0.506648318264393,0.00327494275586154,0.0101388997585109,0.00010831480804581,0.0162051199402852,0.000105367378676246,149.611306456191,75.8374864506784,0.993316013183183,0.986813908967693,0.00382059371914689,-0.0919941669056116,0.0958147606247585,0.1564053822749,0.155892638205307,TRUE,"unstable_good_overlap_warning",22,1200,"sample_size"
0.01,0.12,1200,628,0.491335524223305,0.507689164933623,0.00312236940849958,0.00991098451425055,0.000118519025376533,0.0187703366215547,0.000120657542721338,158.374037939662,78.4789947060111,0.993685833783054,0.987257736879198,0.0665752848793327,-0.0360295677940237,0.102604852673356,0.176324595372797,0.175753353172298,TRUE,"unstable_good_overlap_warning",23,1200,"sample_size"
0.01,0.12,1200,610,0.489966443742303,0.508138199716435,0.00358119145733227,0.0104112310411235,0.000115866964363605,0.0154780132241442,0.000106894524663397,133.584350890322,69.4824464127553,0.992514093205266,0.9856078757783,0.0442720525825971,-0.0505234005461275,0.0947954531287246,0.158631261533582,0.158078395620079,TRUE,"unstable_good_overlap_warning",24,1200,"sample_size"
0.01,0.12,1200,617,0.492593857518488,0.508095662057111,0.00331005083518016,0.0101518333972862,0.000115279035251092,0.0178803006224641,0.000111856536935661,155.104530355572,78.720829372172,0.993552735063847,0.987296881804024,-0.00258713874031591,-0.103816690644785,0.101229551904469,0.171325257538349,0.170785035526928,TRUE,"unstable_good_overlap_warning",25,1200,"sample_size"
0.01,0.12,1200,594,0.491372112854369,0.506588610093681,0.00334537271339974,0.00970025592901885,9.03580965295486e-05,0.0138431513047738,9.60286200697312e-05,153.203219594681,74.2711259544088,0.993472722031263,0.986535817423667,0.100636324956388,0.00414909090767235,0.0964872340487152,0.150785382441186,0.150258032226058,TRUE,"unstable_good_overlap_warning",26,1200,"sample_size"
0.01,0.12,1200,587,0.49296696043505,0.50884816103767,0.00335518943074103,0.00997631013332643,9.12451271146422e-05,0.0132728615640325,9.16789851903941e-05,145.463785121985,72.5593875885497,0.993125436690917,0.986218185775347,0.0689137571452447,-0.0192710543818424,0.0881848115270871,0.138568203238587,0.138085487086671,TRUE,"unstable_good_overlap_warning",27,1200,"sample_size"
0.01,0.12,1200,578,0.491570218313748,0.508104214454027,0.00336547305640567,0.0100172970034185,8.66178202507123e-05,0.0124896936795115,8.63189501610122e-05,144.193119191415,72.2211571881229,0.993064856314867,0.986153641966783,0.0402626331712865,-0.0433120758117189,0.0835747089830055,0.134632996238225,0.134163690503996,TRUE,"unstable_good_overlap_warning",28,1200,"sample_size"
0.01,0.12,1200,583,0.492451821751218,0.507081700373693,0.00319837542546508,0.00947244114567853,7.99918061892492e-05,0.0135751679330147,8.91500665990637e-05,169.706980998751,80.2590612793114,0.994107490486751,0.98754034766841,0.17617447300142,0.0822548525584101,0.0939196204430102,0.146458755870471,0.145974195951379,TRUE,"unstable_good_overlap_warning",29,1200,"sample_size"
0.01,0.12,1200,604,0.491045128820659,0.508533512412023,0.0032920603392958,0.00946365843123168,9.20665005501184e-05,0.0165215113967411,0.000102797729344214,179.451932005901,84.7847314291602,0.994427477103077,0.988205423510299,-0.0371237086512948,-0.144705251636712,0.107581542985417,0.168183391707378,0.167656411045517,TRUE,"unstable_good_overlap_warning",30,1200,"sample_size"
0.05,0.12,1200,602,0.461701476587369,0.546036648375134,0.0168413160330829,0.050657516954466,0.00258350416076718,0.0154127484443353,0.000100674937440699,5.96583070327182,5.74207155350618,0.832378749961581,0.825846823627722,-0.0227476148353274,-0.10345642658773,0.0807088117524022,0.138858435521113,0.138312530493532,FALSE,"stable",1,1200,"sample_size"
0.05,0.12,1200,575,0.463618632154561,0.546628214203711,0.0160579329098773,0.0485870339620941,0.00199740822489782,0.0133549889591119,8.46108499826457e-05,6.68615898975536,6.41444121249398,0.850437298674438,0.844101774905629,0.160645726807004,0.0748275962555598,0.0858181305514445,0.132587595328722,0.132092801543255,FALSE,"stable",2,1200,"sample_size"
0.05,0.12,1200,601,0.455274396973812,0.547752076130641,0.0175255897288657,0.0495790118929951,0.00245578593000594,0.0168605341482898,9.99067364872947e-05,6.86563675696644,6.59724636273452,0.854347086017139,0.84842160728624,0.164496018920388,0.0731759472001268,0.0913200717202609,0.145996819964421,0.145489645359194,FALSE,"stable",3,1200,"sample_size"
0.05,0.12,1200,602,0.461182643766154,0.533086402014759,0.0168213104334425,0.0506525364021412,0.0026029699354649,0.0161235311546304,0.000101453435330057,6.19428251358218,5.96191089337129,0.838560802190197,0.832268543108915,0.0890214469647508,0.00455325476309509,0.0844681922016557,0.14052454949561,0.13999633387047,FALSE,"stable",4,1200,"sample_size"
0.05,0.12,1200,595,0.455894947315368,0.55109575440229,0.0165272366689924,0.0479295389788955,0.00222244039975087,0.0164589121574012,9.67439064282867e-05,7.40578337184933,7.09685388675174,0.864970395461313,0.859092491411331,0.0727640688241965,-0.0228672974429087,0.0956313662671052,0.150203265238901,0.149692042307702,FALSE,"stable",5,1200,"sample_size"
0.05,0.12,1200,589,0.461353818097633,0.541053388499713,0.0167044869119992,0.0504002456739239,0.00236938802650475,0.0162688707016533,9.32762080968187e-05,6.86627539249139,6.60620740459384,0.854360633263625,0.848627216986161,0.191696739791578,0.107558335936464,0.0841384038551145,0.146194776818628,0.14570341143221,FALSE,"stable",6,1200,"sample_size"
0.05,0.12,1200,612,0.463903468832012,0.536822816553494,0.0170111580826017,0.0513871836620029,0.00288360727887719,0.0173673956445329,0.000109200966084952,6.02280198546847,5.80304323665499,0.833964323845819,0.827676624278191,-0.0301223298836348,-0.112386668365815,0.0822643384821806,0.146335702424178,0.145783007432263,FALSE,"stable",7,1200,"sample_size"
0.05,0.12,1200,624,0.457469759552779,0.541219985965381,0.0162771626805028,0.0501711228262396,0.002968814820482,0.0218617609751041,0.000117943895607656,7.36380080841648,7.08243273474867,0.864200563538187,0.858805577482765,-0.00638313464617291,-0.112025941659926,0.105642807013753,0.179317505626966,0.17875691237635,FALSE,"stable",8,1200,"sample_size"
0.05,0.12,1200,564,0.463528366075551,0.538817093655849,0.0165775136589308,0.0498510711176321,0.00195878868997719,0.0131734247440908,7.88203936357612e-05,6.72529140662141,6.46513840659395,0.851307558358669,0.845324270400758,0.124628361552804,0.0371495066661642,0.0874788548866398,0.128082006085688,0.12763110980456,FALSE,"stable",9,1200,"sample_size"
0.05,0.12,1200,602,0.458129654513155,0.541120658805174,0.0175239842438015,0.0493540014130903,0.00244959093479721,0.0184065649143091,0.000100565456138057,7.51413823950687,7.21781808352488,0.866917540225394,0.861453975643614,0.141866226887241,0.036426827716677,0.105439399170564,0.16962869897103,0.169093329611893,FALSE,"stable",10,1200,"sample_size"
0.05,0.12,1200,623,0.461269841899431,0.5364166777124,0.0171670741313218,0.0514704164956141,0.00310083758886287,0.0198186254590879,0.000117047907715661,6.39137810063628,6.15889703973632,0.84353922045381,0.83763326557529,0.0632127751119196,-0.0236520038726338,0.0868647789845534,0.165143122388972,0.164563990457063,FALSE,"stable",11,1200,"sample_size"
0.05,0.12,1200,611,0.459600181460504,0.539613872970357,0.0156746579860751,0.0489839794398903,0.00258550500992885,0.0196743471164131,0.000107754956360981,7.60947940184208,7.30503084093882,0.868584965252955,0.863108038586805,0.0550668469979834,-0.0405498275769962,0.0956166745749796,0.168779433023996,0.168246465937681,FALSE,"stable",12,1200,"sample_size"
0.05,0.12,1200,575,0.461995610282743,0.535799309587376,0.0155795044310302,0.0497148826505803,0.00209010197909358,0.0138525442297881,8.45657761565718e-05,6.62768820294384,6.36995890353588,0.849117826702254,0.843013115917449,0.159027842991261,0.0675218020668754,0.091506040924386,0.136445740047218,0.135954368708624,FALSE,"stable",13,1200,"sample_size"
0.05,0.12,1200,593,0.463064927891884,0.542163899637271,0.0168816589187836,0.0487428404888157,0.00227767957214977,0.0154233913924599,9.58674020840384e-05,6.77153695412154,6.49803503359719,0.852323038805637,0.846107324009545,0.105819929667965,0.0169933681451158,0.0888265615228496,0.14524607037796,0.144715485078503,FALSE,"stable",14,1200,"sample_size"
0.05,0.12,1200,597,0.459766033926835,0.538521738188357,0.0176419836004628,0.0509342285861374,0.00254783457124859,0.0157791427828803,9.82091065617146e-05,6.1931582846635,5.96329641691254,0.838531496526358,0.83230751415209,0.134987331442846,0.0464134905469462,0.0885738408959001,0.149697330945662,0.149140733545622,FALSE,"stable",15,1200,"sample_size"
0.05,0.12,1200,624,0.461441212697305,0.536656107211988,0.0174426994515362,0.0499758231207577,0.00295369929216802,0.0199807994099779,0.000118262312581984,6.76466946481611,6.50424776764226,0.852173117223077,0.846254319373431,0.0942193090516668,-0.000340534570579365,0.0945598436222461,0.163926275552013,0.163356005812281,FALSE,"stable",16,1200,"sample_size"
0.05,0.12,1200,594,0.460700935634207,0.53425994890911,0.0181893561294944,0.0502566819196226,0.00242519324565017,0.0179180079771776,9.6019342146396e-05,7.3882805047867,7.10690088725803,0.864650509769882,0.859291691855039,0.121406185957392,0.0242608902263237,0.0971452957310681,0.15546072549537,0.154978229663592,FALSE,"stable",17,1200,"sample_size"
0.05,0.12,1200,593,0.46444861506566,0.541514638165566,0.0173815491547162,0.0491161083995598,0.00230480411985962,0.0162467609966644,9.55401949680923e-05,7.04908536767714,6.76851270724074,0.858137623841896,0.852257055094211,0.0180528312056355,-0.0723500510029471,0.0904028822085826,0.146599862352668,0.146096695645214,FALSE,"stable",18,1200,"sample_size"
0.05,0.12,1200,614,0.455700458582851,0.539188815803976,0.0173057320944958,0.0492970513702588,0.0026590294807781,0.0200414494854906,0.00010941610877112,7.5371294791459,7.2392426859124,0.86732349460536,0.861864003821007,0.12668135594357,0.0334131286060051,0.0932682273375652,0.166470948837022,0.165946184229687,FALSE,"stable",19,1200,"sample_size"
0.05,0.12,1200,602,0.462339512764177,0.541484890095868,0.0169349535821124,0.049277143939987,0.00246061417256873,0.0175135046260523,0.000101333364857774,7.11753383415217,6.83601220173491,0.859501897244003,0.853715884277355,0.02264419512674,-0.0674560066870112,0.0901002018137512,0.15100499289304,0.150495865312097,FALSE,"stable",20,1200,"sample_size"
0.05,0.12,1200,642,0.460428686505051,0.538382758636493,0.0168713753145184,0.0501294038952862,0.00334674093088108,0.0210276915220302,0.000133179387917359,6.28303533386865,6.04257844883379,0.840841257949082,0.834507733996735,-0.0344665013323715,-0.12373394547906,0.089267444146689,0.168608638786505,0.167972427503943,FALSE,"stable",21,1200,"sample_size"
0.05,0.12,1200,556,0.458186007869865,0.546775559272766,0.0164866360846002,0.0494510735457074,0.00183238770463837,0.0117448194653233,7.4931757767279e-05,6.40957120351407,6.15776208276611,0.843983323026079,0.837603339239311,0.117294497138737,0.0300676771909063,0.0872268199478307,0.126056982457962,0.125579622808518,FALSE,"stable",22,1200,"sample_size"
0.05,0.12,1200,629,0.461897350202818,0.536938398657649,0.0170553153448715,0.0500869604333511,0.00304296201518052,0.0198807255631008,0.000121296194917859,6.5333466089689,6.28290241916848,0.84693908652769,0.840837890948441,0.17582824593437,0.0928638550362278,0.0829643908981417,0.160015807840836,0.15943840365284,FALSE,"stable",23,1200,"sample_size"
0.05,0.12,1200,596,0.463186364862028,0.53802203140864,0.0159454228938557,0.0473548202141955,0.00219051636858373,0.0150832495982209,9.76828042094244e-05,6.88570503948021,6.59175555063639,0.854771589217611,0.848295345250863,0.0752737590428196,-0.00313937258803287,0.0784131316308525,0.141360970620497,0.1408244361755,FALSE,"stable",24,1200,"sample_size"
0.05,0.12,1200,592,0.459577339222931,0.541298459731541,0.0170965890949321,0.0530978022142905,0.00267205644791735,0.0182248596149256,9.47747260131479e-05,6.82053690487354,6.5869069954983,0.853383976372086,0.848183676999929,0.0438719873191101,-0.0510503608171707,0.0949223481362809,0.157206193055715,0.156726474349826,FALSE,"stable",25,1200,"sample_size"
0.05,0.12,1200,582,0.46505902604051,0.539372330992594,0.0162698167224863,0.0492758791345731,0.00215973813214672,0.0154730530864476,8.894721070917e-05,7.16431907004751,6.88093295738583,0.860419393633543,0.854670870041449,0.0327660200846467,-0.0605473265528582,0.0933133466375049,0.14443245990316,0.14394916952151,FALSE,"stable",26,1200,"sample_size"
0.05,0.12,1200,617,0.458019978094426,0.540255986985648,0.0178482140100061,0.0504705345820212,0.0028399329429377,0.020823857649705,0.00011148906568443,7.33251737562658,7.05553376944106,0.863621189180674,0.858267278893738,0.175842354658742,0.0702454374442223,0.10559691721452,0.174294198515641,0.173753101180772,FALSE,"stable",27,1200,"sample_size"
0.05,0.12,1200,600,0.455475571683757,0.537640001243244,0.017192297327437,0.0506254109439795,0.00257227446243523,0.0162997179612206,0.000100364513312808,6.33669470317302,6.09873541062854,0.842189020168628,0.836031581521432,0.0143737994311673,-0.0689909676120656,0.0833647670432329,0.146012850198392,0.145478104138726,FALSE,"stable",28,1200,"sample_size"
0.05,0.12,1200,615,0.458594135809261,0.542200691316344,0.0160322882092352,0.0492080782127672,0.00267667725338885,0.018098593283057,0.000110540951793647,6.7615896762088,6.49342532615668,0.852105784602905,0.84599807501107,0.157370073518468,0.0774565764538497,0.0799134970646184,0.151060608550403,0.150518250073801,FALSE,"stable",29,1200,"sample_size"
0.05,0.12,1200,606,0.463748243635188,0.54472416556045,0.0174177953975958,0.0503967669675592,0.00263119441596538,0.017428013821769,0.000103597096929888,6.62361310742396,6.37270290608674,0.849024998323171,0.843080712417195,0.141517835950705,0.0534313033183901,0.0880865326323154,0.151564821824398,0.151033313842629,FALSE,"stable",30,1200,"sample_size"
0.2,0.12,1200,610,0.333021507252938,0.652837544983316,0.0690455092408297,0.203751580843008,0.0438043585324818,0.0587704427247897,0.000105515278846174,1.34165742162872,1.33843342336429,0.254653249123733,0.252857869100134,0.139618457380398,0.0365750423393119,0.103043415041086,0.158392852984201,0.15783350734015,FALSE,"stable",1,1200,"sample_size"
0.2,0.12,1200,604,0.315532531839767,0.647804752562818,0.0680028600133213,0.202419735360007,0.042823580523374,0.0633502076318497,0.00010451467413508,1.47933000598284,1.4757283625183,0.324018308318153,0.322368516185782,0.0338196118596625,-0.0687828063485334,0.102602418208196,0.185616307861236,0.18514315693905,FALSE,"stable",2,1200,"sample_size"
0.2,0.12,1200,553,0.3008210488706,0.658028805109688,0.0667070885009056,0.214614985266188,0.0338921734134269,0.0420717144644095,7.35833124323311e-05,1.24134011564281,1.23865088017836,0.194419009425015,0.192670012186156,0.210194179338053,0.134039882975967,0.0761542963620863,0.110540703010983,0.110042366546847,FALSE,"stable",3,1200,"sample_size"
0.2,0.12,1200,598,0.333276213159319,0.702665644104888,0.0681209441696611,0.194259967608442,0.0367170495764091,0.0520744094574415,9.72973813628159e-05,1.41826236198726,1.41451400773654,0.294911839443583,0.293043409587603,0.184355979506184,0.0986237215236516,0.0857322579825328,0.152958463550252,0.15247315535932,FALSE,"stable",4,1200,"sample_size"
0.2,0.12,1200,583,0.354706370638151,0.647002682332501,0.0653932786697083,0.20064240811797,0.0362687124321659,0.0494385150123552,9.00920926649196e-05,1.36311745570844,1.35973983904206,0.266387503283584,0.26456519748329,0.133420581032388,0.0470354826932939,0.0863850983390939,0.146147835403433,0.145647092912126,FALSE,"stable",5,1200,"sample_size"
0.2,0.12,1200,605,0.338649872947957,0.674380857639055,0.0670195569086655,0.209315187303018,0.0466066594679886,0.0642094921538694,0.000106376695382873,1.37768921623682,1.37455189016845,0.274146891610637,0.27249017868838,0.145758499726513,0.0549562954339158,0.0908022042925976,0.166853585702028,0.166348660437597,FALSE,"stable",6,1200,"sample_size"
0.2,0.12,1200,604,0.321756567104118,0.670338994198912,0.06891834229726,0.203318187961682,0.0431529244743017,0.0547888893350112,0.000104389729505885,1.26964487349262,1.26658093188293,0.212378184736698,0.210472876365367,0.056815045882605,-0.0212257028850418,0.0780407487676468,0.131622164758307,0.131030423644769,FALSE,"stable",7,1200,"sample_size"
0.2,0.12,1200,581,0.35000609017845,0.670257980805766,0.0673314278636698,0.205157088541442,0.038195518804607,0.0492987436320033,9.07484798828585e-05,1.29069443680543,1.28763515298277,0.22522328175902,0.223382494891098,0.0490883678872593,-0.034873866333317,0.0839622342205764,0.131664211767074,0.131125051232598,FALSE,"stable",8,1200,"sample_size"
0.2,0.12,1200,571,0.328219275769503,0.639485403815357,0.0644385752811241,0.189775644173789,0.0289691021908025,0.038779744769527,8.04366707987931e-05,1.33865884120632,1.33495216410431,0.252983680966195,0.250909488078211,0.28070170536759,0.196848376067723,0.0838533292998676,0.117993621018791,0.11750891534577,FALSE,"stable",9,1200,"sample_size"
0.2,0.12,1200,591,0.363196605123344,0.661546126854045,0.0639036168871199,0.199229387392876,0.03634552889565,0.0523957904473054,9.15680981186695e-05,1.44160209080288,1.43797927854313,0.3063273101643,0.304579686980511,0.0985645235592938,0.0182571885793992,0.0803073349798946,0.153749557334119,0.153310352906649,FALSE,"stable",10,1200,"sample_size"
0.2,0.12,1200,560,0.327762138125474,0.65319877348146,0.0650492457804543,0.196115438527861,0.0294681110537198,0.0405639077264517,7.66176330349105e-05,1.3765357288258,1.37296599188731,0.273538652823045,0.27164983990217,0.195830968310818,0.109079167665052,0.0867518006457663,0.129764762028736,0.12931596633492,FALSE,"stable",11,1200,"sample_size"
0.2,0.12,1200,594,0.353418514688028,0.651427931745582,0.0695471540705092,0.207143609351397,0.0401107709510135,0.0534875062042397,9.34798336437061e-05,1.33349484280825,1.33039430309821,0.250090838076235,0.248343143328853,0.254341656315058,0.162859105544288,0.0914825507707698,0.145703613113073,0.145193614659286,FALSE,"stable",12,1200,"sample_size"
0.2,0.12,1200,594,0.362875445843539,0.634873673737865,0.0717349139997838,0.20417278545486,0.0399483618685284,0.0553732607968993,9.58303926824978e-05,1.38612093730238,1.38280378926602,0.278562228526637,0.27683160274619,-0.0386864258837381,-0.129384514542602,0.0906980886588644,0.153326034930017,0.15284900792783,FALSE,"stable",13,1200,"sample_size"
0.2,0.12,1200,603,0.33917842844113,0.655388857763455,0.0648565992806577,0.19280899395549,0.0381045744162591,0.0482938814647556,0.000102499686787741,1.2674037751265,1.26400365896912,0.210985465227776,0.208863049640564,0.0646244996175127,-0.0188627272529909,0.0834872268705036,0.123843258884701,0.123218781653776,FALSE,"stable",14,1200,"sample_size"
0.2,0.12,1200,566,0.353387367147995,0.64177875941257,0.0673785891241698,0.204314015742959,0.032813937049695,0.0480490303421355,7.86071446181104e-05,1.46428727127037,1.46078789339874,0.317073896891536,0.315437919140094,0.0649792343588809,-0.0429193061524431,0.107898540511324,0.164894218804507,0.164468273709544,FALSE,"stable",15,1200,"sample_size"
0.2,0.12,1200,587,0.363401102394874,0.65392239268401,0.0684275478456123,0.206022080506215,0.0402342509578687,0.0487057761684924,9.47912790396836e-05,1.21055506214083,1.2077097165456,0.173932660087734,0.171986458086728,0.050333781770988,-0.0342322632820207,0.0845660450530087,0.11337875786026,0.1127426533456,FALSE,"stable",16,1200,"sample_size"
0.2,0.12,1200,587,0.337436835276963,0.655425917571335,0.0695553241967396,0.198783207586612,0.0366487301519117,0.0494246586471659,9.2746929997642e-05,1.34860494326262,1.34520064441017,0.258493004199773,0.256616472676111,0.0983944486901893,0.00469977826472334,0.093694670425466,0.144865135968893,0.144338353518047,FALSE,"stable",17,1200,"sample_size"
0.2,0.12,1200,601,0.331924417112613,0.70707362924662,0.0673823585939347,0.206997549441411,0.0432612588178279,0.0555877860830973,0.000100964510556329,1.28493223734372,1.28194040379637,0.221748843295228,0.219932535835071,0.100198267399567,-0.000760097738380816,0.100958365137948,0.142176095924832,0.141592628458899,FALSE,"stable",18,1200,"sample_size"
0.2,0.12,1200,597,0.348929094646828,0.658845967214382,0.0677302430237385,0.200819017612952,0.0408399287082422,0.0550018802944832,0.000101268714908442,1.34676729451251,1.34343604379734,0.257481226285667,0.255640039868653,-0.0182139078753547,-0.112073704960262,0.0938597970849075,0.153297349800283,0.152748270187483,FALSE,"stable",19,1200,"sample_size"
0.2,0.12,1200,592,0.338083813165948,0.642584117716023,0.0643236929452703,0.198500749146467,0.0366540206071025,0.0509652796454705,9.30244946452636e-05,1.39044172511855,1.38692184648737,0.280804091293551,0.278978838978791,0.17397606530685,0.0793959485698867,0.0945801167369634,0.152112130361107,0.151616952984322,FALSE,"stable",20,1200,"sample_size"
0.2,0.12,1200,616,0.364528659273785,0.65279858507757,0.06766767584615,0.198164603817349,0.0430428952686021,0.0537663110737702,0.0001096097809014,1.2491332364668,1.24596036805026,0.199444886416981,0.197406253326624,0.146204779410547,0.0649229837136354,0.0812817956969114,0.128330666621767,0.127673113740132,FALSE,"stable",21,1200,"sample_size"
0.2,0.12,1200,585,0.343755456075319,0.67487333391139,0.0668123436118723,0.207674147013853,0.0396823182217545,0.0577325727253583,9.20093928284903e-05,1.45486895202882,1.45150342413811,0.312652869108593,0.31105915193153,0.071878402221316,-0.0336706970290117,0.105549099250328,0.170409934287355,0.169975055471355,FALSE,"stable",22,1200,"sample_size"
0.2,0.12,1200,593,0.344384848224111,0.684612186052285,0.0653819011892388,0.199114730265512,0.0384479571735225,0.0510950130340459,9.69764964887127e-05,1.32893960538515,1.32559608148448,0.247520356871157,0.245622392848247,0.110814517822721,0.0200938909865278,0.0907206268361928,0.141039975806395,0.140498194246262,FALSE,"stable",23,1200,"sample_size"
0.2,0.12,1200,596,0.339234562441699,0.642771067597274,0.0668461769627686,0.188905759972978,0.0345840095471407,0.047107895941714,9.6913648071039e-05,1.36212939328224,1.35832300877786,0.26585535490842,0.263798085184657,0.104372789935078,0.0175088920637323,0.0868638978713461,0.137673487643081,0.13713977343364,FALSE,"stable",24,1200,"sample_size"
0.2,0.12,1200,626,0.335482368351532,0.662137572834101,0.0676770070310339,0.196801623873918,0.0449576448000527,0.0618448053913765,0.000116077005675531,1.37562378248302,1.37208117975998,0.27305705765352,0.271180149723405,0.180838619802546,0.0855706721893228,0.0952679476132235,0.163235836020909,0.162673852854295,FALSE,"stable",25,1200,"sample_size"
0.2,0.12,1200,618,0.284410301156791,0.66729162232483,0.0667509580470509,0.200564613020549,0.0453462289190863,0.0592677245425347,0.000112728195816788,1.30700448428224,1.30376340118688,0.234891683979825,0.232989667381636,0.233602441675632,0.152195223376161,0.0814072182994716,0.142181252780038,0.141604432063276,FALSE,"stable",26,1200,"sample_size"
0.2,0.12,1200,590,0.324462095799853,0.660449630164358,0.0640030760704969,0.196805752284025,0.0352070977062681,0.0494381142863385,9.08980673860102e-05,1.40420873935135,1.40059267396814,0.287855165705681,0.286016542434988,0.0139581101973731,-0.0814998559715119,0.095457966168885,0.150818958761232,0.150336522626743,FALSE,"stable",27,1200,"sample_size"
0.2,0.12,1200,582,0.336893859870606,0.661009613969325,0.0646385396578515,0.198771475779071,0.0361106193848142,0.0500342126148079,9.13959209558545e-05,1.38558167838708,1.38208362689779,0.278281449878816,0.276454781361826,0.0969114129143496,0.00229230678558712,0.0946191061287625,0.151976745743437,0.151477128889043,FALSE,"stable",28,1200,"sample_size"
0.2,0.12,1200,556,0.345862795765858,0.64868512222875,0.0728444895015947,0.212718497577294,0.0345916659529787,0.0456148474172869,7.64470910746904e-05,1.31866581619088,1.31575800965352,0.241657751553295,0.239981825941282,-0.0438191099675846,-0.130096011018198,0.0862769010506133,0.128800637447085,0.128353236435892,FALSE,"stable",29,1200,"sample_size"
0.2,0.12,1200,594,0.313666754879171,0.643968605925086,0.0670629169454001,0.189646219862338,0.0349456320435161,0.0508102988994796,9.7163806112994e-05,1.45398139705151,1.44994991602582,0.312233291273278,0.310321005610381,0.0653463921313064,-0.0182840410756371,0.0836304332069435,0.155549485012805,0.155072418821642,FALSE,"stable",30,1200,"sample_size"
0,0.12,1800,848,0.5,0.5,0,0,0,0.0108874598199033,7.93446790480899e-05,Inf,137.217264604531,0.999999999999,0.992712287313976,0.136795762022842,0.0520235491683267,0.0847722128545151,NA,0.131276082753196,TRUE,"degenerate_or_near_degenerate_observed_weight_variance",1,1800,"sample_size"
0,0.12,1800,883,0.5,0.5,0,0,0,0.0128832052918667,9.27219882766929e-05,Inf,138.944445986444,0.999999999999,0.992802878928334,0.0471825152838404,-0.0444026726636044,0.0915851879474449,NA,0.148815759812112,TRUE,"degenerate_or_near_degenerate_observed_weight_variance",2,1800,"sample_size"
0,0.12,1800,883,0.5,0.5,0,0,0,0.0139555693432024,9.27219882766929e-05,Inf,150.509815444827,0.999999999999,0.993355915047504,0.0197793285511618,-0.0696764858835479,0.0894558144347097,NA,0.148792029530941,TRUE,"degenerate_or_near_degenerate_observed_weight_variance",3,1800,"sample_size"
0,0.12,1800,920,0.5,0.5,0,0,0,0.0145100603357254,0.000109297520661157,Inf,132.757451842931,0.999999999999,0.992467466148845,0.148593036471735,0.0651690790316952,0.0834239574400397,NA,0.154499794055223,TRUE,"degenerate_or_near_degenerate_observed_weight_variance",4,1800,"sample_size"
0,0.12,1800,892,0.5,0.5,0,0,0,0.0131777812686841,9.65068214015409e-05,Inf,136.547666551514,0.999999999999,0.992676550063031,0.0638679262955311,-0.022078110420322,0.0859460367158531,NA,0.146886460276682,TRUE,"degenerate_or_near_degenerate_observed_weight_variance",5,1800,"sample_size"
0,0.12,1800,921,0.5,0.5,0,0,0,0.0145233717447511,0.000109784621836014,Inf,132.289673197078,0.999999999999,0.992440830974688,0.0443127037144022,-0.0358142525826426,0.0801269562970448,NA,0.152126061773088,TRUE,"degenerate_or_near_degenerate_observed_weight_variance",6,1800,"sample_size"
0,0.12,1800,928,0.5,0.5,0,0,0,0.0167865315170742,0.000113256459893948,Inf,148.216989413167,0.999999999999,0.993253135123313,0.050381871592258,-0.0358225945216331,0.0862044661138911,NA,0.167938827134151,TRUE,"degenerate_or_near_degenerate_observed_weight_variance",7,1800,"sample_size"
0,0.12,1800,902,0.5,0.5,0,0,0,0.0146171758281832,0.000100892852714024,Inf,144.878209258438,0.999999999999,0.99309765074321,0.0156796308218418,-0.0728711491715821,0.0885507799934239,NA,0.156658823703148,TRUE,"degenerate_or_near_degenerate_observed_weight_variance",8,1800,"sample_size"
0,0.12,1800,926,0.5,0.5,0,0,0,0.014018592243702,0.00011225329765564,Inf,124.883567222291,0.999999999999,0.99199254135478,0.0835914659545567,0.00506563162082641,0.0785258343337303,NA,0.149090404962011,TRUE,"degenerate_or_near_degenerate_observed_weight_variance",9,1800,"sample_size"
0,0.12,1800,903,0.5,0.5,0,0,0,0.016048723818597,0.000101342266865024,Inf,158.361602863809,0.999999999999,0.993685337973877,0.0113853940112285,-0.0876991619766919,0.0990845559879204,NA,0.1661240992312,TRUE,"degenerate_or_near_degenerate_observed_weight_variance",10,1800,"sample_size"
0,0.12,1800,906,0.5,0.5,0,0,0,0.0163772598646016,0.000102702580964821,Inf,159.462982436744,0.999999999999,0.993728952107134,0.152324972388393,0.0495395845500595,0.102785387838334,NA,0.170594186111822,TRUE,"degenerate_or_near_degenerate_observed_weight_variance",11,1800,"sample_size"
0,0.12,1800,858,0.5,0.5,0,0,0,0.0104655746955358,8.29607691995619e-05,Inf,126.150887901737,0.999999999999,0.992072984846695,0.14724728987558,0.0651863530864232,0.0820609367891569,NA,0.126721169908798,TRUE,"degenerate_or_near_degenerate_observed_weight_variance",12,1800,"sample_size"
0,0.12,1800,888,0.5,0.5,0,0,0,0.0133224828930529,9.48060941828255e-05,Inf,140.523486468725,0.999999999999,0.992883751854374,0.0858628486117933,-0.00165237934901308,0.0875152279608064,NA,0.148028989313417,TRUE,"degenerate_or_near_degenerate_observed_weight_variance",13,1800,"sample_size"
0,0.12,1800,909,0.5,0.5,0,0,0,0.0150047518173002,0.000104081216202428,Inf,144.16387860147,0.999999999999,0.99306344966783,0.0796247519598399,-0.0103068439693459,0.0899315959291858,NA,0.154748266221624,TRUE,"degenerate_or_near_degenerate_observed_weight_variance",14,1800,"sample_size"
0,0.12,1800,895,0.5,0.5,0,0,0,0.0138268171024637,9.78022648881292e-05,Inf,141.375223961116,0.999999999999,0.992926624821652,0.0174667875080928,-0.0708465931455564,0.0883133806536492,NA,0.157092646806612,TRUE,"degenerate_or_near_degenerate_observed_weight_variance",15,1800,"sample_size"
0,0.12,1800,906,0.5,0.5,0,0,0,0.0144039015244177,0.000102702580964821,Inf,140.248681085741,0.999999999999,0.992869808170327,0.0342167438678318,-0.0508908051446708,0.0851075490125026,NA,0.151876664623989,TRUE,"degenerate_or_near_degenerate_observed_weight_variance",16,1800,"sample_size"
0,0.12,1800,894,0.5,0.5,0,0,0,0.0130518216176046,9.73685364676988e-05,Inf,134.045576642044,0.999999999999,0.992539850810069,-0.0037583985036107,-0.0847112560461731,0.0809528575425624,NA,0.146578758352224,TRUE,"degenerate_or_near_degenerate_observed_weight_variance",17,1800,"sample_size"
0,0.12,1800,912,0.5,0.5,0,0,0,0.0153386727583812,0.000105478451424397,Inf,145.419965417063,0.999999999999,0.993123365164254,0.0482963435304614,-0.039976911954454,0.0882732554849154,NA,0.161936648110199,TRUE,"degenerate_or_near_degenerate_observed_weight_variance",18,1800,"sample_size"
0,0.12,1800,861,0.5,0.5,0,0,0,0.0132815756272643,8.40765956578102e-05,Inf,157.969950178763,0.999999999999,0.993669682120755,0.192961433012775,0.0958508150493045,0.0971106179634701,NA,0.150831352546265,TRUE,"degenerate_or_near_degenerate_observed_weight_variance",19,1800,"sample_size"
0,0.12,1800,870,0.5,0.5,0,0,0,0.0126838497124585,8.75130072840791e-05,Inf,144.936736904549,0.999999999999,0.993100438016218,0.054877391524546,-0.0302545372364378,0.0851319287609837,NA,0.143015257943033,TRUE,"degenerate_or_near_degenerate_observed_weight_variance",20,1800,"sample_size"
0,0.12,1800,913,0.5,0.5,0,0,0,0.0148436256502936,0.000105948378749036,Inf,140.102433142977,0.999999999999,0.992862365216888,0.135114835856771,0.046039295281828,0.0890755405749428,NA,0.154140160162823,TRUE,"degenerate_or_near_degenerate_observed_weight_variance",21,1800,"sample_size"
0,0.12,1800,895,0.5,0.5,0,0,0,0.0152291472718803,9.78022648881292e-05,Inf,155.713646195209,0.999999999999,0.993577955276018,-0.0389407496505956,-0.129088562328067,0.0901478126774711,NA,0.157687035461137,TRUE,"degenerate_or_near_degenerate_observed_weight_variance",22,1800,"sample_size"
0,0.12,1800,889,0.5,0.5,0,0,0,0.0136657831639819,9.52284615041673e-05,Inf,143.505239380391,0.999999999999,0.993031613310304,0.140354922519531,0.0514036399716546,0.0889512825478765,NA,0.147828842294113,TRUE,"degenerate_or_near_degenerate_observed_weight_variance",23,1800,"sample_size"
0,0.12,1800,882,0.5,0.5,0,0,0,0.0134926691754402,9.23106497500961e-05,Inf,146.165899730612,0.999999999999,0.993158458971326,0.14272326551282,0.0504874017923937,0.0922358637204264,NA,0.1521369756877,TRUE,"degenerate_or_near_degenerate_observed_weight_variance",24,1800,"sample_size"
0,0.12,1800,892,0.5,0.5,0,0,0,0.0142052439511872,9.65068214015409e-05,Inf,147.194195652582,0.999999999999,0.993206253850116,0.0594031166723473,-0.0259435697866717,0.085346686459019,NA,0.147768523479131,TRUE,"degenerate_or_near_degenerate_observed_weight_variance",25,1800,"sample_size"
0,0.12,1800,894,0.5,0.5,0,0,0,0.015168198204457,9.73685364676988e-05,Inf,155.78131041837,0.999999999999,0.993580744716331,0.102604222508714,0.0127842700912957,0.0898199524174184,NA,0.159489789818586,TRUE,"degenerate_or_near_degenerate_observed_weight_variance",26,1800,"sample_size"
0,0.12,1800,886,0.5,0.5,0,0,0,0.0133150808105731,9.39669330473213e-05,Inf,141.69964240365,0.999999999999,0.992942819169922,0.134190741216457,0.0460748668901079,0.0881158743263494,NA,0.14475641083127,TRUE,"degenerate_or_near_degenerate_observed_weight_variance",27,1800,"sample_size"
0,0.12,1800,876,0.5,0.5,0,0,0,0.0123530193382505,8.98802496205094e-05,Inf,137.438640751524,0.999999999999,0.992724025830495,0.0515601349268422,-0.0300104821336136,0.0815706170604558,NA,0.14184291009031,TRUE,"degenerate_or_near_degenerate_observed_weight_variance",28,1800,"sample_size"
0,0.12,1800,910,0.5,0.5,0,0,0,0.0151785131516065,0.000104544880696882,Inf,145.186574899016,0.999999999999,0.993112310826979,0.168375987599379,0.0829511938614856,0.0854247937378932,NA,0.160593499487597,TRUE,"degenerate_or_near_degenerate_observed_weight_variance",29,1800,"sample_size"
0,0.12,1800,898,0.5,0.5,0,0,0,0.0138970522914629,9.91150485985812e-05,Inf,140.211325000166,0.999999999999,0.992867908494561,0.122259289092697,0.039327212421749,0.0829320766709484,NA,0.151977627999337,TRUE,"degenerate_or_near_degenerate_observed_weight_variance",30,1800,"sample_size"
0.002,0.12,1800,888,0.498417865147005,0.501581544592871,0.000678316124967104,0.00203519802563635,3.92635661812671e-06,0.01403979552031,9.47930282211227e-05,3575.78205084401,142.219236304722,0.999720340897241,0.992968602377688,-0.000169917219372762,-0.089778097757505,0.0896081805381322,0.149133522220363,0.148629072953351,TRUE,"unstable_good_overlap_warning",1,1800,"sample_size"
0.002,0.12,1800,885,0.498399721552616,0.501795635600467,0.000699167847265258,0.00206594361971951,3.99291308248589e-06,0.0128694018380055,9.35519675791051e-05,3223.06085110004,131.933134273369,0.999689735923025,0.992420402914646,0.125568644747466,0.0451592869757538,0.0804093577717118,0.137177761507921,0.136678101360689,TRUE,"unstable_good_overlap_warning",2,1800,"sample_size"
0.002,0.12,1800,910,0.49837505806751,0.501585490670547,0.000652615691885794,0.00195277193734166,3.9872234285757e-06,0.0159941878640287,0.000104560468819931,4011.3598223268,147.347101838075,0.999750707978269,0.993213303909439,0.0924225417404479,0.00783192203135763,0.0845906197090903,0.153094284867539,0.152592919529876,TRUE,"unstable_good_overlap_warning",3,1800,"sample_size"
0.002,0.12,1800,900,0.498118277106285,0.501906717818562,0.000675317003745401,0.00188705200136864,3.56142069185915e-06,0.0134320782411906,0.000100012789677995,3771.55057022448,129.685548103392,0.999734857061736,0.992289040570637,0.0809641316288068,-0.0056799540143937,0.0866440856432005,0.146203876450538,0.145658410950423,TRUE,"unstable_good_overlap_warning",4,1800,"sample_size"
0.002,0.12,1800,894,0.498131622356069,0.502236883703215,0.000689299801205967,0.00201848449208127,3.96667779482217e-06,0.0135993380910526,9.73589969434601e-05,3428.39494269089,134.214137988015,0.999708318319005,0.992549220112047,0.0628408541054556,-0.0211322380838945,0.0839730921893501,0.145868559483899,0.145345325040392,TRUE,"unstable_good_overlap_warning",5,1800,"sample_size"
0.002,0.12,1800,933,0.498039319683774,0.501739445990099,0.000654604262209868,0.00195245157367448,4.4138371274828e-06,0.0174191646541458,0.000115785922877212,3946.49012889152,144.918464508293,0.999746610287283,0.993099568068203,0.112332254927348,0.0232398608272544,0.089092394100094,0.162882380695646,0.162339997416408,TRUE,"unstable_good_overlap_warning",6,1800,"sample_size"
0.002,0.12,1800,910,0.498358511211267,0.50153787002022,0.000664736750396855,0.00198232452020991,4.10919428998708e-06,0.0150047435246371,0.000104570014926545,3651.50500700329,138.064526166562,0.999726140318011,0.992757009872372,0.104242889489566,0.0141048289850663,0.0901380605044999,0.152589949329315,0.152057163903899,TRUE,"unstable_good_overlap_warning",7,1800,"sample_size"
0.002,0.12,1800,897,0.498247579557083,0.501780965259446,0.00065528318072966,0.00199861189252043,3.9422884013046e-06,0.0147262822545864,9.86941605931014e-05,3735.46548489784,143.480044359183,0.999732295746262,0.993030389665223,0.0612258042101079,-0.0361623814093572,0.0973881856194652,0.158773982609822,0.158240901074325,TRUE,"unstable_good_overlap_warning",8,1800,"sample_size"
0.002,0.12,1800,904,0.498290869071327,0.502103504841972,0.000662822236429605,0.00203196537641868,4.20288714317076e-06,0.0156421418133765,0.00010179234545981,3721.76108482791,147.574012804578,0.999731309996207,0.993223739186897,0.1004606119561,0.00824403415015751,0.0922165778059428,0.153344951958529,0.152845051461425,TRUE,"unstable_good_overlap_warning",9,1800,"sample_size"
0.002,0.12,1800,912,0.49821404844102,0.501694014412124,0.000690045305615783,0.00210303328178796,4.66427468956332e-06,0.0154146293917229,0.000105460986054429,3304.82881426652,139.973601765694,0.999697412466363,0.992855795754446,0.194134451230071,0.102649189139451,0.09148526209062,0.155627845479488,0.155094397051548,TRUE,"unstable_good_overlap_warning",10,1800,"sample_size"
0.002,0.12,1800,883,0.498203268047994,0.501681137623663,0.000647907426429339,0.00194496271968177,3.50789124435025e-06,0.0134118883640923,9.27307041728442e-05,3823.34782633106,139.360807438551,0.999738449116998,0.992824381414115,0.067803527267299,-0.0229029793849245,0.0907065066522235,0.144809581491937,0.144307970121772,TRUE,"unstable_good_overlap_warning",11,1800,"sample_size"
0.002,0.12,1800,884,0.498123810677585,0.501661786998663,0.000670703832945596,0.00201530127630926,3.78243722612747e-06,0.0128550503076937,9.31304645454144e-05,3398.61563832348,132.645396770779,0.999705762549691,0.992461102877712,0.149067900155361,0.0650805650345747,0.0839873351207867,0.141194839938679,0.140682304876866,TRUE,"unstable_good_overlap_warning",12,1800,"sample_size"
0.002,0.12,1800,894,0.498331775507042,0.501648957449124,0.000668418925893421,0.00193563605100747,3.64849205109551e-06,0.0139811684849035,9.73791546262178e-05,3832.04027557233,138.389529447914,0.99973904240872,0.992774019797673,0.104763140343039,0.0148878578707912,0.0898752824722475,0.145573615624733,0.145065635231484,TRUE,"unstable_good_overlap_warning",13,1800,"sample_size"
0.002,0.12,1800,945,0.498545196139366,0.501562360004859,0.000667019991817897,0.0019274937943329,4.53840516484182e-06,0.0169730083600938,0.000122156698832134,3739.86185534526,133.967358048019,0.999732610444268,0.9925354951044,0.0356523507786988,-0.0449257645063317,0.0805781152850304,0.156394205859854,0.155830244937745,TRUE,"unstable_good_overlap_warning",14,1800,"sample_size"
0.002,0.12,1800,891,0.49845528857659,0.501938973923962,0.000672843196462436,0.00207888123400851,4.15269131549189e-06,0.014496952786075,9.60882517560677e-05,3490.97770209723,144.621073404367,0.999713547296679,0.993085378386012,0.0715058821789343,-0.0198447863532254,0.0913506685321597,0.152000378510464,0.151495654098628,TRUE,"unstable_good_overlap_warning",15,1800,"sample_size"
0.002,0.12,1800,916,0.498357448522001,0.501547794662925,0.000677641592716105,0.00195587708957354,4.10612996077848e-06,0.0159748773913269,0.000107337029382251,3890.49483185335,143.345517890023,0.999742963287906,0.993023848846343,0.140063703319165,0.0456513458271861,0.0944123574919788,0.159434333893643,0.158897664176036,TRUE,"unstable_good_overlap_warning",16,1800,"sample_size"
0.002,0.12,1800,907,0.498643131234978,0.501785710735438,0.000673559993866979,0.00197889379602231,4.03913398058559e-06,0.0147133561586762,0.000103143837468359,3642.70069509876,137.273262345453,0.999725478406352,0.992715260183127,0.0638379011982655,-0.0266498298374792,0.0904877310357447,0.156551777293542,0.156001929954858,TRUE,"unstable_good_overlap_warning",17,1800,"sample_size"
0.002,0.12,1800,921,0.497991060012564,0.501750913234443,0.000676002093192074,0.00195068851591022,4.1774039179134e-06,0.0163992092964567,0.000109781867759271,3925.69395220179,143.904125176504,0.999745267967352,0.993050928882174,0.0552734835775387,-0.0397000429893823,0.094973526566921,0.164298729162554,0.163747729409477,TRUE,"unstable_good_overlap_warning",18,1800,"sample_size"
0.002,0.12,1800,914,0.498300358611202,0.50179186564051,0.000668751733945316,0.00193795093661559,3.9965834667876e-06,0.0158299114570444,0.000106415118240098,3960.86096752241,143.371682641652,0.999747529638581,0.993025121965685,0.145554449213982,0.0536812003751341,0.091873248838848,0.157274027729364,0.156744372300371,TRUE,"unstable_good_overlap_warning",19,1800,"sample_size"
0.002,0.12,1800,901,0.498018626841639,0.501787562662052,0.000675114403678623,0.00196597435076313,3.88242663763603e-06,0.0140659466903891,0.000100449449984876,3622.97810190013,134.81926277701,0.99972398397896,0.992582662303576,0.197914099919078,0.11423420014915,0.0836798997699281,0.141981043630449,0.141473028657893,TRUE,"unstable_good_overlap_warning",20,1800,"sample_size"
0.002,0.12,1800,904,0.498209227712927,0.501680578658511,0.000664523473032197,0.00196362954936128,3.92499552312129e-06,0.0143082220193813,0.000101793500195384,3645.41104189665,135.342656194044,0.999725682511929,0.992611346428976,0.122888542728117,0.0296723782026409,0.0932161645254762,0.152025075473465,0.151483182559904,TRUE,"unstable_good_overlap_warning",21,1800,"sample_size"
0.002,0.12,1800,894,0.49821830421963,0.501945372856071,0.000695375459816017,0.00206421127620685,4.14896257280992e-06,0.0129307665042524,9.73713575192061e-05,3116.62645235552,127.37121487139,0.999679140244977,0.992148932543277,0.0435574284880578,-0.0380600452926219,0.0816174737806796,0.135755036497842,0.135242774139381,TRUE,"unstable_good_overlap_warning",22,1800,"sample_size"
0.002,0.12,1800,853,0.49843933297793,0.501501096763764,0.000684747862702562,0.00202198429530197,3.31754297837661e-06,0.0123037126981246,8.11448574364529e-05,3708.68223209734,145.670885952756,0.999730362447517,0.993135210282689,0.0128660617007914,-0.0822307783042366,0.095096840005028,0.142446980195994,0.14197634628093,TRUE,"unstable_good_overlap_warning",23,1800,"sample_size"
0.002,0.12,1800,881,0.497992280206557,0.50163748859458,0.000664633926002967,0.0019577733567356,3.52190925812388e-06,0.0145267683054564,9.1886843813154e-05,4124.68557273245,152.25823457313,0.99975755727743,0.993432210725393,0.112506504630122,0.0147211271168699,0.0977853775132519,0.151804347956739,0.151323361983094,TRUE,"unstable_good_overlap_warning",24,1800,"sample_size"
0.002,0.12,1800,911,0.498444319950078,0.501730909234849,0.000688765820336834,0.00201317812657115,4.25593168090377e-06,0.0146397906279564,0.000105009899195716,3439.85564750597,133.983245361373,0.999709290126542,0.992536380221998,0.181475579579759,0.0987058914800245,0.0827696880997343,0.14914252155608,0.14860650987594,TRUE,"unstable_good_overlap_warning",25,1800,"sample_size"
0.002,0.12,1800,895,0.498153733613021,0.501445741481753,0.00068216324230097,0.00204074371879052,4.07314234444851e-06,0.0142390348665795,9.78031068037198e-05,3495.83531888754,139.767953626466,0.999713945335297,0.992845284100871,0.0319244745145135,-0.0599673822534077,0.0918918567679212,0.147543916151338,0.147036182958724,TRUE,"unstable_good_overlap_warning",26,1800,"sample_size"
0.002,0.12,1800,916,0.498230688818203,0.501599718898413,0.000667977296647804,0.0020059238281912,4.3205479737834e-06,0.0157696883252444,0.000107376676353511,3649.92783807358,141.182454803319,0.999726021980608,0.992916966903621,0.177644403229132,0.0785969729024474,0.0990474303266846,0.163806635965396,0.163247845832655,TRUE,"unstable_good_overlap_warning",27,1800,"sample_size"
0.002,0.12,1800,895,0.497900996844885,0.501685828748694,0.000694007816117947,0.00207450280018444,4.2088249466322e-06,0.0137789719866669,9.77986392609827e-05,3273.82871974576,135.07807584181,0.999694547245563,0.992596874113227,0.0902337349752355,0.00671122538018887,0.0835225095950466,0.143245993787834,0.142736576033748,TRUE,"unstable_good_overlap_warning",28,1800,"sample_size"
0.002,0.12,1800,914,0.498139973351436,0.501599035802184,0.000679472403824433,0.0019453344090529,4.02727997548164e-06,0.0165306365389074,0.000106420007547155,4104.6653422526,149.669918652546,0.999756374779277,0.993318630697452,0.0847933030659318,-0.00750635754449869,0.0922996606104305,0.161633314259439,0.161112070051,TRUE,"unstable_good_overlap_warning",29,1800,"sample_size"
0.002,0.12,1800,885,0.498261007501759,0.501610340967654,0.000711780462929301,0.00197607157504721,3.65271503407955e-06,0.0135845981599253,9.35428182158916e-05,3719.04132492736,139.765663150259,0.999731113501402,0.992845166849565,0.0961528176144409,0.00382216732258267,0.0923306502918583,0.141224447762428,0.140737244590465,TRUE,"unstable_good_overlap_warning",30,1800,"sample_size"
0.01,0.12,1800,916,0.491338268332176,0.50959629802346,0.0033751383237996,0.00993421469089435,0.000106022881246913,0.0162702992959483,0.000107431717667968,153.460263526106,76.2236999280413,0.993483655136368,0.98688072081329,0.11119426847723,0.0208081698016329,0.0903860986755969,0.151428228227095,0.150924174873869,TRUE,"unstable_good_overlap_warning",1,1800,"sample_size"
0.01,0.12,1800,893,0.491160017075235,0.507945563196624,0.00346525152708005,0.00987494808777375,9.4444816701367e-05,0.0132423470738413,9.6851975967534e-05,140.212534010346,69.2240935620982,0.992867969992424,0.98555416259654,0.124416435700735,0.040803438661116,0.0836129970396194,0.139876506804953,0.139360365268682,TRUE,"unstable_good_overlap_warning",2,1800,"sample_size"
0.01,0.12,1800,902,0.491721710056815,0.507371565718944,0.00353956994981597,0.0105094490794006,0.000111389560924758,0.014090231102505,0.000100852017729751,126.495077146617,66.3877040108214,0.992094554013031,0.984936969655751,0.143215598006501,0.0573941209695636,0.0858214770369374,0.148119117958044,0.147583839240711,TRUE,"unstable_good_overlap_warning",3,1800,"sample_size"
0.01,0.12,1800,918,0.491695168692496,0.508997073428914,0.0032577803498916,0.0101808142528127,0.000112384795041478,0.0166792128694458,0.000108428270387327,148.411650021607,75.5354436887867,0.993261984488048,0.986761181888067,0.00675097546224745,-0.0839323630572288,0.0906833385194763,0.15893595727181,0.158414993305519,TRUE,"unstable_good_overlap_warning",4,1800,"sample_size"
0.01,0.12,1800,894,0.492379665550293,0.507259828468386,0.00327524630441589,0.0096576949361381,9.07777787122183e-05,0.0153331449248127,9.73268316448612e-05,168.908571484454,81.5139240644114,0.994079637337457,0.987732157278923,0.0238011112914875,-0.0733081210570434,0.097109232348531,0.153085723720454,0.152596193167378,TRUE,"unstable_good_overlap_warning",5,1800,"sample_size"
0.01,0.12,1800,936,0.491934189973041,0.508308869230574,0.0033427341851523,0.0097840902594737,0.000112347345916731,0.0170415285443773,0.000117360490571465,151.686080390435,74.1878414115533,0.993407437271594,0.986520702301438,0.0917113753141416,-0.00192369843596707,0.0936350737501087,0.163189380891915,0.162622747053807,TRUE,"unstable_good_overlap_warning",6,1800,"sample_size"
0.01,0.12,1800,925,0.49219177003637,0.508390551686603,0.00348776401973749,0.00984782854265424,0.000108529378826688,0.015918624456354,0.000111909346600362,146.675717012761,72.213375510656,0.993182238884757,0.986152149890121,0.0660600023899834,-0.0236826722247412,0.0897426746147246,0.156383752145396,0.155829299983018,TRUE,"unstable_good_overlap_warning",7,1800,"sample_size"
0.01,0.12,1800,880,0.49130822991038,0.510958255894775,0.00345411140478258,0.0105056400617396,0.000100995889653581,0.0137104195173306,9.15079159932062e-05,135.752252535799,71.2215505104713,0.992633639727368,0.985959305956798,0.0705293002911234,-0.0237675888292781,0.0942968891204015,0.150404782979663,0.14989827946229,TRUE,"unstable_good_overlap_warning",8,1800,"sample_size"
0.01,0.12,1800,849,0.490844328943639,0.50741163975828,0.00332571118526542,0.00975840372523576,7.59144939854179e-05,0.0109325409955866,7.97199720821275e-05,144.011247676716,70.2449866782198,0.993056097935872,0.98576410862485,0.0683257849255507,-0.0214820347476312,0.089807819673182,0.128392552936052,0.127920292528484,TRUE,"unstable_good_overlap_warning",9,1800,"sample_size"
0.01,0.12,1800,898,0.491244000424695,0.509882021957753,0.00332624468568898,0.00988976256174975,9.68913389235565e-05,0.0157242146837006,9.90633995268361e-05,162.287102834923,80.2441155955069,0.993838080891633,0.987538027024427,0.10131461993712,0.00229254336131834,0.0990220765758014,0.161360082631069,0.160847829473958,TRUE,"unstable_good_overlap_warning",10,1800,"sample_size"
0.01,0.12,1800,924,0.492277980790306,0.507256859550723,0.00333991202633094,0.00996328068614624,0.000110517537945404,0.0162967895073782,0.000111333655915614,147.458854136154,73.4582006242779,0.993218447234937,0.986386816019157,0.0598006335274771,-0.0343914363854868,0.0941920699129639,0.160376828747515,0.15982431893421,TRUE,"unstable_good_overlap_warning",11,1800,"sample_size"
0.01,0.12,1800,888,0.492562165274405,0.507745772497658,0.00338538605861571,0.0100232467089557,9.52506172551015e-05,0.013628649288875,9.4809304037188e-05,143.082004942546,71.7071184509002,0.993011000926346,0.98605438314071,0.122565221469643,0.0336239742882541,0.0889412471813884,0.139419467314385,0.138930251898775,TRUE,"unstable_good_overlap_warning",12,1800,"sample_size"
0.01,0.12,1800,883,0.491409573942361,0.50932547508821,0.0035093893130087,0.0105119370697702,0.000102497443106071,0.0133052089590493,9.27571779256538e-05,129.810154827767,68.1428633480972,0.992296442436828,0.985324948925441,0.0718089459924769,-0.0209619607934639,0.0927709067859408,0.148573073148605,0.148050244570715,TRUE,"unstable_good_overlap_warning",13,1800,"sample_size"
0.01,0.12,1800,876,0.48832708118759,0.508351544341168,0.00329005391843423,0.0102489682475846,9.4308566128968e-05,0.0127665301695954,8.97823247733155e-05,135.369783399496,69.3490596249652,0.992612827066075,0.985580193799196,0.00800224697555763,-0.0728274834219915,0.0808297303975491,0.135425337980818,0.134944742909201,TRUE,"unstable_good_overlap_warning",14,1800,"sample_size"
0.01,0.12,1800,886,0.491315900874667,0.50846131642489,0.00342186771898623,0.0103638733572205,0.00010081552052861,0.013171822822837,9.38605731701563e-05,130.652728407021,67.6601968561097,0.992346122333667,0.985220261742267,0.184155954789364,0.0967001517288628,0.0874558030605009,0.139985829995588,0.139482317814803,TRUE,"unstable_good_overlap_warning",15,1800,"sample_size"
0.01,0.12,1800,896,0.490567696889198,0.50818838481574,0.00329061557743376,0.00981818059063648,9.46929107862554e-05,0.0143000021688055,9.82325537571524e-05,151.014495700571,74.1219009250487,0.993378119131141,0.986508710819341,0.223263305218179,0.133936272696649,0.0893270325215294,0.143619126668494,0.143121687715953,TRUE,"unstable_good_overlap_warning",16,1800,"sample_size"
0.01,0.12,1800,912,0.491576054413086,0.508374421011242,0.0033690610677205,0.00995717969693993,0.000104711923721854,0.0141554319583301,0.000105614475971409,135.184527751883,67.302212080719,0.992602703751457,0.985141647368133,0.0678392878353973,-0.0135426893472479,0.0813819771826452,0.147798778215809,0.147242253908946,TRUE,"unstable_good_overlap_warning",17,1800,"sample_size"
0.01,0.12,1800,902,0.490152814357953,0.508955410858414,0.00345866167944442,0.0101806326391023,0.000104464420091107,0.0145510253447699,0.00010079032943071,139.291687371447,70.8925146856261,0.99282082069023,0.985894138408907,0.0680152343025079,-0.0195222519420561,0.087537486244564,0.146520972597617,0.146008956434187,TRUE,"unstable_good_overlap_warning",18,1800,"sample_size"
0.01,0.12,1800,877,0.490443872626581,0.507835455707376,0.00327980023465113,0.00991294858323037,8.86894864711114e-05,0.0126936929362636,9.02539946906656e-05,143.125114839833,70.936883835336,0.993013106042786,0.985902961253256,0.142382809217554,0.0541629657317149,0.0882198434858388,0.139900409462142,0.139398654177036,TRUE,"unstable_good_overlap_warning",19,1800,"sample_size"
0.01,0.12,1800,875,0.491953111808469,0.508690036883156,0.00326447493982407,0.0100744609137615,9.08809117406018e-05,0.0135863246606134,8.95424643797873e-05,149.495910641745,75.3024633102296,0.99331085381729,0.986720221941742,0.0107176071146471,-0.0867993269954119,0.097516934110059,0.148715194622926,0.148221009794633,TRUE,"unstable_good_overlap_warning",20,1800,"sample_size"
0.01,0.12,1800,925,0.491575309156156,0.506649784727427,0.00329869505437258,0.00959674237185493,0.000102744908285896,0.0154906002950116,0.000111561061134752,150.767571390572,72.2826356022126,0.993367273938442,0.986165418683635,0.0877633610091405,-0.000460986073101077,0.0882243470822416,0.153587740469889,0.153029976576394,TRUE,"unstable_good_overlap_warning",21,1800,"sample_size"
0.01,0.12,1800,923,0.49229469786794,0.50826146084873,0.00346114626289162,0.00976531592382047,0.000105757377611057,0.0169154049851855,0.000110901667817468,159.945389790158,78.0738461748916,0.993747866060335,0.987191613466052,0.132033901645705,0.0285819264061489,0.103451975239556,0.164713046759343,0.164168800357452,TRUE,"unstable_good_overlap_warning",22,1800,"sample_size"
0.01,0.12,1800,923,0.490835304636588,0.508570329340964,0.0033229477397238,0.00993591575845758,0.000109348557267365,0.0171094198345165,0.000110763649328411,156.466809092714,77.7304452993694,0.993608868195123,0.987135028029897,0.0598178305570326,-0.0356675025303399,0.0954853330873725,0.16491268196787,0.16437456124511,TRUE,"unstable_good_overlap_warning",23,1800,"sample_size"
0.01,0.12,1800,890,0.492238127168077,0.507737790552499,0.00348553585103256,0.009887812520761,9.35647232199456e-05,0.0134447212622598,9.56999455259892e-05,143.694341195826,71.0366142362671,0.993040783710214,0.985922752502336,0.0779472595164897,-0.00938127103108033,0.0873285305475701,0.141047646752063,0.140541228909876,TRUE,"unstable_good_overlap_warning",24,1800,"sample_size"
0.01,0.12,1800,881,0.490150462315764,0.507685486028167,0.0033829129015045,0.0103181717138454,9.77680883176426e-05,0.0136269516072624,9.18314879465366e-05,139.380362669967,71.8722682601108,0.992825388161976,0.986086427711159,0.134780253046963,0.0380530963107575,0.096727156736205,0.148118971408964,0.147615424923782,TRUE,"unstable_good_overlap_warning",25,1800,"sample_size"
0.01,0.12,1800,889,0.491150839355456,0.50860448993903,0.00342092696734431,0.010130041827286,9.77803416464457e-05,0.0141983354999319,9.52859949690777e-05,145.206441917234,73.5412281023738,0.993113253194579,0.986402185198649,0.0275199118377245,-0.060014191881994,0.0875341037197185,0.146777256177279,0.146280484079721,TRUE,"unstable_good_overlap_warning",26,1800,"sample_size"
0.01,0.12,1800,899,0.492548290529194,0.508720069827011,0.00343001118074715,0.00991751880746424,9.79033904931278e-05,0.0140983456904424,9.95386317434831e-05,144.002629729478,71.404990339631,0.993055682372755,0.985995376580214,0.223204945573735,0.134970603846077,0.0882343417276584,0.14460150893807,0.144086556961476,TRUE,"unstable_good_overlap_warning",27,1800,"sample_size"
0.01,0.12,1800,890,0.492244365705674,0.510420282665217,0.00326753897159615,0.0100457446238628,9.65962218177328e-05,0.0137670962085276,9.57184975075453e-05,142.522098167615,71.5862844863278,0.992983544216252,0.986030843657056,0.204251989862726,0.117819658474812,0.0864323313879134,0.143917652058635,0.143412923636522,TRUE,"unstable_good_overlap_warning",28,1800,"sample_size"
0.01,0.12,1800,904,0.492863605154001,0.508356132237056,0.0034639593453249,0.00972409719941889,9.63840161155189e-05,0.0149467033493068,0.000101931035439256,155.074502512873,75.3684767350023,0.993551486648058,0.986731853377958,0.0395346355458274,-0.0473811533415303,0.0869157888873576,0.148385090378706,0.147874963653283,TRUE,"unstable_good_overlap_warning",29,1800,"sample_size"
0.01,0.12,1800,922,0.491680153463075,0.507573714271007,0.00330192958376185,0.00995216307790181,0.00010923956117163,0.0165479351794793,0.000110292245587782,151.482988415527,75.3783035986872,0.993398598677913,0.986733583110016,0.0758452342447568,-0.0064666765987933,0.0823119108435501,0.158259684729935,0.15772788486949,TRUE,"unstable_good_overlap_warning",30,1800,"sample_size"
0.05,0.12,1800,879,0.457032793705906,0.539161324422661,0.0162110488180501,0.0476099109747934,0.00207587388937682,0.0162885398158921,9.15811784252574e-05,7.84659410152412,7.51505304901642,0.872556170605822,0.866933740390444,0.0728158911801323,-0.022170939901632,0.0949868310817643,0.150330488215121,0.149845368352318,FALSE,"stable",1,1800,"sample_size"
0.05,0.12,1800,894,0.461214157129341,0.544689369984873,0.0166019866163065,0.049397571500428,0.00237630301283275,0.0158129290407381,9.73846755293692e-05,6.65442452218573,6.39245168868029,0.849724045007045,0.843565497449,0.16080233896731,0.0804127963523358,0.0803895426149741,0.139197324932365,0.138691977175937,FALSE,"stable",2,1800,"sample_size"
0.05,0.12,1800,889,0.456420572326153,0.550128542362265,0.0173212765554601,0.0501239913199841,0.00239684072269349,0.0169676226402766,9.53998919014585e-05,7.07916153110455,6.80817997303774,0.858740333073884,0.853117866454724,-0.0252499401411898,-0.112410061664118,0.087160121522928,0.148207877747435,0.147721897142091,FALSE,"stable",3,1800,"sample_size"
0.05,0.12,1800,873,0.452561655657338,0.543864339957871,0.0167611466384938,0.0491788155871888,0.00214539700421925,0.0156755964284294,8.87057025206453e-05,7.30661802808569,7.01650661858064,0.863137775075126,0.857478934409915,0.0255204356010074,-0.0697528555821934,0.0952732911832007,0.14342525674178,0.14295432652101,FALSE,"stable",4,1800,"sample_size"
0.05,0.12,1800,929,0.451645887278922,0.538786941360001,0.0171972030594706,0.0496357618568215,0.00279140112815863,0.020630140635293,0.000113300771005156,7.39060410457804,7.1023262804462,0.86469306353718,0.85920106166438,0.0644490992258127,-0.023794348592165,0.0882434478179777,0.164681265426721,0.164157454995315,FALSE,"stable",5,1800,"sample_size"
0.05,0.12,1800,902,0.462977737929958,0.544414673190266,0.0175242919306515,0.049692983887748,0.00250707472928295,0.0172914307286901,0.000101525965570949,6.89705437445643,6.62862306323912,0.855010567452745,0.849139106197518,0.158773144833712,0.0650590588130151,0.0937140860206971,0.151033004466481,0.150513530127972,FALSE,"stable",6,1800,"sample_size"
0.05,0.12,1800,931,0.457836929406454,0.537476586023339,0.0162054692135528,0.0481713792026225,0.00266276690927213,0.0191745291757762,0.000114750606481064,7.20097921789839,6.90347731995363,0.861129997776629,0.855145464574842,0.0478415110884173,-0.0383284855485079,0.0861699966369252,0.156637697709018,0.156092461890732,FALSE,"stable",7,1800,"sample_size"
0.05,0.12,1800,905,0.455361358354869,0.539001456840532,0.016952906878604,0.0519277014274228,0.00275099112979912,0.0165632623718252,0.000102021332605302,6.02083452484075,5.80553453238906,0.833910067470846,0.827750572419989,0.102025852657643,0.0165371664092377,0.0854886862484049,0.140984355073352,0.140462714929672,FALSE,"stable",8,1800,"sample_size"
0.05,0.12,1800,897,0.456382041254218,0.539136647595061,0.0169957926454252,0.0514539806660212,0.00263254998084714,0.0161413190835294,9.94348601699284e-05,6.13143879545078,5.90827549303687,0.836906143344047,0.830745874802463,-0.00943135449244692,-0.0952733709077007,0.0858420164152538,0.146701745858064,0.146160830172709,FALSE,"stable",9,1800,"sample_size"
0.05,0.12,1800,903,0.448862077220352,0.538699461992515,0.0176041608304078,0.0501540049642354,0.00253618816254397,0.016121283679931,0.000100825465083633,6.35650142920006,6.113462407259,0.842680755894073,0.836426572475097,0.169932180618419,0.0844949765318401,0.0854372040865787,0.143718435145524,0.143184119264757,FALSE,"stable",10,1800,"sample_size"
0.05,0.12,1800,947,0.458945652705824,0.536573901336776,0.0169127643179625,0.0508301690125882,0.00316823464668652,0.0218867972735806,0.000122623647826849,6.90819958568117,6.65078691175216,0.85524448337122,0.849641852420055,0.0789639340390477,-0.0139145245938208,0.0928784586328685,0.166775364478025,0.166228201572239,FALSE,"stable",11,1800,"sample_size"
0.05,0.12,1800,891,0.461305977083561,0.54515374171607,0.0169668747293442,0.0497685898890642,0.00237062618663065,0.0176827688397848,9.57089178072191e-05,7.45911309826417,7.16965379439588,0.865935804052534,0.860523251376287,0.102335831822369,0.00437996181118883,0.0979558700111807,0.157114753463387,0.156622958983129,FALSE,"stable",12,1800,"sample_size"
0.05,0.12,1800,872,0.457490990316355,0.543136163060191,0.0158055511096618,0.049581781055549,0.00216823306518809,0.0151710324500492,8.81986050839499e-05,6.99695650510392,6.72346193767976,0.857080717984948,0.851267098814707,0.150117926109222,0.0622938517919083,0.0878240743173136,0.136769996436811,0.136305348476706,FALSE,"stable",13,1800,"sample_size"
0.05,0.12,1800,909,0.457663756215135,0.537518587410061,0.0172533145395566,0.0502571209799058,0.00262873652053505,0.0177798521927999,0.000104076300562401,6.76364940111266,6.50606293103521,0.852150822626097,0.846297213752759,0.0760182881205401,-0.00910750251831072,0.0851257906388508,0.150459303341353,0.149941644032642,FALSE,"stable",14,1800,"sample_size"
0.05,0.12,1800,880,0.462104488577881,0.548308376481707,0.0169176854118432,0.0513006839905348,0.00241370080094354,0.015878975071607,9.17143142910747e-05,6.57868409597401,6.33786192757125,0.847993917109962,0.842218083727928,0.0893303689206005,-0.000994884057914813,0.0903252529785153,0.144495986218576,0.144003051829744,FALSE,"stable",15,1800,"sample_size"
0.05,0.12,1800,892,0.460043663030086,0.544214137125912,0.0176816812708971,0.0499240432807507,0.00239025934287196,0.0151062832774781,9.59015270107898e-05,6.31993483155995,6.07614875629127,0.841770520321462,0.835422067479076,0.107176412294371,0.0237382139716276,0.0834381983227439,0.141200537607097,0.140667077798503,FALSE,"stable",16,1800,"sample_size"
0.05,0.12,1800,894,0.460097185321344,0.538574106105717,0.0168774221509725,0.0501439957694642,0.0024361517577867,0.015451000448931,9.68872127871271e-05,6.34238010811308,6.09978789447161,0.842330484304967,0.836059873343084,0.0462640181143177,-0.0404513961258588,0.0867154142401765,0.139483240875585,0.138963089322213,FALSE,"stable",17,1800,"sample_size"
0.05,0.12,1800,925,0.462065539905546,0.543024412077151,0.0164568644995606,0.0481348738408066,0.00258374521641853,0.0192130782497875,0.00011151415806597,7.43613500576492,7.12847098564019,0.865521537838576,0.859717462270039,0.111140086081294,0.0144975004830459,0.0966425855982479,0.164531710126918,0.163979117974098,FALSE,"stable",18,1800,"sample_size"
0.05,0.12,1800,884,0.459459982814657,0.55113230947707,0.0171199000742993,0.0494352799040961,0.00227064350903397,0.0143916276308041,9.29126742669799e-05,6.33812730776348,6.08897208895822,0.842224690126512,0.835768667454823,0.12948111975702,0.0503756317138786,0.0791054880431414,0.131865658160013,0.13135928176071,FALSE,"stable",19,1800,"sample_size"
0.05,0.12,1800,891,0.450382281438283,0.537483598270953,0.0169914581907664,0.0497285548638769,0.00235998632677628,0.0169507001369772,9.54328314981268e-05,7.18254167181202,6.90338351391281,0.860773519223075,0.855143496231284,0.0322506542964418,-0.0669791209570372,0.099229775253479,0.154792081774242,0.154285030467061,FALSE,"stable",20,1800,"sample_size"
0.05,0.12,1800,890,0.452377849664149,0.544245362415147,0.0169362998113566,0.0495740699420711,0.0023508337619183,0.0157362955856823,9.56561217394386e-05,6.69392104222689,6.43219319679141,0.850610726703862,0.84453203294658,0.190322137230037,0.105502473482121,0.0848196637479161,0.14211670995021,0.141607997294199,FALSE,"stable",21,1800,"sample_size"
0.05,0.12,1800,883,0.457989903088241,0.546727961776288,0.0164342775355838,0.0485736398611461,0.00219161815320614,0.0157784045002547,9.28888512512495e-05,7.19943137775728,6.90669998799255,0.861100141451516,0.855213053739337,0.115056478339163,0.022566722140654,0.0924897561985087,0.140913050701945,0.140430534096761,FALSE,"stable",22,1800,"sample_size"
0.05,0.12,1800,905,0.458290174178297,0.53590918195287,0.0174160276282193,0.0492958837436781,0.00249973420868146,0.0183507414896315,0.000102866158132613,7.34107707367457,7.0509255756754,0.86378020691459,0.858174648240531,-0.0249851796830336,-0.109401541160628,0.0844163614775946,0.149692398910987,0.149205888964404,FALSE,"stable",23,1800,"sample_size"
0.05,0.12,1800,897,0.452099188505179,0.545437733515326,0.0174731338334138,0.0501612684086741,0.00248012850191668,0.0177901200097323,9.85682767056959e-05,7.17306381342087,6.89888014644216,0.860589557543181,0.855048938556251,0.108046572866874,0.0154078208002402,0.0926387520666342,0.155053553451494,0.154553617175659,FALSE,"stable",24,1800,"sample_size"
0.05,0.12,1800,925,0.461372065007507,0.543537674848597,0.0167228963705408,0.0499173036569083,0.00278864232109354,0.0178187298845498,0.000111915587093058,6.38975093713787,6.14320777194546,0.843499377387638,0.837218593750523,0.0484623890114866,-0.0291695442379702,0.0776319332494568,0.14600985649552,0.145465238531557,FALSE,"stable",25,1800,"sample_size"
0.05,0.12,1800,870,0.456571492944231,0.546300698008601,0.0165809636568539,0.0501484525393607,0.00220905283953909,0.0146010565468743,8.78397379649021e-05,6.60964567507617,6.3568739304043,0.848705959568933,0.842689974514502,-0.00176590045850467,-0.0915501962709888,0.0897842958124841,0.141551049479128,0.141048470564352,FALSE,"stable",26,1800,"sample_size"
0.05,0.12,1800,876,0.450455661719566,0.546278221005867,0.0169763444304448,0.0520246593172543,0.00242702049754705,0.0168251989563807,8.96716073236677e-05,6.93245029178189,6.68544194334213,0.855750858944426,0.850421257341726,0.0979684990273012,0.000830752380134525,0.0971377466471667,0.151772859853178,0.15129950230854,FALSE,"stable",27,1800,"sample_size"
0.05,0.12,1800,913,0.460029736186329,0.541070290085538,0.017314641218357,0.0508962539483643,0.00274356388646381,0.0171791956565537,0.00010591157836148,6.26163500012241,6.0288975527666,0.840297302544711,0.834132195604964,0.150802447427778,0.0537747908455306,0.0970276565822478,0.15357887739406,0.1530144502086,FALSE,"stable",28,1800,"sample_size"
0.05,0.12,1800,906,0.456906566177827,0.540368068635442,0.0165723655942238,0.0505623980008454,0.00262211666777263,0.0175545538999587,0.000102564409847773,6.69480275828861,6.44279216534582,0.850630401506313,0.844787791638111,0.109877169756517,0.021679688571971,0.0881974811845456,0.151314524746509,0.150793972550241,FALSE,"stable",29,1800,"sample_size"
0.05,0.12,1800,878,0.451474745643383,0.546696801812572,0.0164383662816799,0.0499289448636011,0.00226356295019108,0.0159962966677297,9.08004080483842e-05,7.06686627221009,6.79431941197528,0.858494563009856,0.852818223671166,0.0729871757977676,-0.0178180805100192,0.0908052563077868,0.148692566801607,0.148200176221369,FALSE,"stable",30,1800,"sample_size"
0.2,0.12,1800,952,0.326067548259223,0.667599388995523,0.0658681407032684,0.202777278119831,0.0508362123110071,0.0704412008252174,0.000123633056558578,1.38565006366466,1.38228835502022,0.278317068484611,0.276561944280165,0.221760267016298,0.129821558750435,0.0919387082658626,0.180112503374208,0.17954369210333,FALSE,"stable",1,1800,"sample_size"
0.2,0.12,1800,895,0.314674311598797,0.648619152890738,0.0677965574149108,0.201051335598291,0.0396805206519749,0.0582879950236774,9.81665293585116e-05,1.46893221323638,1.46530715702025,0.31923339212721,0.317549228358691,-0.0781803933562595,-0.174938071844408,0.0967576784881483,0.173263974508375,0.172806330040098,FALSE,"stable",2,1800,"sample_size"
0.2,0.12,1800,943,0.318783980077626,0.672659428342806,0.0705814966178911,0.210525711706895,0.0543740797298616,0.0790495574666603,0.000122682221436321,1.45380956991622,1.45053677753009,0.312152003472072,0.310600037523521,-0.00927413647637798,-0.0980655905927619,0.0887914541163839,0.196586807841423,0.196097501037084,FALSE,"stable",3,1800,"sample_size"
0.2,0.12,1800,918,0.320539135365074,0.652339314570073,0.0703646660868137,0.201278576434586,0.0436682264262285,0.0596528983084521,0.000107788008803766,1.36604811301937,1.36268454491175,0.267961362071132,0.266154442175196,0.0177165133668846,-0.0708052515214712,0.0885217648883558,0.158007846707752,0.157474205479193,FALSE,"stable",4,1800,"sample_size"
0.2,0.12,1800,903,0.354653024829034,0.666742673694019,0.0675673730986584,0.198587673529448,0.039301633293668,0.0524255607624656,9.96565900952885e-05,1.33392829684033,1.33055442898252,0.250334517703313,0.248433601649276,0.228233812158251,0.13672418183191,0.0915096303263412,0.146619305999456,0.146061568073745,FALSE,"stable",5,1800,"sample_size"
0.2,0.12,1800,878,0.3153717424441,0.646008837201101,0.0673320738395339,0.203867662415625,0.0373294580724249,0.0501505533424355,8.9816266578087e-05,1.34345784621721,1.34023318806486,0.255652119777547,0.253861187064108,0.079719183585688,-0.00451720016342994,0.0842363837491179,0.142474309269948,0.141974390966312,FALSE,"stable",6,1800,"sample_size"
0.2,0.12,1800,928,0.364608378813042,0.655292838426609,0.066082114047485,0.198660455467227,0.0446011619230717,0.0574761919593793,0.000113011676900937,1.28867028304138,1.28541326679947,0.224006316309314,0.222040081716375,0.159324952146003,0.0732476585167414,0.0860772936292618,0.140806646390414,0.140187313143787,FALSE,"stable",7,1800,"sample_size"
0.2,0.12,1800,942,0.357753017281645,0.650979176350329,0.0658925698840929,0.197722337643468,0.046602308565366,0.0643302740994592,0.000119205407932966,1.38040959943491,1.37688761832982,0.275577335589841,0.273724313671286,0.222017799234516,0.132097588087243,0.0899202111472731,0.167230795720377,0.166667605334169,FALSE,"stable",8,1800,"sample_size"
0.2,0.12,1800,896,0.303738123570636,0.678761744944451,0.0720138507240737,0.210976771227752,0.0436398580613276,0.0600520987110625,9.8042425332149e-05,1.37608373122274,1.37299911616422,0.273300034503399,0.271667411706919,0.13952994385148,0.0418735415843376,0.0976564022671422,0.163294429031262,0.162805959374661,FALSE,"stable",9,1800,"sample_size"
0.2,0.12,1800,914,0.330394416939624,0.684180802777813,0.069297284764488,0.209174567548659,0.0468950755950103,0.0620261780360152,0.000107178945711753,1.32265866402857,1.31964261378731,0.24394703849428,0.242219075413119,0.198280658791434,0.116304044522183,0.0819766142692513,0.149660201051545,0.149129211037082,FALSE,"stable",10,1800,"sample_size"
0.2,0.12,1800,907,0.34692382195998,0.664776069090103,0.0674288148186774,0.211667930131003,0.0466606977155071,0.0633791015709545,0.000104145642274807,1.35829733960217,1.35527240166427,0.26378417240154,0.262140955005058,0.114847503788411,0.0244155380015412,0.0904319657868697,0.162787304479707,0.162279478680088,FALSE,"stable",11,1800,"sample_size"
0.2,0.12,1800,897,0.342726415892466,0.658068815938833,0.0660377767760144,0.193479099599896,0.0365762496961478,0.0523095695150177,9.77082102539077e-05,1.43015125797676,1.42634099238814,0.300773261273982,0.298905377229824,0.000109865721142466,-0.0905623794826202,0.0906722452037627,0.161427058743392,0.160925025040933,FALSE,"stable",12,1800,"sample_size"
0.2,0.12,1800,910,0.347780561147105,0.645650297159031,0.0669632989476954,0.194454656058329,0.0394203679430703,0.0527918609727381,0.000104251900468066,1.33920264389664,1.3356703032621,0.253287017795657,0.251312245576093,0.108310934914186,0.0306955652465655,0.0776153696676204,0.142423032224148,0.141866739603362,FALSE,"stable",13,1800,"sample_size"
0.2,0.12,1800,871,0.359087612368337,0.652205605787013,0.0678346222582616,0.205304156483037,0.0361770809118674,0.0474469661341697,8.58297874976303e-05,1.31152002699602,1.30841582264384,0.237525939813169,0.235716977207322,0.0264494644909643,-0.0554290883611543,0.0818785528521186,0.13129632468973,0.130795402384921,FALSE,"stable",14,1800,"sample_size"
0.2,0.12,1800,906,0.339578409201472,0.660300035722041,0.0672998417341979,0.19960749105393,0.0408150160369067,0.0532943816273904,0.000102439228676035,1.30575427384861,1.30248524209223,0.23415912164501,0.23223698228345,0.158277850931258,0.0641546206154584,0.0941232303157996,0.143763030326592,0.143171761451541,FALSE,"stable",15,1800,"sample_size"
0.2,0.12,1800,881,0.323715791374023,0.675652842160548,0.0665600278691331,0.203171648086637,0.0382075856644395,0.0515764163688553,9.25600090628191e-05,1.34989990788291,1.34663760311852,0.259204334958189,0.257409716107572,0.0894342182136387,0.000546052125712571,0.0888881660879262,0.145651927065526,0.145146835774582,FALSE,"stable",16,1800,"sample_size"
0.2,0.12,1800,918,0.350622440730423,0.661168170169027,0.06530909860144,0.197012559063028,0.0423368788369711,0.054801670130489,0.000109076454602118,1.29441923060783,1.29109286748386,0.227452763097143,0.22546237750593,0.0479390208841248,-0.0290678338029471,0.0770068546870719,0.133995746866876,0.133408175998588,FALSE,"stable",17,1800,"sample_size"
0.2,0.12,1800,917,0.330132860008701,0.658158970864492,0.0665601627653394,0.197453381276791,0.0419673807643457,0.0639590384629965,0.000107642237057877,1.52401787526693,1.52011891855325,0.343839717217983,0.342156730111788,-0.0250533071216212,-0.114938688605145,0.0898853814835234,0.183013673482753,0.182565226917269,FALSE,"stable",18,1800,"sample_size"
0.2,0.12,1800,861,0.352276049505677,0.653810391024279,0.0671646753567083,0.204078952721506,0.0355075114834845,0.0501629725527572,8.52557741576113e-05,1.41274255663028,1.40935859776361,0.292156950106161,0.29045737430714,-0.0209304417643028,-0.110996411520868,0.0900659697565656,0.153313142255643,0.152866554617622,FALSE,"stable",19,1800,"sample_size"
0.2,0.12,1800,906,0.344696083567327,0.653517780778331,0.0653938928538452,0.196676070118821,0.0396469173863042,0.0572840319498119,0.000102495873774334,1.44485462492981,1.4411289941566,0.30788884726131,0.306099589936265,0.112386575613819,0.0196020563377968,0.0927845192760224,0.161531255099454,0.161061211915342,FALSE,"stable",20,1800,"sample_size"
0.2,0.12,1800,887,0.339872055164039,0.653905581792975,0.0683005195539809,0.198343468255138,0.0376250118679606,0.0500008844521166,9.56402801147251e-05,1.32892674233797,1.32555726385202,0.247513073413886,0.245600301646692,0.0550424342834448,-0.0359197209804352,0.09096215526388,0.139208047397421,0.138669106859952,FALSE,"stable",21,1800,"sample_size"
0.2,0.12,1800,898,0.336155940178294,0.660058370181135,0.0664005923908922,0.197437926621365,0.0378416882123904,0.0515402272647193,9.70754337640498e-05,1.36199598113711,1.35851098748031,0.265783442940033,0.263899954276596,0.135946339010515,0.046813331759183,0.089133007251332,0.14753116203558,0.14700748886923,FALSE,"stable",22,1800,"sample_size"
0.2,0.12,1800,872,0.311210893891154,0.666291681103409,0.0694027066171088,0.204303126643796,0.0357507481115554,0.0501721103772128,8.56515266004328e-05,1.40338630734824,1.40003211493918,0.287437824664583,0.28573067051148,-0.0102650275748734,-0.0956849425185184,0.0854199149436451,0.147304484919562,0.146866397200915,FALSE,"stable",23,1800,"sample_size"
0.2,0.12,1800,874,0.33889216434529,0.671110894584054,0.0673230593186402,0.195730544904983,0.0336075887975984,0.0485054744168306,8.77243470734553e-05,1.44328933292283,1.43953178914144,0.307138231268652,0.305329685983235,0.0210760532224075,-0.0706266149555339,0.0917026681779414,0.149907896604276,0.149465887960509,FALSE,"stable",24,1800,"sample_size"
0.2,0.12,1800,875,0.320902070756619,0.652027985358139,0.0639820213373219,0.197456561748197,0.0355787496486403,0.0509766262692317,9.12530818278354e-05,1.4327829609712,1.42911753201771,0.302057584965862,0.300267488435231,0.0143860438968724,-0.0852539239098031,0.0996399678066755,0.159129481934475,0.158657253387415,FALSE,"stable",25,1800,"sample_size"
0.2,0.12,1800,908,0.34377912680428,0.668122954793257,0.0671127828526453,0.195049713913821,0.0394620067938219,0.055920329749518,0.000103726215251453,1.41706756176102,1.4133525527429,0.294317344504535,0.292462451736269,0.0890366013996081,-0.00626750052719216,0.0953041019268003,0.164660343170821,0.164140648977123,FALSE,"stable",26,1800,"sample_size"
0.2,0.12,1800,882,0.351736555557963,0.652292497918594,0.0703316525378817,0.205356976073263,0.0395254832758405,0.0545209320847926,9.37256082359856e-05,1.37938685541937,1.37612369404744,0.27504021364915,0.273321137972119,0.09280141974005,0.0110352810529524,0.0817661386870976,0.152425368185436,0.1519482716459,FALSE,"stable",27,1800,"sample_size"
0.2,0.12,1800,891,0.34439888438784,0.645489712099444,0.0714840991635008,0.199504129527162,0.0385788606663749,0.0538514983734029,9.69271891474034e-05,1.39588099397501,1.39238271175163,0.283606550761661,0.28180665304154,-0.00567074085449093,-0.112040604859712,0.106369864005221,0.160477318643714,0.159967276648053,FALSE,"stable",28,1800,"sample_size"
0.2,0.12,1800,891,0.332020724483081,0.658717549083102,0.0684878641893577,0.203393626015001,0.0392438128354803,0.0540470490751163,9.48629264474227e-05,1.37721197738086,1.37389091087361,0.273895365111645,0.272140173513385,0.125411106292063,0.0339652854852976,0.0914458208067649,0.153708926340802,0.153215631711554,FALSE,"stable",29,1800,"sample_size"
0.2,0.12,1800,876,0.332026347051441,0.651576627850408,0.0677443337030642,0.199613071769281,0.0358350399933748,0.0496587010010793,8.99352482353067e-05,1.38575821347654,1.38228908070512,0.27837339134997,0.276562324076314,0.0512702263628961,-0.0439940170364463,0.0952642433993425,0.151060852714492,0.150568658055625,FALSE,"stable",30,1800,"sample_size"
0,0.12,3000,1470,0.5,0.5,0,0,0,0.0141122496948344,9.23106497500961e-05,Inf,152.877806981526,0.999999999999,0.993458828199172,0.0563895655093397,-0.0374187630424343,0.093808328551774,NA,0.153301636158211,TRUE,"degenerate_or_near_degenerate_observed_weight_variance",1,3000,"sample_size"
0,0.12,3000,1497,0.5,0.5,0,0,0,0.0146603487523491,9.92031904255362e-05,Inf,147.781020846839,0.999999999999,0.993233231207434,0.120070760927299,0.0267141925940417,0.0933565683332576,NA,0.157173687202406,TRUE,"degenerate_or_near_degenerate_observed_weight_variance",2,3000,"sample_size"
0,0.12,3000,1479,0.5,0.5,0,0,0,0.0141371747833499,9.45535676077324e-05,Inf,149.514980143317,0.999999999999,0.993311706967145,0.157894145561924,0.0633252636419455,0.0945688819199781,NA,0.155998113087605,TRUE,"degenerate_or_near_degenerate_observed_weight_variance",3,3000,"sample_size"
0,0.12,3000,1516,0.5,0.5,0,0,0,0.0155378357506539,0.000104359166236804,Inf,148.888078651343,0.999999999999,0.993283545539319,0.117115978375771,0.0265756812523708,0.0905402971234004,NA,0.165154700719684,TRUE,"degenerate_or_near_degenerate_observed_weight_variance",4,3000,"sample_size"
0,0.12,3000,1489,0.5,0.5,0,0,0,0.0143603371667919,9.71092202296768e-05,Inf,147.878204899881,0.999999999999,0.993237678259098,0.114269992744984,0.0211195323278388,0.0931504604171453,NA,0.155970934286155,TRUE,"degenerate_or_near_degenerate_observed_weight_variance",5,3000,"sample_size"
0,0.12,3000,1470,0.5,0.5,0,0,0,0.0129608863877373,9.23106497500961e-05,Inf,140.405104100395,0.999999999999,0.992877751799643,0.0819811020474227,-0.00571805231493028,0.087699154362353,NA,0.14785047791172,TRUE,"degenerate_or_near_degenerate_observed_weight_variance",6,3000,"sample_size"
0,0.12,3000,1524,0.5,0.5,0,0,0,0.0155232390266373,0.000106609822195783,Inf,145.607962821003,0.999999999999,0.993132243727431,0.0917279008561197,0.00170134241988507,0.0900265584362346,NA,0.161423704571568,TRUE,"degenerate_or_near_degenerate_observed_weight_variance",7,3000,"sample_size"
0,0.12,3000,1492,0.5,0.5,0,0,0,0.0160532807614323,9.78892414637407e-05,Inf,163.994331975477,0.999999999999,0.993902228278539,0.163268233792184,0.0604658850105266,0.102802348781657,NA,0.168301649033745,TRUE,"degenerate_or_near_degenerate_observed_weight_variance",8,3000,"sample_size"
0,0.12,3000,1500,0.5,0.5,0,0,0,0.0141635846036547,1e-04,Inf,141.635846036547,0.999999999999,0.992939640437196,0.0533710896364387,-0.0442049848102286,0.0975760744466673,NA,0.16006314643074,TRUE,"degenerate_or_near_degenerate_observed_weight_variance",9,3000,"sample_size"
0,0.12,3000,1510,0.5,0.5,0,0,0,0.01458197882636,0.000102702580964821,Inf,141.982593712565,0.999999999999,0.992956883137207,0.136735468957501,0.045300393452453,0.0914350755050477,NA,0.160882562457848,TRUE,"degenerate_or_near_degenerate_observed_weight_variance",10,3000,"sample_size"
0,0.12,3000,1476,0.5,0.5,0,0,0,0.0136144573599758,9.37999875999752e-05,Inf,145.143487843909,0.999999999999,0.993110266158993,0.0479454622436102,-0.0373014956803877,0.0852469579239978,NA,0.147465899486025,TRUE,"degenerate_or_near_degenerate_observed_weight_variance",11,3000,"sample_size"
0,0.12,3000,1456,0.5,0.5,0,0,0,0.0125957338917747,8.89258772047571e-05,Inf,141.643065974736,0.999999999999,0.992940000323218,0.137650937244331,0.0484872269506061,0.0891637102937245,NA,0.142107306950761,TRUE,"degenerate_or_near_degenerate_observed_weight_variance",12,3000,"sample_size"
0,0.12,3000,1563,0.5,0.5,0,0,0,0.0172032843651978,0.00011830535954777,Inf,145.414243538572,0.999999999999,0.993123094576806,0.170524398497173,0.0789923554042822,0.0915320430928906,NA,0.168944727689481,TRUE,"degenerate_or_near_degenerate_observed_weight_variance",13,3000,"sample_size"
0,0.12,3000,1509,0.5,0.5,0,0,0,0.0154429863019144,0.000102429061289265,Inf,150.767625003441,0.999999999999,0.993367276297035,0.114514568960403,0.0179312106979661,0.096583358262437,NA,0.165766181082468,TRUE,"degenerate_or_near_degenerate_observed_weight_variance",14,3000,"sample_size"
0,0.12,3000,1493,0.5,0.5,0,0,0,0.0140217077005387,9.81506343544327e-05,Inf,142.859063446343,0.999999999999,0.993000094107606,0.148013362170033,0.0580120950824035,0.0900012670876296,NA,0.151722858603244,TRUE,"degenerate_or_near_degenerate_observed_weight_variance",15,3000,"sample_size"
0,0.12,3000,1479,0.5,0.5,0,0,0,0.0137814132115181,9.45535676077324e-05,Inf,145.752440232526,0.999999999999,0.993139051405214,0.155747169952453,0.0655276091842902,0.0902195607681627,NA,0.15018383234342,TRUE,"degenerate_or_near_degenerate_observed_weight_variance",16,3000,"sample_size"
0,0.12,3000,1489,0.5,0.5,0,0,0,0.0146570416474225,9.71092202296768e-05,Inf,150.933573689054,0.999999999999,0.99337456885464,0.0873877715630479,-0.00828760371881776,0.0956753752818656,NA,0.159483792273362,TRUE,"degenerate_or_near_degenerate_observed_weight_variance",17,3000,"sample_size"
0,0.12,3000,1418,0.5,0.5,0,0,0,0.0118639549248971,8.03414199887802e-05,Inf,147.669221262879,0.999999999999,0.993228108122682,0.0801150235323,-0.0186729586556709,0.0987879821879709,NA,0.146009223702103,TRUE,"degenerate_or_near_degenerate_observed_weight_variance",18,3000,"sample_size"
0,0.12,3000,1517,0.5,0.5,0,0,0,0.0149021651379902,0.000104637862509202,Inf,142.416566820444,0.999999999999,0.992978344989451,0.180253334078285,0.0937386428140918,0.086514691264193,NA,0.156929138943158,TRUE,"degenerate_or_near_degenerate_observed_weight_variance",19,3000,"sample_size"
0,0.12,3000,1473,0.5,0.5,0,0,0,0.0132382757081389,9.30523658624137e-05,Inf,142.266943837977,0.999999999999,0.992970960273534,0.0793760481352952,-0.00808948857006597,0.0874655367053612,NA,0.148308176477025,TRUE,"degenerate_or_near_degenerate_observed_weight_variance",20,3000,"sample_size"
0,0.12,3000,1492,0.5,0.5,0,0,0,0.0150077594413662,9.78892414637407e-05,Inf,153.313675915298,0.999999999999,0.993477424671805,0.0873440843661636,-0.0147261897654771,0.102070274131641,NA,0.164403664985043,TRUE,"degenerate_or_near_degenerate_observed_weight_variance",21,3000,"sample_size"
0,0.12,3000,1465,0.5,0.5,0,0,0,0.0142856118545389,9.10874385935129e-05,Inf,156.834049514664,0.999999999999,0.993623833580179,0.0797887288233147,-0.0165020851682427,0.0962908139915574,NA,0.159089079891402,TRUE,"degenerate_or_near_degenerate_observed_weight_variance",22,3000,"sample_size"
0,0.12,3000,1505,0.5,0.5,0,0,0,0.0157936764043498,0.000101342266865024,Inf,155.84490946295,0.999999999999,0.99358336436239,0.113665691329243,0.0154028485286176,0.0982628428006251,NA,0.161858399052242,TRUE,"degenerate_or_near_degenerate_observed_weight_variance",23,3000,"sample_size"
0,0.12,3000,1514,0.5,0.5,0,0,0,0.0150898880450694,0.000103804010151273,Inf,145.369027873577,0.999999999999,0.993120955580238,0.170833340034517,0.081563410171975,0.0892699298625416,NA,0.15805106613759,TRUE,"degenerate_or_near_degenerate_observed_weight_variance",24,3000,"sample_size"
0,0.12,3000,1528,0.5,0.5,0,0,0,0.014530918279333,0.000107753426275993,Inf,134.853422127984,0.999999999999,0.992584541169071,0.0380332053001509,-0.0459951185406633,0.0840283238408142,NA,0.152797344288931,TRUE,"degenerate_or_near_degenerate_observed_weight_variance",25,3000,"sample_size"
0,0.12,3000,1511,0.5,0.5,0,0,0,0.0158914269502465,0.000102976833470072,Inf,154.320407947531,0.999999999999,0.993519975657789,0.0357650914841791,-0.0646181201055871,0.100383211589766,NA,0.173042582621313,TRUE,"degenerate_or_near_degenerate_observed_weight_variance",26,3000,"sample_size"
0,0.12,3000,1466,0.5,0.5,0,0,0,0.0127428237609416,9.13307914987362e-05,Inf,139.523851176937,0.999999999999,0.992832766644809,0.160000602310964,0.0700905061413608,0.0899100961696034,NA,0.143252956815538,TRUE,"degenerate_or_near_degenerate_observed_weight_variance",27,3000,"sample_size"
0,0.12,3000,1501,0.5,0.5,0,0,0,0.013780860906878,0.000100267022578094,Inf,137.441608941211,0.999999999999,0.99272418296247,-0.00416910121949143,-0.0898957341781161,0.0857266329586247,NA,0.1519790761031,TRUE,"degenerate_or_near_degenerate_observed_weight_variance",28,3000,"sample_size"
0,0.12,3000,1469,0.5,0.5,0,0,0,0.0137760290557638,9.20647143873128e-05,Inf,149.634190986664,0.999999999999,0.993317035408778,0.0752232780629256,-0.0155242381377292,0.0907475162006548,NA,0.147231222200682,TRUE,"degenerate_or_near_degenerate_observed_weight_variance",29,3000,"sample_size"
0,0.12,3000,1451,0.5,0.5,0,0,0,0.0133282750895921,8.77469418409012e-05,Inf,151.894468456329,0.999999999999,0.993416481783947,0.167104097899486,0.0743091738891537,0.0927949240103321,NA,0.150045422675231,TRUE,"degenerate_or_near_degenerate_observed_weight_variance",30,3000,"sample_size"
0.002,0.12,3000,1491,0.498333302390244,0.501646766279296,0.000660049447059385,0.00194937801731289,3.70993015456817e-06,0.0136865983020969,9.76278229241992e-05,3689.17950793335,135.059224092512,0.999728937017608,0.992595840774896,0.0718793882435314,-0.0132288266605352,0.0851082149040665,0.145578048809486,0.145057767198285,TRUE,"unstable_good_overlap_warning",1,3000,"sample_size"
0.002,0.12,3000,1518,0.497910806660094,0.502278019114679,0.000682012963710843,0.00195391083274621,4.00545861609802e-06,0.0161445521749826,0.000104916252016246,4030.63761789907,148.2216179057,0.999751900295983,0.993253345806573,0.083801390963265,-0.01526900830497,0.099070399268235,0.163027956328412,0.162497237997374,TRUE,"unstable_good_overlap_warning",2,3000,"sample_size"
0.002,0.12,3000,1460,0.498271132308008,0.501673768452393,0.000696295278708903,0.00202566737273398,3.68825848557097e-06,0.0125235195487508,8.98845573997479e-05,3395.51026527689,133.837155911814,0.99970549345404,0.9925282333356,0.102240390626464,0.0128277709769884,0.0894126196494757,0.140847169059839,0.14034066103319,TRUE,"unstable_good_overlap_warning",3,3000,"sample_size"
0.002,0.12,3000,1486,0.498140762525835,0.50199821112996,0.000690277607751311,0.00200174869461878,3.86021137620764e-06,0.0144807056253937,9.63367472059347e-05,3751.27271906541,144.52240697029,0.999733423807094,0.993080657726621,0.0372019731760023,-0.0583628135774943,0.0955647867534966,0.153376160714658,0.152864984985337,TRUE,"unstable_good_overlap_warning",4,3000,"sample_size"
0.002,0.12,3000,1454,0.498284259644532,0.501847769377642,0.000665735887706798,0.00196865105384268,3.42800635236428e-06,0.0127203218228239,8.8451281762251e-05,3710.70544080258,138.446020684835,0.999730509463509,0.992776968272158,0.0966651243508004,0.00630434792662271,0.0903607764241777,0.140541490847312,0.140051875752976,TRUE,"unstable_good_overlap_warning",5,3000,"sample_size"
0.002,0.12,3000,1487,0.498383553243388,0.501589665541987,0.000672556146917969,0.00199969981199058,3.86260459171701e-06,0.0136342758386576,9.65941090101382e-05,3529.81401924883,135.722893471261,0.999716698955088,0.992632046264091,0.0732443212366277,-0.0155599538220892,0.0888042750587169,0.146798741420359,0.146277660187461,TRUE,"unstable_good_overlap_warning",6,3000,"sample_size"
0.002,0.12,3000,1493,0.498165807451589,0.501934684672758,0.000645807942257492,0.00197842048806824,3.8414036112486e-06,0.0142934911858253,9.81415106613132e-05,3720.90325108519,140.15574361431,0.999731248051207,0.99286508013006,0.135990486091584,0.0403469382424897,0.0956435478490948,0.153588759949655,0.153060426381387,TRUE,"unstable_good_overlap_warning",7,3000,"sample_size"
0.002,0.12,3000,1500,0.498390152741525,0.501935850226204,0.000639422598205985,0.00194926024152075,3.7995645563071e-06,0.0144261359593898,9.99986595257714e-05,3796.78664373344,138.982493072158,0.999736619385329,0.99280484917276,0.0984099968240475,0.00774686435478422,0.0906631324692633,0.151691052950525,0.15116425594433,TRUE,"unstable_good_overlap_warning",8,3000,"sample_size"
0.002,0.12,3000,1493,0.497993742063907,0.501562524422236,0.00066601505103403,0.00202171152414254,4.01219211512739e-06,0.0137521517047566,9.81619883465126e-05,3427.59053159647,134.595175049334,0.999708249865093,0.992570313165881,0.0837428793548793,-0.00334392054926669,0.087086799904146,0.145092187931508,0.144573279470643,TRUE,"unstable_good_overlap_warning",9,3000,"sample_size"
0.002,0.12,3000,1499,0.498169793871753,0.50186321069948,0.000667281999841784,0.00197707122812072,3.89802433064245e-06,0.0145200722918235,9.97240513442372e-05,3724.98246808798,140.125279263669,0.999731542360651,0.99286352894171,0.02741839832787,-0.0624151468340748,0.0898335451619448,0.150883755977746,0.150364587823011,TRUE,"unstable_good_overlap_warning",10,3000,"sample_size"
0.002,0.12,3000,1532,0.498232066050988,0.501738629966918,0.000676314580835724,0.0019505705195584,4.14398479268299e-06,0.0155987491009731,0.000108916791871845,3764.19072012901,137.967821919864,0.99973433864691,0.992751933124081,0.0980223822424913,0.0127880831899616,0.0852342990525297,0.152826604715646,0.152291979143543,TRUE,"unstable_good_overlap_warning",11,3000,"sample_size"
0.002,0.12,3000,1513,0.498427015556378,0.501693549650788,0.000661380720540117,0.0019495790695484,3.93437536761157e-06,0.0158649440109506,0.000103512806843228,4032.39206445666,147.653420820468,0.999752008241258,0.993227383460246,0.0185141360920377,-0.0726977268562337,0.0912118629482713,0.15668854529143,0.15617641457188,TRUE,"unstable_good_overlap_warning",12,3000,"sample_size"
0.002,0.12,3000,1455,0.497910167060079,0.501704448552027,0.000677407742591285,0.00196734605672602,3.43179621076935e-06,0.0125035670419416,8.8666582989181e-05,3643.44683483944,135.763160552432,0.999725534625499,0.992634231584394,0.097344464256476,0.00951667831079805,0.087827785945678,0.141061740564771,0.140560557140247,TRUE,"unstable_good_overlap_warning",13,3000,"sample_size"
0.002,0.12,3000,1436,0.498228487972729,0.501892700945609,0.000660419407648105,0.00199662597890537,3.36045552401574e-06,0.0126273460207928,8.42955632032657e-05,3757.62926500605,144.055664449916,0.999733874757334,0.993058238953542,0.0740604355969823,-0.0213958414266655,0.0954562770236478,0.13969810284998,0.139230910682637,TRUE,"unstable_good_overlap_warning",14,3000,"sample_size"
0.002,0.12,3000,1476,0.498103554800753,0.501764352645184,0.000646899433514092,0.00196183286162506,3.60991010653205e-06,0.0135187435379197,9.37934212163083e-05,3744.89755671695,138.791387874735,0.99973296999855,0.992794941996671,0.0999071486384784,0.0125560475866107,0.0873511010518677,0.142556508430161,0.142060984600816,TRUE,"unstable_good_overlap_warning",15,3000,"sample_size"
0.002,0.12,3000,1508,0.498280114703906,0.501575491778782,0.000692814748988302,0.00202465843444404,4.18739394206147e-06,0.0147948815242742,0.00010215045051523,3533.19552184064,139.130914302257,0.999716970092989,0.992812524771975,0.0954276468721099,0.00333929702145674,0.0920883498506532,0.152619849532646,0.152091909544756,TRUE,"unstable_good_overlap_warning",16,3000,"sample_size"
0.002,0.12,3000,1479,0.498317301626584,0.50188045618167,0.000701993288237834,0.00202589606886041,3.88105722908004e-06,0.0127313182653937,9.4561798446474e-05,3280.37375228592,129.32699054722,0.99969515668777,0.992267662026552,0.0847341912493433,-0.0026804426791307,0.087414633928474,0.141743962711704,0.14121641922253,TRUE,"unstable_good_overlap_warning",17,3000,"sample_size"
0.002,0.12,3000,1480,0.498021499334439,0.501624481583139,0.000676034558780347,0.00196320759266276,3.65441646025336e-06,0.0140753796335575,9.48168642455605e-05,3851.6079890308,142.93893135815,0.999740368177954,0.993004005343412,0.0752251282371449,-0.016723983237922,0.0919491114750669,0.149164540980276,0.148661147855762,TRUE,"unstable_good_overlap_warning",18,3000,"sample_size"
0.002,0.12,3000,1494,0.498255248092878,0.501493046774639,0.000653658994089812,0.00198740785242679,3.88719147053453e-06,0.0142942173559044,9.8415143544374e-05,3677.26093871542,139.725230649147,0.999728058460722,0.992843096444686,0.048637918122191,-0.0389203507124585,0.0875582688346495,0.145619581727343,0.145117286423179,TRUE,"unstable_good_overlap_warning",19,3000,"sample_size"
0.002,0.12,3000,1555,0.498280765945672,0.501647384910023,0.000693173253844326,0.00200327864063382,4.64746132942597e-06,0.0166529974732639,0.000115806534012441,3583.24605474896,138.251931170902,0.999720923435142,0.992766827981854,0.0817163278436245,-0.00549804304684776,0.0872143708904722,0.163518196222866,0.162948484471324,TRUE,"unstable_good_overlap_warning",20,3000,"sample_size"
0.002,0.12,3000,1508,0.498181036987477,0.501725392103158,0.000674783334614459,0.00195511197386422,3.90526710156605e-06,0.0138404386125819,0.000102166254451486,3544.04404426826,130.482135166314,0.999717836463794,0.992336115601378,0.126268503587508,0.042225773373104,0.084042730214404,0.143885993573747,0.143353796334235,TRUE,"unstable_good_overlap_warning",21,3000,"sample_size"
0.002,0.12,3000,1483,0.498213521470773,0.502206511512972,0.000665709094773592,0.00195277222955432,3.64466473352033e-06,0.0136199656248884,9.55772220952735e-05,3736.95980857286,137.267754728243,0.999732402794992,0.992714967896286,0.0330680209656546,-0.058516748197478,0.0915847691631326,0.14783716649367,0.147317395087257,TRUE,"unstable_good_overlap_warning",22,3000,"sample_size"
0.002,0.12,3000,1528,0.498249212214736,0.501592043087385,0.000689716915223182,0.00200968797034581,4.35184805005435e-06,0.0159530893779899,0.000107749796159456,3665.81948507844,142.30914711808,0.999727209699204,0.992973044809479,0.0523287973494047,-0.0423421048090018,0.0946709021584065,0.161832752955172,0.161285154817646,TRUE,"unstable_good_overlap_warning",23,3000,"sample_size"
0.002,0.12,3000,1484,0.498235625002964,0.50171266515664,0.000664529623233379,0.00198558923032135,3.7776985870695e-06,0.0142139517736837,9.58183055554445e-05,3762.59551842911,142.716084807425,0.999734226016296,0.992993081324019,0.0169970780100523,-0.0752149952537969,0.0922120732638493,0.148662758968905,0.148160699405063,TRUE,"unstable_good_overlap_warning",24,3000,"sample_size"
0.002,0.12,3000,1536,0.498149629454605,0.501626679916062,0.000656907812036034,0.0019932013735171,4.37378936603767e-06,0.0157268919097057,0.000110091935953562,3595.71314334989,137.393895559518,0.999721891051891,0.992721656257524,0.0688137554978854,-0.0130530449622042,0.0818668004600895,0.153314119051487,0.152776409417772,TRUE,"unstable_good_overlap_warning",25,3000,"sample_size"
0.002,0.12,3000,1583,0.498190955181459,0.501985465747956,0.000669206993217597,0.00198950402602566,4.94018838696172e-06,0.0178028951565743,0.000124811288233499,3603.68750381266,137.20764973373,0.99972250646069,0.992711776625133,0.0703710797217517,-0.0165805621326578,0.0869516418544095,0.16474228881895,0.164163630416517,TRUE,"unstable_good_overlap_warning",26,3000,"sample_size"
0.002,0.12,3000,1481,0.498295298071993,0.501778820252799,0.000659189699286911,0.00199047823778138,3.76635564592905e-06,0.0128920351940655,9.50618932196956e-05,3422.94684996096,130.448888268724,0.999707854067319,0.992334162343032,-0.0188668012110192,-0.100645769798538,0.0817789685875189,0.14185820702526,0.141334076576795,TRUE,"unstable_good_overlap_warning",27,3000,"sample_size"
0.002,0.12,3000,1442,0.498130638835759,0.501753220904551,0.00069596065009353,0.00202725957872476,3.52032927102621e-06,0.0122997342438677,8.56573362132519e-05,3493.91585187773,137.923931705031,0.999713788184262,0.99274962664102,0.0790099813443074,-0.0100401682547824,0.0890501495990897,0.138329931788318,0.137847275858827,TRUE,"unstable_good_overlap_warning",28,3000,"sample_size"
0.002,0.12,3000,1520,0.498161931830945,0.501678010928906,0.000676495861658744,0.00202405763212753,4.32085780316942e-06,0.0149109384955978,0.000105468853653881,3450.92089923912,135.81362313199,0.999710222277126,0.992636968391395,0.160223150519623,0.0707754358229127,0.0894477146967106,0.15146644088629,0.150929654149515,TRUE,"unstable_good_overlap_warning",29,3000,"sample_size"
0.002,0.12,3000,1534,0.498242269364277,0.501608557895829,0.000692354466121592,0.00203718529787528,4.54447538938469e-06,0.0150898041012002,0.00010950216083684,3320.47217957172,132.31257493003,0.999698838012813,0.992442139376935,-0.0194149931876889,-0.100168887390402,0.0807538942027127,0.14776564188645,0.147228358209342,TRUE,"unstable_good_overlap_warning",30,3000,"sample_size"
0.01,0.12,3000,1520,0.491049287337816,0.509387609674856,0.0032973816863342,0.0100339911106365,0.00010634141607693,0.0139687502525316,0.00010562215286647,131.357572316193,65.9016562240546,0.992387191827869,0.984825874533408,0.0192967157239439,-0.0637795041008431,0.083076219824787,0.146509862754308,0.145950642607512,TRUE,"unstable_good_overlap_warning",1,3000,"sample_size"
0.01,0.12,3000,1539,0.491175228063383,0.510471321602849,0.00333779118188782,0.0101383166618957,0.000114073325198197,0.016798687715078,0.000110981961788296,147.262190226252,74.6424931403019,0.993209390689738,0.986602805480782,0.0732919879227283,-0.0185960011265365,0.0918879890492648,0.162787393566442,0.162245079323221,TRUE,"unstable_good_overlap_warning",2,3000,"sample_size"
0.01,0.12,3000,1553,0.491105474562145,0.509781867696516,0.00340848588922477,0.010029380252492,0.000115971573102936,0.0169252469303506,0.000115293109758634,145.943065852248,73.1856101888314,0.993148012931204,0.986336111738089,0.0415713913826479,-0.0421486655567578,0.0837200569394057,0.160004742546935,0.159455070262251,TRUE,"unstable_good_overlap_warning",3,3000,"sample_size"
0.01,0.12,3000,1483,0.492106624284791,0.509686528055885,0.00337204697974314,0.00968120606897366,8.94988183536468e-05,0.0142034277762391,9.54901053835848e-05,158.699612324662,76.7798822183236,0.993698787379806,0.986975754962003,0.0728087774882582,-0.0159778528984731,0.0887866303867313,0.148120133197737,0.147618217259075,TRUE,"unstable_good_overlap_warning",4,3000,"sample_size"
0.01,0.12,3000,1442,0.490145810019318,0.509338942330713,0.00336738593591823,0.00984414104602903,8.29886350798227e-05,0.0129129820774332,8.56373000568555e-05,155.599403038896,76.5776751184016,0.993573240125156,0.986941363805393,0.0757169663902676,-0.0133994425679766,0.0891164089582442,0.143132960584734,0.142654470749926,TRUE,"unstable_good_overlap_warning",5,3000,"sample_size"
0.01,0.12,3000,1489,0.490830654384664,0.507442433681318,0.00340520120448862,0.0100890309560749,9.88216617518592e-05,0.0147845954837093,9.70852477925299e-05,149.608853176679,75.4674529759728,0.993315903579456,0.986749254671171,0.0910183869848528,-0.0010797162162739,0.0920981032011267,0.151983833650179,0.15148063049468,TRUE,"unstable_good_overlap_warning",6,3000,"sample_size"
0.01,0.12,3000,1557,0.49110134620997,0.508623515122056,0.00343246765329036,0.0101113665068509,0.000118972913428271,0.016849054051344,0.000116366612432371,141.620925014182,71.5946630287734,0.992938896565604,0.986032478432113,0.169021632864117,0.0800114020136313,0.0890102308504856,0.159202415016547,0.158647780153326,TRUE,"unstable_good_overlap_warning",7,3000,"sample_size"
0.01,0.12,3000,1528,0.491120689003183,0.508444065118381,0.00328182167199303,0.0102260538135266,0.00011268113812455,0.0167745072941527,0.000107754415936706,148.867038204844,76.0971040519684,0.993282596254626,0.986858895453931,0.0242639619641015,-0.0723052882733304,0.0965692502374319,0.163154450443553,0.162626023105537,TRUE,"unstable_good_overlap_warning",8,3000,"sample_size"
0.01,0.12,3000,1502,0.491825349279386,0.508035776230557,0.0033941241390878,0.00994906078334553,9.95318884141716e-05,0.0149509937683695,0.000100553704631961,150.213102620494,74.7229900001965,0.993342791124377,0.986617237880907,0.085390454813337,-0.00182329926945357,0.0872137540827905,0.149616001682544,0.149108644392926,TRUE,"unstable_good_overlap_warning",9,3000,"sample_size"
0.01,0.12,3000,1526,0.490648863213213,0.509078627766511,0.00331833278019344,0.00996323022777181,0.000106420535911219,0.0165083055172928,0.000107207485412658,155.123307507724,77.2759370001601,0.993553515483479,0.987059361053132,0.125075390393872,0.0306803940718439,0.0943949963220277,0.162752620249982,0.162219849030931,TRUE,"unstable_good_overlap_warning",10,3000,"sample_size"
0.01,0.12,3000,1486,0.490784592747403,0.508084110212909,0.00337070645738036,0.0100442715388213,9.72342028996317e-05,0.0147793480335725,9.63789450604809e-05,151.997420586954,76.3344235104182,0.993420940986114,0.986899750413868,0.100646487963061,0.00932489451741847,0.0913215934456422,0.151077102505785,0.150580422460646,TRUE,"unstable_good_overlap_warning",11,3000,"sample_size"
0.01,0.12,3000,1494,0.490200360819101,0.508028611289907,0.00349213544093141,0.0102785026741734,0.000103907920018562,0.0138896496808781,9.83533019956759e-05,133.672675561178,68.6718370558462,0.992519039543408,0.985437989678552,0.124302739748508,0.0322902781692658,0.0920124615792425,0.147400909892017,0.146874158532076,TRUE,"unstable_good_overlap_warning",12,3000,"sample_size"
0.01,0.12,3000,1538,0.491560268321072,0.508302089360628,0.00337134707546649,0.0101138847452953,0.000113244072626439,0.0151603627688342,0.000110708120847345,133.873344690137,67.694638456885,0.992530253111143,0.985227781360604,0.169557440031782,0.0899285770752334,0.0796288629565487,0.152040022795883,0.151479678315228,TRUE,"unstable_good_overlap_warning",13,3000,"sample_size"
0.01,0.12,3000,1566,0.491129734492668,0.508201125862733,0.00345465407292805,0.0102856279217133,0.000126176692789082,0.0172422281798641,0.000119266237911821,136.65145122076,70.2494389658158,0.992682112110288,0.985765010870954,0.1001584012819,0.00715627709377675,0.0930021241881229,0.1656558083451,0.165077646877574,TRUE,"unstable_good_overlap_warning",14,3000,"sample_size"
0.01,0.12,3000,1487,0.490308911787081,0.508721479249271,0.0033106380581967,0.00979604904753109,9.26290144818985e-05,0.0141059730423367,9.65261849296066e-05,152.284606731872,74.5735411250808,0.99343334811403,0.986590418197753,0.0663638994966086,-0.0170424711015671,0.0834063705981757,0.143982813286146,0.143486067915096,TRUE,"unstable_good_overlap_warning",15,3000,"sample_size"
0.01,0.12,3000,1521,0.490868089058261,0.50791336382431,0.00331572665023194,0.0100096212081946,0.000105965822746421,0.0163240062034981,0.000105762212791152,154.049728303076,77.0989357269188,0.993508589654682,0.987029652347706,0.196764593730492,0.0998956704887799,0.0968689232417123,0.163150218240145,0.16261737484077,TRUE,"unstable_good_overlap_warning",16,3000,"sample_size"
0.01,0.12,3000,1493,0.491914553292861,0.508363242242033,0.0032712749958646,0.00980489974462921,9.43519715370125e-05,0.0141902658101172,9.81442057395176e-05,150.397130859641,73.7171304432306,0.9933509369874,0.986434632032101,0.0278514535589245,-0.059503756845799,0.0873552104047235,0.145015570754554,0.144509846241449,TRUE,"unstable_good_overlap_warning",17,3000,"sample_size"
0.01,0.12,3000,1443,0.492024148183373,0.509030875063903,0.00355949391039878,0.0104090217408447,9.30501529693874e-05,0.012010502403609,8.5881033111157e-05,129.07557935515,67.123583466342,0.992252601111721,0.985102106467521,0.103935954684329,0.0146849865966596,0.0892509680876692,0.137501565777655,0.137005229490877,TRUE,"unstable_good_overlap_warning",18,3000,"sample_size"
0.01,0.12,3000,1431,0.490892232368838,0.508498278908434,0.00347786061673805,0.0102158931853506,8.68096447110087e-05,0.0122563545463395,8.31793058861615e-05,141.186553488857,72.1008895183071,0.992917172526073,0.986130545591312,0.0982266861345,0.0151911591430116,0.0830355269914884,0.134671648016608,0.134210615934634,TRUE,"unstable_good_overlap_warning",19,3000,"sample_size"
0.01,0.12,3000,1524,0.491420261830933,0.511064398761237,0.00346716246048273,0.0098595487454447,0.000103574149006832,0.0150549826286146,0.000106546036030202,145.354635041428,71.6493878299278,0.993120274425958,0.986043146629896,0.12916374804898,0.0421633674526845,0.0870003805962959,0.154198705407162,0.153648301244231,TRUE,"unstable_good_overlap_warning",20,3000,"sample_size"
0.01,0.12,3000,1501,0.48886979848903,0.510155583533667,0.00336062816008698,0.0100438347420699,0.000101149362574602,0.014585984405293,0.000100268388146519,144.202435230724,72.4165787427965,0.993065304352177,0.986191007399677,0.0823518052825891,-0.00327106726723847,0.0856228725498276,0.151551617630187,0.151026163756195,TRUE,"unstable_good_overlap_warning",21,3000,"sample_size"
0.01,0.12,3000,1484,0.491371211817841,0.508195097210559,0.00338948314962917,0.0100655390184226,9.69916334325709e-05,0.0137041114252194,9.57326762403257e-05,141.291686099364,71.1073317552872,0.992922442731013,0.985936752577899,0.0895025724964738,-0.000632050172838516,0.0901346226693123,0.144837782747258,0.144327381466944,TRUE,"unstable_good_overlap_warning",22,3000,"sample_size"
0.01,0.12,3000,1524,0.49216955965272,0.508813927692321,0.00329252662932866,0.00972214684148039,0.00010080154658031,0.0155718570693772,0.00010664557566851,154.480338820704,75.0642231165768,0.993526684317021,0.986678074341128,0.171285871614481,0.0823525070007636,0.088933364613717,0.155113240650726,0.154577700373555,TRUE,"unstable_good_overlap_warning",23,3000,"sample_size"
0.01,0.12,3000,1463,0.492007593231306,0.508827107838873,0.00328282413577508,0.0100967320702381,9.23954659264607e-05,0.0132916179449343,9.0633551055107e-05,143.855738067421,72.6202771786335,0.993048591502611,0.986229741349786,0.0652990590399584,-0.0201674246719601,0.0854664837119185,0.141876720454828,0.141388777278322,TRUE,"unstable_good_overlap_warning",24,3000,"sample_size"
0.01,0.12,3000,1488,0.491616029081593,0.509421613931107,0.00329021514704519,0.0100719631416826,9.82465537937186e-05,0.0142963026058443,9.68476461740586e-05,145.514545333175,73.2789729689838,0.993127834762426,0.986353520532783,0.0318963012007339,-0.0583892155871488,0.0902855167878828,0.149394747342583,0.148884350453112,TRUE,"unstable_good_overlap_warning",25,3000,"sample_size"
0.01,0.12,3000,1501,0.49182559227549,0.50943696013284,0.00342218982688447,0.0101757294124972,0.000103794766805409,0.0144788653541245,0.000100240761600939,139.495138336493,70.9624714245312,0.992831291384594,0.985908044351816,0.0978747718200171,0.00981828874894686,0.0880564830710703,0.147012109139523,0.146498637358006,TRUE,"unstable_good_overlap_warning",26,3000,"sample_size"
0.01,0.12,3000,1484,0.491792713580148,0.508052983881048,0.003400992861332,0.00965591996383415,8.93603027978704e-05,0.0133792090031492,9.58423198228587e-05,149.722064319908,72.2409262559315,0.993320957705584,0.986157431087508,0.0952791991287648,0.00992481932644096,0.0853543798023239,0.142766450993316,0.142250725530722,TRUE,"unstable_good_overlap_warning",27,3000,"sample_size"
0.01,0.12,3000,1490,0.491757574594287,0.507870456108426,0.00339410207083818,0.00999926701176476,9.72840716998867e-05,0.0134119304041315,9.72983348840859e-05,137.863580026812,68.9267372091193,0.992746452690366,0.985491841910838,0.159152016772966,0.0714648349151475,0.0876871818578183,0.1425482653309,0.142026466247856,TRUE,"unstable_good_overlap_warning",28,3000,"sample_size"
0.01,0.12,3000,1517,0.491488380099353,0.509111539727374,0.00338936262832168,0.0101460265831308,0.000107735546479282,0.015126981269306,0.000104656697738608,140.408451654486,71.2219098442569,0.992877921605027,0.985959376795894,0.12699084221572,0.0324686258011357,0.094522216414584,0.156961206002037,0.156413383609639,TRUE,"unstable_good_overlap_warning",29,3000,"sample_size"
0.01,0.12,3000,1539,0.491416359272239,0.50995426836145,0.00339624905005298,0.0100719541205003,0.000112575390524156,0.0165121249323778,0.000110972657043424,146.67615058226,73.8638745095103,0.993182259037817,0.986461582111141,0.163747540740473,0.0711752094317422,0.0925723313087311,0.15917696550783,0.15863749108437,TRUE,"unstable_good_overlap_warning",30,3000,"sample_size"
0.05,0.12,3000,1501,0.456207983237464,0.547478737488747,0.0169783889065255,0.048093080671006,0.00231289607232291,0.0172815994553855,9.9997910191667e-05,7.47184435227524,7.1621876388351,0.866164235648794,0.860377855143342,0.165224733940853,0.0724559072788321,0.0927688266620212,0.155024396922272,0.154505711619198,FALSE,"stable",1,3000,"sample_size"
0.05,0.12,3000,1536,0.459553342872408,0.542556376344229,0.0163113675861083,0.0501473394661769,0.00276135993714097,0.0193055031895593,0.000109806291957714,6.99130270193883,6.72392388636435,0.856965140456201,0.851277317099331,0.130273070715552,0.0349114055535706,0.0953616651619814,0.161382578326567,0.160846124904462,FALSE,"stable",2,3000,"sample_size"
0.05,0.12,3000,1501,0.462896993547456,0.54257766705481,0.0173538551534387,0.0487389170712463,0.00238403675749619,0.0177410079320458,0.00010036012565383,7.44158322067069,7.14097173940727,0.865619993710173,0.859963036335584,0.0860227175344396,-0.00733873071671387,0.0933614482511534,0.155902696831697,0.155392437977358,FALSE,"stable",3,3000,"sample_size"
0.05,0.12,3000,1460,0.444769315891197,0.544963048509755,0.0165651390682438,0.0507244668613185,0.00231261009730847,0.0149731239480256,8.98809047370196e-05,6.47455615862444,6.23233299740871,0.845549258435584,0.839546442653853,0.0783860669430428,-0.00577089649375973,0.0841569634368026,0.139820332219576,0.13932313430934,FALSE,"stable",4,3000,"sample_size"
0.05,0.12,3000,1501,0.449945878979286,0.545666614584216,0.0170001060346744,0.0501718142973463,0.00252834400158809,0.0162073926289824,0.000100442277263302,6.4102798585961,6.16535195704992,0.844000570636707,0.837803258116266,0.0809813962729138,-0.0092039255071017,0.0901853217800155,0.148183533174887,0.147638491081725,FALSE,"stable",5,3000,"sample_size"
0.05,0.12,3000,1530,0.454413871763549,0.546121402830472,0.0170057238151997,0.0498194399002394,0.00267854125342012,0.0171304923248675,0.00010791968232425,6.39545584858707,6.14775972816258,0.843638979976552,0.837339121205559,0.108280341889303,0.0192773935156769,0.0890029483736259,0.149842569413304,0.149282047697276,FALSE,"stable",6,3000,"sample_size"
0.05,0.12,3000,1473,0.460953824877808,0.544240071471322,0.0174265400767875,0.0496235822007644,0.00229072133031218,0.0168288556398814,9.30242198427765e-05,7.34653116343399,7.05983725435268,0.863881336952967,0.858353675308385,0.159571774831091,0.055719845755668,0.103851929075423,0.155781131013108,0.155281937868476,FALSE,"stable",7,3000,"sample_size"
0.05,0.12,3000,1498,0.457865118059677,0.556556954191615,0.0160569312309936,0.0515781625681776,0.00264884097301593,0.0181522957396535,9.95690015654933e-05,6.85292017322788,6.60465356607432,0.854076805986056,0.848591604389876,0.0449952175590964,-0.0479805423166968,0.0929757598757932,0.15796838161543,0.157460298427351,FALSE,"stable",8,3000,"sample_size"
0.05,0.12,3000,1508,0.456380662539601,0.541449204171498,0.016808241703927,0.0486200776823765,0.0024227865940656,0.016917882714938,0.00010249055977443,6.98282001245047,6.69941621624067,0.856791382533563,0.850733262761641,0.0299148305252728,-0.0566405909777126,0.0865554215029853,0.148554988962432,0.148028862983332,FALSE,"stable",9,3000,"sample_size"
0.05,0.12,3000,1497,0.458278124074534,0.543568800761934,0.0169814160933959,0.0513671222513096,0.00261451902818487,0.0172422556104171,9.90880621845213e-05,6.59480976215636,6.35399858424973,0.848365603244782,0.842618787722302,0.0975568548299903,0.00627708401727767,0.0912797708127127,0.149174825279384,0.148668712739538,FALSE,"stable",10,3000,"sample_size"
0.05,0.12,3000,1479,0.457545179084928,0.539085046747681,0.0167973588514576,0.0504195029207899,0.00240403006687783,0.0177309350401873,9.45676888960331e-05,7.37550469292377,7.09635434483758,0.86441605806862,0.859082572345408,0.0193850867628576,-0.0791433689291932,0.0985284556920507,0.153517178829734,0.153042842099633,FALSE,"stable",11,3000,"sample_size"
0.05,0.12,3000,1506,0.459304547004986,0.54046159813171,0.0169663336172627,0.0517922946004216,0.00273176014061806,0.0175836986604469,0.000101838562201399,6.43676521924381,6.20543009246544,0.844642461556571,0.838850815318315,0.0910354418086732,0.000615321095758237,0.0904201207129149,0.154663979241124,0.154132807817258,FALSE,"stable",12,3000,"sample_size"
0.05,0.12,3000,1481,0.455381533345728,0.544108916403204,0.0171267126266983,0.0496665614961041,0.00234325445414047,0.0160787701763994,9.49929255523485e-05,6.86172606990613,6.5943965777685,0.854264074401664,0.848356102304907,0.0297186805952165,-0.0592997079744632,0.0890183885696797,0.144284324732425,0.143784533902685,FALSE,"stable",13,3000,"sample_size"
0.05,0.12,3000,1476,0.45912410703865,0.553861017988393,0.0170760503176846,0.0500970763719223,0.00234964627301459,0.0153306983590656,9.36219588061879e-05,6.52468353859764,6.27466856049645,0.846735861734233,0.84062903237699,0.130839884036129,0.0435143145292687,0.0873255695068601,0.141120084286753,0.140610270185672,FALSE,"stable",14,3000,"sample_size"
0.05,0.12,3000,1533,0.459675819327188,0.543749404075118,0.0170818116819165,0.0509135940657829,0.00281953928100016,0.0179095415498265,0.000108770378103708,6.35193901021786,6.11599988892817,0.842567757909612,0.836494437841586,0.119496427299526,0.0296886319648098,0.0898077953347166,0.15179770000573,0.151249623402167,FALSE,"stable",15,3000,"sample_size"
0.05,0.12,3000,1501,0.455257728918173,0.54484704336607,0.0166159005650112,0.0489022100654233,0.00239508582589368,0.0175002989375585,0.000100153033227139,7.3067523294405,7.01347643476693,0.86314029066364,0.857417357953491,0.130320497984672,0.0378609028727304,0.0924595951119414,0.155511187661103,0.154994782503203,FALSE,"stable",16,3000,"sample_size"
0.05,0.12,3000,1515,0.455470879907019,0.54813929811925,0.0170757508988432,0.0505067749259888,0.00265962415069317,0.0170639171216562,0.000104260785418766,6.41591298424964,6.17388839119356,0.844137537018521,0.838027522261918,0.121851516486402,0.0339975958579788,0.0878539206284236,0.148213186988401,0.147675816374904,FALSE,"stable",17,3000,"sample_size"
0.05,0.12,3000,1518,0.45778069082611,0.542658556690069,0.0167752523001418,0.0489981718802689,0.00251991432168162,0.0182155304980728,0.000104960531486216,7.22863088690929,6.93958055794141,0.861661216951753,0.855899071759368,0.126683934150921,0.034849044342979,0.0918348898079424,0.157911262915905,0.157382381083096,FALSE,"stable",18,3000,"sample_size"
0.05,0.12,3000,1512,0.451940665631353,0.553664630142186,0.0168642899997048,0.0507856329345318,0.00266012941022533,0.0176551941413326,0.000103138551073494,6.63696813901888,6.38924432541609,0.849328793049197,0.843486968244108,0.0784351513673727,-0.0104732090266999,0.0889083603940726,0.152188946835374,0.151664653281486,FALSE,"stable",19,3000,"sample_size"
0.05,0.12,3000,1480,0.456575450015539,0.543731633080983,0.0166080465313936,0.0493632844670753,0.00230910464283787,0.0149648787628556,9.4762283522978e-05,6.48081446168841,6.22533576994234,0.845698406286503,0.839366094142539,0.1152750191082,0.0341126556749092,0.0811623634332904,0.135935523777355,0.135425647240051,FALSE,"stable",20,3000,"sample_size"
0.05,0.12,3000,1531,0.449167350657548,0.5406277717538,0.0171970291632155,0.0486902008267745,0.00257375773515779,0.0176561283301688,0.000108563674235257,6.86005838427768,6.58240592210162,0.854228645882685,0.848079864439487,0.135894436381589,0.0471740895381882,0.0887203468434011,0.154304301218758,0.153747953132689,FALSE,"stable",21,3000,"sample_size"
0.05,0.12,3000,1501,0.461064445953859,0.545940709678088,0.0165773982142651,0.0499200218981058,0.00250173698128032,0.0168670083103451,0.000100390383685932,6.74211895037545,6.48200719820026,0.85167867737719,0.845726798903023,0.11207893733246,0.0242578890037457,0.0878210483287144,0.15014519875128,0.14961964094972,FALSE,"stable",22,3000,"sample_size"
0.05,0.12,3000,1525,0.453544549074176,0.546091016524808,0.0167438809084691,0.0484134434520726,0.00250834919248785,0.0175889623104114,0.000107017807371191,7.01216655284195,6.72523676843801,0.857390723328625,0.851306350329097,-0.0104902223798256,-0.0865654052050044,0.0760751828251789,0.14682377739248,0.146301890984675,FALSE,"stable",23,3000,"sample_size"
0.05,0.12,3000,1519,0.456017030010247,0.548342823528461,0.0167688039126539,0.0500876227933373,0.00263647423788981,0.018927184165298,0.000105090314496209,7.17897557779553,6.90378935226072,0.860704359673129,0.855152011601782,0.0699347307007256,-0.0307566116435882,0.100691342344314,0.165764334364268,0.165228801803696,FALSE,"stable",24,3000,"sample_size"
0.05,0.12,3000,1500,0.460000760361346,0.545448316244678,0.0170328023509345,0.0502432945293765,0.0025199580129228,0.0177415868080999,9.98244869207692e-05,7.04042952982463,6.77216021145239,0.857963211510916,0.852336629852775,0.0734756091661196,-0.0178315710693195,0.0913071802354392,0.153006374103303,0.152503835673418,FALSE,"stable",25,3000,"sample_size"
0.05,0.12,3000,1451,0.458898939675123,0.540267255063626,0.017182768567372,0.0493997979198422,0.00212924296856077,0.0141727613282934,8.72518968029179e-05,6.65624427909856,6.39422249505999,0.849765129092373,0.84360882018532,0.165544533465389,0.0812604516750206,0.0842840817903679,0.135365015378622,0.134873783355818,FALSE,"stable",26,3000,"sample_size"
0.05,0.12,3000,1506,0.458463395880937,0.539907669388164,0.016889268971016,0.0509998757075684,0.0026363285223458,0.0153162910880194,0.000101358760954231,5.80970503417796,5.59460942871348,0.827874221820713,0.821256512587339,0.0928842466282329,0.0140519997919193,0.0788322468363136,0.138379905601816,0.137825717924188,FALSE,"stable",27,3000,"sample_size"
0.05,0.12,3000,1477,0.446870050172268,0.542091730841763,0.0171818218904422,0.0509175397950904,0.00243875110278807,0.0163794366074063,9.406599545875e-05,6.7163215584734,6.46688488432264,0.851108975159418,0.845366042864896,0.0901758401098012,-0.00105262283547147,0.0912284629452726,0.148128152109218,0.14762755238488,FALSE,"stable",28,3000,"sample_size"
0.05,0.12,3000,1510,0.448024429153482,0.547072035967197,0.016854029273159,0.049401986652752,0.00251874125566978,0.0174247158811907,0.00010320357169814,6.91802535967799,6.64572179372775,0.855450081777881,0.849527255121663,0.158089863737809,0.0695990233032864,0.0884908404345226,0.156702349269521,0.15615893186276,FALSE,"stable",29,3000,"sample_size"
0.05,0.12,3000,1492,0.451542440135446,0.538644705044713,0.0161139275807221,0.0476248235390367,0.00221957294224707,0.0155532294048397,9.78594257284036e-05,7.00730717553881,6.71140595935799,0.85729182766658,0.850999923703668,0.168099807154371,0.0810427567124142,0.0870570504419564,0.144736420998365,0.144204312384733,FALSE,"stable",30,3000,"sample_size"
0.2,0.12,3000,1492,0.343463833555038,0.669383426579726,0.0698509189606836,0.200411579803883,0.0392718642696467,0.0539422444013311,9.77768169628458e-05,1.37355955477324,1.37014823890985,0.271964585354227,0.270151964873786,0.116865056721652,0.0240045750740145,0.0928604816476372,0.151648972433089,0.151142763909884,FALSE,"stable",1,3000,"sample_size"
0.2,0.12,3000,1528,0.291170758662918,0.683784146854884,0.0679078632043517,0.202980721197899,0.0456226485295391,0.0596826671735872,0.000110731430710519,1.30818067554637,1.30501325783185,0.235579596386913,0.233724259888823,0.106005041786361,0.0160027155020515,0.0900023262843093,0.151280059112015,0.150683169080202,FALSE,"stable",2,3000,"sample_size"
0.2,0.12,3000,1536,0.341687759734146,0.66740743782734,0.0656850557916302,0.192722747477067,0.040599769949565,0.0557578447260377,0.000109309426555651,1.37335371100139,1.36966606910655,0.271855464481292,0.269895033135842,0.0241919544962723,-0.055744959660311,0.0799369141565833,0.151622960034478,0.151075271525941,FALSE,"stable",3,3000,"sample_size"
0.2,0.12,3000,1466,0.350579371884235,0.699074484998333,0.0670049387224966,0.204761406993756,0.038347393192254,0.0500845580012448,9.14617772796748e-05,1.30607464632985,1.30296695988841,0.23434697793877,0.232520830700386,0.112605815751848,0.031088566096054,0.0815172496557937,0.132203101827092,0.131686998540078,FALSE,"stable",4,3000,"sample_size"
0.2,0.12,3000,1476,0.319984770861041,0.668868275020109,0.0677282743086525,0.198751412669292,0.0372959107199102,0.0527999790535559,9.44149501530492e-05,1.41570424302225,1.41212942405127,0.293637774324108,0.291849611680004,0.0769486972791673,-0.0167191277676622,0.0936678250468295,0.155717573163049,0.155242713347014,FALSE,"stable",5,3000,"sample_size"
0.2,0.12,3000,1476,0.30896533101047,0.674078018821749,0.0681607040372714,0.201856830661708,0.0379307818760228,0.0509305090841577,9.30903996327806e-05,1.3427223633466,1.33943509790205,0.255244399514131,0.253416607070923,0.106286988757785,0.0258641210566919,0.080422867701093,0.139980705492005,0.13947860756937,FALSE,"stable",6,3000,"sample_size"
0.2,0.12,3000,1528,0.350936556071432,0.657108790518305,0.0685817978230264,0.200731724630417,0.0434657763016223,0.0584664214527234,0.000107873658678395,1.34511393623818,1.34178388787699,0.256568552998079,0.254723499786372,0.113403113984713,0.0293345726644292,0.0840685413202843,0.153266188125574,0.152714104676602,FALSE,"stable",7,3000,"sample_size"
0.2,0.12,3000,1490,0.31693557678433,0.667313372165512,0.0658897135701605,0.201848963367528,0.0393834080901852,0.0530017558847755,9.66629953894857e-05,1.34578896177307,1.34249393244232,0.256941445943721,0.255117676263342,0.0537889684722357,-0.03913183516899,0.0929208036412257,0.14719105530171,0.146667744178853,FALSE,"stable",8,3000,"sample_size"
0.2,0.12,3000,1515,0.295120714302911,0.678899381858272,0.0670098911142993,0.194308146524358,0.0393040679083605,0.0565013373828372,0.000104101139470591,1.4375442642368,1.4337468283355,0.304369246305673,0.30252679187375,0.143913127529375,0.0521147975560419,0.0917983299733335,0.160935824931238,0.160447984879697,FALSE,"stable",9,3000,"sample_size"
0.2,0.12,3000,1488,0.31243280282409,0.6656640317835,0.0679009810954743,0.204030232874509,0.0403304462902765,0.054040301196136,9.68821966872965e-05,1.33993809062224,1.33672699183083,0.253696863311334,0.251904086540241,0.0917561822865436,0.00622626923699388,0.0855299130495497,0.145787393597979,0.14527136902468,FALSE,"stable",10,3000,"sample_size"
0.2,0.12,3000,1471,0.344156634094942,0.665961522771467,0.0693521236538727,0.206538867594961,0.0398750620482059,0.0531629877621121,9.34754982512585e-05,1.33323899779371,1.33012091574075,0.249946932504349,0.248188650997118,0.113612798415287,0.0248866493850335,0.0887261490302536,0.144894484944388,0.144383946731528,FALSE,"stable",11,3000,"sample_size"
0.2,0.12,3000,1466,0.339736095909725,0.698935897595017,0.067744060965179,0.200295198904416,0.036660519438659,0.0494243238116659,9.13813427941559e-05,1.34816212559027,1.34481000331302,0.25824944862461,0.256400534249122,0.109120358642388,0.0160864881918361,0.0930338704505523,0.147105142366963,0.14657760324298,FALSE,"stable",12,3000,"sample_size"
0.2,0.12,3000,1481,0.33183172150569,0.660978945767126,0.0702983509696327,0.200184928566072,0.0379758784396973,0.0520773561717734,9.47643686909174e-05,1.37132722958517,1.36791376058139,0.270779447511954,0.268959762803339,0.114613551759562,0.019114659960755,0.0954988917988069,0.153870465912511,0.153352576300294,FALSE,"stable",13,3000,"sample_size"
0.2,0.12,3000,1520,0.325935428011023,0.665523400132651,0.0697651761225894,0.201863757711503,0.0429101659237276,0.0583467606555073,0.000105303665079564,1.35974213567988,1.35641343017419,0.264566439650711,0.262761649395066,0.111600669030354,0.0156401702847642,0.09596049874559,0.159233833381642,0.158689782026011,FALSE,"stable",14,3000,"sample_size"
0.2,0.12,3000,1511,0.329597903283313,0.691408482405145,0.0676013870574159,0.204153078646707,0.0434436452933618,0.0613568636806708,0.000104235197139442,1.41233230467532,1.40895177881399,0.291951337026246,0.29025250186932,0.028710342047175,-0.0661412043160605,0.0948515463632356,0.166532713155653,0.166047487790604,FALSE,"stable",15,3000,"sample_size"
0.2,0.12,3000,1519,0.324675245465744,0.680490381120687,0.0678894121908253,0.198973217616005,0.0415123439828518,0.0544173182958606,0.000104854726152623,1.31087076938705,1.30756802437274,0.237148296114962,0.235221432950141,0.115815930886965,0.0255291862021427,0.0902867446848221,0.143468032650622,0.142883994940911,FALSE,"stable",16,3000,"sample_size"
0.2,0.12,3000,1496,0.332642593607564,0.664317046845531,0.0660640111807392,0.199399488440738,0.0396001686611437,0.0536077516614873,9.95976189597375e-05,1.35372533688444,1.35032915013291,0.261297714718502,0.25943981887559,0.102676919660124,0.015794971804199,0.0868819478559246,0.146616193380678,0.146094023582238,FALSE,"stable",17,3000,"sample_size"
0.2,0.12,3000,1499,0.327780247871861,0.660287719097925,0.0658488595523395,0.200077771423447,0.0398221960552646,0.0570308457599424,9.94781095542725e-05,1.43213713479779,1.4285684894999,0.301742845917338,0.299998559851987,0.0491655192200884,-0.0506848340515396,0.0998503532716279,0.166504574493728,0.166022620148524,FALSE,"stable",18,3000,"sample_size"
0.2,0.12,3000,1468,0.335213684061175,0.682228537887076,0.0666030949197129,0.206660415154375,0.0395941910256808,0.056013464310464,9.27079289058287e-05,1.41468894450031,1.41138425490386,0.293130830005026,0.291475729217259,0.0718577690488242,-0.0184916074600348,0.090349376508859,0.160414896815929,0.159961381468938,FALSE,"stable",19,3000,"sample_size"
0.2,0.12,3000,1483,0.340130622296962,0.66972776423524,0.0664438534710015,0.20008218803334,0.0376080999949556,0.050780886956118,9.39430241990099e-05,1.35026462285862,1.34690013828478,0.259404428531263,0.25755446036745,0.182669783580685,0.0934175645460893,0.0892522190345957,0.142188848985929,0.141680924915993,FALSE,"stable",20,3000,"sample_size"
0.2,0.12,3000,1522,0.330136534931086,0.677839952741634,0.0687978288393939,0.203438314120021,0.0442295947997984,0.056345029105908,0.000106867946473874,1.27392144017934,1.27085079899942,0.215022238844477,0.213125568487399,0.175896988370573,0.0839896479002129,0.0919073404703599,0.139237002044597,0.138621550258837,FALSE,"stable",21,3000,"sample_size"
0.2,0.12,3000,1531,0.325822659640093,0.656953411021068,0.064551554438911,0.19843855237184,0.0425505833670193,0.0618353528439493,0.000108057127468902,1.45321986094972,1.44953875995975,0.311872878377487,0.310125380829578,-0.0116073348362042,-0.0975980641222056,0.0859907292860014,0.171709606539967,0.171227865983604,FALSE,"stable",22,3000,"sample_size"
0.2,0.12,3000,1500,0.321121765707651,0.668816588343574,0.0677696280498274,0.20202348151634,0.0409151000177081,0.0571531212337524,0.000100248969007515,1.39687111137493,1.39345690444481,0.284114338211415,0.282360296317578,0.0881714344833198,0.000745566250147878,0.0874258682331719,0.153668937784474,0.153193849015214,FALSE,"stable",23,3000,"sample_size"
0.2,0.12,3000,1447,0.329116522473438,0.662632481223404,0.0656044858090282,0.201324660247112,0.035015319857702,0.0497155369496098,8.6390134107599e-05,1.41982244205244,1.41632806382396,0.2956865799681,0.293948891120544,0.0499301026544101,-0.0386791741602477,0.0886092768146578,0.147258376002714,0.146825034897898,FALSE,"stable",24,3000,"sample_size"
0.2,0.12,3000,1500,0.32115671549749,0.674190634831374,0.0660834221282271,0.2029126349791,0.040737609652024,0.0528383533111138,9.89412428241448e-05,1.29704108224447,1.29389853337932,0.229014397701614,0.227141870708928,0.112415413549616,0.0217463098161563,0.0906691037334595,0.136711419741197,0.136151364868149,FALSE,"stable",25,3000,"sample_size"
0.2,0.12,3000,1497,0.346683971290378,0.677433640038751,0.0673794273831539,0.200188985503327,0.0397242115936991,0.0575238896581247,9.91231121659687e-05,1.44808134259482,1.44447696515111,0.309431058473487,0.30770789418896,0.116499311459197,0.0255993208310308,0.0908999906281664,0.169689416006113,0.169216271900603,FALSE,"stable",26,3000,"sample_size"
0.2,0.12,3000,1502,0.336785863844931,0.682898327784242,0.0669215689547338,0.195614556107849,0.0391378443468789,0.0550087249152436,0.000102280905634698,1.40551238406748,1.40184886162462,0.288515696243065,0.286656338372249,0.170028672438906,0.0867158633799485,0.0833128090589579,0.151935024186767,0.151444655362475,FALSE,"stable",27,3000,"sample_size"
0.2,0.12,3000,1547,0.333143418514671,0.670832590422454,0.0662693433957586,0.198183955539927,0.0441937368572903,0.0630633103342536,0.000112518450026107,1.42697392931258,1.42335004158746,0.299216349045889,0.297432134905691,0.0636994350482258,-0.0255137856977479,0.0892132207459737,0.170433944374678,0.16992503947866,FALSE,"stable",28,3000,"sample_size"
0.2,0.12,3000,1546,0.348140641771145,0.668200289873553,0.0678680224277489,0.206673289291842,0.0484440005775341,0.064275950886119,0.000113415209050818,1.32680930806377,1.3237102890446,0.246312191267854,0.244547686698302,0.0988228710273511,0.00800117112376153,0.0908216999035896,0.159835029917618,0.159261496488644,FALSE,"stable",29,3000,"sample_size"
0.2,0.12,3000,1471,0.343828160107168,0.653389474606518,0.0682893643434462,0.207186889164145,0.0393556019831276,0.0516543852880705,9.16815654873356e-05,1.31250400667777,1.30945354511956,0.23809756396004,0.236322660145465,0.108999673612815,0.0245947530580644,0.084404920554751,0.134289566462172,0.133788097817174,FALSE,"stable",30,3000,"sample_size"
