"Y","Z","X","U","ps_observed_true","ps_ideal_true","w_observed_true","w_ideal_true"
1.81394213992803,0,-0.443632428519763,0.581620981126776,0.5,0.517441549793536,1.02020202020202,1.09395020273703
-0.476451878751783,1,-0.514800670586481,-1.01966336722651,0.5,0.469448207603826,1.02020202020202,0.902705478789548
2.32248542356365,0,1.18067060679967,0.564752995589096,0.5,0.516936108320092,1.02020202020202,1.09173811395736
0.973510416468934,1,1.5731868478719,-1.243065145607,0.5,0.462777040838124,1.02020202020202,0.878827056652107
1.26723882945143,1,0.093360215272022,-0.590485309518137,0.5,0.482292848899036,1.02020202020202,0.950414027948838
-0.954157479748277,0,0.165142868311283,-1.93829293692429,0.5,0.442111957900496,1.02020202020202,0.808483922523488
1.22603123652252,1,-0.338525281501011,-0.386865597718009,0.5,0.48839611602783,1.02020202020202,0.973922833348772
1.40607605386961,1,-0.779741936403831,0.935409759245557,0.5,0.528032864737368,1.02020202020202,1.14139344689404
1.08298169055743,0,0.385528301565115,0.366836175368694,0.5,0.511003308476293,1.02020202020202,1.06611479520032
0.227875906903906,0,-1.83045675395468,-0.797418125748104,0.5,0.476095693644629,1.02020202020202,0.927104019901426
1.01338462671503,0,-0.543968104798845,-0.278467107787216,0.5,0.491646764043212,1.02020202020202,0.986674199011704
0.754003997661931,0,-0.137872133424849,1.88100965406444,0.5,0.556191910292657,1.02020202020202,1.27854386537831
0.577152254207401,1,0.296186116058919,-0.292946855607451,0.5,0.49121249926255,1.02020202020202,0.98496127237752
0.305609132038608,1,-0.433644915367785,1.61057431323273,0.5,0.548167390114386,1.02020202020202,1.23771827567989
2.76718000363745,1,-0.502381453655267,0.585946672786271,0.5,0.517571161457933,1.02020202020202,1.09451820109557
1.54181002053765,1,0.112626033178676,-0.54099406111799,0.5,0.483775875832616,1.02020202020202,0.956075283473975
1.52510154602736,0,-0.781480953190318,-0.73175871921651,0.5,0.478061333631074,1.02020202020202,0.934437645219709
0.671918637931192,0,0.915930033212789,-4.58982570089395e-05,0.5,0.49999862305229,1.02020202020202,1.02019640115815
2.55625223256926,0,0.179025647483244,-0.048960447335495,0.5,0.498531190805037,1.02020202020202,1.01422564807073
-0.347518310812109,0,0.0140540719148984,-0.184299683446843,0.5,0.494471234845279,1.02020202020202,0.997886940353527
4.92988612033774,0,0.66385027064269,1.74455198501269,0.5,0.552146252371321,1.02020202020202,1.25777829279936
-1.8920439441755,1,-1.78098707051411,0.0605389896504611,0.5,0.501816161702109,1.02020202020202,1.02764044632132
1.53710173212167,0,-1.20977019538073,0.625567628070224,0.5,0.518758220774551,1.02020202020202,1.09973449454534
2.10762085841881,1,-1.40205531713891,-0.0546496245965561,0.5,0.498360517137838,1.02020202020202,1.01353347123326
3.0846695462994,0,1.83152213504614,1.0664972572397,0.5,0.531951319271862,1.02020202020202,1.15949009775225
-0.495887560797313,1,-1.42540003002646,-0.522880544334985,0.5,0.484318728120543,1.02020202020202,0.958155689946694
-1.00041806564469,0,-2.16598902491534,-1.00757219259222,0.5,0.469809604474033,1.02020202020202,0.904016201800935
0.713854362867228,0,-0.788667275859671,-1.71475024600547,0.5,0.448738239261646,1.02020202020202,0.830465109031782
0.370366195756815,0,0.17189206029421,2.15193257638105,0.5,0.564201606349293,1.02020202020202,1.32079334615473
3.0168297079502,1,-1.24395599091499,2.25326183992344,0.5,0.567188995674229,1.02020202020202,1.33695158727448
1.81851183089616,0,0.318580751917608,0.202315024494729,0.5,0.506069152635298,1.02020202020202,1.04527339127544
0.448933372665984,1,-1.63056885234107,0.360384546765737,0.5,0.510809851713871,1.02020202020202,1.06528973341625
-1.84120718995637,0,0.395340614332459,-0.451319015494934,0.5,0.48646373799625,1.02020202020202,0.966419170327599
-0.88857572777177,0,-1.8481507197084,-0.236980321865728,0.5,0.492891069419831,1.02020202020202,0.991598519446996
-0.362773296346911,1,-2.52924543988338,-1.09633216416931,0.5,0.46715739139596,1.02020202020202,0.894438445347052
1.55597185214598,1,0.279419923395154,0.429271982141936,0.5,0.512875312481052,1.02020202020202,1.07413244146974
0.57746229842812,0,0.824337972671435,-2.14321486169807,0.5,0.436055630374958,1.02020202020202,0.78884524607415
0.167470088252041,0,-0.621761966525956,0.276831546463603,0.5,0.508304182731675,1.02020202020202,1.05466212216526
0.233745126348442,1,0.92795700269812,-1.15008938176253,0.5,0.465551978705885,1.02020202020202,0.88868711317282
0.115222936967093,0,0.265901628734904,-1.21926372346637,0.5,0.463487201156843,1.02020202020202,0.88134072472747
-0.0301778280570133,1,-0.651890180987931,-0.146446444032701,0.5,0.49560671974334,1.02020202020202,1.00243004119835
0.203969234649831,1,-0.203062557433992,0.698298815247295,0.5,0.520936714866784,1.02020202020202,1.10937470141697
-0.0443193549240235,1,1.47271345379232,0.610229434816399,0.5,0.518298706889021,1.02020202020202,1.09771220338919
1.00251965691418,0,0.167489449587136,-0.1433551313914,0.5,0.495699452112826,1.02020202020202,1.00280196913782
1.05282085025014,1,1.0481705839184,1.68617919457439,0.5,0.550413490312642,1.02020202020202,1.24899867470199
0.448516271307609,1,-1.5409854099298,-0.000205148685513578,0.5,0.499993845539435,1.02020202020202,1.02017690533875
2.29194667797476,1,-0.843619214452704,-0.141308314922882,0.5,0.495760852128795,1.02020202020202,1.00304830557912
-0.472045365641024,1,1.27788469517402,-0.398653235703631,0.5,0.488042683213227,1.02020202020202,0.97254617725548
1.12807523894766,1,0.227829000780628,-0.296985775975107,0.5,0.491091369596122,1.02020202020202,0.98448400642789
2.00988901033691,0,-0.138575823380799,-1.82410248963288,0.5,0.445494382828012,1.02020202020202,0.819638711087794
0.879736571169125,1,-0.59582636585876,-0.083087364433324,0.5,0.497507399716196,1.02020202020202,1.01008065386287
0.385614278071417,0,-2.73651698896724,1.31505042841755,0.5,0.539369845291497,1.02020202020202,1.19459440546322
3.24219321916621,1,0.925162703943555,1.30690615787408,0.5,0.539127022670908,1.02020202020202,1.19342748377632
2.58569123040916,1,1.96593346477346,0.464347956231459,0.5,0.513926835404608,1.02020202020202,1.07866311885835
0.302097787324833,1,0.430328937425565,-1.27918758226787,0.5,0.461699549206159,1.02020202020202,0.875025856158683
0.548329100130214,1,2.86814497196136,-0.60809332382481,0.5,0.481765290909228,1.02020202020202,0.948407959611829
1.21740609082708,0,0.863228560433282,-0.75023731097744,0.5,0.477508070280628,1.02020202020202,0.932367889825042
-0.0588605350081859,1,-1.52557806162667,-0.117423355750346,0.5,0.496477357612562,1.02020202020202,1.00592736171567
-0.511386414072708,0,3.08126103060141,-2.41375521540419,0.5,0.428089401795936,1.02020202020202,0.763646755123527
1.1939779909366,0,-1.02802141636626,0.904749169800847,0.5,0.527115844830265,1.02020202020202,1.13720166746401
2.38548333202849,1,-0.926369953251748,0.153539074222567,0.5,0.504606041926648,1.02020202020202,1.03917315701999
-0.56568928536945,1,0.126920310206406,-0.221420407011195,0.5,0.493357778562868,1.02020202020202,0.993451751700632
0.931384957309627,1,0.688906883160942,0.690685843278369,0.5,0.520708721816702,1.02020202020202,1.10836168758959
0.816017321005741,0,-1.94645296630366,0.316678059432982,0.5,0.509499198658014,1.02020202020202,1.05971715100177
0.802554942483476,0,0.278510608633692,-1.24058234140731,0.5,0.4628511129795,1.02020202020202,0.87908893032188
0.452478634872535,0,-0.0811336986645773,-0.920261179952074,0.5,0.472420187077848,1.02020202020202,0.91353766280696
1.99835316573296,1,1.55112595197641,0.625241679659035,0.5,0.518748456078061,1.02020202020202,1.09969148058122
0.867732450899499,1,1.3614222635594,-0.390692927653362,0.5,0.488281358585432,1.02020202020202,0.973475633169815
2.40494347220185,1,-0.808347971038909,1.38489327079763,0.5,0.541451440885342,1.02020202020202,1.20464854343681
2.65076250613798,1,0.628965866664423,0.810650442593306,0.5,0.524300353406017,1.02020202020202,1.12443278772076
0.133834713266832,0,0.385742145222266,-1.36045776244898,0.5,0.459276674067976,1.02020202020202,0.866533711872303
1.06294966915981,1,-0.126818415174942,-0.932304941023917,0.5,0.472059987990598,1.02020202020202,0.912218324903119
-0.498325501514197,0,-1.29809960089525,-1.29737753933217,0.5,0.461157098054934,1.02020202020202,0.873117937283524
0.38133494256689,0,0.395084176120595,-0.104970887232458,0.5,0.496850915022211,1.02020202020202,1.00743163880991
-0.610082003968385,0,0.389252711029626,-1.36176735537388,0.5,0.459237647147854,1.02020202020202,0.866397545801719
-1.91437931300362,0,0.182278350376163,-2.97854857937172,0.5,0.41158284253876,1.02020202020202,0.713605376923756
-0.100776349245098,0,-1.00877550833872,-0.4444522953474,0.5,0.486669590902088,1.02020202020202,0.967215834109098
0.603796560079143,1,-1.5421958100802,-0.289502515407202,0.5,0.49131579792557,1.02020202020202,0.985368461526337
1.38975688744688,0,0.912977430337613,1.38113017010647,0.5,0.541339321668896,1.02020202020202,1.20410468059072
1.52250215268566,0,-0.744450102124973,-0.640610322989018,0.5,0.480791148929294,1.02020202020202,0.944714444719893
1.69346162968051,0,0.84244563024602,-0.00989097851406054,0.5,0.499703270679414,1.02020202020202,1.01899184298289
2.27958712231319,1,0.495200976922255,0.0970158795336742,0.5,0.502910443514089,1.02020202020202,1.03214852084367
1.66474240219871,1,-1.11834764520166,0.0621623377050549,0.5,0.50186486148382,1.02020202020202,1.02784065199522
2.00383725169305,0,0.18757995472367,0.14031040829457,0.5,0.504209212809126,1.02020202020202,1.0375248407234
3.54674072006679,0,1.16301341968431,1.55112212241863,0.5,0.546399776651936,1.02020202020202,1.22891949184623
0.0181296021839338,0,-1.27306551846423,0.112206004673009,0.5,0.503366129284105,1.02020202020202,1.03403165244581
0.0469890575087799,0,1.37216192508206,0.768095118691088,0.5,0.52302655389423,1.02020202020202,1.11870535196181
2.11559859900845,0,1.40876846771271,0.826851683239975,0.5,0.524785219532058,1.02020202020202,1.12662097885839
2.06425434371991,0,-0.695232279775414,1.16372871712443,0.5,0.53485523606403,1.02020202020202,1.17309800013844
0.751988455839202,1,0.646432350883651,-1.65329338537481,0.5,0.450563247421388,1.02020202020202,0.836612281742684
1.44681123305928,1,-0.495266739473743,-0.173574908334543,0.5,0.494792941004085,1.02020202020202,0.999172020670734
1.45229602799805,1,0.127481496930226,-0.362245454325564,0.5,0.489134347288558,1.02020202020202,0.976804462397178
1.88675850512502,0,-1.02677021240191,0.310412266774803,0.5,0.509311291392099,1.02020202020202,1.05892065432694
2.12823927614891,0,1.19420231500623,-0.566119497780633,0.5,0.483022943762722,1.02020202020202,0.953197007653051
1.05737458783402,0,-1.19102736278584,0.672773101191481,0.5,0.520172237707635,1.02020202020202,1.10598179068885
5.0974747160046,1,1.30743997628355,2.53285655512438,0.5,0.575406079706371,1.02020202020202,1.38256912521734
0.622504922951876,0,0.614027289905087,-0.950694530560694,0.5,0.471510057121881,1.02020202020202,0.91020750593971
-1.11381151988916,0,-0.437122525698728,-1.95052788308847,0.5,0.441749860309467,1.02020202020202,0.807297782606037
0.527287094362626,0,1.03294248258588,-2.42886698639714,0.5,0.427645484075635,1.02020202020202,0.762263203391737
1.44123599557286,0,0.67705909046185,0.223124250909465,0.5,0.506693327663848,1.02020202020202,1.04788681259371
1.5158428150393,1,-0.449206313748041,1.29431778113172,0.5,0.538751661875757,1.02020202020202,1.19162604697514
-0.686309249388642,1,-1.78202260770811,-0.276491285064872,0.5,0.491706022298037,1.02020202020202,0.986908165943474
2.73732468607795,1,-1.12933925928952,1.28114553367534,0.5,0.538358844150289,1.02020202020202,1.18974396765993
0.960244090018256,1,-0.454817318264856,0.492403662688417,0.5,0.514767813381598,1.02020202020202,1.0823007575132
2.16480620393905,1,0.476015185881368,-0.0706086427051189,0.5,0.497881753391658,1.02020202020202,1.01159432875199
2.52129952703987,1,-0.0694273989652885,1.43736439163601,0.5,0.543014342585076,1.02020202020202,1.2122575847079
-1.69717322999138,1,-0.131615340081557,-1.71986138529807,0.5,0.448586521564401,1.02020202020202,0.829955910460846
2.9307178102767,1,0.454355849358027,0.615818471727618,0.5,0.518466151361325,1.02020202020202,1.09844866881224
-0.010342460005321,0,-0.615683254834972,0.659259111935463,0.5,0.519767464769532,1.02020202020202,1.10418969705724
-0.756035882152005,0,0.758547458706484,-0.422276544592046,0.5,0.487334413740771,1.02020202020202,0.969793110241854
3.27583798775617,1,-0.509698218499922,1.38338756351684,0.5,0.541406579787763,1.02020202020202,1.2044309013298
-0.0812760283646852,1,-1.179702373333,-0.647655223757085,0.5,0.480580117277013,1.02020202020202,0.943916131867462
1.3300531405038,1,1.37944499511451,-0.345810840517177,0.5,0.489627163266293,1.02020202020202,0.978732771726026
-0.255065769389204,0,1.28863499374443,-1.81184906286797,0.5,0.445857646290262,1.02020202020202,0.820844803546823
-0.0425532678148446,1,-0.752002838155097,0.726040685589252,0.5,0.521767453043699,1.02020202020202,1.11307399100857
0.953911617684977,0,1.12664614648795,-1.97303014216053,0.5,0.441084059898899,1.02020202020202,0.805120800287726
4.51797771346845,0,-0.611606386601265,0.679558625888022,0.5,0.520375468759917,1.02020202020202,1.10688271744528
1.78671164505237,0,-0.697186833416942,0.0861547831340236,0.5,0.502584620472392,1.02020202020202,1.0308041653544
4.08440164386779,0,0.620763626397768,2.5189803332886,0.5,0.574999210209549,1.02020202020202,1.3802688605816
2.40353826843447,1,1.16427111110679,-0.470229092345283,0.5,0.485896869134367,1.02020202020202,0.964228649349109
0.237897443486704,0,0.862592244941495,0.503311313378624,0.5,0.515094751076232,1.02020202020202,1.08371832808525
1.20222673845435,0,-0.157700314183666,-0.774643849582208,0.5,0.476777404410459,1.02020202020202,0.92964117999943
2.76417940746193,0,2.5381532217691,-0.0451394106955745,0.5,0.498645820990207,1.02020202020202,1.01469080190826
4.86523285524719,0,1.8868835722877,1.58545378867738,0.5,0.54742066036677,1.02020202020202,1.2339928377179
3.0450018189162,1,0.150944518615687,0.474260100965147,0.5,0.514223964086259,1.02020202020202,1.07994690600639
0.844767158599831,0,-0.380612324786578,0.583668947893126,0.5,0.517502913772328,1.02020202020202,1.09421908061397
1.10547317096042,1,-0.405412794804821,0.900472041093262,0.5,0.526987906572123,1.02020202020202,1.13661814227777
0.0386364248363854,0,-0.449727884976054,-0.693873971706622,0.5,0.47919579915597,1.02020202020202,0.938695428299071
1.48586889021229,1,0.0104024881366249,0.537873095013593,0.5,0.516130593197943,1.02020202020202,1.0882222898709
0.888239784781623,0,0.375730356114709,-1.3906032426607,0.5,0.45837844211703,1.02020202020202,0.863404725788062
1.05686743331991,1,0.724453408873085,-0.976917108364726,0.5,0.470726004835776,1.02020202020202,0.907347849096716
0.58377691486724,0,0.240897658234743,0.76557718469695,0.5,0.522951175558269,1.02020202020202,1.11836738387505
1.62813144165592,0,0.665015710640296,0.711636410093565,0.5,0.521336127664997,1.02020202020202,1.11115168991883
0.790687351389852,1,-0.0379182978777304,0.462128924819082,0.5,0.513860315863476,1.02020202020202,1.07837592661607
-1.06639780333043,0,0.0196169922642496,-1.6741098788157,0.5,0.449944934338861,1.02020202020202,0.834525049670135
1.05613419070341,0,0.122036990666359,-0.669702341660344,0.5,0.479919735814812,1.02020202020202,0.941422156789921
2.33396968982789,0,0.895194619180496,-0.0267404098311255,0.5,0.499197788393411,1.02020202020202,1.01693359253655
0.729333226843101,1,-1.51897496734823,-1.22919554560493,0.5,0.463190848338178,1.02020202020202,0.880290952102456
1.8050657182268,0,-0.222373723065795,0.497652247978534,0.5,0.514925132113233,1.02020202020202,1.08298263796537
0.477655846849682,1,3.00217571983947,-0.483446328666949,0.5,0.485500676456321,1.02020202020202,0.962700528969958
-0.27009420388383,0,-0.415353997277541,-1.43707037398846,0.5,0.456994412677475,1.02020202020202,0.858603730642046
1.70912993937643,1,-0.466435196266388,0.250237140274003,0.5,0.507506550156865,1.02020202020202,1.05130171355721
0.634003249011065,1,-0.898140133939968,0.967443978696711,0.5,0.528990766058303,1.02020202020202,1.14578952876261
1.18370606747047,1,1.75265676922993,-1.13466674878211,0.5,0.466012490741091,1.02020202020202,0.890333343476992
0.83954234824567,0,-2.18466491664855,-0.159641327375423,0.5,0.495210906639926,1.02020202020202,1.00084406344284
-1.86677228602531,0,-1.63047572584135,-1.67710057217837,0.5,0.449856114319802,1.02020202020202,0.834225606382689
-1.88339621952851,0,-0.105159736244162,-0.929821934107134,0.5,0.472134246214339,1.02020202020202,0.912490170730054
0.424021589874161,1,-0.788959687169461,-1.00815314950529,0.5,0.469792239345474,1.02020202020202,0.903953180662279
-0.683963257945595,0,0.0149177082307568,-1.01908746843541,0.5,0.469465420097792,1.02020202020202,0.902767864984486
0.418820885066285,0,1.72797554418734,-1.43348672341434,0.5,0.457101128819626,1.02020202020202,0.858973042335669
2.27612409551134,0,0.00984981120758456,0.345417150599034,0.5,0.510361031113503,1.02020202020202,1.0633780970466
0.2882051533159,1,-0.399002956014144,-0.938455966218229,0.5,0.471876037248277,1.02020202020202,0.911545243994034
1.60215322746743,1,0.599957477099416,-0.52632008323471,0.5,0.484215644117069,1.02020202020202,0.95776029789818
3.81923091995258,1,0.897033721514015,1.89563620131472,0.5,0.556625121819713,1.02020202020202,1.28078991779222
-0.626189328003795,0,1.15769020390819,-0.520558085950155,0.5,0.484388333644094,1.02020202020202,0.958422760366493
2.43222820214336,0,-0.799245916231986,0.24598730756543,0.5,0.507379083426903,1.02020202020202,1.05076570747594
0.521769485810907,0,-0.413834477245767,0.124948078086457,0.5,0.503748372119254,1.02020202020202,1.03561394670738
2.21834160243454,0,-0.477320060225639,1.79309192180666,0.5,0.553586170081997,1.02020202020202,1.26512596882872
2.23728269346422,1,0.0890293421781438,-0.296818750608918,0.5,0.491096378767312,1.02020202020202,0.984503738681838
-1.15662379474359,0,-0.816180760875536,-0.644650284256202,0.5,0.480670130100389,1.02020202020202,0.94425656254661
1.07864778100993,0,-1.1678536716716,-0.831784563958402,0.5,0.475067159852958,1.02020202020202,0.923288541211981
0.672085726482812,1,-0.670890508697439,0.405077285808879,0.5,0.512149926285673,1.02020202020202,1.07101836731282
2.51398792179762,1,2.17636766395891,1.05896406852262,0.5,0.531726239988567,1.02020202020202,1.15844241244163
-2.51089505872242,0,-1.08457635532813,-1.31190556562804,0.5,0.46072391704544,1.02020202020202,0.871597101710797
1.9467601067901,1,0.298801457730689,-1.53311505891192,0.5,0.454135836573256,1.02020202020202,0.848764819089185
-0.146724695625809,0,-0.139992819247192,-1.05488963951706,0.5,0.468395502631555,1.02020202020202,0.89889765869881
-1.17530986354698,0,-0.379750937296264,-2.10682545890431,0.5,0.43712975563881,1.02020202020202,0.792297450896977
1.41893778861215,1,0.272171511683663,-0.13551653107179,0.5,0.49593459365956,1.02020202020202,1.00374568057114
1.67440212174338,1,1.77554038400867,1.34442432245737,0.5,0.540245476201298,1.02020202020202,1.19881262216114
4.25435536818361,1,-1.06937589568753,2.58686762758285,0.5,0.576988779491202,1.02020202020202,1.39155911222118
0.903585898309855,1,-1.96675390011567,0.164831422584467,0.5,0.504944781462503,1.02020202020202,1.04058227617592
-0.980581459135365,1,-0.758001551690752,-0.169022126450093,0.5,0.49492951003273,1.02020202020202,0.999718051287669
3.11568405970217,0,-1.67499728039468,1.97856180436032,0.5,0.559079579455065,1.02020202020202,1.2935987761892
1.83766002379294,0,-1.19486177318334,-0.412630317448239,0.5,0.487623619072491,1.02020202020202,0.970916341567972
-2.79213054733072,0,-0.014875978692335,-1.93047057587696,0.5,0.442343495744659,1.02020202020202,0.809243189200374
0.763511623530153,1,-0.352454758057538,0.149725596573283,0.5,0.50449164706668,1.02020202020202,1.03869772217893
2.65318378126799,0,1.54554657709898,0.521835498543128,0.5,0.515649951281648,1.02020202020202,1.08613000743295
2.2763247690948,0,-0.956709330316557,0.529315996881866,0.5,0.51587414321152,1.02020202020202,1.08710542040791
-0.210189227625907,0,0.270134952064742,0.768841709034168,0.5,0.523048904055349,1.02020202020202,1.11880558220511
-0.0420714261499249,1,0.3148591940228,-1.12606355760395,0.5,0.466269402910218,1.02020202020202,0.891252983061368
-0.619823378371327,0,-0.797557379192657,0.553608082870688,0.5,0.516602137029609,1.02020202020202,1.09027901075055
2.94632155571842,1,1.30048147650041,0.935061611753897,0.5,0.528022453131076,1.02020202020202,1.14134576309825
0.362465414538635,1,0.54219067554035,-1.0839611096016,0.5,0.467526939717547,1.02020202020202,0.895767249042978
1.90184943109719,0,-1.08564176573437,0.609470786184218,0.5,0.51827597787556,1.02020202020202,1.09761227459451
0.43558356066104,1,-0.935297430597342,0.138612520476741,0.5,0.50415827974096,1.02020202020202,1.03731347016261
-0.333318867148813,1,-0.0109827560439534,0.604731467087184,0.5,0.518133986789012,1.02020202020202,1.0969882198893
1.22129115456293,1,-2.05115215346381,-0.695304037171454,0.5,0.479152971619447,1.02020202020202,0.938534354610541
1.50868618336013,0,0.127887572018636,0.133608451502406,0.5,0.504008167684628,1.02020202020202,1.0366907625673
0.599344560214867,1,-0.991894968778144,0.280650238413114,0.5,0.508418711452148,1.02020202020202,1.05514552448531
0.685307322384003,0,-0.206523416298236,-0.481071374430515,0.5,0.485571865462596,1.02020202020202,0.962974932433804
2.52252900890536,1,-0.990612740455217,0.090263801731804,0.5,0.502707887576814,1.02020202020202,1.03131256190309
-0.0646025897878325,0,-0.803213234276813,0.120938433364472,0.5,0.503628089323381,1.02020202020202,1.03511577328745
1.10401825167435,1,-0.0269384701912735,-1.53908027427117,0.5,0.453958391700746,1.02020202020202,0.848157468701444
2.37362098634183,0,0.702974921778529,0.582765866021546,0.5,0.517475854464193,1.02020202020202,1.09410050670917
1.21382227485363,1,0.361754073213564,0.825000170574152,0.5,0.52472981033487,1.02020202020202,1.12637069230251
-2.23122054048834,1,-1.44888226466059,-0.698670593074997,0.5,0.479052151364867,1.02020202020202,0.938155275782437
0.897649977705906,1,0.746208565195033,-0.595798324615814,0.5,0.482133660151815,1.02020202020202,0.949808273382802
1.9828800335974,1,-0.176066556417976,1.31733182263257,0.5,0.539437862049286,1.02020202020202,1.19492149112577
-0.0281724733560147,0,-1.60694794154535,-0.571273339514754,0.5,0.482868508390241,1.02020202020202,0.952607674729287
1.77219245022176,0,2.00488133762316,0.878945532843151,0.5,0.526343948241762,1.02020202020202,1.13368584086293
0.917319458269138,0,-1.87797188407692,-0.497720539475715,0.5,0.485072820967612,1.02020202020202,0.961052925631499
-0.47926058796848,0,0.182300929243309,-0.775220967825089,0.5,0.476760128238982,1.02020202020202,0.929576800682606
1.26940619440486,0,-0.749318333358245,0.128393537053955,0.5,0.503851729917459,1.02020202020202,1.03604221507929
1.59132634700508,0,0.937283172163167,0.551741730473412,0.5,0.516546207980905,1.02020202020202,1.09003485671077
-1.04492281037933,1,-0.0567788277957804,-2.03850927095439,0.5,0.439147866380414,1.02020202020202,0.798819356462655
0.521263956327762,0,0.576654271063845,-1.07633827306007,0.5,0.467754666969009,1.02020202020202,0.896587018402132
0.406784102525828,0,-0.565421072409127,-0.779150171763967,0.5,0.476642508067466,1.02020202020202,0.929138604377276
1.49031374836059,1,-0.0182847796852978,1.42622430797824,0.5,0.542682594459507,1.02020202020202,1.21063810930555
0.73375209639447,1,-1.20534224970531,-1.03406098840876,0.5,0.46901791445784,1.02020202020202,0.90114720791806
1.66814887836171,1,0.612073981138639,0.0818331196759061,0.5,0.50245497386216,1.02020202020202,1.03026972930228
0.788487561963107,0,-0.219027940524923,0.927964106077047,0.5,0.527810191712284,1.02020202020202,1.14037409197952
2.16284150711943,0,1.64980127910479,0.618575530958095,0.5,0.518548749814404,1.02020202020202,1.09881214750185
1.97934435571158,0,0.561727154669851,0.256650232066564,0.5,0.507698898425972,1.02020202020202,1.0521110762752
-1.05983738749275,1,-1.21940142312945,-0.791175748973324,0.5,0.476282540245705,1.02020202020202,0.9277987599909
0.779127709237097,1,2.38650420962802,-1.28953782419425,0.5,0.461390878634445,1.02020202020202,0.873939723286218
-0.159335407644175,0,1.2359175291669,-0.943530716594832,0.5,0.47172427901007,1.02020202020202,0.910990309232076
1.32594994580943,1,0.151738497048415,1.2428052833898,0.5,0.537215206492572,1.02020202020202,1.18428273062557
0.7918693779774,1,0.255622974377856,-0.038612690935393,0.5,0.498841621344425,1.02020202020202,1.01548582550227
1.41204698271949,1,-2.1586918088676,2.06612686563882,0.5,0.561668224036335,1.02020202020202,1.30726332943895
1.62190251813017,0,1.00746011142378,0.0786967656289654,0.5,0.502360885423226,1.02020202020202,1.02988204738513
3.32975038610102,0,-0.300563886475005,0.523418703965313,0.5,0.515697400771866,1.02020202020202,1.0863363750657
0.914799497233899,1,0.986312963794224,0.347962024025509,0.5,0.510437344290887,1.02020202020202,1.06370288615628
2.03225735920509,1,2.02668515129683,-0.376420686762796,0.5,0.488709299101453,1.02020202020202,0.975144303150051
-0.331538645803148,1,-2.19353319576388,0.738582236588481,0.5,0.522142974105283,1.02020202020202,1.11475041309503
0.967647104029332,0,-0.0673345060218897,1.36266015383187,0.5,0.540788958676077,1.02020202020202,1.20143885598584
1.70638061466523,0,0.153923927060013,-0.661003979947907,0.5,0.480180271224025,1.02020202020202,0.942405329473415
0.510687827474899,0,1.33135934148788,-1.00169629009146,0.5,0.469985242602676,1.02020202020202,0.904653855909425
2.7833856844004,1,0.911715158637561,1.03353963658587,0.5,0.530966505010104,1.02020202020202,1.15491346962882
1.77360179428291,1,0.81860174032917,0.446124488755034,0.5,0.513380539108065,1.02020202020202,1.07630685827989
2.64754085572902,1,-0.868247257566421,1.7041962556281,0.5,0.550948448740816,1.02020202020202,1.25170199024238
-1.77466759957285,1,-1.55616731529617,0.193477075539204,0.5,0.505804051550206,1.02020202020202,1.04416541017092
0.113477616267751,0,0.263232733213512,-1.25837878250821,0.5,0.462320209242704,1.02020202020202,0.877213574989152
0.740029039249704,1,-1.46248058003895,1.00682967277884,0.5,0.530168201085128,1.02020202020202,1.15121767203313
0.879034652656801,1,-0.22013727715464,-0.925246142069437,0.5,0.472271095693528,1.02020202020202,0.912991352146503
2.01545146454989,1,-0.964035864595039,1.79329197721535,0.5,0.55359210280207,1.02020202020202,1.26515634062841
-1.03327530603791,1,-0.939210547374382,-0.568425205571688,0.5,0.482953852600226,1.02020202020202,0.952933308883437
1.47991504053438,1,0.384404863036352,1.16541448089923,0.5,0.534905562860656,1.02020202020202,1.17333533207632
3.28578044942693,1,1.60089591999275,0.78466746017088,0.5,0.523522646815034,1.02020202020202,1.12093231363899
-0.132602139904222,0,0.998674891186122,0.562169805717766,0.5,0.516858701131101,1.02020202020202,1.09139974638356
2.14135802971121,1,0.584113657143853,-0.488775753125768,0.5,0.485340929658129,1.02020202020202,0.962085049030693
2.9908289556834,1,-0.436306493240308,2.27393030321969,0.5,0.567797751227182,1.02020202020202,1.34027163096188
1.25907045420984,0,1.22692610218422,0.689914147126115,0.5,0.520685610600966,1.02020202020202,1.10825905412782
2.81874112873066,1,1.2394908726354,0.362391482619664,0.5,0.510870031490577,1.02020202020202,1.06554632049153
0.86748817961543,1,-1.12638650965341,-0.261653015085834,0.5,0.492151054365078,1.02020202020202,0.988667012550513
0.396428747317519,0,2.01503639079601,0.418880568674842,0.5,0.512563771830316,1.02020202020202,1.07279386570671
0.896864048651228,1,0.810119534090352,-0.654151297112346,0.5,0.480385532017046,1.02020202020202,0.943180608773368
-0.745544110054963,1,-1.25142976648772,0.156345718942723,0.5,0.504690233991484,1.02020202020202,1.03952320674713
2.36670799827769,0,-1.15555129360904,0.446198881463228,0.5,0.513382769290742,1.02020202020202,1.07631646664862
1.3459480810158,1,-0.978936033934557,1.27269014159042,0.5,0.53810666554702,1.02020202020202,1.18853740967143
-0.317154618763916,0,-1.7511171391081,-1.44603749261844,0.5,0.456727401642004,1.02020202020202,0.857680323368244
1.15165145969942,1,-1.45286226259535,1.16046035121235,0.5,0.534757660237641,1.02020202020202,1.17263799673008
1.52969263848387,1,-1.29020151095348,0.838371459930031,0.5,0.525129951764817,1.02020202020202,1.12817946646685
2.12692651314991,1,1.4188693441853,0.981728693257995,0.5,0.529417845471377,1.02020202020202,1.14775528626223
2.35131106553322,0,-0.60947068112074,0.178099176378453,0.5,0.505342771930012,1.02020202020202,1.04224033848454
1.42217055691438,0,-1.22086733991473,0.537152447048004,0.5,0.516108996230032,1.02020202020202,1.08812818691835
2.92110703392455,1,1.49826495465559,0.304601117945867,0.5,0.509137016262,1.02020202020202,1.05818248627068
-0.35449302001764,1,0.0242543176234282,-1.67319431981189,0.5,0.449972125985461,1.02020202020202,0.834616741537778
2.21119746395022,1,-1.48962213521535,-0.437209392696283,0.5,0.486886726036215,1.02020202020202,0.968056853556963
-0.415433758315774,0,0.00144233371814598,0.0766737881075321,0.5,0.502300197416176,1.02020202020202,1.02963206634093
1.56422031550365,0,-0.365714065186142,1.41361540844645,0.5,0.54230705980558,1.02020202020202,1.2088077166942
-0.691632865896905,0,-1.04530310780732,-2.00545591037759,0.5,0.440125014244495,1.02020202020202,0.801994088140528
1.39026719794012,0,-0.562066933962463,0.707651400294046,0.5,0.521216793847413,1.02020202020202,1.11062046290087
-2.24373487786729,0,0.273243006579676,-2.22405281232147,0.5,0.433671653746345,1.02020202020202,0.781230005849307
2.28475924912421,0,1.6492395681538,2.31142723249538,0.5,0.568901637771855,1.02020202020202,1.34631594782986
-1.45963095522677,1,-2.98152748940212,-0.240658553394803,0.5,0.492780745128292,1.02020202020202,0.991160936553363
3.31393133835523,0,0.22787539156729,0.846270691729311,0.5,0.525366324452984,1.02020202020202,1.12924938361217
1.70410824273778,0,-0.177916476659445,1.12379327808579,0.5,0.533662798043757,1.02020202020202,1.16748966710571
1.04672206101603,0,0.369715766429825,0.68485033012852,0.5,0.520533954202942,1.02020202020202,1.10758581617344
0.116120127548749,1,-1.13493517475838,0.625481099530759,0.5,0.518755628571486,1.02020202020202,1.09972307559428
0.16911662602036,1,-0.392207326447994,-0.222782855030044,0.5,0.493316912379971,1.02020202020202,0.993289341812985
3.26858588784099,0,-0.691139648811776,1.91037580085991,0.5,0.557061594642937,1.02020202020202,1.28305732209775
-0.127855799618332,0,-0.115731737597739,-0.153463916634936,0.5,0.495396212609732,1.02020202020202,1.00158625348167
0.145037281266917,0,-0.0151593984217867,-0.0841585013126241,0.5,0.49747526641876,1.02020202020202,1.00995083004986
1.98372919252152,0,1.02728699514866,0.039323061004454,0.5,0.501179689641145,1.02020202020202,1.02502749234144
1.5769951363351,0,0.740393602293289,0.9646411145976,0.5,0.528906962003896,1.02020202020202,1.14540421448502
1.17443599848951,1,-0.359109439314135,0.519765712582684,0.5,0.515587918294108,1.02020202020202,1.08586027413487
-1.05927204255141,0,-0.989468006100494,-1.86927554340512,0.5,0.444155694375497,1.02020202020202,0.815207661751636
2.65702878629048,1,0.941195730773585,1.05900771217406,0.5,0.531727544026329,1.02020202020202,1.15844847949635
-0.216916554687303,0,-2.15409060667962,0.405047519764333,0.5,0.512149033831588,1.02020202020202,1.07101454172201
1.58582505764589,0,0.817581169473818,-0.84349891731637,0.5,0.474716615458489,1.02020202020202,0.921991565632595
0.537387232942414,1,-0.170634189945962,-0.538267978620722,0.5,0.483857572632549,1.02020202020202,0.956388095447822
0.726544344211541,0,0.288259104945404,-0.248688945669294,0.5,0.492539885277326,1.02020202020202,0.990206267274047
1.04858089018207,0,0.496429859824024,-0.291234618444158,0.5,0.491263850603677,1.02020202020202,0.985163671645538
3.34034438716103,1,0.561453809089342,-0.0961656924764364,0.5,0.49711506124098,1.02020202020202,1.00849667719702
1.21492680601498,1,-0.623475860609445,2.54738760651677,0.5,0.575832040170709,1.02020202020202,1.38498205030771
-0.817468496240207,0,-0.6325843076761,-0.753184356398764,0.5,0.47741983852532,1.02020202020202,0.93203822045903
2.11527645835987,1,-0.504412337003024,0.696156912419063,0.5,0.520872570104458,1.02020202020202,1.1090895973212
0.548066697155745,0,1.40898541393646,-0.130283120835951,0.5,0.496091585982854,1.02020202020202,1.00437624009928
1.0242685808065,1,-2.67269716797823,-0.111954806978067,0.5,0.496641406305954,1.02020202020202,1.00658769389616
2.51416122315631,1,-0.815763499541685,-0.628165699282305,0.5,0.481163947247158,1.02020202020202,0.946126292545387
1.15111630855618,1,-0.337128861743069,0.601905846766201,0.5,0.518049329161392,1.02020202020202,1.09661632227863
1.67802437062567,0,-0.89747733399691,0.409315277556279,0.5,0.512276990176393,1.02020202020202,1.0715631818765
1.15814347450003,1,-1.61187923192308,0.671212620785888,0.5,0.520125499317782,1.02020202020202,1.10577470652891
0.725979422570807,1,1.13322794195766,-1.23508065149094,0.5,0.463015256590652,1.02020202020202,0.87966949891172
1.26945966837087,0,0.576414151784758,0.372733897734626,0.5,0.511180153076292,1.02020202020202,1.06686958014821
2.09213091133551,1,-0.771635519410682,-0.386095706961436,0.5,0.488419200335352,1.02020202020202,0.974012815207722
2.7450663132582,0,0.948085791585037,0.244817940832237,0.5,0.507344010029412,1.02020202020202,1.05061827016515
2.01713526890332,0,1.95901456968168,-0.577879111662959,0.5,0.482670570569943,1.02020202020202,0.951852848831779
1.81309005519569,0,-0.829855688241924,-0.849265382653695,0.5,0.47454406686931,1.02020202020202,0.921353790432016
-1.38759317054551,1,-2.0888114673902,-1.24660503342909,0.5,0.462671434437309,1.02020202020202,0.878453822026774
2.13098726021994,0,-0.494654515874868,1.31428237640669,0.5,0.539346946504364,1.02020202020202,1.19448430926065
-0.635423164506912,0,0.546290959047623,-0.955890792641921,0.5,0.471354678147051,1.02020202020202,0.909640121644844
1.83453570211706,1,0.807480727167899,0.318412124202884,0.5,0.509551201721377,1.02020202020202,1.05993768812783
1.16430531091806,1,-0.262295875595585,-1.78360554800624,0.5,0.446695169474307,1.02020202020202,0.823631548416439
1.05005572649692,0,0.431015489581395,-0.605543443434103,0.5,0.481841686004965,1.02020202020202,0.948698203237789
1.6837831306115,1,1.28910662656334,-0.391777358702429,0.5,0.488248843574132,1.02020202020202,0.973348961347751
-0.391234699096726,0,-1.58719359830711,0.0793261258746619,0.5,0.502379765806272,1.02020202020202,1.02995983034051
2.91472836541643,1,0.862126372949047,1.00878749800703,0.5,0.530226721604138,1.02020202020202,1.1514881697673
1.37686028241423,0,-1.33783258316185,0.999237713897906,0.5,0.529941265248785,1.02020202020202,1.15016934996723
0.0314425275220023,0,-1.79140058098447,0.41419534731944,0.5,0.512423302947668,1.02020202020202,1.07219088202177
2.44011781003311,1,-1.19870421831776,0.364650414022798,0.5,0.510937767203483,1.02020202020202,1.06583519916858
1.80801830283614,1,0.0739677879593641,-0.0299449168208414,0.5,0.499101653462029,1.02020202020202,1.0165426152181
1.70529565344967,0,2.55076861308695,-0.0822824127152978,0.5,0.497531547673387,1.02020202020202,1.01017822651419
1.58597199903629,0,-0.13882918042061,1.35208797148851,0.5,0.54047388766637,1.02020202020202,1.19991560275762
1.96252114115238,0,0.296397656628842,0.129197164937708,0.5,0.503875837314301,1.02020202020202,1.03614213098646
1.01784487487784,0,0.864145363169032,-0.263548672658106,0.5,0.492094198753723,1.02020202020202,0.988442137235624
2.19676803188412,1,0.114756597841787,-0.881760028352697,0.5,0.473571852035314,1.02020202020202,0.917768098125426
1.8787893943006,0,0.399464506563969,0.450322375340158,0.5,0.513506384664546,1.02020202020202,1.07684918055948
3.08552019569527,1,-0.0291483304313471,0.262321632333391,0.5,0.507868999196813,1.02020202020202,1.05282735314977
1.41903766127149,1,0.0673071332008757,-0.0562522218461118,0.5,0.498312439752573,1.02020202020202,1.01333857565981
1.85862946233096,1,-0.640249383167657,-1.2957879240312,0.5,0.461204499061172,1.02020202020202,0.873284503765537
1.20757006363769,1,-0.312163198814178,-0.24078879300467,0.5,0.492776838754971,1.02020202020202,0.991145446064768
1.00581334917331,1,-0.564873756028414,-0.596615505588728,0.5,0.482109176067442,1.02020202020202,0.949715138119508
2.45353691938607,0,0.165195196534179,0.453236512050604,0.5,0.513593744559889,1.02020202020202,1.07722581669724
-0.361430058179277,0,0.874513108185896,0.64860299249483,0.5,0.519448272830332,1.02020202020202,1.10277863416116
0.0407395425621702,0,-0.21022319215247,0.738822732546119,0.5,0.522150174829263,1.02020202020202,1.11478258471543
1.45933330709967,0,-0.482586630896958,2.03090056081508,0.5,0.560627240825973,1.02020202020202,1.30174898586374
3.40570105492523,1,0.208100317340207,2.48870855095928,0.5,0.574111248819828,1.02020202020202,1.37526397267748
2.47684972586901,0,-0.0128060368554847,0.874523243617108,0.5,0.526211646008654,1.02020202020202,1.13308438206496
1.41602563402764,0,-0.563698922234433,-0.239665079669003,0.5,0.492810543152376,1.02020202020202,0.991279106678978
2.23224955012311,0,-1.21921659051307,1.35794692247334,0.5,0.540648499489213,1.02020202020202,1.2007595289985
0.447888671649216,1,-0.197719711808861,-0.20097473658342,0.5,0.493971050116919,1.02020202020202,0.995892158673991
2.06915486008125,1,-0.20628677105703,-0.133751258424192,0.5,0.495987548383323,1.02020202020202,1.00395832926872
0.381230307999437,1,0.55870357222356,1.08786325599866,0.5,0.532589629122279,1.02020202020202,1.16246675175151
1.28604831532771,0,1.63483959117741,-0.516064645413102,0.5,0.484523006571436,1.02020202020202,0.958939693604462
1.14641777547905,0,0.0867637304698457,-1.05916306904226,0.5,0.468267814036929,1.02020202020202,0.898436811777342
1.93047667410148,0,-1.60783260105393,1.24906727488074,0.5,0.53740202028263,1.02020202020202,1.18517298127404
1.67842206477877,1,0.898124483834988,1.43957930976627,0.5,0.543080297600614,1.02020202020202,1.21257983368766
0.0878711804054533,1,0.678602812960752,-0.402904105778318,0.5,0.487915230824558,1.02020202020202,0.972050203672452
-0.465292118857304,1,-1.15037131642471,0.317159123914855,0.5,0.509513625375505,1.02020202020202,1.05977832784142
2.53139306786697,0,1.04344825170349,1.56521106326398,0.5,0.546818771992542,1.02020202020202,1.23099895007566
2.47301856934617,0,0.68579412930293,1.05808497787451,0.5,0.531699973363535,1.02020202020202,1.15832021378023
0.718501032873889,0,1.33535020823842,-0.279767778503951,0.5,0.491607754863407,1.02020202020202,0.986520210440809
0.804045305022694,0,-1.40233033069558,-0.935255035683443,0.5,0.47197176238132,1.02020202020202,0.911895446408785
1.70620027259419,1,-0.498168823410867,1.58612779010529,0.5,0.547440698455962,1.02020202020202,1.23409264730631
1.40668793237108,1,0.922870134186351,0.0918698839004421,0.5,0.502756068603357,1.02020202020202,1.03151134578419
-0.269503705943392,0,0.630267972731726,-1.16129397627636,0.5,0.46521745194878,1.02020202020202,0.887493030655004
0.201152014495681,1,-1.202351174464,0.122286047521458,0.5,0.503668515595641,1.02020202020202,1.03528317922342
-0.0716199201912652,1,-1.55061470802727,0.689734960655006,0.5,0.520680244205194,1.02020202020202,1.10823522418054
1.07601470915024,1,-0.196469899179217,-0.677463385221377,0.5,0.47968728439809,1.02020202020202,0.940545794738127
0.627391744866945,0,-0.741428405757331,-1.39341078668271,0.5,0.458294800609267,1.02020202020202,0.863113889169834
-1.54503227890583,1,-0.284385288065113,-1.39216895259002,0.5,0.458331796667737,1.02020202020202,0.863242520064303
2.36203905582965,1,-0.793673996024456,-0.0697891880715138,0.5,0.497906336594543,1.02020202020202,1.01169380832226
1.91812892757869,0,0.544938330820676,0.291716507115672,0.5,0.508750601635817,1.02020202020202,1.05654763811655
2.77151013941326,1,0.746111670633868,1.21960792062126,0.5,0.536523069676916,1.02020202020202,1.18099064647688
0.431960326704678,1,0.71904893282436,-0.356620297787602,0.5,0.489303023521107,1.02020202020202,0.977464046348867
-0.384711707862489,0,-1.38327500028853,-0.5935733179848,0.5,0.482200325440082,1.02020202020202,0.950061906806234
0.625250890723249,0,-0.81891703878106,0.303409735493355,0.5,0.509101286677329,1.02020202020202,1.05803121307891
1.82923657578685,0,0.475391350883314,1.025463352974,0.5,0.530725138622399,1.02020202020202,1.15379472278805
1.81041734249346,0,-0.349888079816019,0.588839470024572,0.5,0.517657837668873,1.02020202020202,1.09489821335719
1.34928152860827,1,-1.20794849437363,1.30558401832488,0.5,0.5390876011312,1.02020202020202,1.19323815347494
1.66065288439237,0,-1.13023610908322,2.05997997142247,0.5,0.561486614131387,1.02020202020202,1.30629941186074
0.535168574046769,0,0.677361551502483,0.0346801074276962,0.5,0.50104040172127,1.02020202020202,1.02445655279954
0.258528927068934,1,0.38878647301231,-0.752158053008904,0.5,0.477450564919443,1.02020202020202,0.932153014005882
3.0937401834966,1,-0.182361431314984,1.76752104180947,0.5,0.552827730712577,1.02020202020202,1.26124987266184
0.676804590625647,0,1.13991439245729,-1.28684754237324,0.5,0.461471106851537,1.02020202020202,0.874221906130876
1.40089978736776,0,-0.840050366930851,0.343393182776476,0.5,0.510300337999382,1.02020202020202,1.06311985924157
0.259005644248845,1,-0.409129185303527,1.10837908710487,0.5,0.53320243983454,1.02020202020202,1.16533215405631
-0.118798614104416,0,0.119280220440866,-1.36691215011467,0.5,0.459084332980781,1.02020202020202,0.865862818378025
0.824479162522212,0,-0.465629097610101,0.696866503907111,0.5,0.520893820714086,1.02020202020202,1.10918404140667
-0.201751246124831,0,0.616075608497246,0.473618198522865,0.5,0.514204722576372,1.02020202020202,1.07986372274338
0.250301573729056,0,-1.65302119009099,0.311102074308956,0.5,0.509331978425397,1.02020202020202,1.05900831212836
1.06183989394269,1,2.55029825432988,-1.02607066584214,0.5,0.469256710831097,1.02020202020202,0.902011677119648
4.32625196813508,1,-0.102097261893148,1.59329866436981,0.5,0.547653879298619,1.02020202020202,1.23515504712544
-0.877199507500068,0,-0.145861351684402,-1.58209640278266,0.5,0.452679157137642,1.02020202020202,0.843790615025622
1.24816754857752,1,0.764753667994582,1.15606281350715,0.5,0.534626369218591,1.02020202020202,1.17201935359821
0.062222447874244,1,0.5464910776696,-1.08296506515938,0.5,0.467556695126848,1.02020202020202,0.895874322320628
1.8086781519371,1,1.26994433424367,1.66979355434302,0.5,0.54992687035726,1.02020202020202,1.24654521043545
0.61188928216099,0,0.809464999008197,-0.544244168901877,0.5,0.483678475876708,1.02020202020202,0.955702474452374
0.640834807026124,0,-1.06961929969234,-0.734047916515002,0.5,0.477992790341911,1.02020202020202,0.934180987017833
-0.111395036597633,1,-1.39802120003154,0.0582066902356212,0.5,0.50174619360771,1.02020202020202,1.02735287473999
-0.278836253084613,0,-0.272522037203357,-0.680057415990699,0.5,0.479609592404534,1.02020202020202,0.940253063733904
-0.114009325074088,0,1.50837859897163,-0.834688912220799,0.5,0.474980246818567,1.02020202020202,0.922966811103771
2.18908119341608,0,1.14347725215424,-0.311260666717923,0.5,0.490663265460517,1.02020202020202,0.982799041805486
-0.0739842815843903,1,0.317100660192582,0.00347414525446338,0.5,0.500104224356124,1.02020202020202,1.02062742847252
0.259543698042445,1,-0.0681365877616416,0.823720513476377,0.5,0.524691514387575,1.02020202020202,1.12619774139178
0.516105454729624,1,0.73753598805427,-0.299337474987542,0.5,0.491020841200272,1.02020202020202,0.984206220417998
-0.433897619676712,0,1.62910686311324,-0.106349147854423,0.5,0.496809568865322,1.02020202020202,1.00726503218508
0.28629757567687,0,-0.247656663178757,-0.805207266209797,0.5,0.475862558757359,1.02020202020202,0.926237863549262
-0.371015960542418,0,2.26021321464881,-0.61091610129846,0.5,0.481680720738577,1.02020202020202,0.948086756661061
0.800627962898083,0,0.977302240055047,0.873220437795946,0.5,0.526172669085566,1.02020202020202,1.13290725323973
0.273841536808046,0,0.645697318445395,1.28488084981089,0.5,0.538470242179411,1.02020202020202,1.19027737557858
2.33406673625552,1,1.16570952625901,0.875456387858848,0.5,0.526239563319883,1.02020202020202,1.13321126890903
1.93579397091246,0,-0.579840171517142,-0.665918222168272,0.5,0.480033077332551,1.02020202020202,0.941849748338077
-0.895450378893364,0,0.633698159285243,-1.93372086844367,0.5,0.442247285715431,1.02020202020202,0.808927617491695
0.520598241905432,1,1.16948690642357,-0.941359150592724,0.5,0.471789218123942,1.02020202020202,0.911227733235701
0.142791309786183,1,0.725736214940014,-1.63520551855869,0.5,0.451100636085879,1.02020202020202,0.838430157702338
-0.114910115299957,1,-0.473078575175639,-0.814622291917629,0.5,0.47558077394196,1.02020202020202,0.925191988081552
-0.0642813577159396,1,0.582182591303465,0.101208106450675,0.5,0.50303620587349,1.02020202020202,1.03266789156928
0.0191460487440775,1,-0.930462531915919,-0.990576367366532,0.5,0.47031765141507,1.02020202020202,0.905861823396952
1.85322708358212,0,-0.655557591879787,2.09191568793358,0.5,0.562429973829654,1.02020202020202,1.31131512947782
1.88662423154235,1,-1.33944815678255,-0.0635350266142516,0.5,0.498093958434504,1.02020202020202,1.01245336888217
2.33190809884118,1,-0.384319303749616,0.176693820893329,0.5,0.505300616041516,1.02020202020202,1.04206458712336
1.05053686249,0,0.939379810938072,-0.109646014498507,0.5,0.496710667019122,1.02020202020202,1.00686661278405
1.37651825405801,0,0.772680487558987,0.145641964341633,0.5,0.504369147718974,1.02020202020202,1.03818884773281
-0.513666152418304,0,-0.663508619450067,-1.77002537014534,0.5,0.447097979297582,1.02020202020202,0.824974850206113
-0.131331224545026,0,-0.861988065666548,0.687138975004632,0.5,0.520602497363246,1.02020202020202,1.10789004241984
1.17638537148392,1,-0.498473951253831,-0.156521810642045,0.5,0.495304483722906,1.02020202020202,1.00121879155311
-0.0244173187875684,0,-0.920049512452723,-1.29409318563795,0.5,0.461255035523278,1.02020202020202,0.873462120478967
-0.233125223179154,0,-0.920562453233912,-0.259826189006329,0.5,0.492205845736317,1.02020202020202,0.988883771030344
1.90135784383534,0,-0.419243151458004,1.28613501386014,0.5,0.538507644150825,1.02020202020202,1.19045652543041
1.8181807679396,1,-0.48152578010185,0.773222682160416,0.5,0.523180052368889,1.02020202020202,1.1193939117016
0.49700780766153,1,-0.0789111230670154,-0.198760440910999,0.5,0.494037469434815,1.02020202020202,0.996156817798105
-1.34235387388776,1,0.391797071615046,-0.943846777903865,0.5,0.47171482750448,1.02020202020202,0.910955758432533
0.637855978464911,0,0.564095058973549,0.184804295565764,0.5,0.505543901662264,1.02020202020202,1.04307927743338
2.77709652488474,1,1.69119096911626,-0.443688874918499,0.5,0.486692477263729,1.02020202020202,0.96730444524712
1.47871199279109,0,-0.137843866305911,-0.180590715156675,0.5,0.494582490561164,1.02020202020202,0.998331174927585
2.08332620117007,1,0.0769450434600183,0.504790187380385,0.5,0.515139076741789,1.02020202020202,1.08391066709473
0.752302318319432,0,-0.360528601185386,0.432287530606178,0.5,0.512965718524954,1.02020202020202,1.07452120361747
1.2385126977739,0,-0.928087817117627,0.963181613212517,0.5,0.528863323090825,1.02020202020202,1.1452036257666
3.06033381972661,1,0.126024882462831,0.00836935060008906,0.5,0.500251080496898,1.02020202020202,1.02122714630104
-0.143823774986042,1,0.226803964773822,0.501577295255403,0.5,0.515042777781315,1.02020202020202,1.08349284907858
-0.187583985055603,0,0.270811607196394,1.09467280829011,0.5,0.532793042384784,1.02020202020202,1.16341704533904
0.789418302551077,1,0.672165086238761,0.472563615236721,0.5,0.51417311055552,1.02020202020202,1.07972707464198
-1.76201951954894,0,1.67141459615045,-1.77997779043354,0.5,0.44680276774523,1.02020202020202,0.823990178742633
-0.613014642091716,0,-0.506998317035222,-0.965053922099686,0.5,0.471080695182369,1.02020202020202,0.908640453327626
3.73858888283939,1,-0.823072584050526,0.564862632688164,0.5,0.516939393658643,1.02020202020202,1.09175247745182
3.10362604675406,0,-0.382644510096212,0.922568939998711,0.5,0.527648834549307,1.02020202020202,1.1396360300092
1.14031357883077,1,1.28145520150044,0.103224289599479,0.5,0.503096689092875,1.02020202020202,1.03291776750796
0.933957489680165,0,0.378276589372178,-0.633014791115196,0.5,0.481018682541569,1.02020202020202,0.945575910298793
2.04330246186594,1,0.496620564422479,-1.88785560833186,0.5,0.443605314408693,1.02020202020202,0.81339209315261
0.55343632946193,0,-0.915550822612737,0.714934615784841,0.5,0.521434892827225,1.02020202020202,1.11159155377808
0.598774552519218,0,1.04880096646116,-1.00358690308395,0.5,0.469928728985113,1.02020202020202,0.904448637149618
0.594295493083231,1,-0.0400617891983146,0.329442631139001,0.5,0.50988199194757,1.02020202020202,1.0613416150869
2.20112536575263,1,-0.831544797468969,1.20446425578152,0.5,0.536071153940965,1.02020202020202,1.17884645214109
0.365121737973291,1,-1.58378689778066,0.741665775350503,0.5,0.52223529808337,1.02020202020202,1.11516297455233
-0.595278248904575,0,-1.05857886226337,0.162327869516543,0.5,0.504869682105151,1.02020202020202,1.04026970477662
-0.803249889651678,1,-0.134994396765666,-2.53278971106167,0.5,0.424595880007038,1.02020202020202,0.752816254701016
2.36250861835073,0,2.55395745829019,-0.0827640736730657,0.5,0.497517098198905,1.02020202020202,1.01011984059208
1.01530071599757,0,-0.386357396267924,-0.362598389602834,0.5,0.489123764235318,1.02020202020202,0.976763093422765
1.11102555353153,0,-0.750281650236053,-0.640157361203097,0.5,0.480804717740977,1.02020202020202,0.94476579646055
2.51196897756325,1,0.582793863579917,0.193756325688006,0.5,0.505812427924188,1.02020202020202,1.04420040075873
-0.757068919130258,1,-1.45558133716185,0.268850065455736,0.5,0.508064802463638,1.02020202020202,1.05365247386803
1.14094712731923,1,-0.324664771943208,0.296328320788626,0.5,0.508888912995805,1.02020202020202,1.05713251204263
1.01803448888536,0,-0.29434085749203,-0.0198351122991943,0.5,0.499404946911959,1.02020202020202,1.01777660924839
0.782763975760431,0,-0.232093155985255,-0.352991368462063,0.5,0.489411842077094,1.02020202020202,0.977889796796331
0.596998832961616,0,0.712608906447701,-1.08489251979122,0.5,0.467499115373481,1.02020202020202,0.895667135428699
0.911116249784746,0,1.44766989554508,-1.19980932635578,0.5,0.464067769938214,1.02020202020202,0.883400642553315
1.85184924085732,1,0.661083816920377,0.95620554796605,0.5,0.528654733509623,1.02020202020202,1.14424534509861
0.883877031590002,0,-0.71604020294804,0.162537415214031,0.5,0.504875967879011,1.02020202020202,1.0402958631904
1.35191807468794,1,0.157067908575558,0.463396640185711,0.5,0.513898318019627,1.02020202020202,1.07853998794271
1.73778042939324,1,-0.400989206446108,0.176900058297497,0.5,0.505306802467482,1.02020202020202,1.04209037696594
1.07476143776423,0,1.12289715141358,0.0399411673378956,0.5,0.501198232726293,1.02020202020202,1.02510352427935
1.49530905415129,1,-0.810681422457115,-0.332842199163729,0.5,0.490016061261759,1.02020202020202,0.980257097640234
1.29640253077709,1,2.74963210283953,-0.47802551116985,0.5,0.485663165753603,1.02020202020202,0.963326967561054
0.512177869838126,1,0.266635147198997,-0.408695250888898,0.5,0.487741599426216,1.02020202020202,0.971374924283976
1.60769544639017,0,-2.55008806376834,0.0243743291801029,0.5,0.500731229354088,1.02020202020202,1.02319039723713
0.631682044773297,1,0.230787302810243,-0.17787746904839,0.5,0.494663878531393,1.02020202020202,0.998656274030163
1.31754509933796,0,-0.402266534812877,0.124619411006068,0.5,0.503738512659531,1.02020202020202,1.03557310284736
1.09071475694128,1,1.07701592000471,-0.248552808558491,0.5,0.49254396848197,1.02020202020202,0.990222443864619
0.575030856077533,1,-1.68987858784877,-0.116444002169171,0.5,0.496506736773789,1.02020202020202,1.00604558769032
-0.688372832202523,1,0.677376838019781,-1.25043234282729,0.5,0.46255725708161,1.02020202020202,0.87805046091286
1.00507826855792,0,0.189617142962305,0.594320769218738,0.5,0.517822069643512,1.02020202020202,1.0956186260224
1.91328454879248,1,0.0588111666201536,-0.231102780740029,0.5,0.493067360886292,1.02020202020202,0.992298145472226
-0.137939996587894,0,-0.319663734406414,0.0306554112524145,0.5,0.500919661300466,1.02020202020202,1.02396189709511
0.313713456778162,0,-0.0866408531488649,0.0514482359145818,0.5,0.501543442174997,1.02020202020202,1.02652001441948
0.00393652578334236,1,0.692801448617966,0.133967334150867,0.5,0.504018933470351,1.02020202020202,1.03673540956786
3.1303152560563,1,-0.183724942694627,-0.000443445570404714,0.5,0.499986696632891,1.02020202020202,1.02014773315842
0.151311132279314,1,-0.756940678579596,-0.424217727435864,0.5,0.487276215795288,1.02020202020202,0.969567231061525
1.88186981216414,0,1.5700938265174,-0.116376340362587,0.5,0.496508766528964,1.02020202020202,1.00605375622692
1.53142059606014,0,-0.448869817052552,-0.197957182383397,0.5,0.4940615637776,1.02020202020202,0.996252843001061
-1.13354758021155,0,-0.872089512868236,-0.0561539057946237,0.5,0.498315389200578,1.02020202020202,1.01335053102404
1.89973544456448,0,-1.10505593131788,-0.312415086144591,0.5,0.490628644998879,1.02020202020202,0.982662903758564
1.92678425670236,0,-0.541424004712856,0.99051071511995,0.5,0.529680385958158,1.02020202020202,1.1489654772676
0.625983996191321,0,-0.451930498980275,-0.528292754515515,0.5,0.484156523177779,1.02020202020202,0.957533603182861
-0.343741894025212,1,-0.936542709603352,-0.811507515878642,0.5,0.475673995192506,1.02020202020202,0.925537864617515
0.871708699997712,0,-0.571543583243018,-0.352794740226568,0.5,0.489417738280374,1.02020202020202,0.977912870757979
2.48079596673986,0,1.24488473069462,0.466279256378603,0.5,0.513984729271261,1.02020202020202,1.07891313449736
1.32913897386445,0,-1.61586161361035,1.05673051140537,0.5,0.531659502491531,1.02020202020202,1.15813196037281
0.981125687435736,0,1.32375445774131,0.183272055618394,0.5,0.505497940068301,1.02020202020202,1.04288750533591
0.943935465042204,0,-0.881704888567551,-0.322621000429269,0.5,0.490322578678193,1.02020202020202,0.981460163608691
-0.0351014732508586,1,1.08567355371389,0.521078981463556,0.5,0.515627277971492,1.02020202020202,1.08603141080026
2.34772459689676,1,0.317820764951074,-0.159001211421403,0.5,0.495230108363841,1.02020202020202,1.0009209451459
1.41812588329483,1,1.09975120598029,-0.553587206532537,0.5,0.483398488570062,1.02020202020202,0.954631575189776
-1.34197377497165,0,-0.475962867855018,-0.457849811178482,0.5,0.486267959809467,1.02020202020202,0.965662088689548
0.236931847007462,1,0.244685651125302,-0.151043200145357,0.5,0.495468828044211,1.02020202020202,1.00187724250688
1.15386769018389,0,0.592346595161296,-0.863018331633168,0.5,0.474132565217835,1.02020202020202,0.91983448467231
2.93785574913986,0,1.13624919639268,0.63193384566824,0.5,0.518948935749854,1.02020202020202,1.1005749534282
3.10049140570771,1,0.291354969718127,0.861051244214219,0.5,0.525808579747591,1.02020202020202,1.13125407248513
2.34075905033557,1,0.293107855108076,1.27562519672128,0.5,0.53819420457959,1.02020202020202,1.18895609413751
0.350284153631092,0,-1.15444652732615,-0.448048304296466,0.5,0.486561787936621,1.02020202020202,0.966798550133572
1.53415777216803,1,0.278490929284669,-0.15731935204511,0.5,0.495280559601674,1.02020202020202,1.0011229745255
1.84673501831546,0,-1.16953601423079,0.643289082092525,0.5,0.519289094738628,1.02020202020202,1.10207565029792
1.79786718092471,1,0.0805218482941931,2.05120699765772,0.5,0.561227388219042,1.02020202020202,1.30492491983434
-0.0999096598995358,1,-1.88700748696285,-1.10914518512089,0.5,0.466774678640598,1.02020202020202,0.893064247050858
-0.816335645504956,1,-0.542403953403471,-1.50190387008143,0.5,0.455064452258714,1.02020202020202,0.851949694676328
-0.599944200048309,1,-0.490749946049396,-1.98618756094777,0.5,0.440694854087775,1.02020202020202,0.803850605915112
2.57014104269093,1,0.292706081630875,0.864004755398717,0.5,0.525896948199928,1.02020202020202,1.13165508413115
-0.312392861373831,0,-0.973796822776802,0.822449509815971,0.5,0.524653477121861,1.02020202020202,1.126025986316
0.973525379714134,0,0.21779663746919,0.132825320709398,0.5,0.503984675261764,1.02020202020202,1.03659334340981
3.3785628104017,0,0.637280950781602,0.610707616159272,0.5,0.518313033100398,1.02020202020202,1.09777519385588
0.832563886574687,1,-0.73199248338768,0.280464346238753,0.5,0.508413136266877,1.02020202020202,1.05512198755234
-0.724757411510622,1,-0.744989228284357,-0.397040337219111,0.5,0.488091042606562,1.02020202020202,0.972734429663463
-2.20994530132008,0,0.264565081813366,-2.17119721594692,0.5,0.435230067772809,1.02020202020202,0.786200838708714
2.73823823657285,0,-2.04954376000197,1.34588862352211,0.5,0.540289120317364,1.02020202020202,1.19902329138147
-2.02325876986999,0,-0.332385543115169,-0.912859961243044,0.5,0.472641553481956,1.02020202020202,0.914349378259584
2.55020772401514,0,0.522166348302452,2.49410911719188,0.5,0.574269698692623,1.02020202020202,1.37615552604046
0.0477604686834954,1,-0.295912707202814,-1.67936749618749,0.5,0.449788791515242,1.02020202020202,0.833998702119836
0.512322684307932,0,-1.14615371449205,0.793095766569249,0.5,0.523774930362556,1.02020202020202,1.12206659446523
2.41682471676877,1,0.112786473056118,-0.177265154471695,0.5,0.494682245883667,1.02020202020202,0.998729655741335
1.02099669806271,0,0.249327969227178,-0.166920528000107,0.5,0.494992551582691,1.02020202020202,0.999970203790572
-0.895874301708183,0,0.128183684755808,-1.15849769669802,0.5,0.465300935348425,1.02020202020202,0.887790882061262
1.58903660940254,0,0.446994458047554,-1.25912729429747,0.5,0.462297881490055,1.02020202020202,0.877134785963366
0.974847361946622,1,1.54002291287262,-1.11002093235861,0.5,0.466748522325613,1.02020202020202,0.892970400156418
1.30403691123958,1,0.555556970611593,0.626558321758764,0.5,0.51878789968744,1.02020202020202,1.09986524231979
1.7621465907208,0,-0.534690510703881,1.40900446224943,0.5,0.542169718577033,1.02020202020202,1.20813905202056
-0.67089772403608,1,-1.71667613337458,0.212668643366304,0.5,0.506379713055122,1.02020202020202,1.04657288185127
1.44026287113462,0,-1.67640745704952,1.0302278147647,0.5,0.530867530233145,1.02020202020202,1.15445457670552
1.42015397008952,0,-3.24637939106902,0.483554874610783,0.5,0.514502577183021,1.02020202020202,1.08115212145861
0.278641799453754,0,-1.11593738891293,-0.571457670737035,0.5,0.482862984947546,1.02020202020202,0.952586603521888
1.36601761725817,1,1.64444248802458,0.541397593054288,0.5,0.516236217369742,1.02020202020202,1.08868263969358
0.239409337701411,0,-0.972594163907794,-1.28100615786294,0.5,0.461645312517425,1.02020202020202,0.874834920913203
-1.04092804261083,1,-1.23385984774808,-0.620280684365837,0.5,0.481400166177643,1.02020202020202,0.947021942602959
0.581079239575259,1,-0.386894347420647,-0.973150653548737,0.5,0.470838612641059,1.02020202020202,0.907758039948772
-0.00422363623849348,1,-0.678933376213145,-0.636659400643271,0.5,0.480909502737972,1.02020202020202,0.945162450122774
-0.817736857916627,0,0.959924236277785,-2.15025686503402,0.5,0.435847836786317,1.02020202020202,0.788178921546846
-0.996637310164159,0,-1.19266423903169,-0.982586587095841,0.5,0.470556506882735,1.02020202020202,0.90673075631632
1.91321998159253,1,-0.0770639136483689,0.642072042105419,0.5,0.519252637775146,1.02020202020202,1.10191470963425
1.65240551140137,1,0.236007204428638,0.1206339587516,0.5,0.503618955564722,1.02020202020202,1.03507795400143
2.04909513382115,1,-0.506926235721445,2.01801208875797,0.5,0.560246235855024,1.02020202020202,1.29973723531663
0.852649727445231,0,-2.02395767383185,-0.333274724463782,0.5,0.490003090683126,1.02020202020202,0.980206220641145
1.17310669674822,0,-1.00146418809346,-0.325320239366761,0.5,0.490241632099363,1.02020202020202,0.981142311630271
0.515363976624902,1,-0.601341528501072,-0.176342376852942,0.5,0.494709926097128,1.02020202020202,0.998840254509526
0.781458984353594,0,-1.63646309400173,-1.53365798531619,0.5,0.454119685876276,1.02020202020202,0.848709522870755
1.24960624730809,1,0.51552615224934,0.868828919496311,0.5,0.526041282714807,1.02020202020202,1.13231038856994
3.63763694144024,1,0.961461151314589,2.40539402761568,0.5,0.571664933284886,1.02020202020202,1.36158294087043
1.17836540853685,1,0.0412165479733254,0.915068212919232,0.5,0.527424495248024,1.02020202020202,1.13861071965308
-2.36931167825037,1,-1.43759990906035,-1.85693027180765,0.5,0.44452146274075,1.02020202020202,0.816416231937355
1.13732386059143,1,-0.707871506159489,0.637581315663023,0.5,0.519118114335557,1.02020202020202,1.10132106190033
0.787430123175578,1,-1.22573379283217,0.350396164641315,0.5,0.510510336465815,1.02020202020202,1.06401363582638
0.652590873888411,0,0.0938433924580294,0.32668877723548,0.5,0.509799408332432,1.02020202020202,1.0609909394627
2.25669582917035,0,-0.236524845230589,1.33435816065309,0.5,0.539945433294824,1.02020202020202,1.19736540339409
0.648952903773579,0,-0.832760910718051,0.508410626271466,0.5,0.515247589620181,1.02020202020202,1.08438167728317
0.0420061320105628,0,-0.0843629186242977,-0.0294489602395071,0.5,0.49911653211223,1.02020202020202,1.01660311633846
1.29874077168617,0,0.518673101190308,0.676323087722125,0.5,0.520278563041346,1.02020202020202,1.10645303751213
-0.932049643266158,1,-1.0867740723648,-0.923646396938666,0.5,0.472318940698214,1.02020202020202,0.913166635386879
0.731469422144871,0,0.172653290200719,-1.36827326972157,0.5,0.459043773100425,1.02020202020202,0.865721404784111
0.986762224620614,0,1.11147614224498,-0.331012478501911,0.5,0.490070931115501,1.02020202020202,0.980472352870638
-0.143771006371738,0,-0.588855483093527,-1.27222065959848,0.5,0.461907337133609,1.02020202020202,0.875757710539257
-1.8655180733376,0,-0.693047922882666,-0.578974974737576,0.5,0.482637734244304,1.02020202020202,0.951727685014963
4.90779256407503,0,0.0575810271621271,0.496504144009389,0.5,0.514890719613589,1.02020202020202,1.08283344304326
0.735241910266115,0,0.0796294754685773,0.0469801266695696,0.5,0.50140940006721,1.02020202020202,1.02596976951793
2.30277088054768,1,0.768956681986125,-0.409519413714273,0.5,0.487716889432906,1.02020202020202,0.971278860502135
-0.110674865370908,0,-0.715512391038182,-0.316542100024979,0.5,0.490504878652666,1.02020202020202,0.982176368631515
-0.922316839961198,1,-0.407523743181555,0.210873362644093,0.5,0.506325863327962,1.02020202020202,1.04634743908183
1.77848180980232,1,-1.02110404648103,1.48336706027245,0.5,0.544383880083165,1.02020202020202,1.21896813995
3.108593067694,0,1.75369329912798,-0.99742000854861,0.5,0.470113070722102,1.02020202020202,0.905118201590011
0.438082255522926,1,-0.36668796558973,-0.398801477628437,0.5,0.488038238499858,1.02020202020202,0.972528876755286
1.67673263427507,0,-0.174313612929404,-0.992917725830835,0.5,0.470247658785481,1.02020202020202,0.905607345478344
0.764734454467529,1,-0.256991829850223,-0.997823788887908,0.5,0.47010100060958,1.02020202020202,0.905074346380346
0.774094880404594,0,-0.0873976837974827,-0.336970356192423,0.5,0.489892266544581,1.02020202020202,0.979771619270712
2.38164090508395,0,-0.0570812354521158,-0.218794307811871,0.5,0.493436547799736,1.02020202020202,0.993764869376691
-0.0350423703607665,0,0.894460260039259,-1.58018803069501,0.5,0.452735896113437,1.02020202020202,0.843983869127726
0.780332089812647,0,0.658504173963986,0.935973218713507,0.5,0.52804971535468,1.02020202020202,1.14147062497653
1.9134253288262,0,0.0286862910549,1.29586624617874,0.5,0.538797836456569,1.02020202020202,1.1918474905023
3.78685475061425,0,1.5702435612238,0.179320437863978,0.5,0.505379405562489,1.02020202020202,1.04239309143543
1.08315638496024,0,1.76525137170165,0.533229446940769,0.5,0.515991427499517,1.02020202020202,1.08761606023291
0.349485123344168,0,-0.42819272866223,-0.658729048638247,0.5,0.480248412294505,1.02020202020202,0.942662633479603
1.19886884126571,0,0.411134126120149,-0.532049253365599,0.5,0.484043942171076,1.02020202020202,0.957102063589335
-1.00155638215406,0,-0.174507854471769,-0.462927154824563,0.5,0.486115755669745,1.02020202020202,0.965073908099011
0.147867356911082,0,-2.10923973410542,-0.781705542097583,0.5,0.476566014802688,1.02020202020202,0.928853732869587
1.7822161679217,1,0.981306009037669,1.18690508885023,0.5,0.535547080901638,1.02020202020202,1.17636511987006
0.188477637949422,0,0.737504305624868,-0.500796878864924,0.5,0.484980613551737,1.02020202020202,0.960698208112988
1.27037576895854,0,-1.86755635298756,0.0633234191919831,0.5,0.501899693434773,1.02020202020202,1.02798387078262
-0.208163044351033,0,-0.801233325403563,0.50928539897353,0.5,0.515273808354251,1.02020202020202,1.08449551375672
-0.668575723494207,0,0.0594884003128986,-0.513636284940231,0.5,0.484595787911398,1.02020202020202,0.959219172472748
2.33921889041566,1,0.913647226820407,0.390826349665678,0.5,0.511722641875501,1.02020202020202,1.06918837078533
2.66367490139742,1,0.366191994525336,1.63666796645603,0.5,0.548942817346546,1.02020202020202,1.24159994069445
-0.0533867553941201,0,0.210018760978274,0.321627802166788,0.5,0.509647636501472,1.02020202020202,1.0603467772447
1.54535058117185,1,-1.09182440763477,1.00456894750046,0.5,0.530100625677989,1.02020202020202,1.15090540396514
0.929324461040766,1,-0.421699815829764,-0.338259997370933,0.5,0.489853593180738,1.02020202020202,0.979620004543641
0.954413274901683,0,1.18499930124314,-0.408153583160165,0.5,0.487757839703548,1.02020202020202,0.971438065829936
-0.912138458892822,1,0.243221548399411,-0.87043328079455,0.5,0.473910717246451,1.02020202020202,0.919016385583188
0.808441069670853,1,-0.000769416932744346,-0.994458445236002,0.5,0.470201601118524,1.02020202020202,0.905439926538281
0.222398964768483,0,1.8339353991369,-0.584336215679213,0.5,0.482477092752378,1.02020202020202,0.951115588960117
1.97861717536198,1,-0.592567906675599,1.22951491684149,0.5,0.536818680859021,1.02020202020202,1.18239548976254
2.907841694405,0,0.817226020198619,1.42237926231428,0.5,0.54256808142669,1.02020202020202,1.21007964309761
-1.22870910795771,1,-0.496042813967737,-1.29042991360686,0.5,0.461364275638742,1.02020202020202,0.873846172408724
-1.68209027493224,0,-0.206192407815657,-2.60292290000464,0.5,0.422541051897591,1.02020202020202,0.746507152033533
-1.68806453074223,0,0.224427696612697,-1.03352533372098,0.5,0.469033922430022,1.02020202020202,0.901205134226906
2.96475235295187,1,0.491922004559776,1.22713983561055,0.5,0.536747814042482,1.02020202020202,1.18205854354107
-0.749032453198954,0,-1.54209443028551,-0.335571281405546,0.5,0.489934221706695,1.02020202020202,0.979936125932083
1.91663561511704,0,-1.19335144205488,0.698724273855616,0.5,0.52094945623164,1.02020202020202,1.10943134202484
2.79644798246321,1,0.152388376909275,1.07563775609627,0.5,0.53222440486983,1.02020202020202,1.16076259364904
0.49484099615347,1,-1.02731938205797,-0.646836641079506,0.5,0.480604637758465,1.02020202020202,0.944008857228946
-0.0302671056339172,1,-1.38225487484608,0.338641169894818,0.5,0.510157837280686,1.02020202020202,1.06251379694704
0.630513683017925,1,0.278888455172667,0.252358937565291,0.5,0.507570189606468,1.02020202020202,1.05156942553298
0.487771475877641,1,-0.754316383864871,1.70430780018671,0.5,0.550951760330376,1.02020202020202,1.25171874482004
1.04718922560852,1,-1.33803065873854,-0.0425067594973529,0.5,0.498724799979954,1.02020202020202,1.01501141178349
0.985638054486667,0,0.10716280828805,0.0697835220091855,0.5,0.502093493426568,1.02020202020202,1.02878108552801
1.34073224098726,0,0.199372322670684,-0.641003465724875,0.5,0.480779372065308,1.02020202020202,0.944669876856625
2.56510912291855,0,-0.200086786133424,0.522877324042746,0.5,0.515681175365715,1.02020202020202,1.0862658028738
1.02263910471114,1,-0.195072380331258,0.908434510604449,0.5,0.527226078564643,1.02020202020202,1.1377046957705
2.69709026284048,1,0.291243432768466,0.533992841710937,0.5,0.516014305882726,1.02020202020202,1.08771569844612
2.10480600860412,0,0.385589396105462,-0.327697248210853,0.5,0.490170349195231,1.02020202020202,0.980862489466307
1.18088938808253,0,0.785836427502549,-0.664776295967499,0.5,0.480067280580801,1.02020202020202,0.941978819929867
1.33396469523196,0,-0.185252874787776,0.569853663054078,0.5,0.517088951190847,1.02020202020202,1.09240654967397
-1.18497981857449,0,-0.744132725372198,-1.46542347596571,0.5,0.456150236574467,1.02020202020202,0.855687405171815
-0.629012766790336,0,0.708877858741346,1.0224286841091,0.5,0.530634441322376,1.02020202020202,1.15337463309207
1.59534325639957,0,-0.056460283861116,-0.624621812575048,0.5,0.481270113814011,1.02020202020202,0.946528733838687
0.812893481538408,0,0.303569017227199,-0.553552867521059,0.5,0.483399517604775,1.02020202020202,0.954635508930434
3.49562436693465,1,-1.01560099419544,2.18040532660084,0.5,0.565041520559706,1.02020202020202,1.32531385872697
1.07836848670589,0,-0.965289168651524,0.308840354430049,0.5,0.509264150293302,1.02020202020202,1.05872092951069
-0.138540203301046,0,-0.940351172495779,-0.99672252430437,0.5,0.470133920540033,1.02020202020202,0.905193961442619
0.506384499337611,1,0.584082932523905,1.10751333940823,0.5,0.53317658184271,1.02020202020202,1.16521109430946
2.0510448417352,1,0.371850937966128,1.08222109087024,0.5,0.532421079550145,1.02020202020202,1.16167995861022
-1.22169106031021,1,1.17326315130433,-0.196626082519641,0.5,0.494101491178349,1.02020202020202,0.996411989153919
2.35486810456182,1,0.919348907752631,1.35506036438267,0.5,0.540562473871472,1.02020202020202,1.2003436735701
-0.62099153923531,1,1.08726464599011,-1.83182137270092,0.5,0.445265579712491,1.02020202020202,0.818879859147143
2.13755613963038,0,-1.03285029296165,0.709132098287188,0.5,0.521261134635171,1.02020202020202,1.11081781965276
0.426442691079464,0,0.403753076753603,-1.04060787017156,0.5,0.468822266891209,1.02020202020202,0.900439521436308
1.61708029296622,1,1.11853904304558,1.51300022362266,0.5,0.545265729847016,1.02020202020202,1.22331048185506
-1.75899218776834,1,-1.76130010792705,-1.79561479548575,0.5,0.44633901424697,1.02020202020202,0.822445459851953
1.40111043646179,1,0.914476583347178,0.105149247753924,0.5,0.503154435580822,1.02020202020202,1.03315639388517
1.86205524296995,0,1.19172513655098,-0.112981290243816,0.5,0.496610613210226,1.02020202020202,1.00646371208144
-0.556345505895603,0,-0.0737256162965775,-0.989293638153622,0.5,0.470355997850015,1.02020202020202,0.906001271179949
-0.00576238396161297,0,0.0888030309817318,-1.67155426747622,0.5,0.450020835470526,1.02020202020202,0.834781015518685
2.26062152810626,1,-1.26246162416207,0.304378042916291,0.5,0.509130326244288,1.02020202020202,1.05815416015908
0.217967798175561,0,-0.293199040555216,-0.534594986176393,0.5,0.483967648335171,1.02020202020202,0.956809725109361
2.26473954885514,0,0.620003733181944,1.24005776328832,0.5,0.537133236512979,1.02020202020202,1.18389233411346
2.83233825907163,0,0.700692542315341,0.699180901300101,0.5,0.520963130990731,1.02020202020202,1.10949213530625
-1.7948828738346,0,-2.31582566616609,-0.483272654226716,0.5,0.485505882309703,1.02020202020202,0.962720592756089
2.9818114742578,1,2.25966162015027,1.06026235502549,0.5,0.531765031576333,1.02020202020202,1.15862290531897
-1.22649123577433,1,-1.57530153708657,-0.302317343793703,0.5,0.490931474254314,1.02020202020202,0.983854346684194
-0.652039572055351,0,-0.0585537337536886,-0.953333854235479,0.5,0.471431135197783,1.02020202020202,0.909919271720396
0.600398011461598,0,-1.28845769698168,-0.256877425937453,0.5,0.492294287375308,1.02020202020202,0.989233751020388
0.800244802086081,0,0.17651152140711,-1.1546963665622,0.5,0.465414427819304,1.02020202020202,0.888195948789894
1.56164601636478,0,1.61597453887658,-0.013479669510241,0.5,0.499595610002867,1.02020202020202,1.01855311583479
-0.340998918001125,1,-1.15368658111883,-0.213469224310908,0.5,0.493596273441385,1.02020202020202,0.994400098022981
2.94968855813408,1,0.36725972560216,-0.194384936537399,0.5,0.494168716307069,1.02020202020202,0.996679997758226
4.11033042421519,1,1.53957109015313,1.35796528711026,0.5,0.540649046787004,1.02020202020202,1.20076217518295
0.93494034422622,1,-0.524859529377739,-0.712745881146449,0.5,0.478630648905627,1.02020202020202,0.936572036540249
1.58991917466774,0,-0.198356230057342,0.730570692253202,0.5,0.521903094065239,1.02020202020202,1.11367922340769
1.09635461979796,1,1.41653732991581,-1.44473390069152,0.5,0.456766216742593,1.02020202020202,0.857814501680246
1.57721188956971,0,0.479529289798655,-0.47279039064231,0.5,0.485820091651412,1.02020202020202,0.963932333624916
0.858526892424202,1,-0.430171866314278,1.04852128040016,0.5,0.531414205328086,1.02020202020202,1.15699163739985
-0.524597132264578,1,0.555135722133607,-1.24966820536951,0.5,0.462580052728867,1.02020202020202,0.878130978754046
0.543260339034837,1,-1.12559629113626,1.69928608035744,0.5,0.550802668577821,1.02020202020202,1.25096467834451
2.17800464758915,1,0.209368119910746,0.39194755419255,0.5,0.511756259469078,1.02020202020202,1.06933223392409
0.880197116018316,0,0.41890982709394,-0.909113536579904,0.5,0.472753611101285,1.02020202020202,0.914760535602231
-0.0333423492735487,0,-0.331808051169399,-0.805534714062847,0.5,0.47585275822423,1.02020202020202,0.926201468912327
0.689832713381714,1,-0.511600799009458,0.0582176497785173,0.5,0.501746522389986,1.02020202020202,1.02735422585902
0.48963904127775,1,1.47622992530022,-0.212084258067132,0.5,0.493637815657499,1.02020202020202,0.994565377025179
-0.464129649412884,1,1.52149360213227,-2.54218328098897,0.5,0.424320505518688,1.02020202020202,0.751968136946313
0.254409283554984,0,0.787363233957441,-0.0191617421140811,0.5,0.499425147989861,1.02020202020202,1.01785885342204
0.898816611003092,1,-0.557120483775407,-0.541717121384942,0.5,0.483754206894187,1.02020202020202,0.955992331066839
0.369179296365544,0,-1.09984139943152,1.09174765895206,0.5,0.532705664378662,1.02020202020202,1.16300873677304
2.54051870454736,0,-0.0684509339401759,-0.0608993644081396,0.5,0.498173027198653,1.02020202020202,1.01277363773631
0.333032741049413,0,0.22633458748359,-0.0149693384118992,0.5,0.499550919968399,1.02020202020202,1.0183710552797
0.681322821236706,1,1.69266174132084,-1.05400279815967,0.5,0.468422001663411,1.02020202020202,0.898993325343564
0.0144877283445881,1,-0.142581007164648,-1.35967780293171,0.5,0.459299917724891,1.02020202020202,0.866614819013734
1.59143763095165,0,-0.578331654256193,0.620367809997634,0.5,0.51860244397383,1.02020202020202,1.09904849827498
0.40951139656809,1,-0.928110690230622,0.769150779077213,0.5,0.523058156445441,1.02020202020202,1.11884707768934
2.82365856450104,0,0.884417238799304,0.592330153055229,0.5,0.517762426777591,1.02020202020202,1.09535694254081
0.746654160595422,0,-2.10732220715835,0.0328551893818713,0.5,0.500985654404683,1.02020202020202,1.02423223145248
0.743265057437991,0,-0.87076052672075,0.0937201539404867,0.5,0.502811574983825,1.02020202020202,1.03174040015668
2.83711608564954,0,0.354448505007014,0.318320700563468,0.5,0.509548460012727,1.02020202020202,1.0599260597883
0.840343116675397,1,-0.173838492511553,-0.425589170161256,0.5,0.487235099243232,1.02020202020202,0.969407679479738
4.3608769921503,1,0.218660668753921,1.80332742506512,0.5,0.553889688242475,1.02020202020202,1.26668082763614
1.93276662233171,0,0.537582641275159,1.31579665941795,0.5,0.539392093345462,1.02020202020202,1.19470138345836
0.758809365727763,1,-2.2327715279306,-1.23269340127746,0.5,0.463086482997103,1.02020202020202,0.879921533954126
-0.0286839933095903,1,-0.664160684346223,0.00212231313461222,0.5,0.500063669393694,1.02020202020202,1.02046187586801
2.27201815787238,0,-0.561854639529449,0.784782162687814,0.5,0.523526080273437,1.02020202020202,1.1209477425961
-0.884430956874815,0,1.00398442416701,-1.41746298293598,0.5,0.457578341607257,1.02020202020202,0.860626306647971
1.32227423891224,0,1.78068624899992,0.348121234675335,0.5,0.510442118528136,1.02020202020202,1.06372320868974
1.37802880777697,1,-0.139020378767581,0.684157174699926,0.5,0.520513194576358,1.02020202020202,1.10749369251032
-0.285209362285086,0,0.636068308865468,0.525909352608826,0.5,0.515772046234402,1.02020202020202,1.08666110545692
-1.19927320033795,1,-1.03690974291302,0.0501718707366244,0.5,0.50150515157555,1.02020202020202,1.02636280073141
2.38250553855357,1,1.60824457622022,0.601110419500326,0.5,0.518025497398327,1.02020202020202,1.09651165385132
0.731758187720035,0,-0.626316484170133,-0.495721044701592,0.5,0.485132752561748,1.02020202020202,0.961283547734348
2.32804650164279,1,0.00930515012047552,1.65452676286996,0.5,0.549473391911471,1.02020202020202,1.24426361154053
0.220810984867386,0,-0.756192361934254,-0.341406745070272,0.5,0.48975922998718,1.02020202020202,0.979250160336957
0.624010745768316,0,-1.31345944409074,0.142070066291011,0.5,0.504261998760703,1.02020202020202,1.03774394652156
2.1425172065455,0,0.783863885720969,0.810071543567321,0.5,0.52428302742728,1.02020202020202,1.12435467846836
1.46950190840035,1,-0.719553776086139,0.267162243834335,0.5,0.508014180905803,1.02020202020202,1.05343909018675
1.17800878920588,0,-1.79518566662333,0.898915327659987,0.5,0.526941340993826,1.02020202020202,1.13640583546077
2.34327491967623,1,-0.166117156521848,0.9834483436054,0.5,0.529469256085286,1.02020202020202,1.14799215923493
0.676814876555225,0,0.270594240496897,-0.53526727530211,0.5,0.483947500423795,1.02020202020202,0.956732537890102
3.28390277898435,1,0.474421783934069,1.70161683050781,0.5,0.550871868243542,1.02020202020202,1.25131460961183
-0.578028502345276,0,-2.90144105676988,-0.202501672887281,0.5,0.493925248738701,1.02020202020202,0.995709695724043
1.07997232253495,1,-0.288341581482245,0.70158249765226,0.5,0.521035051799689,1.02020202020202,1.10981192765655
-1.03571006856247,0,-0.879307577143476,-0.776032920022416,0.5,0.47673582235155,1.02020202020202,0.929486232463794
1.3337414922525,1,1.77165347032144,-1.19966884306469,0.5,0.464071962673705,1.02020202020202,0.883415535042397
-0.18644410714057,0,1.01766885886044,0.0836210383979703,0.5,0.502508610102293,1.02020202020202,1.0304907976411
0.839626273597272,1,1.17853675824558,-0.446766655187305,0.5,0.486600209715553,1.02020202020202,0.966947253148446
1.33250697006411,0,0.900079416701211,0.00471571027580525,0.5,0.500141471304499,1.02020202020202,1.0207795008385
1.21432535539628,1,0.350216271014623,0.548958056348013,0.5,0.516462788749565,1.02020202020202,1.08967080129968
0.841233129256407,1,0.459201799822845,0.575839653636651,0.5,0.517268318926538,1.02020202020202,1.09319152781077
-0.498497831220137,0,-0.840088127777949,-0.183313088375304,0.5,0.494500829097863,1.02020202020202,0.998005088587734
0.249272023318201,1,-1.01536449266891,-1.08210476830117,0.5,0.467582395456133,1.02020202020202,0.895966813238505
0.748193904052005,1,-0.126748927913468,0.89737706490291,0.5,0.526895326865561,1.02020202020202,1.13619608392771
-0.758563977890539,0,1.24191320578286,-2.36014765415062,0.5,0.429665086675689,1.02020202020202,0.768575058612195
1.21489809511533,0,0.399758212377018,0.0989536452501929,0.5,0.502968574476278,1.02020202020202,1.03238855619269
-0.228300806671852,0,-0.724398958359847,0.948691831169721,0.5,0.528430056552015,1.02020202020202,1.14321410581864
-1.60559287083587,0,-1.87674773399972,-0.0188398881490438,0.5,0.499434803596263,1.02020202020202,1.01789816641016
1.27870801841855,0,0.161910540910233,0.0732296427480126,0.5,0.502196875145355,1.02020202020202,1.02920660996661
-0.0481908110431617,1,1.04730065240109,0.41860208670695,0.5,0.512555422642725,1.02020202020202,1.07275801585611
1.2040328078846,1,1.17565968520382,0.0119614218614455,0.5,0.500358842594233,1.02020202020202,1.02166743967015
-0.248812519128305,1,-0.526417079841364,-1.64429585317102,0.5,0.450830548841143,1.02020202020202,0.837516063076631
-1.1526785344782,0,-3.03333121406572,0.0893198094304373,0.5,0.502679568629753,1.02020202020202,1.03119574238557
1.70012115081877,1,-0.0345788592159271,-1.87458224019753,0.5,0.443998484994833,1.02020202020202,0.814688699821539
2.77682338993301,1,0.678603128418559,1.21306057924004,0.5,0.53632769188611,1.02020202020202,1.18006312901934
-0.702925841784953,0,0.21668773716424,0.487252025050246,0.5,0.514613397669081,1.02020202020202,1.08163188972218
2.64131345724615,1,-0.526143420911218,0.418567529726914,0.5,0.512554386586972,1.02020202020202,1.07275356731205
-0.655348405617194,1,-1.64514616618889,0.333338616415085,0.5,0.509998825309037,1.02020202020202,1.06183792765208
4.54242142013434,1,1.07365744173054,-0.518709983347589,0.5,0.484443722862451,1.02020202020202,0.958635335569004
2.05288000282451,0,0.325358790428815,-0.104928450197637,0.5,0.496852188082775,1.02020202020202,1.00743676911236
4.28673918329717,1,1.40246358016862,0.179707165983989,0.5,0.505391006060254,1.02020202020202,1.04244146728439
2.31020692886042,0,-0.0548063397433335,-0.375246928279937,0.5,0.488744493956173,1.02020202020202,0.975281662891193
-0.414586691710037,1,-2.23218550999552,0.284985142083816,0.5,0.508548721121783,1.02020202020202,1.05569454177402
2.04041301297646,1,-1.72856092965686,-0.823488255435709,0.5,0.475315436366312,1.02020202020202,0.924208185306296
-1.5577696129206,1,1.60401079405221,-1.54977481381696,0.5,0.453640294825802,1.02020202020202,0.847069688418484
-0.324992170655438,0,-0.239305584290381,0.704616394742383,0.5,0.521125906925351,1.02020202020202,1.11021604783698
1.92943914350271,1,-0.927964739649848,0.350411066985143,0.5,0.510510783338575,1.02020202020202,1.06401553858372
2.54043347814745,0,1.11088262072643,-1.03038327180261,0.5,0.469127823832811,1.02020202020202,0.901544995374713
1.39699275450088,1,0.149658352170946,-0.261104984011319,0.5,0.492167491254355,1.02020202020202,0.988732033117915
0.314577007282369,0,-1.03954343730221,-0.684237780075926,0.5,0.479484391333005,1.02020202020202,0.939781510003131
1.35175118439123,0,-1.06007667184162,0.496667123606349,0.5,0.51489560466351,1.02020202020202,1.08285462082133
2.65934714725104,0,0.0477608416735154,0.477103459746299,0.5,0.514309195402622,1.02020202020202,1.0803154500592
0.367539155280549,1,-0.0173180685771257,0.00987377200079252,0.5,0.50029621312537,1.02020202020202,1.02141152566046
-0.495610406395592,0,0.0129310723858856,-1.79897235630488,0.5,0.446239449748493,1.02020202020202,0.822114157320314
0.741517740414417,1,0.784478227823522,0.301860937178456,0.5,0.509054838044518,1.02020202020202,1.05783459011604
0.663233899241191,1,-1.89449347203125,-0.584371975487068,0.5,0.482476021275839,1.02020202020202,0.95111150756359
2.1286945440188,0,0.33088801011952,1.32629094233495,0.5,0.539704952147561,1.02020202020202,1.19620683529598
1.42458059541687,1,-1.07325933006136,0.985189356052746,0.5,0.529521304702899,1.02020202020202,1.1482320245272
-0.906692974162166,0,0.0760907682047563,-1.89233205676841,0.5,0.44347273338157,1.02020202020202,0.812955277554421
0.678922842166736,0,-0.533264168795591,-0.435631167137852,0.5,0.486934040353718,1.02020202020202,0.968240208367126
-0.67649629303713,0,-0.107174954142861,0.0786559582691875,0.5,0.502359661229713,1.02020202020202,1.02987700418541
1.37128565684752,0,0.124129070239311,0.048023332975426,0.5,0.501440696002155,1.02020202020202,1.02609821333335
2.33288837346044,0,1.04316227566984,-1.24647004111077,0.5,0.462675461637145,1.02020202020202,0.878468052284189
0.660628504096606,1,0.925349557335283,0.167608303898097,0.5,0.505028079616231,1.02020202020202,1.04092908277251
1.20424946940866,0,-0.958861838979198,-0.859623756980753,0.5,0.47423413095917,1.02020202020202,0.920209254617331
0.17563366413994,1,0.0495273726877624,-0.287076882843844,0.5,0.491388545134249,1.02020202020202,0.985655320292412
2.27659367921028,1,1.54433903021391,0.470187510667923,0.5,0.514101884407688,1.02020202020202,1.0794192531968
0.675249766346201,1,0.767569839700355,-1.02281069171735,0.5,0.469354141485687,1.02020202020202,0.902364610315653
2.2307161271492,1,1.17843639088971,-0.207404668673361,0.5,0.493778181106998,1.02020202020202,0.99512403277804
0.507461215967913,0,-0.681166157364215,0.432655895591263,0.5,0.512976762037081,1.02020202020202,1.07456870258574
-0.779211861298409,0,0.152389594226921,-1.47202744730426,0.5,0.455953648051352,1.02020202020202,0.855009561583047
0.385402162403275,1,-1.27637350362651,0.466978117953016,0.5,0.514005678692526,1.02020202020202,1.07900361960332
1.10013274677764,1,1.25777964976764,-0.769620237534315,0.5,0.476927789771226,1.02020202020202,0.930201767748822
0.231293468153801,0,0.184926652772266,-0.772284288354299,0.5,0.476848039013041,1.02020202020202,0.929904442702842
0.861085672464762,1,0.475266903808724,0.550651910742669,0.5,0.516513549122468,1.02020202020202,1.0898923130525
0.388330673218606,1,-1.1701758499439,-0.156967995530238,0.5,0.49529109936012,1.02020202020202,1.00116518554487
-1.20628427773013,1,-0.539369127506715,-1.14162033927473,0.5,0.465804852820481,1.02020202020202,0.889590731732463
0.543075763735216,1,-2.12209406436267,1.91300600574802,0.5,0.557139471704636,1.02020202020202,1.28346235044968
0.989676137542186,0,-0.0934455588353631,-0.1832505544005,0.5,0.494502704890254,1.02020202020202,0.998012577722841
1.22477651323283,0,0.893891158688528,-1.15322687833641,0.5,0.465458301804059,1.02020202020202,0.888352585818738
0.895641883353972,0,-0.865234967419058,0.65607915261922,0.5,0.519672214382019,1.02020202020202,1.10376842404252
0.814272211381307,1,-1.16862015288645,-0.622398980174973,0.5,0.481336705543655,1.02020202020202,0.946781244482982
-0.096328895806669,0,-0.830584119098612,-1.11360403129936,0.5,0.4666415062921,1.02020202020202,0.892586530533512
1.42233678784687,1,-1.57751615252128,-0.896631586329499,0.5,0.473126972835478,1.02020202020202,0.916131721710054
-0.182912308039942,0,-0.208174625100501,-0.357095103735934,0.5,0.489288785870917,1.02020202020202,0.977408355246212
-1.33103510912058,1,-0.732504395220872,-0.75432887100875,0.5,0.477385573218911,1.02020202020202,0.931910221485788
-0.707436904315252,1,-0.233328277011318,-0.870247179858357,0.5,0.473916285077414,1.02020202020202,0.919036909389525
0.224663677298427,1,-0.291402875442428,0.863190735413451,0.5,0.525872593049668,1.02020202020202,1.13154454674743
1.63928082395957,0,0.834692821011015,-0.532476492186315,0.5,0.484031138069716,1.02020202020202,0.957052995508339
-1.74093000356138,1,-0.311475774293321,-1.84340906627404,0.5,0.444922140908006,1.02020202020202,0.817741978989165
1.62297985005165,1,0.396146057814094,0.0121800898082523,0.5,0.500365402629197,1.02020202020202,1.02169424873245
0.966826849873237,1,-0.789261273382409,-0.128564149777395,0.5,0.496143152004983,1.02020202020202,1.00458344071149
0.400508182118791,0,-0.629036326984091,-1.28366103953083,0.5,0.461566135701393,1.02020202020202,0.874556255321735
1.1027510301664,1,0.65332838793766,-0.386227670568137,0.5,0.488415243551671,1.02020202020202,0.973997391220558
3.57295433635616,1,-0.167056914678752,1.79509629221432,0.5,0.553645609767262,1.02020202020202,1.26543029915316
-0.758769972947763,0,-0.81472143767734,-0.135548710885164,0.5,0.495933628328996,1.02020202020202,1.00374180453678
2.12632413196001,1,-0.812770017428674,0.0657599235615794,0.5,0.501972787469588,1.02020202020202,1.02828447718937
-0.0853235574959021,0,0.936702223786498,-0.512400273707577,0.5,0.484632833137814,1.02020202020202,0.959361455704918
2.07985129794992,0,0.0561870586235985,0.363528552164302,0.5,0.510904127403885,1.02020202020202,1.06569172244357
0.959604109888386,1,-0.132456013487719,1.12677025880421,0.5,0.533751701579224,1.02020202020202,1.16790681291873
0.737927762832633,1,-0.385952975607181,-0.0606575294348699,0.5,0.498180282151371,1.02020202020202,1.01280302905305
1.24121836940632,0,0.786971923382381,-0.5568112075577,0.5,0.483301875789137,1.02020202020202,0.954262318642143
0.418116896765639,0,-0.5509427917252,-1.42468495418409,0.5,0.457363249987561,1.02020202020202,0.859880779532118
0.267225860142208,1,0.171095272250612,0.503127782268707,0.5,0.515089250159247,1.02020202020202,1.08369446082476
0.277086660558341,0,-1.24656937402119,-0.251591496812633,0.5,0.492452828354505,1.02020202020202,0.989861432411596
0.288070028607723,0,-0.803105642005876,-0.525477909021103,0.5,0.484240884204809,1.02020202020202,0.957857094912379
0.395063697233067,0,-0.428251689106263,0.019666724577601,0.5,0.500590001463487,1.02020202020202,1.02261254737102
1.75641569580265,0,1.22850237814564,-0.0190491145918073,0.5,0.49942852681109,1.02020202020202,1.01787261018549
0.40024248637348,0,-0.8513033085047,1.07762636432009,0.5,0.53228381485999,1.02020202020202,1.16103962294664
1.96143540279965,0,0.545835275858295,0.985329217996666,0.5,0.529525485932258,1.02020202020202,1.14825129596449
-0.675808998832619,0,-0.649077883089655,0.60806246555092,0.5,0.518233784573755,1.02020202020202,1.09742679546616
0.96668056105418,1,-1.2178251343012,0.644484968548795,0.5,0.519324917838794,1.02020202020202,1.10223381652785
0.629501113015453,1,-0.962644425474084,-0.755806603213533,0.5,0.477341332117949,1.02020202020202,0.931744982487409
3.59751293850784,1,-0.50826652838502,2.10069833743214,0.5,0.56268932857919,1.02020202020202,1.31269787654052
-2.79579725469773,0,-0.78343431878725,-1.29979087246208,0.5,0.46108513581109,1.02020202020202,0.872865118960058
2.49613297745926,0,1.21212958914561,0.375866370744775,0.5,0.51127407988523,1.02020202020202,1.06727068835095
1.84750540022343,0,-0.688089855039556,1.69066751759056,0.5,0.550546767521548,1.02020202020202,1.24967156503453
-0.0425826960969939,1,-0.370732581608298,-0.611726576525595,0.5,0.481656439164113,1.02020202020202,0.947994553045324
2.02696307772184,1,1.18947603650403,1.08491285838187,0.5,0.532501492206134,1.02020202020202,1.16205525590432
-1.59471214107745,1,1.06972906197421,-1.97370019328803,0.5,0.441064237555758,1.02020202020202,0.805056066238268
1.91384027647677,1,-1.12462731874676,0.0734765575931231,0.5,0.502204282447224,1.02020202020202,1.02923710558527
2.43661067178949,1,-1.44880243720991,1.49021362645471,0.5,0.544587651156847,1.02020202020202,1.21997004099386
2.74569093717191,0,0.88018871978221,0.938083140817858,0.5,0.528112813362361,1.02020202020202,1.14175967125927
1.45606120259381,1,0.946321776801705,-0.206426255490455,0.5,0.493807528978844,1.02020202020202,0.995240876733881
2.46918708624277,1,-0.662237118839701,0.0303172814875112,0.5,0.50090951744146,1.02020202020202,1.02392035009855
2.07859034224178,1,-2.0764779037704,1.11925466138065,0.5,0.533527254231431,1.02020202020202,1.16685398565555
3.63326466695377,1,1.46714021211675,1.33414549788226,0.5,0.539939094125164,1.02020202020202,1.19733484757865
1.95943482393095,1,0.572505166746236,0.252779430706329,0.5,0.507582801504176,1.02020202020202,1.05162248819941
1.96862957675602,0,-1.00529836835008,1.65099140927701,0.5,0.549368367483708,1.02020202020202,1.24373585407744
0.0892306394990809,0,0.0625385815615834,-1.62704406262732,0.5,0.451343149528919,1.02020202020202,0.839251697228223
1.94772652372834,0,1.72222233599527,0.141039604828375,0.5,0.504231087146727,1.02020202020202,1.03761563183773
2.76903265847938,0,-0.169502377565117,-0.5948008135533,0.5,0.482163547338178,1.02020202020202,0.94992197349889
1.5019942030708,0,-0.515583299446125,1.06086550976365,0.5,0.531783053145813,1.02020202020202,1.15870676782127
2.77835145142505,1,-0.659451462791642,1.75615361349005,0.5,0.552490490477299,1.02020202020202,1.25953058545844
0.430999380594237,0,-0.854934948434409,-0.224656864815268,0.5,0.493260702215146,1.02020202020202,0.993065994853655
1.26682074418019,1,1.70386015287757,1.14889576233977,0.5,0.534412382506981,1.02020202020202,1.17101179621206
0.703574098868074,0,1.5329925274102,-0.54706710883543,0.5,0.483593878388331,1.02020202020202,0.955378782399696
0.788397709877117,0,-1.06037238136032,-0.436770645528975,0.5,0.486899879406784,1.02020202020202,0.968107822762982
2.41929134448972,0,-1.18793353716184,0.216395891671584,0.5,0.506491511979192,1.02020202020202,1.0470410869905
0.0986694163538416,0,-0.248778339008919,-1.09856666489643,0.5,0.467090646188136,1.02020202020202,0.894198642696062
2.03013314782022,1,-1.60529769226595,1.54087114848587,0.5,0.546094878436604,1.02020202020202,1.22740870665675
1.56994639923637,0,1.32154288967871,0.238892085927478,0.5,0.5071662718145,1.02020202020202,1.04987143836213
3.84227050680788,0,1.38901242446299,0.554209384626439,0.5,0.516620156172202,1.02020202020202,1.09035768399091
0.660366199277193,1,-0.951108410880402,-0.812770412553054,0.5,0.475636198110663,1.02020202020202,0.92539761220229
0.906830092600887,1,-0.793686537627706,1.14009015741626,0.5,0.534149456147484,1.02020202020202,1.16977507366396
-0.0552785759554759,1,0.00764553448377129,0.154446432605626,0.5,0.504633260354442,1.02020202020202,1.03928631147723
2.72871390955429,1,0.699569076103239,0.978928953107442,0.5,0.529334143191029,1.02020202020202,1.14736974104449
0.927066520618344,0,0.402752400260018,0.0763614866747674,0.5,0.502290828570669,1.02020202020202,1.02959348039562
1.3373651430412,1,0.472389638416316,-0.09621354055777,0.5,0.497113625846351,1.02020202020202,1.00849088665792
-0.267293510418854,0,0.755947035333649,-1.13542678985468,0.5,0.465989794934728,1.02020202020202,0.890252144390809
0.882269982728017,1,0.157400736554387,1.12203287954941,0.5,0.533610225096653,1.02020202020202,1.16724306350172
0.319075625683675,0,-1.17661782368616,-0.136025365160725,0.5,0.495919329649858,1.02020202020202,1.00368439363998
1.87373102973261,0,-0.354925158618709,0.506090523288528,0.5,0.51517805096375,1.02020202020202,1.08407981404666
2.34466897588798,0,0.880625856303221,0.515128825287726,0.5,0.515448945675746,1.02020202020202,1.08525624079542
0.213313369463506,0,0.877405490914815,-1.5047270589698,0.5,0.454980441942918,1.02020202020202,0.85166111777214
1.35730314764084,1,-0.667539499283868,0.20114183871745,0.5,0.506033962217632,1.02020202020202,1.04512624564831
1.17141262669103,0,-0.857326876041072,0.281673378944202,0.5,0.508449396934551,1.02020202020202,1.05527507989663
0.896017869079832,1,0.324934142920903,0.133140128686994,0.5,0.503994118899861,1.02020202020202,1.03663250349196
0.961960024267156,1,-1.28289461028448,0.947777613176868,0.5,0.528402718598981,1.02020202020202,1.1430886950693
1.55119588814928,0,0.508792099954318,0.664542083985069,0.5,0.519925704222461,1.02020202020202,1.10488992738846
1.32539213291079,0,-0.46648150541568,0.685927904720872,0.5,0.520566226832726,1.02020202020202,1.10772904619383
1.6290498848174,1,-0.969089210412258,-0.521238345776944,0.5,0.484367945770772,1.02020202020202,0.958344526379587
1.16865124610556,0,0.883943705876208,-0.356425500193765,0.5,0.48930886477561,1.02020202020202,0.977486895533239
-2.19657835423715,0,-1.3024054154609,-1.63186668040281,0.5,0.451199845134278,1.02020202020202,0.83876615091965
2.65170671544206,1,-0.40271173085935,0.556706785609174,0.5,0.516694995045636,1.02020202020202,1.09068450020211
-0.255724856609029,0,-0.364984495574043,-1.48948223488589,0.5,0.455434116189467,1.02020202020202,0.853220554607994
2.85484628725424,1,0.133491483585871,0.855868173698802,0.5,0.525653499430247,1.02020202020202,1.13055068689421
3.19391177437524,0,-0.745490308015058,3.18953835537694,0.5,0.594534896796409,1.02020202020202,1.49592578498115
-0.0647345595909962,1,-1.42302739597181,-0.455334565508665,0.5,0.486343360575844,1.02020202020202,0.965953597966832
1.25985130122833,0,-0.934808871536746,-0.05188715022909,0.5,0.498443390522112,1.02020202020202,1.0138695101563
0.528603075153067,0,0.883160758501518,-0.689664686425944,0.5,0.479321860415522,1.02020202020202,0.93916969649072
0.167751901390603,0,-0.231983622274099,0.313410755435914,0.5,0.509401214553357,1.02020202020202,1.0593017422731
0.450937208153276,1,0.113626991096238,-1.77014618668375,0.5,0.447094395378583,1.02020202020202,0.824962889820133
-0.208829720677399,1,0.262606853203587,0.068598926256388,0.5,0.502057956166477,1.02020202020202,1.02863485315729
0.891256762881154,0,1.01320466196634,-0.227374184707015,0.5,0.493179197608097,1.02020202020202,0.992742230285042
-1.48132967156616,0,-0.131598949967623,0.287750507949557,0.5,0.508631657610354,1.02020202020202,1.05604492570525
-0.982990988797631,0,-1.72716026722975,-0.371138203449333,0.5,0.488867693919938,1.02020202020202,0.975762641132103
0.92162908745186,0,0.36032705421698,0.394333863681864,0.5,0.511827808935082,1.02020202020202,1.06963848868996
-0.0442817404744472,0,-1.44857494481434,-0.29082586756672,0.5,0.491276109391731,1.02020202020202,0.985211995212491
-0.414612850097187,1,-1.57846362492539,0.0992031808957558,0.5,0.502976060281096,1.02020202020202,1.03241947078492
0.531725807456401,1,-0.255559700878407,0.970911395776888,0.5,0.529094437609724,1.02020202020202,1.14626637958405
-0.334294618947487,1,0.251503060177542,0.266644770508926,0.5,0.507998660686619,1.02020202020202,1.05337367702225
3.4973949165907,1,-0.0473643860170482,0.811037186376077,0.5,0.524311928301447,1.02020202020202,1.12448497301846
1.55508785184997,1,0.687735316563058,1.31409851261003,0.5,0.539341464744264,1.02020202020202,1.19445795486097
-0.370817129617253,0,0.254105905762781,-0.544126160427668,0.5,0.483682012359368,1.02020202020202,0.955716008267097
1.08397177137059,0,-1.12868279653905,0.1177198756295,0.5,0.503531537541155,1.02020202020202,1.03471606089682
0.83244693425228,0,-0.0444180130736756,-0.209934579233843,0.5,0.493702295686358,1.02020202020202,0.994821969655979
-1.71324164362907,1,-1.29672622381621,-1.87652969724864,0.5,0.443940794945259,1.02020202020202,0.814498333515866
0.966021780109258,1,-1.74338610921252,2.28992116659085,0.5,0.56826859542054,1.02020202020202,1.34284595217279
0.850604291696768,1,-0.489654426497206,0.60364078337208,0.5,0.518101309239493,1.02020202020202,1.0968446532222
0.389112205804887,1,-0.376697083259444,-0.0319994487821825,0.5,0.49904001771612,1.02020202020202,1.01629202379509
-1.79796795909755,1,1.11783862118655,-1.95624576449264,0.5,0.441580658783284,1.02020202020202,0.806744048641415
3.2505817434695,1,1.42761071402281,0.294518673822812,0.5,0.508834640640509,1.02020202020202,1.05690297256951
0.15723861288972,1,-1.28157145213473,0.754466154027656,0.5,0.522618536845138,1.02020202020202,1.11687723180712
3.35920353076954,0,0.849433408602417,0.656974904622698,0.5,0.519699045287067,1.02020202020202,1.10388707475257
-0.638589879593138,1,-2.01977180705314,-0.0830144243942392,0.5,0.497509587863034,1.02020202020202,1.01008949494024
1.80691822164537,1,1.46231775908063,0.443115545479522,0.5,0.513290335021093,1.02020202020202,1.07591830287854
0.378452272805241,0,0.225651424932773,-0.58530084334238,0.5,0.482448189524077,1.02020202020202,0.951005498643053
2.21543940271303,1,0.994018405432195,-0.10148172600292,0.5,0.496955585843447,1.02020202020202,1.00785353809809
0.130658094911277,0,0.057940224976392,-1.09332197882496,0.5,0.467247308394389,1.02020202020202,0.89476159476787
0.46072450794107,0,-0.784239025429898,-0.0690292689175519,0.5,0.497929133773772,1.02020202020202,1.01178606918919
1.28222473835238,1,1.04318881005739,-0.564324545856548,0.5,0.483076730435902,1.02020202020202,0.953402342902621
1.86692087499769,1,0.546732576792771,0.517735983801848,0.5,0.515527085382818,1.02020202020202,1.0855958261196
0.371978656469216,0,-0.138662000516139,-1.24630844174802,0.5,0.462680282606218,1.02020202020202,0.878485087634656
2.95238054202396,0,-0.0506182705817299,0.526359095682674,0.5,0.515785525089908,1.02020202020202,1.08671975323619
1.34407462546058,0,0.717557938425698,0.597677852825599,0.5,0.517922653472492,1.02020202020202,1.09606008493676
2.29708114591156,0,-0.0689659061194429,0.641753239241741,0.5,0.519243087862455,1.02020202020202,1.1018725552128
2.02127430919517,0,0.28951905845825,1.1090691046926,0.5,0.533223049024287,1.02020202020202,1.16542865001311
0.587426297880163,1,2.31142904217087,-0.598883922650886,0.5,0.482041211016413,1.02020202020202,0.949456651299639
0.838825529546953,0,-0.923374151946051,1.37221843033216,0.5,0.541073785316884,1.02020202020202,1.20281768876462
2.33195517058256,1,1.62589850392199,0.212020061708223,0.5,0.506360258763459,1.02020202020202,1.04649143046399
1.45117276630913,0,1.3126180857558,0.451957594146715,0.5,0.513555405302595,1.02020202020202,1.07706050737657
2.16697323071019,1,-0.706372841893969,-0.00594614124967332,0.5,0.499821615770078,1.02020202020202,1.01947432801269
-0.725781226776889,0,-1.28514279757971,-0.321043494476061,0.5,0.490369886214831,1.02020202020202,0.981645972305107
-1.71941606348757,0,-0.749142444668399,-1.76975493399999,0.5,0.447106001573831,1.02020202020202,0.825001623002751
1.50924631602553,0,-0.864898475170658,2.7412370656258,0.5,0.581503496035844,1.02020202020202,1.41757705450537
0.528383030136036,0,-1.74056956289097,-0.733670036079199,0.5,0.478004104804591,1.02020202020202,0.934223349024511
-0.303037171158145,1,-0.63661481518857,-1.89342154372164,0.5,0.443440466764165,1.02020202020202,0.812849000001638
1.54951008701866,0,-0.131888337990222,-0.636413280866403,0.5,0.480916875571718,1.02020202020202,0.94519036531556
0.0738350069705396,1,2.05810548225228,0.168894321372897,0.5,0.505066656208958,1.02020202020202,1.04108973352703
0.187836765177999,1,-1.08366063391946,0.343713554706764,0.5,0.510309945074626,1.02020202020202,1.06316073127859
0.513955930417927,1,-1.26431627517716,-1.0254101006624,0.5,0.469276452914621,1.02020202020202,0.902083180454242
2.34802307676007,1,-0.686755144289118,0.0849648913878299,0.5,0.502548924660748,1.02020202020202,1.03065699041779
-1.04489939205121,1,-1.23534980533146,-0.585769901800441,0.5,0.482434135124342,1.02020202020202,0.95095197088879
1.97289130675807,1,0.712005593826764,-0.995857138516798,0.5,0.47015978956477,1.02020202020202,0.905287967362325
0.646272712005151,1,-0.86411171476159,1.26329874854671,0.5,0.537826548244989,1.02020202020202,1.18719872150655
2.26283456752441,0,-0.050175932637236,-0.524453383839147,0.5,0.484271589486854,1.02020202020202,0.957974863997409
1.91834641432085,0,0.0108042268579016,0.553735390020746,0.5,0.516605952032368,1.02020202020202,1.09029566691541
2.72126766675159,1,0.655521582385738,-0.0867573593604066,0.5,0.497397302727247,1.02020202020202,1.0096359128968
0.0435521092764228,1,-1.24113680047064,-1.02931762324053,0.5,0.469159671536121,1.02020202020202,0.901660290361749
2.25734573206092,0,1.21622378861075,-0.294089090927325,0.5,0.491178242828702,1.02020202020202,0.984826274723195
1.46443420917391,0,-0.256459172903519,1.074354306504,0.5,0.532186061121814,1.02020202020202,1.16058383378184
1.69690223643045,0,-1.23832433568726,2.51132469324059,0.5,0.574774693002854,1.02020202020202,1.37900142186609
2.33767616579555,1,-0.92682361762417,-0.754204755679399,0.5,0.47738928906315,1.02020202020202,0.931924101310437
1.4180080798667,0,-2.24149439369182,-0.165490245608253,0.5,0.495035455787574,1.02020202020202,1.00014184729306
0.695039677130957,1,-0.334443513566918,0.911224706107675,0.5,0.527309535477151,1.02020202020202,1.13808568977294
1.38458731315268,1,-0.71833637218119,-0.113927848762762,0.5,0.496582217770501,1.02020202020202,1.00634939735782
-1.48817546443358,0,-1.87384639549062,-2.13104971958628,0.5,0.436414649067634,1.02020202020202,0.78999765676661
2.07658868217805,1,-1.24937624200222,0.846587019182287,0.5,0.525375789842535,1.02020202020202,1.1292922499355
0.846721921000526,1,0.127979858220746,-1.01314541414381,0.5,0.469643020769384,1.02020202020202,0.903411810018557
2.13865734060985,1,-1.76760863853475,0.722855457919193,0.5,0.521672076528933,1.02020202020202,1.112648625018
0.195499188466192,0,-0.796818795175388,1.29653828373665,0.5,0.538817876128667,1.02020202020202,1.19194361033124
-0.388504301370131,0,-0.775808479666102,-1.58125409341761,0.5,0.452704200200176,1.02020202020202,0.843875907264559
0.848301711029412,0,-1.21088729624036,-0.33106146756051,0.5,0.490069462023387,1.02020202020202,0.980466588997475
-0.724993225401078,0,0.108929381761356,-0.706298113332274,0.5,0.478823731798747,1.02020202020202,0.937296972841284
0.0770258152471459,0,-0.771596663058995,0.152699712039609,0.5,0.504580863186411,1.02020202020202,1.03906849317318
0.875927466593764,1,-1.91026955965812,1.71868319437398,0.5,0.55137850617764,1.02020202020202,1.25387988236056
1.15225563948459,1,0.628643399024932,0.301403759112614,0.5,0.509041127193824,1.02020202020202,1.0577765574553
-0.133224694215269,1,-0.561076312070105,-0.181795790220767,0.5,0.494546342581812,1.02020202020202,0.998186817684961
1.32923331061192,0,0.159507557666966,-1.63692635625025,0.5,0.451049505244889,1.02020202020202,0.838257039311419
0.730002192533328,0,2.05027227957493,0.566945093782407,0.5,0.517001795521264,1.02020202020202,1.09202533539042
1.38150224400349,1,-0.0529272152707419,-0.58379515772654,0.5,0.482493304573428,1.02020202020202,0.951177344003277
1.09137732306188,1,-0.649780767338664,-0.121056481964673,0.5,0.496368369405261,1.02020202020202,1.00548889797415
-1.40238797761659,1,-0.437466574232858,-0.874522098979269,0.5,0.473788388236111,1.02020202020202,0.918565573280473
1.67889535777512,0,-0.9630812803276,1.5896134107513,0.5,0.547544323640722,1.02020202020202,1.23460894473307
1.88579759881857,0,1.54429253006369,0.698110245312212,0.5,0.520931067685122,1.02020202020202,1.10934959833514
0.619895837220885,1,0.425904238349485,0.152002032389644,0.5,0.504559934545736,1.02020202020202,1.03898150438154
0.659493306031426,1,0.466862468796662,-0.107317635277268,0.5,0.496780515436413,1.02020202020202,1.00714797616543
-0.973100658634182,0,0.135594244216628,-1.41123543469523,0.5,0.45776382907683,1.02020202020202,0.861269698044114
0.739305180233426,0,0.614788799482234,0.45208106550201,0.5,0.513559106719982,1.02020202020202,1.07707646582926
-0.276179128239254,0,1.88050384811905,-1.06646030795068,0.5,0.468049784680441,1.02020202020202,0.897650423168366
2.08135735572745,1,0.899015907033674,0.153833671286962,0.5,0.504614879087133,1.02020202020202,1.03920989415272
2.24586760963951,0,-0.363414043977514,0.523321200612728,0.5,0.515694478553829,1.02020202020202,1.08632366456743
-0.833991486377925,0,-1.39642480208735,0.952883022762689,0.5,0.528555383992359,1.02020202020202,1.14378922195374
2.18902091317295,1,1.17455191330546,-0.696628269895545,0.5,0.479113313830345,1.02020202020202,0.938385225911114
2.0369853779529,1,2.22650610493848,-0.217717601456879,0.5,0.493468843451729,1.02020202020202,0.993893276825967
2.63881537741574,1,1.85627484803158,0.543880940587888,0.5,0.516310638877471,1.02020202020202,1.0890071173204
2.89819029930332,1,-0.539703652211525,-0.177048655266896,0.5,0.494688740126035,1.02020202020202,0.998755602979541
1.18544515409606,1,0.575691002779414,0.396945357965866,0.5,0.511906109631887,1.02020202020202,1.06997374379412
1.29302460988533,1,-1.04433656755873,0.675443501512502,0.5,0.52025221880312,1.02020202020202,1.10633625717533
2.76126291506691,0,-0.344523554246571,1.26133225466528,0.5,0.537767890555625,1.02020202020202,1.18691860027662
0.0642548949914672,1,-0.055345890867298,0.592602165165569,0.5,0.517770576837672,1.02020202020202,1.09539269716677
-0.475475346903238,1,-0.479095866908946,-0.967276520788294,0.5,0.471014240792775,1.02020202020202,0.908398140473318
1.51026860258816,0,-2.33179778644437,0.80620549766755,0.5,0.524167318309669,1.02020202020202,1.12383318262997
0.333861977513292,0,-0.113376941533425,-0.80449535104498,0.5,0.475883866483443,1.02020202020202,0.926316995263073
-1.60128739453638,1,-0.547591239003152,0.554485799375998,0.5,0.51662843944765,1.02020202020202,1.09039385150428
1.84271845078834,0,0.172121991728936,-1.38939320249471,0.5,0.458414491993657,1.02020202020202,0.86353010541843
2.89817098028172,0,0.571331604172482,0.00666481836473405,0.5,0.500199944540284,1.02020202020202,1.02101828191187
-2.21643903391906,0,-2.15760596022052,-0.912183699427133,0.5,0.472661780640744,1.02020202020202,0.914423582018923
-0.560864987676024,1,0.298180738069537,-0.645095193791427,0.5,0.480656802776616,1.02020202020202,0.944206150842535
-0.202129542081337,1,-1.9612207333008,-0.00387780013431681,0.5,0.49988366599807,1.02020202020202,1.01972739389723
1.1340798453687,1,1.15791785286224,-0.720602712546932,0.5,0.478395379258984,1.02020202020202,0.935689434042909
-0.19388344997923,1,0.899231574629335,-1.62624967552412,0.5,0.451366755567152,1.02020202020202,0.839331703928495
1.07809453939959,1,0.377680441274139,-0.695796243754822,0.5,0.479138231109575,1.02020202020202,0.93847892191305
-1.1507431585244,0,-0.405523928176628,0.200663218170811,0.5,0.506019605687375,1.02020202020202,1.04506622110467
2.13789851061762,1,0.12835288412764,-0.959538756976388,0.5,0.471245599788974,1.02020202020202,0.909242008622813
0.00258787035449515,0,-0.523291265662075,-0.626395344241519,0.5,0.481216982736434,1.02020202020202,0.946327311431267
2.16237805693237,1,0.546919764482161,0.0228256143738719,0.5,0.500684768003092,1.02020202020202,1.0230002592917
-1.17345769628222,1,-0.712338175928987,-2.04760033535279,0.5,0.438879191997053,1.02020202020202,0.797948377451138
2.8302592879191,1,-1.50846949561591,1.05878314934446,0.5,0.531720834262096,1.02020202020202,1.15841726258074
0.803219948726607,0,-1.78251598252924,-0.313718493183797,0.5,0.49058955658126,1.02020202020202,0.982509218608224
1.25403872527673,0,-0.814969565342107,-1.64704319291989,0.5,0.450748927020268,1.02020202020202,0.837239995645744
3.55470426315554,0,0.0300239780792067,2.1979325367426,0.5,0.565558368316971,1.02020202020202,1.32810427873566
1.25809978359783,0,-0.960022526628825,0.83129690552973,0.5,0.524918246751033,1.02020202020202,1.127222108856
1.10010851328814,1,-1.07317331651514,0.985067549368886,0.5,0.529517663239464,1.02020202020202,1.14821524116964
-0.87455747586658,0,0.0980147118668211,-2.98210688336277,0.5,0.411479435409611,1.02020202020202,0.713300734985613
1.90952943513522,1,0.16919371564669,-0.477099084131163,0.5,0.485690935758323,1.02020202020202,0.963434067772157
2.08227948550405,1,0.245508637694901,1.39142639320933,0.5,0.541646081180001,1.02020202020202,1.20559332769958
0.135775157286107,0,0.301233210820038,-0.0637520235614776,0.5,0.498087448621013,1.02020202020202,1.01242700531059
1.15305901878814,1,-0.209789357708724,0.125451940561221,0.5,0.503763487140537,1.02020202020202,1.03567656544117
1.15283389956833,1,-2.51480041266495,0.71619014637065,0.5,0.521472489400191,1.02020202020202,1.11175904285839
2.73385792777092,0,1.7946465145778,1.67243374319881,0.5,0.550005285040479,1.02020202020202,1.24694020677678
-0.79626854415082,0,0.672466491009405,-0.23937343701571,0.5,0.492819290625234,1.02020202020202,0.991313799198303
1.59797351998393,0,1.09772809640385,-0.641577248119679,0.5,0.480762184053084,1.02020202020202,0.944604834902538
-0.64640940142074,1,-1.09433863817728,-2.00163467064121,0.5,0.440238010633273,1.02020202020202,0.802361925871205
3.01312858736048,0,-0.319907708373618,0.645017487283084,0.5,0.519340869516667,1.02020202020202,1.10230425399721
2.18301065292792,0,2.16957576175576,-0.0695592036201364,0.5,0.497913236007508,1.02020202020202,1.011721729569
0.464625393068411,1,-0.433164452010747,-1.35081111755143,0.5,0.459564167188481,1.02020202020202,0.867537389848947
-0.527186433999507,0,-1.18810423922485,-0.833612064115738,0.5,0.475012471474574,1.02020202020202,0.923086086217465
2.76697784750635,1,0.768502339611138,-0.398321376298416,0.5,0.488052633306312,1.02020202020202,0.972584907858172
0.990112506716555,0,-1.19500909189015,0.431847772535735,0.5,0.512952534645143,1.02020202020202,1.07446450158906
-0.354984774086614,0,-0.278252009988141,-1.54182456163515,0.5,0.453876762408863,1.02020202020202,0.847878204148017
0.577129365386491,0,1.5527135267159,-0.735731424464568,0.5,0.47794238316994,1.02020202020202,0.933992281945506
0.815117082087669,1,0.865902318298432,-0.441846317506071,0.5,0.486747714992553,1.02020202020202,0.967518346570856
2.35722657450877,1,0.16029642484012,-0.540659421681752,0.5,0.483785904452092,1.02020202020202,0.956113677104114
1.20919932584041,1,0.0167949351393743,0.633118004348888,0.5,0.518984409392306,1.02020202020202,1.10073135518638
2.31398538044766,1,0.128383463882416,0.997196093781832,0.5,0.529880235830367,1.02020202020202,1.14988759941648
0.895181228946147,0,-1.07656456504264,-0.888320717474666,0.5,0.473375585330641,1.02020202020202,0.917045839532234
1.00429048278697,1,-1.4918409132256,1.04361943832953,0.5,0.5312677278508,1.02020202020202,1.15631127068844
-0.227679456432941,0,0.336460581153397,-2.11565302174632,0.5,0.436869133225717,1.02020202020202,0.791458608606917
2.02505656361351,1,0.532300719124531,0.0658985499916701,0.5,0.501976946197612,1.02020202020202,1.02830158302039
0.692030853258197,1,-0.392943919615835,-0.0612687914585248,0.5,0.498161944536011,1.02020202020202,1.01272874121415
1.74817952772199,1,-0.111736546035171,-1.10178188854624,0.5,0.466994608559584,1.02020202020202,0.893853703408923
1.15935749552685,0,-0.440167832734512,-0.498577133993041,0.5,0.485047146075546,1.02020202020202,0.960954142788562
-0.979760495072664,0,0.96938468270002,-1.64434218920617,0.5,0.450829172203299,1.02020202020202,0.837511406228729
1.81228548622916,1,0.509752416742751,1.82983473664314,0.5,0.554675534638935,1.02020202020202,1.27071639896646
1.42088601797935,1,0.0605667926550716,0.0641343696561026,0.5,0.50192402159299,1.02020202020202,1.02808391292995
0.0894977092891872,1,-1.05795336252975,-1.14934822542376,0.5,0.465574107923214,1.02020202020202,0.888766155418181
-1.05982811691799,0,-0.697946950953737,-1.23751221177783,0.5,0.46294270969283,1.02020202020202,0.879412860025218
2.84672505247901,0,0.364563865087542,0.661603056320612,0.5,0.519837672801961,1.02020202020202,1.10450031984901
2.3483195908568,0,1.32849213276103,2.36860291742669,0.5,0.570583534076162,1.02020202020202,1.35558489334164
2.55783216152654,0,0.344456123725583,-0.572744618475518,0.5,0.482824421971205,1.02020202020202,0.952439503379779
2.8495265910354,0,-0.577995017865978,1.00737637075665,0.5,0.5301845422848,1.02020202020202,1.15129319871532
0.681608292497968,0,0.984115776093849,0.0292765848167539,0.5,0.500878296641138,1.02020202020202,1.02379248722277
1.68666648807588,1,-0.683663052018232,1.76328859590142,0.5,0.552702171382697,1.02020202020202,1.26060945468417
-0.0968419792980417,1,-0.492908922663659,-0.141370867492928,0.5,0.495758975686645,1.02020202020202,1.00304077641745
0.324724198347299,0,-0.0398000494619866,0.719201685173732,0.5,0.5215626682407,1.02020202020202,1.11216088812404
0.848443760035131,1,-0.222293928929089,2.01520689372898,0.5,0.560163300134289,1.02020202020202,1.29929978697666
0.20742803391029,1,-0.434727050243018,-1.35739496012457,0.5,0.459367949984612,1.02020202020202,0.866852252982452
0.0273783191871908,0,-0.360157458441204,-0.361702413183832,0.5,0.489150630840805,1.02020202020202,0.976868117872469
1.45552009649219,0,0.925572250432937,0.258995833153617,0.5,0.507769249621959,1.02020202020202,1.05240725790279
1.82225305104744,1,1.48688090333379,0.939387870638383,0.5,0.52815183134506,1.02020202020202,1.14193844780113
3.44870647965784,1,0.27343799246799,0.339788677507782,0.5,0.51019224825268,1.02020202020202,1.06266011614146
1.49335918138112,1,0.307181732968553,-0.62014871335681,0.5,0.481404119830374,1.02020202020202,0.947036940254674
-0.0315888914909714,1,0.00446890998617258,0.66233603091381,0.5,0.519859627387449,1.02020202020202,1.10459747260229
1.70635408894901,0,-0.489885650172019,0.765631739479803,0.5,0.522952808753059,1.02020202020202,1.11837470537379
0.636887751224047,0,-0.547049172047227,0.443131713472716,0.5,0.51329081971818,1.02020202020202,1.07592039033334
3.0536500948457,1,1.57699619287929,0.22231718470456,0.5,0.506669120000877,1.02020202020202,1.04778533182393
0.00460052434595332,0,-1.28271888419442,-1.2928322714424,0.5,0.461292636027574,1.02020202020202,0.873594293772704
2.52706240640236,1,0.744829965513488,0.284482771703764,0.5,0.508533654408247,1.02020202020202,1.05563090173211
0.53692705766713,0,-1.73284753932776,-0.401150508987182,0.5,0.487967808130024,1.02020202020202,0.972254775290023
-1.81522181635885,0,0.456623028904688,-1.15955413655199,0.5,0.465269394929202,1.02020202020202,0.887678341474579
0.236945730230764,0,-2.69749121499359,-0.229916371707493,0.5,0.493102946349861,1.02020202020202,0.992439428107058
1.56436768339236,0,-0.106997727045384,0.721460159511497,0.5,0.521630296066258,1.02020202020202,1.11246234339097
2.54984029048251,1,-1.22871779352247,1.27812189538387,0.5,0.53826866762556,1.02020202020202,1.18931236331547
1.89619035354463,1,1.64897623574696,-0.416430715869709,0.5,0.487509677619966,1.02020202020202,0.970473658246199
1.50407470643717,1,0.726164588454161,-0.161374108425359,0.5,0.495158928029422,1.02020202020202,1.00063597584256
-1.11809162197709,1,-0.169527067099395,0.660286785970862,0.5,0.519798246727552,1.02020202020202,1.10432587510368
-1.15699399123016,1,0.138470458755037,0.536963808569033,0.5,0.516103342947798,1.02020202020202,1.0881035556556
1.47067957771957,1,1.31936136977969,-0.611123122937499,0.5,0.481674518429305,1.02020202020202,0.948063204016698
-0.16440782024931,0,-1.5923056037499,-1.25445190038493,0.5,0.462437348753383,1.02020202020202,0.87762703811547
-1.18696469407448,1,-1.16385972703028,-0.153214127644855,0.5,0.495403705645159,1.02020202020202,1.00161627615787
0.553750588180545,1,-1.90826923433772,-0.649604004644628,0.5,0.480521742309437,1.02020202020202,0.943695419389616
-0.900109700719782,1,-0.286199624345787,-1.21480627431405,0.5,0.463620214113804,1.02020202020202,0.881812274606764
0.106698042106954,1,-0.163066877507198,0.435951258945774,0.5,0.5130755558382,1.02020202020202,1.07499371793393
0.1724912099479,0,-1.228512602286,1.19996809607001,0.5,0.53593696855098,1.02020202020202,1.17821058986191
-1.11532079723691,0,-0.0621487820164948,-2.11362871416345,0.5,0.436928895222508,1.02020202020202,0.791650890639802
-0.48935450544986,1,1.38847455814313,-2.08344172210209,0.5,0.43782029773637,1.02020202020202,0.79452379806241
2.38817945841418,1,-0.700068904644558,-0.267876622187562,0.5,0.491964393264227,1.02020202020202,0.987928919196136
-0.378916442867035,1,-0.0629717712141962,0.596442537692308,0.5,0.517885641537402,1.02020202020202,1.09589761942563
3.26695845065837,0,-0.973187845809472,1.59338208597155,0.5,0.547656359212512,1.02020202020202,1.23516741182082
-0.680171563556355,0,0.68506398707894,0.108188556004641,0.5,0.503245611093334,1.02020202020202,1.03353327229824
0.0166160155261803,0,0.185782260327305,-0.651735634527916,0.5,0.480457890780915,1.02020202020202,0.943454057137828
1.80985801856409,0,-0.142437673286128,1.42957526074354,0.5,0.542782388754878,1.02020202020202,1.21112502213072
-0.436651085065026,1,0.196134436193461,-0.369711002007248,0.5,0.48891048882022,1.02020202020202,0.975929768624997
0.584839130789791,0,-0.218736917006415,1.0223496466575,0.5,0.530632079099046,1.02020202020202,1.15336369396894
1.25198867419048,1,0.641840907749355,-0.353999225633995,0.5,0.489381619959468,1.02020202020202,0.977771535158518
-0.757707540337076,0,0.908643315283285,-1.82344563104229,0.5,0.445513854497005,1.02020202020202,0.819703320041524
-0.294519897867026,0,0.769204107897239,-0.375672954163118,0.5,0.488731719663634,1.02020202020202,0.975231804737842
-1.55158353839929,0,0.89057982107814,-1.82888852296376,0.5,0.445352512510598,1.02020202020202,0.819168108057172
-0.239684854215221,0,-0.397221172347929,-0.31715074786108,0.5,0.490486625815137,1.02020202020202,0.982104635308594
-0.776068055024937,1,-0.357664063480671,-0.507889622442576,0.5,0.484768025974249,1.02020202020202,0.959880877663768
0.188607032017967,0,-0.481831780549354,0.0665335623057896,0.5,0.501995996266337,1.02020202020202,1.02837994410611
-1.14541470713108,0,-0.205962912188307,-1.08729033522368,0.5,0.467427485520516,1.02020202020202,0.895409455165099
0.0814193197234985,1,0.578264289510158,0.857964616661103,0.5,0.525716226753154,1.02020202020202,1.13083513887668
0.500582219039311,0,0.115654323701149,-0.587928338498636,0.5,0.482369462238771,1.02020202020202,0.950705694428633
1.13319170668565,1,-0.308812043249274,-0.189927751291593,0.5,0.494302414090865,1.02020202020202,0.997213226833256
-0.78172430551639,0,-0.0769273616869619,-0.661989564254892,0.5,0.480150750223112,1.02020202020202,0.942293877675828
0.404289121099359,0,0.743607960814163,-1.52092188858964,0.5,0.454498578129412,1.02020202020202,0.850007624171827
0.839275916183567,0,-1.43873721258962,1.42089201520268,0.5,0.542523787071379,1.02020202020202,1.20986369987335
0.42483038315739,0,-0.618188873377794,0.0421196629513255,0.5,0.501263587198516,1.02020202020202,1.02537154133398
0.759666155534986,1,1.43397728693602,-0.0149010907606721,0.5,0.499552967396292,1.02020202020202,1.01837939548577
0.283379348097882,0,-1.41943390790423,-0.221277528285309,0.5,0.493362064168691,1.02020202020202,0.993468785021116
1.00452499708013,0,-0.566108283562584,0.248094770005381,0.5,0.507442293411426,1.02020202020202,1.05103147499163
0.883534867435735,1,-1.30918638001683,-0.154831262647542,0.5,0.495355195738115,1.02020202020202,1.00142192516726
0.581858164997973,0,-1.08019522048116,-1.15275470032952,0.5,0.465472399567546,1.02020202020202,0.888402922511203
1.78540017928331,0,0.23333060133025,-1.70515966195318,0.5,0.449022949328723,1.02020202020202,0.831421416670837
0.333095879918814,0,0.913395263980379,0.920240123778046,0.5,0.527579183158843,1.02020202020202,1.1393175941613
2.45173959703101,0,1.68895978309313,-0.102477878642139,0.5,0.496925702383117,1.02020202020202,1.00773306818319
-1.58705467070554,0,1.23946094102999,-1.58363486845761,0.5,0.452633416970476,1.02020202020202,0.843634852256437
1.39677312322975,0,-0.352807166501101,-0.55621829545773,0.5,0.483319643334825,1.02020202020202,0.954330216298587
0.577445722181994,1,-0.197426415104462,0.258049738553504,0.5,0.50774087361185,1.02020202020202,1.0522877834661
0.770123880015176,1,-0.0935374838333312,-1.32088431086514,0.5,0.46045622812729,1.02020202020202,0.870658505647416
-0.872021963081093,0,0.083605958655976,-1.1588865324544,0.5,0.465289326474692,1.02020202020202,0.887749458446992
-0.175629650635138,0,-1.04269365118156,0.766786821684778,0.5,0.522987388085106,1.02020202020202,1.11852973388426
0.611653217298849,0,1.11195926016554,-1.12438104529837,0.5,0.466319648907355,1.02020202020202,0.891432946521567
2.16278629046066,1,0.931451701743422,1.13502902630374,0.5,0.533998327350352,1.02020202020202,1.16906484315758
1.4652788435414,0,-0.319195803673931,0.288650613865832,0.5,0.508658652715105,1.02020202020202,1.05615899814003
-1.70102407383082,0,-0.0549673302221299,-1.19015073516129,0.5,0.46435604319336,1.02020202020202,0.884425124822038
3.12399827169844,0,2.76740466195418,2.14758195923666,0.5,0.564073235444142,1.02020202020202,1.32010397418088
-0.348712803331341,1,-0.248682375612416,-1.90804935573746,0.5,0.44300729081186,1.02020202020202,0.811423427263967
1.08859910688202,1,-0.0224514802402711,0.0745924930557439,0.5,0.50223775985051,1.02020202020202,1.02937494227635
1.90159521936354,1,-0.000389791140465162,0.339896052473146,0.5,0.5101954681627,1.02020202020202,1.06267380860085
0.13976801538658,1,-1.06927868442628,-0.100758130557534,0.5,0.49697729290774,1.02020202020202,1.00794105528523
1.28045053670634,1,-0.240768553588886,-0.512510023507382,0.5,0.484629543754573,1.02020202020202,0.959348821020793
-1.27103808969868,1,-0.498995723919031,-1.13752911766461,0.5,0.465927017449406,1.02020202020202,0.890027580497494
1.10855359020553,1,1.74432220731911,-1.20145774832993,0.5,0.464018573027121,1.02020202020202,0.883225913791749
1.24250423434782,0,-2.19027442117612,-1.03967671178399,0.5,0.46885009312373,1.02020202020202,0.90054014127533
0.754511975409598,0,0.640763549573786,-1.73541700273606,0.5,0.448124831749772,1.02020202020202,0.828408098344653
1.01362429634989,1,-0.204823535009332,-0.240164051047258,0.5,0.492795577112393,1.02020202020202,0.99121975406766
0.279296928804727,0,-1.55947190241091,1.06738090593011,0.5,0.531977720390466,1.02020202020202,1.15961305409992
2.50458085227612,1,-0.182995965754873,-0.128164731357807,0.5,0.496155133846808,1.02020202020202,1.00463159176106
2.56275268628679,1,-0.625838813467649,2.15369335174406,0.5,0.564253557987807,1.02020202020202,1.32107245008608
0.55664521239679,1,-0.299754399873808,0.368959693662871,0.5,0.511066982994201,1.02020202020202,1.06638649952955
-0.629894689003049,0,-0.658306582899114,0.27314870488921,0.5,0.508193727556883,1.02020202020202,1.05419612672283
1.09005121590068,1,-1.57848482613069,0.197247176530855,0.5,0.505917139040666,1.02020202020202,1.04463791013102
2.44914310361196,0,1.24472925793187,-0.583823218256923,0.5,0.48249246378958,1.02020202020202,0.951174141143779
0.626353659439876,1,0.229656883367893,0.526027691615073,0.5,0.51577559287127,1.02020202020202,1.08667653689393
-0.0276450718510703,1,-0.470200292096338,0.17977112159083,0.5,0.505392924505331,1.02020202020202,1.04244946771228
-0.470575770689358,0,1.01967733807533,-1.03147939111056,0.5,0.469095065750851,1.02020202020202,0.901426419068141
-0.0179032439661,0,0.885019615372347,-0.206134571119679,0.5,0.493816278169647,1.02020202020202,0.995275712888615
2.93458656003676,1,-0.276015649446163,2.11229472330174,0.5,0.563031721442253,1.02020202020202,1.31452585425443
2.16058621398464,1,1.2096034684638,0.417538400415653,0.5,0.512523532124288,1.02020202020202,1.07262109523529
1.07549953168909,1,1.39100095396293,-0.163926838361542,0.5,0.495082353424579,1.02020202020202,1.00032950037661
0.0723369412603144,0,-1.21360420509255,0.030578982352525,0.5,0.500917368441207,1.02020202020202,1.02395250590442
2.42859226745817,0,0.939146809980038,1.26111468955013,0.5,0.537761400836312,1.02020202020202,1.1868876128313
0.201857557626667,0,0.467115654117805,-0.689088046789309,0.5,0.479339130041798,1.02020202020202,0.939234686235937
-0.625458430527675,1,-0.811905593776488,-1.41411976182871,0.5,0.457677917959708,1.02020202020202,0.860971647600471
2.78273316865112,1,-1.04090169516281,0.811264186596926,0.5,0.524318722202814,1.02020202020202,1.12451560443613
1.036891207008,1,-1.42959761418537,0.254626683047863,0.5,0.507638206235273,1.02020202020202,1.05185562749093
1.80356084927015,0,-0.3932520409924,0.00746677763893084,0.5,0.500224003314181,1.02020202020202,1.02111654444958
0.491180433631081,1,3.19684709384528,-0.208349549998738,0.5,0.493749839076541,1.02020202020202,0.995011206280819
1.38939835447594,1,-0.357529228040543,1.94135380257523,0.5,0.557978635297144,1.02020202020202,1.28783578445894
1.83576445151918,1,0.663501769995287,-1.22204473157453,0.5,0.463404216837161,1.02020202020202,0.88104665191515
1.2378496478908,0,-0.930273892598003,-0.705035082567985,0.5,0.478861554876635,1.02020202020202,0.937439043796848
-0.610539341141613,0,1.20159922370051,-1.12597229575158,0.5,0.46627212830678,1.02020202020202,0.891262743602593
4.14724845912876,0,0.926043947304182,1.95641981508415,0.5,0.558424491447788,1.02020202020202,1.2901661964297
2.1382926393655,1,-1.24987306440287,1.87659985136007,0.5,0.556061283220856,1.02020202020202,1.27786746921708
2.30345043889581,1,-0.682598702897202,2.09066416132617,0.5,0.562393013024198,1.02020202020202,1.3111182067724
2.41703039512034,1,-0.410869789469288,0.383086684438317,0.5,0.511490577039236,1.02020202020202,1.0681958125742
0.540278747537009,1,1.04641799281309,1.50871452717577,0.5,0.545138209747822,1.02020202020202,1.22268151511629
0.165562030684789,0,0.49217758250974,-0.471358271311487,0.5,0.48586302078113,1.02020202020202,0.964098003795506
4.49505554965268,1,2.20106341662224,1.45515133160637,0.5,0.54354395275954,1.02020202020202,1.21484783042375
2.29194632189948,0,-0.0408097114253972,-0.152951809920566,0.5,0.495411574513021,1.02020202020202,1.00164780565838
-1.02780672001001,0,0.170967284906201,-1.61566689042514,0.5,0.451681254862825,1.02020202020202,0.840398277069946
-0.770754947681714,1,-0.805738779683648,-0.159376610536486,0.5,0.495218847417734,1.02020202020202,1.00087585678102
-0.550394775746213,0,-0.315758318113799,-1.10861503039445,0.5,0.466790513085921,1.02020202020202,0.893121064325947
1.7207262781017,1,-0.184055055116928,-0.625654330368601,0.5,0.481239181817966,1.02020202020202,0.946411464172643
-0.0454022700002775,0,1.42398470201868,-0.858317343201798,0.5,0.474273219454111,1.02020202020202,0.920353526811757
2.06591606982677,1,0.930815227604621,-0.0709670391395741,0.5,0.497871001692579,1.02020202020202,1.01155082347146
2.22794967020575,1,1.2111121991586,0.363578247577204,0.5,0.510905617557121,1.02020202020202,1.06569807766134
0.2942127863883,1,-1.01294723690065,-0.391990707529821,0.5,0.488242446646587,1.02020202020202,0.973324042123596
-0.224721790542148,0,-0.198453013829933,-0.639150043097811,0.5,0.48083489281548,1.02020202020202,0.94488000492611
0.456161839650436,0,-0.338373488065527,-0.51135367048042,0.5,0.484664201636509,1.02020202020202,0.95948195176692
-0.269483562940789,0,0.543920844338125,-0.65873434684349,0.5,0.480248253596385,1.02020202020202,0.942662034149381
3.37740136303119,1,0.418713343170274,1.54597131112817,0.5,0.546246578650516,1.02020202020202,1.2281601346615
1.59541498029857,0,1.19175828597523,-0.227971748575687,0.5,0.493161274036892,1.02020202020202,0.99267104561079
0.0765154547099109,0,-2.02510233277746,-1.09761446540884,0.5,0.467119088528919,1.02020202020202,0.894300823192448
0.725196151153103,1,0.738334644451112,0.441533383207775,0.5,0.513242903568848,1.02020202020202,1.07571404898737
1.61664062052958,1,1.99932253240147,-0.690750169708052,0.5,0.479289351701091,1.02020202020202,0.939047370097336
0.862411542417631,1,0.641897309863807,-0.303733930693254,0.5,0.490888990692621,1.02020202020202,0.983687115077054
-1.00149978539332,1,-0.946932456850687,-0.153027546996015,0.5,0.495409302592198,1.02020202020202,1.00163870227469
1.12309333586216,0,-0.213736236250439,1.47226879708774,0.5,0.544053536244408,1.02020202020202,1.21734580898543
2.77165270594352,1,1.0354142537049,0.657913434638706,0.5,0.519727157421291,1.02020202020202,1.1040114054922
-0.329920426772055,0,-1.20976573081836,-2.57586282460115,0.5,0.423333569909035,1.02020202020202,0.748935156798366
1.33402875302667,0,-0.875937954516803,0.106308820575517,0.5,0.50318922136555,1.02020202020202,1.03330016629679
0.820593587042889,1,0.173020772988347,0.203989875859482,0.5,0.506119390711691,1.02020202020202,1.04548349369607
0.8906269451021,0,-0.586528432294503,-2.0435449708689,0.5,0.438999038513038,1.02020202020202,0.798336788533571
0.708935291830445,1,0.356722059484595,-0.712566962119665,0.5,0.478636006674502,1.02020202020202,0.936592145222993
2.03415266295548,1,-0.644026889863069,-0.0987811933327734,0.5,0.497036598899196,1.02020202020202,1.00818019999366
0.448319737245983,0,-0.0931412830200259,-0.246184281075944,0.5,0.492615008655858,1.02020202020202,0.990503928153577
0.923301914805477,1,0.494607163899235,1.71624803606003,0.5,0.551306221728835,1.02020202020202,1.25351352836854
1.57834316836779,1,1.28093171265649,1.5929632166585,0.5,0.547643907260023,1.02020202020202,1.23510532853408
-0.677487701099808,0,-1.096946687488,-0.763508805691807,0.5,0.477110745420467,1.02020202020202,0.930884201721564
0.499198967613367,1,2.06184298388608,-1.10429012319089,0.5,0.466919690148281,1.02020202020202,0.893584704514558
0.151894491961632,0,0.30864324956128,0.037277386727629,0.5,0.501118319737004,1.02020202020202,1.02477589853855
2.78432777058196,0,-0.614516379472515,0.259865769954042,0.5,0.50779534140353,1.02020202020202,1.05251712697376
1.71547379456539,0,-0.7100075773271,-0.815329779868252,0.5,0.47555959997224,1.02020202020202,0.925113443953711
0.965800760607412,1,-0.382823795241738,0.821868614201222,0.5,0.524636092591329,1.02020202020202,1.12594749662478
0.966430883689655,0,2.17610797712949,-1.08596423109614,0.5,0.467467100014998,1.02020202020202,0.895551955243914
2.02374682231888,1,1.44206601190957,0.0554899422533157,0.5,0.501664692116633,1.02020202020202,1.02701800226685
3.45425182432478,1,0.751718898509502,0.579853091076242,0.5,0.517388577432895,1.02020202020202,1.0937181493111
-0.788049495295554,1,-0.410311620777296,-0.160300590543993,0.5,0.495191130566828,1.02020202020202,1.0007648882193
2.05318755092066,1,1.64812045665241,0.0906902542396935,0.5,0.502720680775032,1.02020202020202,1.03136533995293
1.35001844420683,0,-0.884527724577757,0.925765971787145,0.5,0.527744451207949,1.02020202020202,1.14007332820103
1.76211987596546,0,-0.162461611609543,-0.839943466837484,0.5,0.474823007380512,1.02020202020202,0.922385021003719
1.12899755131845,0,0.191072923088215,0.81448327020605,0.5,0.524415065352812,1.02020202020202,1.12495007751709
2.30599570741311,0,2.08371296422686,-0.153602643813737,0.5,0.495392051147524,1.02020202020202,1.00156957995222
2.33949710215694,0,1.47218039921943,0.433460866291884,0.5,0.513000894861334,1.02020202020202,1.07467250715781
5.22976535964501,1,1.69100034011982,2.24381769994133,0.5,0.566910766429782,1.02020202020202,1.33543728256216
0.822663515878668,1,-0.808060898687212,-0.286225794400892,0.5,0.491414070236248,1.02020202020202,0.985755991015326
2.79946810040794,1,1.4263541011843,0.428192355325929,0.5,0.51284294509947,1.02020202020202,1.07399329102124
1.73260930966841,0,0.265604598789908,-0.0554479189308739,0.5,0.498336568569077,1.02020202020202,1.01343638412026
0.892193884772858,0,0.0948539957392578,-0.274199380652515,0.5,0.491774760667542,1.02020202020202,0.987179631173719
-0.630286028606051,0,-1.45498760749032,-0.544211429257012,0.5,0.483679457019527,1.02020202020202,0.955706229182903
0.311353666430118,1,-1.85874777342677,-0.00149914254838612,0.5,0.49995502572367,1.02020202020202,1.02001850531864
0.419042042869591,0,0.616475759331597,-1.10582531614379,0.5,0.466873836235933,1.02020202020202,0.893420100683999
1.92180769176926,1,2.34122861176629,0.38082175160958,0.5,0.511422664728301,1.02020202020202,1.06790552501328
1.10523476982001,0,1.83619584509814,0.422688940111869,0.5,0.512677950178438,1.02020202020202,1.0732842494539
-0.00902793075113506,0,-1.90357359268962,-1.44943094719682,0.5,0.456626362302966,1.02020202020202,0.857331134564035
0.9672202380942,0,-0.542463644580551,0.158886780877542,0.5,0.504766459032039,1.02020202020202,1.03984023422198
0.802467813302057,1,-0.299180638955371,0.38984144404861,0.5,0.511693110907635,1.02020202020202,1.0690620122967
2.20207313413664,0,-0.659946717560321,0.113465594454181,0.5,0.50340391524558,1.02020202020202,1.03418795894278
3.67904876680861,0,0.0498815969946789,2.67201276722033,0.5,0.579480590468144,1.02020202020202,1.40585013595829
-0.23405813760047,1,0.949247124810679,0.632232862080879,0.5,0.518957893352284,1.02020202020202,1.10061444493364
2.93770971689853,1,0.678503228864922,2.19896277627741,0.5,0.565588743912848,1.02020202020202,1.32826848074961
-0.0880274694735941,0,-0.700538426815071,-0.360159373118465,0.5,0.489196900340056,1.02020202020202,0.977049016217291
0.453853090883453,0,1.35408149152172,-0.941789233017933,0.5,0.471776356743554,1.02020202020202,0.911180706085233
1.44814699259688,1,-0.393246245947118,-0.583017316246517,0.5,0.482516611248345,1.02020202020202,0.951266131970154
-0.0228310254495913,1,-0.610075674605807,-1.24489075847205,0.5,0.462722576433585,1.02020202020202,0.878634549981743
1.87256320217877,0,0.627193406988215,-0.198593666995864,0.5,0.494042471941372,1.02020202020202,0.996176753954305
1.60906481240059,1,0.599910320381668,0.771284993823921,0.5,0.523122046344251,1.02020202020202,1.11913365757705
2.15064625076049,0,-0.0714389991844974,0.967009038163978,0.5,0.528977761688897,1.02020202020202,1.14572972828624
1.00510644062713,1,-0.101485398616097,-0.246468379293208,0.5,0.492606487570787,1.02020202020202,0.990470160681155
0.607074575630562,0,0.920919367117853,0.280849609266551,0.5,0.508424690880904,1.02020202020202,1.05517076861893
-0.182420129685778,1,0.805844219111152,0.1739478703876,0.5,0.505218246641422,1.02020202020202,1.04172126875698
-0.585028289557011,0,-2.24520787186123,-1.57340280301894,0.5,0.452937641797736,1.02020202020202,0.844671343694868
2.26437716876883,0,0.762689896064888,0.697572444568077,0.5,0.520914961914928,1.02020202020202,1.10927800756053
1.51380188914494,0,0.241465021319545,-0.184551402154242,0.5,0.49446368420864,1.02020202020202,0.997856798391477
1.85415047097777,0,0.810772581578267,-1.21574708244803,0.5,0.463592139403008,1.02020202020202,0.881712726286951
2.46721403812603,0,0.184663186637336,1.41850687420249,0.5,0.542452749535435,1.02020202020202,1.2095174659629
1.42236248298596,1,-1.34650039415873,1.70494747330068,0.5,0.550970751172257,1.02020202020202,1.25181483140711
2.1892655358723,1,1.52425491085512,-0.141465383089449,0.5,0.495756140422884,1.02020202020202,1.00302940012229
0.122931397485076,1,-1.58745246831906,0.476473130474148,0.5,0.514290300991439,1.02020202020202,1.08023373861538
0.477976043120363,1,-0.660556022208221,-0.596611956307785,0.5,0.482109282409544,1.02020202020202,0.949715542616295
2.82581809593397,0,-1.70599663864885,-0.535966234239807,0.5,0.483926553297038,1.02020202020202,0.956652295244327
-0.280703841148673,1,-2.75673624775211,0.987741176590496,0.5,0.529597591757136,1.02020202020202,1.14858368821489
1.49444798878911,1,0.587317938739453,0.662855926936686,0.5,0.519875199642898,1.02020202020202,1.10466638785194
0.259900466180829,1,-1.41482073436884,-0.265500686895536,0.5,0.49203565307579,1.02020202020202,0.988210629976039
1.61174018778549,1,0.58371149889989,-0.186244614417418,0.5,0.494412894125849,1.02020202020202,0.997654068983858
1.93356121705557,1,0.576584465142915,0.373237216853491,0.5,0.511195245090127,1.02020202020202,1.06693401919704
0.905336680267278,1,1.96848032866738,-0.200738326185223,0.5,0.493978141398905,1.02020202020202,0.995920411786164
2.13912769690393,0,1.33367526190895,-1.10985386617266,0.5,0.466753512148295,1.02020202020202,0.892988302554941
2.51630990030964,0,0.163437466908149,0.268617232510255,0.5,0.508057819290944,1.02020202020202,1.05362303527821
-0.0305827853003423,0,0.521236464742829,-1.25464136405333,0.5,0.462431696927072,1.02020202020202,0.877607084929719
3.49581446993236,0,-1.63195325363569,3.39422723947107,0.5,0.600442036995486,1.02020202020202,1.53312469247445
-0.0247779209605505,0,-1.95373451542306,-1.05917520177796,0.5,0.468267451520895,1.02020202020202,0.898435503718728
1.16312132011521,0,1.01293216785839,-0.0110810770183218,0.5,0.499667567738434,1.02020202020202,1.01884632929349
2.46130906297213,1,1.78059226151805,1.3946236821966,0.5,0.541741332882609,1.02020202020202,1.20605597207874
0.85729172746954,0,0.520492891830055,-0.518758948453332,0.5,0.484442255331347,1.02020202020202,0.958629702823883
2.94367497267833,1,0.694748612840716,0.0980632379457732,0.5,0.502941863190297,1.02020202020202,1.03227825252833
0.444799288058907,1,-0.731702510957226,0.556270901307472,0.5,0.516681933084091,1.02020202020202,1.09062745222389
0.400440720259809,1,1.22615134343343,0.507777378480165,0.5,0.515228609831236,1.02020202020202,1.0842992785377
-0.805704826141595,0,-1.37081767475569,-1.41404070941322,0.5,0.457680272541668,1.02020202020202,0.86097981506582
1.77131588118416,0,-0.191044770954855,-0.699497572546371,0.5,0.479027385578887,1.02020202020202,0.938062180183319
-0.328339475208736,0,1.18325373517071,-1.87237861267997,0.5,0.444063765472726,1.02020202020202,0.814904160760483
1.84281861554444,1,-0.713959558940263,0.628755746490339,0.5,0.518853729023871,1.02020202020202,1.10015530509176
1.8609346955843,1,0.80885638254965,0.127014617779824,0.5,0.503810364767854,1.02020202020202,1.03587079503265
-0.108055042602183,0,-0.935859932594831,-0.976930303341152,0.5,0.47072561034342,1.02020202020202,0.907346412405836
0.271744747905845,1,-3.37898028953105,0.231405850544451,0.5,0.50694172945763,1.02020202020202,1.0489287117088
4.08066256937539,0,1.51116813329274,0.459157459815954,0.5,0.513771239975281,1.02020202020202,1.07799147240453
1.1803941571424,1,0.47026273344901,-0.465357805765351,0.5,0.486042892664557,1.02020202020202,0.964792458211074
4.26173082466584,0,1.23278323271866,0.167765135782955,0.5,0.505032784096537,1.02020202020202,1.04094867306126
3.01994014904941,1,1.92248275951444,-0.0309122671478424,0.5,0.499072633048959,1.02020202020202,1.01642461972706
0.380858912917847,0,0.447243180871945,-0.0887614000195309,0.5,0.497337183174445,1.02020202020202,1.00939313991915
1.29782964806923,0,0.682537063492387,1.65452542909738,0.5,0.549473352290041,1.02020202020202,1.24426341239278
1.41152162030484,0,0.0574947924854024,1.23160565410049,0.5,0.536881062291983,1.02020202020202,1.18269217637525
0.750588390458394,0,-0.367438474371903,0.134922728659513,0.5,0.504047593440609,1.02020202020202,1.03685427533962
1.04021803134112,1,0.153450511130739,0.800859926970305,0.5,0.524007323369522,1.02020202020202,1.12311251023144
1.29533801922988,0,0.199895101696659,-0.0344035818355926,0.5,0.498967894010861,1.02020202020202,1.01599886993442
2.53011670704095,0,1.44723559253862,0.256343098627001,0.5,0.50768968660474,1.02020202020202,1.05207230037053
1.7184808098974,0,-0.243089141001487,0.373418354576656,0.5,0.511200676496185,1.02020202020202,1.06695721088897
1.22967318710874,0,0.0994855931626764,-0.358016661078256,0.5,0.489261151871053,1.02020202020202,0.977300272681031
0.68816886190368,1,0.477819649115942,0.563936086249932,0.5,0.516911629117161,1.02020202020202,1.09163109707549
1.61966965449306,1,1.49996990297599,-0.765154713927448,0.5,0.477061471874825,1.02020202020202,0.930700361880287
-0.330762419898618,0,0.196396355290117,-0.983138062788997,0.5,0.470540020014261,1.02020202020202,0.906670753505066
1.53664203541412,0,-0.585100679939666,1.33937585645563,0.5,0.54009499979608,1.02020202020202,1.19808658233473
1.76433847522908,0,-0.517791493119286,-0.54617722399561,0.5,0.483620546237565,1.02020202020202,0.955480809098489
-0.332124420471029,1,-1.06957653192578,-1.25277653998686,0.5,0.462487326280046,1.02020202020202,0.877803496842865
1.49633092073168,0,-0.0379823422022308,-0.873078870449922,0.5,0.473831566299715,1.02020202020202,0.918724671061915
0.0719601218480726,0,-0.584901633216462,-1.07148097670179,0.5,0.467899782531527,1.02020202020202,0.897109769399846
2.13251190569376,1,0.129334963514003,2.23125507703944,0.5,0.566540599694398,1.02020202020202,1.33342560785899
1.40183176190311,0,1.75052532420439,0.45009851278853,0.5,0.513499673686068,1.02020202020202,1.0768202530034
-0.176619961028104,0,-0.0646166757671483,-0.740285025130856,0.5,0.477806042656877,1.02020202020202,0.933482058014279
1.88154557489238,0,-0.385918827940347,1.80964255485719,0.5,0.554076933709389,1.02020202020202,1.26764110190539
-1.23684668864236,0,-0.200347275981996,-0.857759457324348,0.5,0.474289911749611,1.02020202020202,0.920415143142411
3.34685766178347,0,-0.164904896753015,1.26163228474437,0.5,0.537776840089791,1.02020202020202,1.18696133439969
1.57275813661148,1,1.6200556265436,-1.12256288312864,0.5,0.466373946675859,1.02020202020202,0.891627460099455
0.0621422309767317,0,0.909923666381686,-0.177239547048935,0.5,0.494683014019466,1.02020202020202,0.998732724733153
1.94544186301059,0,-0.0964092501692181,0.826370849576633,0.5,0.524770829947127,1.02020202020202,1.12655597465868
0.503978520949482,1,0.407676492536012,-1.61140704723119,0.5,0.451807859827695,1.02020202020202,0.840827982674993
0.330807022857008,1,-1.52288107601054,-1.17903180350276,0.5,0.464687931696884,1.02020202020202,0.88560597593742
-1.83233053392851,1,-0.576150533565855,-0.586036639603601,0.5,0.482426142871283,1.02020202020202,0.950921532795177
0.287062896844841,0,0.212300166022594,0.198076695972916,0.5,0.505942021124022,1.02020202020202,1.04474190100144
-0.375856028002688,1,0.78644307349002,0.158065404496052,0.5,0.504741819968354,1.02020202020202,1.03973774724782
-1.40123588688126,1,-0.0638353461321609,-0.92805781940656,0.5,0.47218700558613,1.02020202020202,0.912683359656696
-0.325693255931426,1,0.418070427331088,-1.41548204489154,0.5,0.457637342556444,1.02020202020202,0.860830912652862
2.76982746149417,1,1.16366165511111,-1.3409496738483,0.5,0.459858089647461,1.02020202020202,0.868564618061906
1.07093301302361,0,-0.55495367799081,0.132322617507127,0.5,0.503969595119885,1.02020202020202,1.03653081344069
2.94527910475674,1,1.76843339316575,-0.883678541549907,0.5,0.473514457786433,1.02020202020202,0.917556832420334
0.926376722376586,1,-0.0428821054583347,0.450270237974797,0.5,0.513504821684776,1.02020202020202,1.07684244329106
0.98339176761614,1,-1.1360230041614,0.548264001711518,0.5,0.516441989654571,1.02020202020202,1.08958005015028
2.03778409782802,0,-0.568851476818314,1.60879368790294,0.5,0.548114466556914,1.02020202020202,1.2374538344316
0.625580158314771,0,1.56957209945275,-0.133189131438241,0.5,0.496004411111445,1.02020202020202,1.00402605380124
1.14014812568392,0,-0.549977773478815,1.81392269062234,0.5,0.554203832279269,1.02020202020202,1.26829235025907
-0.321766521634026,0,-0.0890314083724021,-1.13547372430396,0.5,0.465988393416173,1.02020202020202,0.890247130385634
2.37812959190853,0,1.14963067136268,1.40284827058251,0.5,0.541986340818392,1.02020202020202,1.20724687733729
1.0731666255311,0,1.1468464502662,-0.123041666707132,0.5,0.49630881705664,1.02020202020202,1.00524939675626
0.826378381301369,0,1.33057124490044,0.236795550894405,0.5,0.507103388570686,1.02020202020202,1.04960734051485
-0.388315738096069,1,0.134825836410361,-1.4823447733847,0.5,0.455646547029211,1.02020202020202,0.853951647115243
1.0986717564713,0,0.197566450660949,0.251434956882743,0.5,0.507542476516911,1.02020202020202,1.0514528364164
0.0613255712487267,0,-0.321085067490437,-0.62549071446649,0.5,0.481244083386322,1.02020202020202,0.946430046110918
0.694935948289098,1,-3.24065691378934,-0.502612822751995,0.5,0.484926184570785,1.02020202020202,0.960488882036679
3.64501436468034,1,-1.02828645205381,1.68821924953834,0.5,0.550474069032762,1.02020202020202,1.24930447524501
2.27144268970361,1,1.04817429195312,-0.16202965266562,0.5,0.495139263553312,1.02020202020202,1.00055726360049
0.551482091958705,1,1.65646615670219,-0.797203593803545,0.5,0.476102114896482,1.02020202020202,0.927127887420029
1.03826791211624,1,1.08010045145386,0.0430625707589358,0.5,0.501291874248011,1.02020202020202,1.02548756759782
0.150310220119835,1,0.710395683639886,-0.106344485153807,0.5,0.496809708740645,1.02020202020202,1.00726559577427
1.8801983199598,1,0.110271676754771,1.33523875976253,0.5,0.539971682543231,1.02020202020202,1.19749193794849
1.95221700133901,1,-0.316154828671056,0.161122434194527,0.5,0.504833522450338,1.02020202020202,1.04011923831795
-0.36259713129213,1,-1.02341698527846,-1.15697808195693,0.5,0.465346304519093,1.02020202020202,0.887952788836335
1.65966463206725,0,1.63333733084763,-1.6621688376419,0.5,0.450299600744699,1.02020202020202,0.835721718591191
1.82726523762002,1,0.101680070412744,-1.70402797863992,0.5,0.449056547157482,1.02020202020202,0.831534333027021
-1.23712022073465,1,-0.254676570661852,-0.95996355891005,0.5,0.471232897897526,1.02020202020202,0.909195660072548
0.957547819799627,1,-2.15438011296028,-0.886825178406854,0.5,0.473420324501084,1.02020202020202,0.917210431646627
1.89233822154019,0,-1.40891241127026,-0.498780498152094,0.5,0.48504105060937,1.02020202020202,0.960930692238966
1.85639815634272,1,-0.255347111824971,0.468795439250076,0.5,0.514060155386752,1.02020202020202,1.07923895281385
1.00745605288133,0,-0.181882982089622,0.516710212376806,0.5,0.515496341857781,1.02020202020202,1.08546220556231
2.06672508072668,1,-0.0482072211544022,0.765082542593492,0.5,0.522936367541707,1.02020202020202,1.11830100285374
0.623406422290427,1,-1.15460403647771,-0.157027643952041,0.5,0.495289310066241,1.02020202020202,1.00115801941972
-0.0888346806055373,1,-0.337272396872732,0.451185832339465,0.5,0.513532269436606,1.02020202020202,1.07696076389569
-0.246878153805349,0,0.519781431637667,-0.183410274735091,0.5,0.494497913859936,1.02020202020202,0.997993449557811
0.822077503011247,0,-0.329085126327998,0.356716063957744,0.5,0.510699848148675,1.02020202020202,1.06482087697462
2.65774488632514,0,0.128958898779021,1.0503759538743,0.5,0.531469625509955,1.02020202020202,1.15724916706075
0.791301086705721,0,2.08730440389511,-0.55551327694427,0.5,0.48334077038079,1.02020202020202,0.954410958170463
1.53959674717134,1,-0.356871314036042,-0.103120441145681,0.5,0.496906426241357,1.02020202020202,1.0076553674009
3.477679414026,1,0.26328104527274,1.00737673644143,0.5,0.530184553215362,1.02020202020202,1.15129324923657
1.18348762035858,1,0.188771007462717,-0.606355453685907,0.5,0.481817357869223,1.02020202020202,0.948605765421462
1.78116474721763,1,0.380626062225222,0.585178724202578,0.5,0.517548151415279,1.02020202020202,1.09441734169865
-1.02230564561704,0,-1.46573970722697,0.344574093795141,0.5,0.510335750243264,1.02020202020202,1.06327052391133
0.940889487945703,0,0.0208260779638267,0.884382814875242,0.5,0.526506611081783,1.02020202020202,1.1344257825913
1.40820965230784,1,0.368283405850868,0.542050293847981,0.5,0.516255777721281,1.02020202020202,1.08876791311578
1.20476893704585,0,0.092025730426168,0.135153449755268,0.5,0.504054514619117,1.02020202020202,1.03688298263556
0.469056272991446,1,0.416631453038363,-1.58934363639538,0.5,0.452463696424514,1.02020202020202,0.843057116297173
-0.0859333352739484,1,-0.279199513718967,0.278421107791862,0.5,0.50835185634203,1.02020202020202,1.05486331536803
-0.556809004455631,1,0.615735641861985,-0.0835403289854404,0.5,0.497493811119192,1.02020202020202,1.01002575166729
1.50481236851623,0,-1.40902805889067,0.541216929621804,0.5,0.516230803179928,1.02020202020202,1.08865903773231
-0.957896300794288,0,-0.450767181342001,0.226840723840788,0.5,0.506804801537141,1.02020202020202,1.04835424997596
1.76231942280562,1,0.442392235398111,-0.0452084030984978,0.5,0.498643751233324,1.02020202020202,1.01468240122824
-0.0406213692206763,0,0.652136406772718,-0.29015455248678,0.5,0.491296242727314,1.02020202020202,0.985291364929692
2.57631746756379,1,-1.6611319405723,1.47562469487216,0.5,0.544153429863849,1.02020202020202,1.2178361422817
0.288776322585727,0,0.397986877286891,-0.470232344975065,0.5,0.485896771633107,1.02020202020202,0.964228272995724
1.4240982379321,1,0.243644519239703,1.61437526464344,0.5,0.548280357943534,1.02020202020202,1.23828294529012
2.64138649890504,1,0.393186508631632,-0.793427850360334,0.5,0.476215129658267,1.02020202020202,0.927548054244402
1.50521394392987,0,0.964930280888052,-0.914646343414634,0.5,0.472588122779914,1.02020202020202,0.914153393975152
1.70645768416478,0,-0.257583668466376,0.833441897013382,0.5,0.524982436259559,1.02020202020202,1.12751229201966
-0.873733305602268,0,-0.805090596260972,-1.23186738962953,0.5,0.463111128373113,1.02020202020202,0.880008757329264
0.594884200105725,1,1.19472909365264,-0.977701743194686,0.5,0.470702546544272,1.02020202020202,0.907262420711549
0.267672399150876,1,0.00763178281348214,-0.35169846893287,0.5,0.489450611733086,1.02020202020202,0.978041526157221
1.9486479617708,1,0.76066015812965,0.273590286337873,0.5,0.508206971437006,1.02020202020202,1.05425198981724
-0.80146965414962,1,0.631589076051941,-0.551811497280368,0.5,0.483451701307242,1.02020202020202,0.954835014638422
1.60934277201189,1,0.97192030639891,0.502170711729333,0.5,0.515060564142712,1.02020202020202,1.08357000732649
1.9775898725648,1,0.345369771170423,0.94549142167794,0.5,0.528334353638175,1.02020202020202,1.14277513972326
5.10826449924834,1,0.384047192965486,0.85480210491555,0.5,0.525621601451953,1.02020202020202,1.13040606676948
2.96131354036674,0,0.968314920055676,0.084312728514703,0.5,0.502529360279115,1.02020202020202,1.03057633482698
-0.422296214271371,0,-1.88856159710201,-0.853064196648242,0.5,0.474430399168316,1.02020202020202,0.920933879948235
1.00162156665577,1,-0.202719441047138,-0.0919521203406382,0.5,0.497241464378463,1.02020202020202,1.00900673095482
1.77900471086278,0,-0.698759088049866,0.807598787682293,0.5,0.524209019189841,1.02020202020202,1.12402109740491
1.08022464585039,1,0.281919176678205,1.22746795274347,0.5,0.536757604371505,1.02020202020202,1.18210508689659
-0.237413329447117,1,-0.931207451029351,-0.963866850209837,0.5,0.471116188351701,1.02020202020202,0.908769897131767
-0.530515485282963,1,0.498782044263876,0.276248879430982,0.5,0.508286707532205,1.02020202020202,1.05458838272132
3.46653449083336,0,1.44051735750934,1.86749231991974,0.5,0.555791475625224,1.02020202020202,1.27647164592799
2.1205542623045,0,1.26177287314567,1.42212038867035,0.5,0.542560371497954,1.02020202020202,1.21004205275428
1.333620389506,0,1.17883256986438,0.838753220984602,0.5,0.525141375652785,1.02020202020202,1.12823115104865
1.00240544044353,1,0.364787337575112,0.362640230288088,0.5,0.510877490391238,1.02020202020202,1.06557812722578
2.33311148030612,0,-0.0608806343785308,0.976375623863423,0.5,0.529257806282505,1.02020202020202,1.14701824137128
1.67312404083822,1,-0.515884438440431,-0.227815868987692,0.5,0.493165949550305,1.02020202020202,0.99268961424289
1.70607352307655,1,1.94959887059884,0.52209167085649,0.5,0.515657628918318,1.02020202020202,1.08616339631854
1.52891819689559,1,-0.901966807078733,0.380925950563488,0.5,0.511425789065001,1.02020202020202,1.06791887805339
3.45019064159014,0,-1.23467107945344,2.26712108081027,0.5,0.567597219316544,1.02020202020202,1.33917693335024
1.24913123638224,0,-1.25544789094414,-0.256583945601212,0.5,0.49230308969663,1.02020202020202,0.989268590112324
0.105787925248909,1,0.380195054360854,0.0926639761559696,0.5,0.502779890640926,1.02020202020202,1.03160964428814
2.21931460673637,0,3.08163394659676,-0.255088466806723,0.5,0.492347943490804,1.02020202020202,0.989446137666792
2.40267692734761,1,0.786690752072214,0.49495915275442,0.5,0.514844410857391,1.02020202020202,1.08263270546809
1.28177995154618,0,-0.293350259838976,0.71403347087574,0.5,0.521407908101654,1.02020202020202,1.11147135566879
0.380824640176194,1,-0.819979806677873,-0.708735469653775,0.5,0.478750742721005,1.02020202020202,0.93702286972423
0.681535859628485,0,0.792211886004656,-0.161846644275469,0.5,0.495144753286735,1.02020202020202,1.00057923708666
0.936450236429014,1,-0.00519696704816171,-0.132010562751061,0.5,0.496039765934116,1.02020202020202,1.00416806148313
2.14478450457056,1,0.194041947045286,0.592312513150189,0.5,0.517761898248274,1.02020202020202,1.09535462390417
3.65316965798565,1,0.76753803451317,1.76126333687729,0.5,0.552642087866121,1.02020202020202,1.26030312462865
0.226149444525068,0,-0.763447699936006,0.174595482644026,0.5,0.505237672885082,1.02020202020202,1.04180222767811
3.31050366258826,0,0.211687711017249,0.786433899663632,0.5,0.523575522448295,1.02020202020202,1.12116994591679
0.294638030261773,1,0.854203810788518,0.171095269763729,0.5,0.505132677791884,1.02020202020202,1.04136473601426
0.504083451315085,1,-0.404297619416187,-0.774337396261481,0.5,0.476786578185887,1.02020202020202,0.929675367623243
1.44131473162505,1,-1.22168866726347,1.12631498497836,0.5,0.533738105575897,1.02020202020202,1.1678430085733
2.05216731110252,1,-0.377795763829145,1.94441421133566,0.5,0.558069211114524,1.02020202020202,1.28830882778599
0.225642067693137,1,-0.538636629425879,0.198409192208759,0.5,0.505951994599973,1.02020202020202,1.044783586563
3.87555976994021,1,0.912660122917054,0.704332624984326,0.5,0.521117409024205,1.02020202020202,1.11017824299194
-0.8419135687326,0,-2.1886730914013,-1.11607656362257,0.5,0.466567661222677,1.02020202020202,0.892321735932487
1.78021584360533,0,0.535246212755467,0.038655875489965,0.5,0.501159674185251,1.02020202020202,1.02494542960717
0.0892856758361675,0,-1.10669000063628,-0.641968403074922,0.5,0.480750466786681,1.02020202020202,0.944560497519682
0.512157570921033,0,-1.04537645718214,0.517860462994157,0.5,0.515530816156433,1.02020202020202,1.08561204233171
0.571759734072327,0,-0.591991133165864,-0.768543854763989,0.5,0.476960012591821,1.02020202020202,0.930321925887512
1.51626726788644,0,0.0418700475862225,-0.0225707581521925,0.5,0.499322877669377,1.02020202020202,1.01744255092006
3.04742112190331,1,-1.8209711935918,1.3708612325975,0.5,0.541033343874608,1.02020202020202,1.20262180934279
-0.242796672272884,1,-1.24442071063359,-0.535534150851619,0.5,0.483939502413729,1.02020202020202,0.956701898958098
2.32792209079286,0,0.892625344839043,-0.0785081409290305,0.5,0.497644773191912,1.02020202020202,1.01063585260021
0.506604985832404,0,0.108404807021567,0.385789709469804,0.5,0.511571624660658,1.02020202020202,1.06854235197583
1.91130037068059,1,1.42124772860548,0.543761515977414,0.5,0.516307059950883,1.02020202020202,1.08899151092213
1.76514558734372,1,2.61508173828677,0.635712625691597,0.5,0.519062135357918,1.02020202020202,1.10107412627329
0.207495019903129,1,-0.729046306639998,-0.0471227057427488,0.5,0.498586322594684,1.02020202020202,1.01444933889392
-1.40202848573631,0,0.749343298719852,-1.85976800831998,0.5,0.44443738033612,1.02020202020202,0.816138266369548
-0.891510962445994,0,1.26450987440063,-0.406982445700887,0.5,0.487792952825407,1.02020202020202,0.971574597924574
0.721582839396392,0,-0.416464357187408,-1.00465548701196,0.5,0.469896787546545,1.02020202020202,0.904332667071918
0.650215861447013,0,-1.03824983955652,0.665022264018144,0.5,0.519940086729218,1.02020202020202,1.10495359475258
0.24405226195362,0,0.23025419589563,0.214988059233689,0.5,0.506449284078926,1.02020202020202,1.04686421492257
1.27150534243852,1,0.00342748701190208,-1.02772191209758,0.5,0.469207361025237,1.02020202020202,0.901832961617926
1.89901295836203,0,-0.640503753632548,1.62734843012897,0.5,0.548665895009647,1.02020202020202,1.24021218054584
-1.85405130467145,1,-0.405898864554386,-1.28980405275773,0.5,0.461382939410223,1.02020202020202,0.87391180360615
2.5398219217862,0,-0.935835721880815,0.897151351629266,0.5,0.52688857505503,1.02020202020202,1.13616530979997
-0.684108863092535,0,0.968123787567168,-1.02345876514163,0.5,0.46933477236716,1.02020202020202,0.902294437221573
-0.246894381310722,1,-1.76821041444017,0.304307091875943,0.5,0.509128198422674,1.02020202020202,1.05814515094081
2.76591651251234,1,-0.392705443351895,-0.155211983208105,0.5,0.495343775109373,1.02020202020202,1.00137617478235
2.16408840985021,0,-1.27042208971373,-0.244967795683406,0.5,0.492651495295527,1.02020202020202,0.990648530734917
2.79121337981241,1,-0.459804574695386,1.981976416267,0.5,0.559180585163681,1.02020202020202,1.29412894133431
2.18611460173532,1,0.0183805228240009,1.47744474488655,0.5,0.544207605053592,1.02020202020202,1.21810215405252
2.4693609679092,0,-0.23287751467927,0.759730003287385,0.5,0.522776126909056,1.02020202020202,1.11758294347603
-0.835864217956362,1,-0.296632253364106,0.617491570250527,0.5,0.518516275668069,1.02020202020202,1.09866922849402
0.561617946050846,1,-1.22132034713085,0.756370993177361,0.5,0.522675564783061,1.02020202020202,1.11713255756446
1.46514479884967,1,-1.04174125191567,1.41315700564976,0.5,0.542293406148629,1.02020202020202,1.20874122402248
-0.104691416464776,0,0.99658319762045,-1.0900619188545,0.5,0.467344691776901,1.02020202020202,0.895111700420315
0.191177377066141,0,-0.0349132537046115,0.20294791138004,0.5,0.506088136435641,1.02020202020202,1.04535277906852
2.09823573126869,1,1.32223740768814,-0.597499715454859,0.5,0.482082683784088,1.02020202020202,0.949614373765995
-0.364983525105571,1,-1.00406142664224,-0.349120322314178,0.5,0.489527921952844,1.02020202020202,0.978344157102856
2.52224069993328,0,-1.41257654399777,1.53333697623879,0.5,0.545870764921543,1.02020202020202,1.2262995071127
0.295376104586141,0,0.453254712167657,-1.0278680900494,0.5,0.469202992321519,1.02020202020202,0.901817142385246
2.25437446506414,1,-0.408412964010755,0.863533917125838,0.5,0.525882860923365,1.02020202020202,1.13159114675438
0.553012905646254,1,-0.456462521053908,0.232708785233607,0.5,0.506980809921572,1.02020202020202,1.04909272680312
1.74122273168192,1,-1.17432054218057,1.80456825721904,0.5,0.553926480491942,1.02020202020202,1.2668694502747
-1.70319030415711,0,-1.37242866380322,-0.671753100081604,0.5,0.479858312594093,1.02020202020202,0.941190509764295
0.434578458011823,0,-0.248912189349055,0.0874316885203646,0.5,0.502622926595129,1.02020202020202,1.03096212618308
0.493945612605934,0,-0.0105922525842004,-0.296043583649301,0.5,0.491119626421223,1.02020202020202,0.984595321513673
-0.325097005309985,1,0.505323369816046,-1.16138567260702,0.5,0.465214714372297,1.02020202020202,0.887483265126204
2.27985457614208,0,0.7653891107077,0.0479021396025282,0.5,0.501437060231078,1.02020202020202,1.02608329068545
0.00568665456712014,0,0.441485070489426,0.181995678700483,0.5,0.505459653358375,1.02020202020202,1.04272778346337
-1.09286981910193,0,-1.08793443624079,-0.271240105057392,0.5,0.491863515168685,1.02020202020202,0.98753025381624
2.27716829197843,0,-0.540044335784627,1.76790126189587,0.5,0.552839009955202,1.02020202020202,1.26130742027894
2.03288229576327,0,-0.679504331152136,-0.712222429307844,0.5,0.478646323797759,1.02020202020202,0.936630868430511
0.431460107034262,0,1.18349187763221,-0.49120746429823,0.5,0.485268041340825,1.02020202020202,0.961804348432141
1.20072996584469,1,-0.880634566166579,-0.171648110617622,0.5,0.494850738735862,1.02020202020202,0.999403071665205
0.637507303192464,0,0.621932490104052,0.92374342427404,0.5,0.527683961199353,1.02020202020202,1.13979665947996
-0.0780770660586534,0,-1.59020101453201,-1.02179354544429,0.5,0.469384541354927,1.02020202020202,0.9024747574537
-1.30371581334071,1,0.188674974423274,-0.953221880169936,0.5,0.471434483454115,1.02020202020202,0.90993149828576
0.277670624284501,1,-1.47368597955772,-1.22857609311783,0.5,0.4632093312468,1.02020202020202,0.880356390344936
0.774183667239732,1,-2.07038205462342,1.23679018575989,0.5,0.53703574843952,1.02020202020202,1.18342820991467
3.85854530018948,1,-0.0422508924703784,0.327505748104484,0.5,0.509823908020657,1.02020202020202,1.06109496040432
2.84270719583502,0,-0.848163744613799,0.787878284086861,0.5,0.523618757468639,1.02020202020202,1.12136429080751
2.8050952521132,1,1.88534847351933,1.12169905200483,0.5,0.533600255509778,1.02020202020202,1.16719630549198
2.39699210161442,1,2.16978344241036,0.27141038484031,0.5,0.508141591871201,1.02020202020202,1.0539762460255
0.964289505919839,0,-0.481690993745007,-0.383339477074533,0.5,0.488501843189568,1.02020202020202,0.974335020876938
-0.971880435542118,0,0.202279353652661,-1.04840288720372,0.5,0.468589332448994,1.02020202020202,0.899597642276713
-1.77435090934356,0,-1.26575374993215,-1.48544982869908,0.5,0.455554129900675,1.02020202020202,0.853633518335359
1.04509824597141,0,-0.651120031793,-1.48023620140452,0.5,0.455709307127398,1.02020202020202,0.854167748675896
-1.74892393722046,1,-0.991473159604352,-2.46221548844572,0.5,0.426666264087117,1.02020202020202,0.759218858594895
0.0871794269491908,0,1.91477781637846,-0.595812905838302,0.5,0.482133223273684,1.02020202020202,0.949806611460365
4.04521162578272,0,1.55505855770903,2.31514392894749,0.5,0.569011017929027,1.02020202020202,1.34691654347861
0.743681997551902,0,-0.0165231728240755,0.185337936165963,0.5,0.505559908906418,1.02020202020202,1.04314607510631
-2.02633488672896,0,0.147866173271659,-2.23160703144025,0.5,0.433449028702495,1.02020202020202,0.780522136824083
2.36879636416346,1,0.20730758269075,-0.881878317178964,0.5,0.473568313286071,1.02020202020202,0.917755070812552
0.722184152547982,0,1.09814525101316,-1.61027577112765,0.5,0.451841483046464,1.02020202020202,0.840942135455595
-0.258828628670892,0,0.93182779404668,-0.94154135422381,0.5,0.471783769419143,1.02020202020202,0.911207809973298
1.08106554898506,1,-1.44231440058416,0.135631842066212,0.5,0.504068865441381,1.02020202020202,1.03694250876571
1.81679316367952,1,0.78826019101336,0.432430563025274,0.5,0.512970006611153,1.02020202020202,1.07453964673981
0.152857070518337,1,-0.984991912360036,-0.41147059990037,0.5,0.487658389342017,1.02020202020202,0.971051469616635
0.899012372803872,1,0.0862464094003522,-0.457870019633441,0.5,0.486267354013121,1.02020202020202,0.965659746947729
-0.551737028199214,0,0.326939075118138,-0.489785710157151,0.5,0.485310657044366,1.02020202020202,0.961968456348845
0.470459807275784,1,-1.66547702412169,0.2596657753278,0.5,0.507789343021998,1.02020202020202,1.05249186754453
1.72927130703576,0,1.91064674873756,1.71982705473985,0.5,0.551412459408341,1.02020202020202,1.25405200579352
-0.618817153344274,1,0.117904369661893,-0.355521553652295,0.5,0.489335970804691,1.02020202020202,0.977592932792081
0.351045500064012,1,-0.896883267862484,-0.453686316461618,0.5,0.486392771291994,1.02020202020202,0.966144672714216
0.697133224993145,1,1.32348881643274,0.380398624618361,0.5,0.511409977536224,1.02020202020202,1.06785130323165
2.44684879609958,1,-0.978215140684358,0.221411145014805,0.5,0.506641943626274,1.02020202020202,1.04767141780505
1.03275426833768,1,0.709090761420214,-0.902474237702576,0.5,0.47295220291352,1.02020202020202,0.915489630235942
0.170168495739161,1,-0.802842544907498,-0.276051466337074,0.5,0.491719213235023,1.02020202020202,0.986960254601316
-0.551806493803115,0,-2.69402713112416,0.324833660203053,0.5,0.509743776077599,1.02020202020202,1.06075477426695
-2.1635728481094,1,-0.689061257856233,-2.44333227243745,0.5,0.427220666354422,1.02020202020202,0.7609411884901
0.436229614241811,0,1.11338013902814,0.779417709016948,0.5,0.523365500528804,1.02020202020202,1.12022638213538
0.432318195262564,1,-0.0946528917926199,-0.242179982641001,0.5,0.492735111826376,1.02020202020202,0.990979995322835
1.53696265102562,1,2.88469806756032,-0.400012741065434,0.5,0.488001921457407,1.02020202020202,0.972387528387761
0.155125124600266,1,0.389021820931191,-0.216326120251528,0.5,0.493510580810706,1.02020202020202,0.994059248740168
2.45658261292403,1,-0.286087465589124,1.0580731811202,0.5,0.53169962088342,1.02020202020202,1.15831857405112
0.575096294123456,1,0.339344802195631,-1.5420357869347,0.5,0.453870479579316,1.02020202020202,0.847856713221065
2.52852247898489,1,1.80342778720906,-0.50009362784797,0.5,0.48500169207206,1.02020202020202,0.960779284973003
1.81232677756688,0,1.02252977046948,0.250758063135333,0.5,0.507522174312995,1.02020202020202,1.0513674332629
1.23373418567636,1,0.327724641368823,0.262259735827537,0.5,0.507867142761454,1.02020202020202,1.05281953321868
-1.98515370549859,1,-0.982277969970864,-1.65817270158512,0.5,0.450418303136262,1.02020202020202,0.836122573618954
-1.129319771738,0,-1.21184944929179,-1.16512042648138,0.5,0.465103215789643,1.02020202020202,0.887085610453856
2.08636005472058,0,1.27922758719244,-1.39148162346594,0.5,0.458352273407692,1.02020202020202,0.863313722807668
0.392758026947066,0,-1.56575016385518,0.0869573147695184,0.5,0.502608695772111,1.02020202020202,1.03090344048894
-0.163644185465293,0,-1.02695200536531,-0.787354936443997,0.5,0.47639690795021,1.02020202020202,0.928224250941939
-0.0672163879245572,0,-0.903788837608332,-0.364854361519417,0.5,0.48905611730116,1.02020202020202,0.976498703198845
2.23576963123983,1,1.8775184453174,-0.734931065275213,0.5,0.477966347267706,1.02020202020202,0.934081989770024
-0.393428414277519,0,0.361806456648685,-0.478091945625978,0.5,0.485661174358778,1.02020202020202,0.963319287819287
-0.354127521540205,1,1.74008396414129,-0.190619959915273,0.5,0.494281650538491,1.02020202020202,0.997130396722015
1.6002437725509,1,-0.578980745207485,-0.224729079051074,0.5,0.493258536181779,1.02020202020202,0.993057389270711
-0.144512510867244,0,-0.428416302207893,-1.6550163890887,0.5,0.450512063154317,1.02020202020202,0.836439321295766
0.41922220510075,1,0.780706793628646,-0.90444131153385,0.5,0.47289336376393,1.02020202020202,0.915273555455715
-0.0371073832852992,0,-1.72287921978179,0.3109666053834,0.5,0.509327915772705,1.02020202020202,1.05899109674211
2.38977702207984,0,-0.62247257325953,1.17974939006835,0.5,0.535333488460264,1.02020202020202,1.17535542770065
2.87816064415595,0,1.57033867333061,0.957969838606646,0.5,0.528707488070838,1.02020202020202,1.14448762450713
1.39654951124547,0,1.21324995255464,-0.635063453783238,0.5,0.480957311521838,1.02020202020202,0.945343478942302
0.1113258617455,0,0.899250777219543,-1.64349290658059,0.5,0.450854404404051,1.02020202020202,0.837596764644585
1.33497993631366,1,-1.36070410344589,0.392909276261339,0.5,0.511785095141676,1.02020202020202,1.0694556490944
1.03934715978842,0,0.766900184815404,-0.212192920747823,0.5,0.493634556305155,1.02020202020202,0.994552408452933
1.63977976450845,0,-0.777869959447354,1.24279946052,0.5,0.537215032774215,1.02020202020202,1.18428190311496
1.90364313747529,1,0.423916626672286,1.32829246787211,0.5,0.53976461869981,1.02020202020202,1.1964941784255
2.09420040497072,1,-0.777696918176851,0.348782023016407,0.5,0.510461933515839,1.02020202020202,1.06380755954131
0.31143456484875,1,0.0871570811014488,-1.3270945537481,0.5,0.460271091627378,1.02020202020202,0.870009907260062
2.92290798135105,0,-0.0341980677251141,0.112315483890527,0.5,0.503369413511627,1.02020202020202,1.03404523713219
0.261033115608167,0,-0.243243842993723,-2.52060714692781,0.5,0.424953084155972,1.02020202020202,0.753917607419343
1.7146403025651,1,1.54362794185239,-0.233395958335667,0.5,0.492998578915697,1.02020202020202,0.9920251211345
1.62899566727322,0,0.829176011861135,-1.23530600436544,0.5,0.463008533001588,1.02020202020202,0.87964571090734
0.285343412151728,0,-1.16271382294465,0.298327476744081,0.5,0.508948868591266,1.02020202020202,1.05738614719564
-0.316947503878,1,-0.746956400923536,-1.25433853458876,0.5,0.462440730534542,1.02020202020202,0.877638977343229
0.79160523194934,1,1.6317544757634,0.522690957076641,0.5,0.515675589854073,1.02020202020202,1.08624150985799
0.555947879489592,0,1.04787703437068,-0.472486535390498,0.5,0.48582919998214,1.02020202020202,0.963967481773945
0.439273985282429,0,-1.03538884962521,-0.524552915817972,0.5,0.48426860648275,1.02020202020202,0.957963422169673
3.22950480904707,1,0.634158840046142,1.62652113391885,0.5,0.548641311125748,1.02020202020202,1.24008906391677
-0.479906231188591,0,-2.01420619926997,-0.846297449183084,0.5,0.474632874889519,1.02020202020202,0.921681990883521
-0.293269450419628,0,-0.630165397624897,-0.240381573542446,0.5,0.492789052793591,1.02020202020202,0.991193880894039
0.143983894141555,0,-1.77905072368584,-0.511720326479756,0.5,0.48465321231186,1.02020202020202,0.959439736717966
0.526585956261585,1,-0.866683169810652,0.418289496264819,0.5,0.512546050838208,1.02020202020202,1.07271777654252
-0.796992719481566,0,0.684545018678662,-1.43986685871939,0.5,0.456911139983389,1.02020202020202,0.858315650314765
0.655510583448384,0,0.0401646392454004,-0.0839255239852339,0.5,0.497482255560867,1.02020202020202,1.00997906592198
1.43785083564804,1,-0.372681774169815,1.05088641205771,0.5,0.531484878562954,1.02020202020202,1.1573200565088
1.84142478487613,1,1.70221544910312,0.15589846481463,0.5,0.504676817544927,1.02020202020202,1.03946741651883
2.45382846026265,0,1.29920795276525,-1.82778948734901,0.5,0.445385089961461,1.02020202020202,0.819276150572596
-1.1411478946758,0,-1.72116790993437,-1.48474996442244,0.5,0.455574960002318,1.02020202020202,0.853705212658474
0.510740325132509,1,-0.39963884656197,0.413139103874394,0.5,0.512391635156771,1.02020202020202,1.07205499128306
-0.0680881917919777,1,-1.35911167871769,-0.557652692417572,0.5,0.483276659441361,1.02020202020202,0.954165963831874
0.761045075029906,1,1.26263257604107,0.835111032085654,0.5,0.525032385052328,1.02020202020202,1.12773815107559
3.36864639008812,0,0.239575448434433,1.82857080138229,0.5,0.554638069681598,1.02020202020202,1.27052368119021
0.933688146931179,0,0.534200721428761,-1.03944460525524,0.5,0.468857029299589,1.02020202020202,0.900565224174185
2.34326871912489,0,0.483098503233532,-0.320680909330606,0.5,0.490380759738651,1.02020202020202,0.981688684864035
1.80305968599235,0,0.998239069896584,0.0413312646483965,0.5,0.501239935397674,1.02020202020202,1.02527453778073
1.06549073283222,1,-1.71549093279384,0.510090447589119,0.5,0.515297937239997,1.02020202020202,1.08460028741095
2.52736241534291,1,1.00744850324989,1.15626461070626,0.5,0.534632394095283,1.02020202020202,1.17204773516859
3.16186908616598,0,-0.937322749982073,0.637624100676424,0.5,0.519119396009271,1.02020202020202,1.10132671631922
2.2256815680327,1,0.836537767235877,1.17608294506292,0.5,0.535224042697616,1.02020202020202,1.17483841632012
1.11971018901416,0,-0.470068452119539,-0.047577234129077,0.5,0.498572686853153,1.02020202020202,1.01439400888036
-3.09610219641646,1,-1.8571350990077,-0.688945127432395,0.5,0.479343410303037,1.02020202020202,0.939250794552149
-1.44873041473734,1,-0.467917203840374,-0.00853681676088581,0.5,0.49974389551957,1.02020202020202,1.01915744201106
-0.928078111467106,0,0.0252183787762334,-1.75954487842417,0.5,0.447408894979876,1.02020202020202,0.826013039964152
1.68126224835324,1,-0.777813160137705,0.859931727770442,0.5,0.525775083621067,1.02020202020202,1.13110210778863
3.92417077933828,1,0.563988866541143,1.43815001140759,0.5,0.543037736653722,1.02020202020202,1.21237187491835
-1.58707447541119,0,0.67956618900936,-1.34545026397218,0.5,0.459723945110699,1.02020202020202,0.868095658308002
0.437534350030158,0,-1.18187440772487,-0.118170159375576,0.5,0.496454954622944,1.02020202020202,1.00583721813085
0.686855288778776,1,-1.18518970826303,1.90462915117718,0.5,0.556891433812051,1.02020202020202,1.28217283338926
-1.57807260642618,0,-1.20940939633809,-1.91278372959054,0.5,0.442867109504474,1.02020202020202,0.810962568366124
1.39721630150031,1,1.94794703455814,1.08260017101774,0.5,0.532432404122528,1.02020202020202,1.16173280418938
1.94163085405725,0,1.3121357084134,-0.751170215683045,0.5,0.477480139843129,1.02020202020202,0.932263518420253
2.30563090522621,1,0.355578821664713,1.2966089401057,0.5,0.53881998304301,1.02020202020202,1.191953716583
2.36548541715294,1,0.187854705153116,-0.255969667478198,0.5,0.492321513683806,1.02020202020202,0.989341515126388
2.69863538142912,1,0.497631866972029,1.00934258610728,0.5,0.530243313354671,1.02020202020202,1.15156487360759
0.0955324134639455,0,-0.825525316591426,-0.644214264340217,0.5,0.480683191161135,1.02020202020202,0.944305969599194
0.334294023646291,0,-1.48999285208575,0.412175844267004,0.5,0.51236275507654,1.02020202020202,1.07193107837242
2.52610476962668,0,0.570608821920208,0.993841845249246,0.5,0.529779966542035,1.02020202020202,1.14942485149787
0.27469841588556,0,-1.39379662941837,-0.3158182005363,0.5,0.490526587823438,1.02020202020202,0.982261691973918
-2.25616176348525,0,0.771270794622009,-2.2915634469274,0.5,0.431683055301637,1.02020202020202,0.77492661307056
1.80987133547331,0,0.492448829084329,0.71084371858825,0.5,0.521312390174546,1.02020202020202,1.11104599888504
0.0100196980329149,1,-0.761151425782867,-0.0929426054496849,0.5,0.497211750739423,1.02020202020202,1.00888680934476
2.63560216279755,0,0.160543203206736,-0.0882583186885502,0.5,0.497352275188738,1.02020202020202,1.00945407857987
0.299451114191632,0,-2.92389442111884,0.624800480642993,0.5,0.518735238704481,1.02020202020202,1.09963326018654
2.12571391347709,0,-0.455532773139357,-0.409709939793714,0.5,0.487711177101597,1.02020202020202,0.971256654281587
1.31420003076842,1,-0.0297972222393789,0.796436977687138,0.5,0.523874939108151,1.02020202020202,1.12251657203305
0.796200306256763,1,-0.300343168868629,1.03624603995081,0.5,0.53104738486858,1.02020202020202,1.15528860994644
0.983536878480993,1,0.383506172042355,-1.193033154213,0.5,0.46427001113407,1.02020202020202,0.884119263662737
2.25158632530868,0,-0.615648462404928,1.00752425328464,0.5,0.530188962589862,1.02020202020202,1.15131362963445
1.29889378215397,0,-0.396073030451304,-0.0705845616227398,0.5,0.497882475811167,1.02020202020202,1.01159725199058
-0.828035330472922,1,-0.320504635000581,-2.10843014828661,0.5,0.437082376667532,1.02020202020202,0.79214489862854
1.63181119280076,0,-0.30717942976501,-0.14112923470573,0.5,0.495766224149622,1.02020202020202,1.00306986094373
-0.245449870472137,0,-2.002646272418,0.0157957642000549,0.5,0.500473872784121,1.02020202020202,1.02213763856246
0.156765946135082,0,-0.785883506475177,-1.11790769337064,0.5,0.466512973335329,1.02020202020202,0.892125682648155
-0.381082162366048,0,-0.0199440366950179,0.88131546736321,0.5,0.526414848376529,1.02020202020202,1.134008298058
3.30732379181781,1,-0.124812665967564,-0.389810676880963,0.5,0.488307811602623,1.02020202020202,0.97357870058111
-1.63665032421361,1,-0.14561624260592,-2.85029926545195,0.5,0.415315014658013,1.02020202020202,0.724672648685358
1.44317819284056,1,-0.2149313665185,1.88979079442863,0.5,0.556452001872587,1.02020202020202,1.27989182422777
-2.45358526450046,0,0.245321604732542,-0.990502894410999,0.5,0.470319847836382,1.02020202020202,0.905869810193618
-1.49972228768193,1,0.115969356466913,-1.51428393365957,0.5,0.4546960747548,1.02020202020202,0.850684971383964
0.348625697636766,1,0.398310372063401,0.227108621853105,0.5,0.506812836987139,1.02020202020202,1.04838795276006
-0.691859234847217,0,0.941353982433478,-1.58660742395954,0.5,0.452545042104168,1.02020202020202,0.843333975751351
2.19851467557652,1,0.771458082847833,-0.524960950680241,0.5,0.484256377563801,1.02020202020202,0.957916517421247
1.22552855451526,0,1.05409780204838,1.17557127975291,0.5,0.535208768886102,1.02020202020202,1.17476628364711
1.29784521893357,0,0.064868557819898,0.949645074459782,0.5,0.528458561300846,1.02020202020202,1.14334488463939
0.509445002509813,0,0.392190703475014,-0.17214225352545,0.5,0.494835916025415,1.02020202020202,0.999343811669405
-2.37425857671887,1,-2.06760034918836,-1.87006410367506,0.5,0.444132332794074,1.02020202020202,0.815130524556476
1.96405711209794,1,0.852254256459865,0.642706948036981,0.5,0.519271656684769,1.02020202020202,1.10199866629471
-0.148642148330498,1,1.11611783181651,-1.27985197388569,0.5,0.461679734471624,1.02020202020202,0.874956095758308
1.83870569035104,1,-0.378488217796159,1.66937284710952,0.5,0.549914374952009,1.02020202020202,1.24648228035354
0.62653304328977,0,-0.518611545128988,-0.785435787080426,0.5,0.476454354442783,1.02020202020202,0.92843804367666
0.681855713835497,0,-1.72992207804045,-0.0679734615396688,0.5,0.497960807460039,1.02020202020202,1.01191426745378
-0.228028971911088,0,-1.239595945851,-1.79183024101322,0.5,0.446451245898712,1.02020202020202,0.822819055436322
2.30240713040587,0,2.18105287277738,-0.102849922290794,0.5,0.496914541497147,1.02020202020202,1.00768807870497
1.89233248818556,1,0.156547484322919,0.356674146508431,0.5,0.510698591201007,1.02020202020202,1.06481552083908
0.139494637334281,1,0.225791599213581,-0.170315736725901,0.5,0.494890705746103,1.02020202020202,0.999562873867041
1.70266552313899,1,0.752050486746358,0.950287929682888,0.5,0.528477784438308,1.02020202020202,1.1434330886692
3.40864006270593,0,0.689985684969066,0.55913563272035,0.5,0.516767778867268,1.02020202020202,1.09100243924108
3.13208732840114,0,-1.08936243326603,0.237648612265173,0.5,0.507128975227916,1.02020202020202,1.0497147915517
0.0418089851222935,1,-0.417627760484896,-0.921891234835007,0.5,0.472371434481908,1.02020202020202,0.913358986299321
0.947833014590901,1,-1.56747466323807,0.566985547946014,0.5,0.517003007742825,1.02020202020202,1.09203063663988
0.381573602206474,1,-0.0342885320454679,-1.14042127709935,0.5,0.465840656613072,1.02020202020202,0.88971874189353
2.25253922855672,0,0.963193416601067,0.071191826045397,0.5,0.502135741791943,1.02020202020202,1.02895496060635
1.88352309464848,0,1.02021965698474,0.364353693727245,0.5,0.51092886985092,1.02020202020202,1.06579724925197
2.11615171834302,0,0.161967759317562,1.19986021657275,0.5,0.535933748883285,1.02020202020202,1.1781953373887
1.39284342710022,0,-0.595617905521605,-1.05977284411603,0.5,0.468249594507245,1.02020202020202,0.898371072857747
1.01519598331641,0,0.324973037045485,0.0310631785386053,0.5,0.500931894277113,1.02020202020202,1.02401200290067
1.94418782308339,0,-1.33248426601327,0.779738809328158,0.5,0.523375112493049,1.02020202020202,1.12026954757179
2.56805317490246,1,0.419622394498657,1.31218531553577,0.5,0.53928442365537,1.02020202020202,1.19418375832194
0.551419144821847,1,-0.919874827219421,-0.181962686177938,0.5,0.49454133629931,1.02020202020202,0.998166826683823
-0.775817664471825,0,-2.17774773977031,-1.29056638023023,0.5,0.461360206087377,1.02020202020202,0.873831862425515
1.53283251076382,1,0.528309958838938,1.19737225491006,0.5,0.535859494742316,1.02020202020202,1.17784363331322
-0.467918161141842,0,-0.63381665140566,-0.450745201392951,0.5,0.486480939818514,1.02020202020202,0.966485718012536
4.59988361178245,1,2.7140262657831,1.61927544540786,0.5,0.548425988553407,1.02020202020202,1.23901129664466
2.16736655012232,1,1.07593319135622,1.46809005353996,0.5,0.54392914436225,1.02020202020202,1.2167355248981
-2.42704908665288,1,-1.01379543425444,-1.47094356851224,0.5,0.455985912262372,1.02020202020202,0.855120776023161
0.890881208295024,1,0.39770701930273,0.548109879560216,0.5,0.516437370988455,1.02020202020202,1.08955989892607
0.88228269954836,1,0.578026506248438,0.654731060241263,0.5,0.519631834087029,1.02020202020202,1.10358988066855
1.44398321390366,0,0.192495903825621,-0.177550833903861,0.5,0.494673676471696,1.02020202020202,0.998695418345681
2.01178776581835,1,1.99159261606068,-1.26041460124732,0.5,0.462259482086334,1.02020202020202,0.87699929942369
1.94442491991451,1,0.914672927064755,1.78287651674524,0.5,0.553283208063809,1.02020202020202,1.26357606608883
1.74422051765105,1,-0.70765725027361,0.750569418951184,0.5,0.522501872788581,1.02020202020202,1.11635509293261
0.682245501515938,1,-0.145308457794106,-1.38109870869926,0.5,0.45866161572159,1.02020202020202,0.864390038722311
-1.60189221181041,0,-0.542794317815301,-0.814152771051439,0.5,0.475594825990319,1.02020202020202,0.925244117183317
2.10032995066376,0,0.165128201540341,-0.405590438202586,0.5,0.487834688244262,1.02020202020202,0.971736904175144
0.682805497654993,1,0.189969392489924,0.255301821179762,0.5,0.507658455640004,1.02020202020202,1.05194084868425
0.248277860629175,0,-0.0774772662282015,-0.366528621354698,0.5,0.4890059136795,1.02020202020202,0.976302533398902
0.335784810518931,0,-0.549221681623117,-0.340330811419878,0.5,0.489791494498892,1.02020202020202,0.979376601483277
2.87843781539571,1,-0.152460725044094,-0.23150141821156,0.5,0.493055404065207,1.02020202020202,0.992250678540715
1.73261663605368,0,0.904301662507684,1.47703754571069,0.5,0.544195484547462,1.02020202020202,1.21804263428353
-0.0817210381696515,1,-1.36221569213042,-0.86675982834966,0.5,0.474020622041435,1.02020202020202,0.919421590445296
-1.48696766891104,1,0.646126180085426,-1.7600525193886,0.5,0.447393834284685,1.02020202020202,0.825962723329985
-0.300831458846561,1,0.169914004627605,1.05103762341651,0.5,0.531489396913682,1.02020202020202,1.15734105669193
0.0374480550636562,1,-0.289377434340369,0.315449062048816,0.5,0.509462341992718,1.02020202020202,1.05956087577298
2.58573730886574,0,-0.102546147430538,0.937695063203439,0.5,0.528101207823875,1.02020202020202,1.14170650153299
1.61147529700472,1,1.32369073647543,0.391737901964126,0.5,0.511749973377482,1.02020202020202,1.0693053317162
-0.816215945441163,1,0.807368943075483,-2.40031951635047,0.5,0.428484181116623,1.02020202020202,0.764878963549721
-0.293877855191099,0,0.794207396795858,-0.394946654127628,0.5,0.488153817654844,1.02020202020202,0.97297885208211
2.10390371249317,0,-0.845714383913878,-0.501382189095459,0.5,0.484963070107587,1.02020202020202,0.960630733703863
-0.482108560701612,1,0.0610934068430522,-1.64545235734943,0.5,0.450796189470894,1.02020202020202,0.837399840242377
0.913322208491409,0,-1.40173894629456,-0.528576369442725,0.5,0.484148023277564,1.02020202020202,0.95750101523863
1.04475623820789,1,0.30594677380617,0.592040663239172,0.5,0.517753753037974,1.02020202020202,1.09531889184015
0.443769756905709,1,1.17827193201471,-1.92438692573186,0.5,0.442523585975978,1.02020202020202,0.809834183191615
2.20151563361865,0,0.705163427315618,1.08403791555643,0.5,0.532475354741389,1.02020202020202,1.16193325448002
2.75899755208909,0,1.4624698853431,0.221315207747897,0.5,0.506639066015924,1.02020202020202,1.04765935658658
0.808065912194501,1,-0.63390076405881,-0.499452960464455,0.5,0.485020894821581,1.02020202020202,0.960853152606519
2.27684420484834,0,-1.67073900709647,1.36999305859369,0.5,0.541007473956952,1.02020202020202,1.20249652567003
0.598090006317741,0,0.827676939348236,0.627354709365506,0.5,0.518811757539225,1.02020202020202,1.09997035762823
2.58901111846072,0,1.61772987088104,0.200264960036374,0.5,0.506007659671645,1.02020202020202,1.04501627756328
1.25037409177996,1,2.77039104784485,-0.905662132966924,0.5,0.47285684690873,1.02020202020202,0.915139479008123
2.18575937167362,1,-0.304109856384506,0.459694359607335,0.5,0.513787334736161,1.02020202020202,1.07806092744953
-0.0115642688520259,1,-0.749407324817043,-1.37127635295915,0.5,0.458954286414167,1.02020202020202,0.865409480978781
1.606783477631,1,0.61041763989096,-0.54099606314387,0.5,0.483775815835077,1.02020202020202,0.956075053783507
0.458792633029317,0,-1.20110377516414,-1.70301762256319,0.5,0.449086543371598,1.02020202020202,0.831635156630928
2.47386601565808,0,-0.590044758321094,0.347162819382612,0.5,0.510413378575295,1.02020202020202,1.06360087709369
0.328483688627184,0,0.181198393373111,-0.159979782998286,0.5,0.49520075390473,1.02020202020202,1.0008034153122
0.518244324030051,1,-0.531779889751338,-0.0705015178847875,0.5,0.497884967078675,1.02020202020202,1.01160733285886
1.98660130220235,1,0.496250673536272,-0.210627130004568,0.5,0.493681522470198,1.02020202020202,0.994739297324695
1.11567456745311,1,-0.869361161203572,-0.0750772533610914,0.5,0.497747697633523,1.02020202020202,1.01105202362238
1.07660726863794,0,0.0635522437341085,1.23238655887349,0.5,0.536904361891035,1.02020202020202,1.18280300996406
3.90151605145016,0,-0.892555871979916,1.21182020437641,0.5,0.536290676871025,1.02020202020202,1.17988749561361
0.332281069531853,0,0.105760812743336,1.85632908786864,0.5,0.555460723713575,1.02020202020202,1.27476284482531
-0.688729163993594,0,0.940465825237406,-0.827818669368172,0.5,0.47518584225053,1.02020202020202,0.923728045589066
0.241007991034164,1,-0.86693278572616,-0.015241203137812,0.5,0.499542764033322,1.02020202020202,1.01833783272149
1.67642497292614,0,-0.736654888287153,-0.0299489906349596,0.5,0.499101531248,1.02020202020202,1.01654211827354
1.23434875880505,0,1.01447856447499,0.933833278478153,0.5,0.527985718728145,1.02020202020202,1.14117754113892
0.845270107680365,0,-0.993449969667936,-0.63171799663958,0.5,0.481057530423793,1.02020202020202,0.945723067862493
-1.21888261573871,1,-1.12665114937653,-1.69431568294089,0.5,0.449344908433567,1.02020202020202,0.832504030875941
-1.53619410869722,0,-0.347072047431615,-2.3694276640916,0.5,0.429392216763344,1.02020202020202,0.767719648891121
1.27416828314085,0,-0.11103305357905,-0.150853659028373,0.5,0.495474513811318,1.02020202020202,1.00190003039783
1.84255446720777,0,-0.456900896710434,0.617455061817223,0.5,0.518515181917022,1.02020202020202,1.0986644152215
0.0440822327990359,1,-0.94681421989066,-1.76926006500668,0.5,0.447120681545881,1.02020202020202,0.82505061658418
-1.07850714885227,0,-1.04041437265831,-0.758991789740827,0.5,0.477245973587951,1.02020202020202,0.93138891675208
2.12016637968083,0,-0.75404673301842,-0.284687231480264,0.5,0.491460213586474,1.02020202020202,0.985938005531244
0.132385231639465,1,-1.64673488792234,-1.17942111993391,0.5,0.464676310477732,1.02020202020202,0.885564603188898
3.2303301863142,0,0.143014464836097,1.24527487282969,0.5,0.537288882925324,1.02020202020202,1.18463374568984
0.417755221245701,0,-0.137631918226191,-0.20568043563513,0.5,0.49382990015492,1.02020202020202,0.995329953168724
0.126196853572286,1,-0.330232385028208,0.0882487141676032,0.5,0.502647436683712,1.02020202020202,1.03106320983808
-0.357154135314083,0,-0.678953801549641,-0.616565711267384,0.5,0.481511462066495,1.02020202020202,0.947444216044883
2.08595557889759,1,-0.184778375094517,1.23100299740204,0.5,0.536863080912037,1.02020202020202,1.18260664858444
2.5485984066456,1,-0.698719862692577,1.87615759855334,0.5,0.556048182390715,1.02020202020202,1.2777996541596
0.237709211923834,1,-0.905776245605099,1.44074010379132,0.5,0.543114862694096,1.02020202020202,1.21274875210325
1.21973948729507,1,-2.6935932427543,1.75164992589732,0.5,0.552356865117161,1.02020202020202,1.25885006549351
0.215350417169174,1,-0.382326047531534,0.0474154254792304,0.5,0.501422458926774,1.02020202020202,1.02602336332801
1.00800777992775,1,0.186602412058031,-0.161089424708458,0.5,0.49516746774172,1.02020202020202,1.00067016019872
0.829290631951748,1,0.288465222888194,-0.715127038636985,0.5,0.478559345099211,1.02020202020202,0.936304459708197
0.950960893653298,0,-1.37170616801178,0.0910519559159471,0.5,0.502731531502754,1.02020202020202,1.03141010651313
-0.796621955879143,1,-0.68085788890539,-1.89940824591014,0.5,0.443263171071564,1.02020202020202,0.812265255522538
-1.16316675809673,0,-0.856006045428836,-1.71880327788781,0.5,0.448617929358452,1.02020202020202,0.830061299051336
-1.19991764248598,1,1.46492634034193,-1.09164907742913,0.5,0.467297280414315,1.02020202020202,0.894941234548944
0.750789677038082,1,1.46500894239566,0.545050616975343,0.5,0.516345691747532,1.02020202020202,1.08915998235761
1.96101532839538,1,0.165860240053789,0.453028909369334,0.5,0.513587521080889,1.02020202020202,1.07719898083537
1.13625050310726,1,0.349402896066755,-0.0325972003808233,0.5,0.499022085235507,1.02020202020202,1.01621912758772
-0.42711919558988,1,0.182578593637688,-1.74986817873305,0.5,0.447696001785504,1.02020202020202,0.826972766690992
0.718994898924428,1,-1.02080804025883,-0.890049285595397,0.5,0.473323875610202,1.02020202020202,0.916855638115066
1.93114082136087,1,0.972147107745935,-0.0416808924767219,0.5,0.498749575832527,1.02020202020202,1.01511200850224
-0.162189207014224,1,1.49585836255977,-0.399772319825197,0.5,0.48800912994396,1.02020202020202,0.972415582706318
2.17329958965463,1,0.844426444311003,0.634890130152264,0.5,0.519037496309333,1.02020202020202,1.10096545620934
0.167622027334211,0,0.649097899408974,-0.530595506367953,0.5,0.484087510288025,1.02020202020202,0.957269044263936
0.575676269733806,0,-2.5423734134352,-0.499899892984515,0.5,0.485007498890326,1.02020202020202,0.960801621605875
1.2404261043934,1,0.252403832672976,0.793887962213503,0.5,0.523798642443898,1.02020202020202,1.12217326708772
-0.0879473672859228,0,0.265588324796628,-1.8040914944591,0.5,0.446087656059598,1.02020202020202,0.82160929049119
0.33266805552032,0,-0.494608883440244,-0.818518273470277,0.5,0.475464174608853,1.02020202020202,0.924759545466549
0.807111163366625,1,0.410196827903133,-1.00881871276772,0.5,0.469772345375488,1.02020202020202,0.903880986981924
1.07753764236159,1,-0.188031398352021,-0.649797547599659,0.5,0.480515944835092,1.02020202020202,0.943673502172118
2.12654910046719,1,-1.17265689729525,1.01687311593177,0.5,0.530468396539491,1.02020202020202,1.15260597117278
1.47395467364331,0,1.14000039105177,-0.37275651014973,0.5,0.488819168890451,1.02020202020202,0.97557316954367
2.51035197486224,1,-0.772210457323451,-0.0817402975543711,0.5,0.49754781073443,1.02020202020202,1.01024394460359
0.574407928541469,1,-1.33440445550244,-0.956667156092875,0.5,0.471331463751311,1.02020202020202,0.909555380231038
3.26499959852819,0,-0.538585417207003,0.604232736157119,0.5,0.518119044525307,1.02020202020202,1.09692256961921
0.161375418884629,1,1.17579473951611,1.3712682436177,0.5,0.541045471945046,1.02020202020202,1.20268054841677
1.74921512178889,0,-1.72010407082105,0.873946751113444,0.5,0.526194398731804,1.02020202020202,1.13300599901795
1.7292889239519,1,-1.11114068208631,2.05674952775009,0.5,0.561391164110596,1.02020202020202,1.30579311879985
-0.22935604888247,1,0.0350929232003118,1.26256223856081,0.5,0.537804579332019,1.02020202020202,1.18709380009752
1.12045248723665,0,0.915532551041479,2.1873002986537,0.5,0.565244858548756,1.02020202020202,1.32641087273931
-0.430342975020882,1,1.56081568741354,-0.690062573899997,0.5,0.479309944218776,1.02020202020202,0.93912485549824
1.11232674866118,1,-0.321388443059164,0.633037107123538,0.5,0.518981985973818,1.02020202020202,1.10072066970475
1.84028704988021,0,-0.602511833372224,0.239317761147641,0.5,0.507179039443139,1.02020202020202,1.04992506824253
1.60306753529815,1,1.50490483908752,-0.451899808593862,0.5,0.486446326989988,1.02020202020202,0.966351817924519
-0.357863063358609,1,-0.565803641847124,-0.48815229991719,0.5,0.485359617198133,1.02020202020202,0.962157029524537
2.08099076635016,1,0.352909687857973,1.04129571604591,0.5,0.531198288197556,1.02020202020202,1.15598888208705
-0.816405466401948,1,-0.31720833070591,0.804869259692171,0.5,0.524127324668572,1.02020202020202,1.12365299204782
1.45382909505637,1,-0.118937750752452,0.361445737940115,0.5,0.510841672524865,1.02020202020202,1.0654253991817
2.57915442014614,0,-1.20630160764354,-0.715415199832761,0.5,0.478550716165919,1.02020202020202,0.936272083474448
-1.69634376139974,0,-0.657993777459539,-2.10368949734423,0.5,0.437222349225547,1.02020202020202,0.792595660725951
-0.567287817227607,1,0.165579492518928,-0.300923710728103,0.5,0.490973269556393,1.02020202020202,0.984018896277029
1.75913690572316,0,-0.630868326117627,1.7835550152121,0.5,0.55330333177148,1.02020202020202,1.26367895040801
0.229732031873653,1,1.11026539881545,-0.246874766601855,0.5,0.492594298621697,1.02020202020202,0.990421860118541
-0.390234408540001,1,-1.91895078240667,0.0778636290026283,0.5,0.502335891875804,1.02020202020202,1.0297790886374
-1.26256406917696,0,-2.40245496188138,-0.130436527458942,0.5,0.496086984065703,1.02020202020202,1.0043577509134
-0.0342115069650992,1,0.760400409019488,-0.546039840043883,0.5,0.483624663334237,1.02020202020202,0.955496561355857
0.675982094624483,0,-1.01135831737418,0.624613220961644,0.5,0.518729628799263,1.02020202020202,1.0996085504273
1.85648642144423,0,-1.09336173237737,1.07381355237244,0.5,0.532169905686955,1.02020202020202,1.16050852536489
1.26966536663224,0,-0.570769517690196,0.907076125208917,0.5,0.527185447652452,1.02020202020202,1.13751925791149
1.33820276061278,1,0.49898795517975,1.00893237524357,0.5,0.530231052034827,1.02020202020202,1.15150818887219
2.13992600907938,0,-0.548074513716739,0.709114960211567,0.5,0.521260621422523,1.02020202020202,1.11081553518154
2.33622034160117,0,1.52423946776894,2.09918858611326,0.5,0.56264474752343,1.02020202020202,1.31246007640027
0.85986209785492,1,-0.200331672388914,-0.0543032575293575,0.5,0.49837090803884,1.02020202020202,1.01357559866266
3.3447534720723,1,1.92565024382676,0.202006041049006,0.5,0.506059884495596,1.02020202020202,1.04523463533305
0.999303034476499,0,-1.11394932243677,-0.0175381188793553,0.5,0.49947385662782,1.02020202020202,1.01805718705665
3.52253431667707,0,-0.423771655431485,1.95390375148778,0.5,0.5583500388333,1.02020202020202,1.28977671840574
2.48674391588779,1,0.109388118742809,0.356904064854599,0.5,0.510705485591386,1.02020202020202,1.06484489971918
0.911204463746853,1,0.626824908279611,0.657649853135085,0.5,0.519719262280326,1.02020202020202,1.10397648640609
1.62762592011214,0,-1.47092106310904,-1.05543218643417,0.5,0.468379291287789,1.02020202020202,0.898839137305444
1.77818655825964,1,0.405129422193864,1.08176716183171,0.5,0.532407518911459,1.02020202020202,1.16161668190162
2.35922808688173,0,0.913262415619319,-1.04895403272941,0.5,0.46857286337065,1.02020202020202,0.899538147138308
4.12929032172932,1,0.504877487700727,1.58519764703352,0.5,0.547413045225226,1.02020202020202,1.23395490906633
1.14484085552694,1,-0.0268316300174109,0.757918055147606,0.5,0.522721880990632,1.02020202020202,1.11733996961209
2.93774193329052,1,0.553985418194237,2.49585315861401,0.5,0.574320864726382,1.02020202020202,1.37644356484939
2.44777988721204,1,-0.933990106347907,0.986463473643974,0.5,0.529559394810283,1.02020202020202,1.14840759586332
0.712733308705506,1,-0.684152313092347,0.157694247644676,0.5,0.504730686261912,1.02020202020202,1.03969143958445
0.14543856993311,0,0.854263288076995,-0.701783681981851,0.5,0.478958923355729,1.02020202020202,0.937804873942604
2.746095015379,0,-0.799367702870506,1.14526239725168,0.5,0.534303896249311,1.02020202020202,1.17050134189479
-1.44867304064421,1,-0.508252708111248,-0.117650638704182,0.5,0.496470539463045,1.02020202020202,1.00589992647275
2.32015364736086,1,-0.496179030977052,-0.132750045556987,0.5,0.496017582849466,1.02020202020202,1.00407895763475
1.38043799770979,0,-0.258357440602471,0.0479325427572453,0.5,0.50143797231818,1.02020202020202,1.02608703423257
1.48602810960014,0,0.772092794518937,1.04506933452036,0.5,0.53131105439817,1.02020202020202,1.15651247194801
-1.1782789748406,1,-0.764173794846661,-0.125810541162162,0.5,0.496225755452678,1.02020202020202,1.0049154431148
0.608474620367661,1,-0.242598304804296,-0.0971717154547337,0.5,0.497084881566938,1.02020202020202,1.00837493604594
-0.479181985592735,0,0.375735577674554,-0.737606216570821,0.5,0.477886249144565,1.02020202020202,0.933782180617272
-0.757336540461962,0,-0.936321961623141,-1.9835826587534,0.5,0.440771903177037,1.02020202020202,0.804101919456773
-1.08059193782078,1,-1.24362685519248,-0.835513648923226,0.5,0.474955566731665,1.02020202020202,0.922875471071226
1.12825691427603,1,0.36108979256394,-0.652932288267299,0.5,0.480422046108773,1.02020202020202,0.943318588325568
1.90697892270739,1,0.370043995700283,0.855349859324671,0.5,0.525637990906732,1.02020202020202,1.13048037140036
2.11904499768227,0,-0.626600328812914,1.23910406319852,0.5,0.537104783193642,1.02020202020202,1.18375685247909
0.291996770609574,0,-0.899782161841494,-0.169731986145536,0.5,0.494908216441125,1.02020202020202,0.999632895768459
1.20440861767098,1,-2.16371889825631,1.49554779475601,0.5,0.544746399112987,1.02020202020202,1.22075119403784
1.54369838912794,0,-0.142080638935349,0.731669487450651,0.5,0.521935994569047,1.02020202020202,1.1138260777351
1.8082584878651,0,-0.286211221203468,1.46899581579993,0.5,0.543956107351771,1.02020202020202,1.21686778085977
1.87678730183701,1,1.3706771705907,-0.397530282925714,0.5,0.488076352583937,1.02020202020202,0.972677240897746
2.44429876587334,1,1.43047550437623,-0.09178415162816,0.5,0.497246503286738,1.02020202020202,1.00902706894717
0.873248396518569,1,-0.712931501778845,0.130992712429561,0.5,0.503929700457116,1.02020202020202,1.03636540812842
1.78216674453289,1,0.45784959490789,0.551475714290172,0.5,0.516538236230691,1.02020202020202,1.09000006123668
-1.37994010286908,0,0.14239949734899,-1.52482495180743,0.5,0.454382458408272,1.02020202020202,0.849609601370463
1.08560251327632,1,0.744756747633024,-0.250930288029246,0.5,0.492472660110393,1.02020202020202,0.989939976136397
0.36892969577891,0,0.433420273907412,-0.36816681470454,0.5,0.488956791746327,1.02020202020202,0.976110627584131
-0.247420630180305,1,0.371625860512871,-0.49906917234747,0.5,0.485032398139594,1.02020202020202,0.960897405308187
-0.664703500578252,0,-0.0281287390427847,-1.21134218434835,0.5,0.463723588212465,1.02020202020202,0.882178912051642
2.39146923677359,0,-1.09068004306319,2.33649953025251,0.5,0.569639369719715,1.02020202020202,1.35037267557715
1.13842654328446,0,-1.22734118412407,0.412484501560066,0.5,0.512372009130156,1.02020202020202,1.0719707822291
1.60785775357162,0,2.06261756463903,0.360908321318492,0.5,0.510825557595229,1.02020202020202,1.06535669211894
1.13647029418041,0,0.616602369083378,0.381541714647445,0.5,0.511444252325462,1.02020202020202,1.06799779129964
1.2404416295267,0,0.0268832841225022,0.488548886758653,0.5,0.514652270198257,1.02020202020202,1.08180023005834
0.464859927491036,1,-0.0826242060703142,-0.709295612269717,0.5,0.478733968817098,1.02020202020202,0.93695988786801
1.11537334315351,0,-0.114223330687161,0.338800391667578,0.5,0.51016261196149,1.02020202020202,1.06253409818063
-0.10947821296971,1,0.908576893079698,-0.0908101888255786,0.5,0.497275721294065,1.02020202020202,1.00914500641887
2.91599273332994,1,1.40369092784653,1.56211947359859,0.5,0.546726835917552,1.02020202020202,1.23054234554307
1.56326257094487,0,2.09818194341055,0.0439438919444504,0.5,0.501318313703435,1.02020202020202,1.02559602740326
2.72045029067053,0,1.72789468397417,-0.227294546970723,0.5,0.49318158629574,1.02020202020202,0.992751717499648
0.609372483177766,0,-2.34608364965185,-0.0574902790605222,0.5,0.498275298468619,1.02020202020202,1.01318803830641
-2.21038546880092,0,0.451043196594662,-2.42160595158835,0.5,0.427858767017267,1.02020202020202,0.762927671191521
0.429028409567922,0,0.840196004048552,-0.183557075376193,0.5,0.494493510374421,1.02020202020202,0.997975868983276
0.25284093173402,0,-0.534463398888888,0.201381711991167,0.5,0.506041157366576,1.02020202020202,1.04515632982377
0.384829243565417,1,0.388307905217984,-0.0836891840631607,0.5,0.497489345579255,1.02020202020202,1.01000771013301
-0.195759419996315,0,-0.933739654059948,-1.83119684011189,0.5,0.445284091244866,1.02020202020202,0.818941231505881
-1.11862352995479,1,0.472951273328029,-0.533562108171772,0.5,0.483998602878324,1.02020202020202,0.956928324585497
2.56114257279609,1,0.325752033503125,0.725229693828286,0.5,0.521743169351337,1.02020202020202,1.11296567301903
0.817783499700818,0,-1.20069520871891,0.359234818657919,0.5,0.510775375941161,1.02020202020202,1.06514276832874
0.547500963961525,1,-1.04080795101809,-0.224237233969296,0.5,0.493273288857732,1.02020202020202,0.993116002647557
-0.527515290006474,1,-1.22251179581702,-1.16835657100279,0.5,0.465006605676052,1.02020202020202,0.886741188865472
-0.163294646332618,0,-1.28114343809004,0.900910110499681,0.5,0.527001010347732,1.02020202020202,1.13667789396447
-0.276642329101462,1,-0.188029764186191,-1.08641378635619,0.5,0.467453670477321,1.02020202020202,0.89550364453597
-1.62278219953263,0,-2.54978073682889,-0.876468630264491,0.5,0.473730153137758,1.02020202020202,0.91835103634251
0.468921498509166,1,-1.36097592147247,-0.142953863498065,0.5,0.495711489261556,1.02020202020202,1.00285025736843
1.74895627438294,1,0.225530273049911,0.403273944186368,0.5,0.512095857840317,1.02020202020202,1.07078662294855
1.09622374988466,1,-0.164549984466366,-0.0635977604489154,0.5,0.498092076446841,1.02020202020202,1.01244574710099
1.24812582285335,1,-0.619960885456546,0.256643299924098,0.5,0.507698690511004,1.02020202020202,1.0521102010695
1.99812186338049,0,-0.221512950204987,-0.322139458733676,0.5,0.490337019525423,1.02020202020202,0.981516878926283
3.25354534519137,1,0.7067307106089,2.44542047902829,0.5,0.572840651419316,1.02020202020202,1.36813859224584
2.50708825600805,1,0.824910506624548,0.0830720600253135,0.5,0.502492141162972,1.02020202020202,1.0304229138178
1.00668097416732,1,-0.413081228672832,-0.879196728119672,0.5,0.473648536825561,1.02020202020202,0.918050443368912
-0.393895532416175,0,0.651476529980899,-0.193021750193564,0.5,0.494209606373865,1.02020202020202,0.996843050361581
1.07702402253831,1,-0.365256407521155,-0.306656735644056,0.5,0.490801335939919,1.02020202020202,0.983342160506287
1.42958870874345,0,-1.09927330637863,0.0650193611234113,0.5,0.501950570938425,1.02020202020202,1.0281931001865
