"observed_strength","hidden_strength","n_total","n_control","ps_observed_min","ps_observed_max","ps_observed_iqr","weight_cv_control","var_observed_control","var_ideal_control","epsilon_added_to_denominator","original_variance_ratio","stabilized_variance_ratio","original_R2","stabilized_R2","tau_observed","tau_ideal","tau_gap_observed_minus_ideal","original_bound","stabilized_bound","flag_good_overlap_instability","diagnostic_status","replicate","epsilon_fraction","grid_type"
0,0.12,1800,918,0.5,0.5,0,0,0,0.0164182972858061,1.08329862557268e-06,Inf,15155.83690243,0.999999999999,0.999934018820179,-0.0388449899624873,-0.130026097127965,0.091181107165478,NA,0.160034976259695,TRUE,"degenerate_or_near_degenerate_observed_weight_variance",1,1e-06,"epsilon_fraction"
0,0.12,1800,920,0.5,0.5,0,0,0,0.0163411231731195,1.09297520661157e-06,Inf,14951.046532684,0.999999999999,0.999933115049986,0.123343363570823,0.0344356450674579,0.0889077185033649,NA,0.162661911230078,TRUE,"degenerate_or_near_degenerate_observed_weight_variance",2,1e-06,"epsilon_fraction"
0,0.12,1800,914,0.5,0.5,0,0,0,0.0148026461050387,1.06420414881095e-06,Inf,13909.5925547536,0.999999999999,0.999928107168052,0.108091464486916,0.0209479691944863,0.0871434952924302,NA,0.158338874006295,TRUE,"degenerate_or_near_degenerate_observed_weight_variance",3,1e-06,"epsilon_fraction"
0,0.12,1800,856,0.5,0.5,0,0,0,0.0125343050873826,8.22249353634013e-07,Inf,15243.9220924723,0.999999999999,0.999934400084576,0.081531996655273,-0.00739525569692012,0.0889272523521931,NA,0.143505337888393,TRUE,"degenerate_or_near_degenerate_observed_weight_variance",4,1e-06,"epsilon_fraction"
0,0.12,1800,907,0.5,0.5,0,0,0,0.0150224376302158,1.0316007669456e-06,Inf,14562.2590749858,0.999999999999,0.999931329336001,0.0212904788208562,-0.0673621912007333,0.0886526700215895,NA,0.16296913882851,TRUE,"degenerate_or_near_degenerate_observed_weight_variance",5,1e-06,"epsilon_fraction"
0,0.12,1800,881,0.5,0.5,0,0,0,0.0135504684820965,9.1901117858864e-07,Inf,14744.6176910563,0.999999999999,0.999932178641661,0.154192348797094,0.0677924584997811,0.0863998902973133,NA,0.150628736832813,TRUE,"degenerate_or_near_degenerate_observed_weight_variance",6,1e-06,"epsilon_fraction"
0,0.12,1800,919,0.5,0.5,0,0,0,0.017302845501177,1.08812604601365e-06,Inf,15901.5084369738,0.999999999999,0.999937112884355,0.162468911241052,0.0632452274400492,0.0992236838010028,NA,0.177101631353146,TRUE,"degenerate_or_near_degenerate_observed_weight_variance",7,1e-06,"epsilon_fraction"
0,0.12,1800,899,0.5,0.5,0,0,0,0.0137488368521785,9.95565415662213e-07,Inf,13810.0788113791,0.999999999999,0.999927589117075,0.0488409571496856,-0.0359114575688892,0.0847524147185749,NA,0.149560284808458,TRUE,"degenerate_or_near_degenerate_observed_weight_variance",8,1e-06,"epsilon_fraction"
0,0.12,1800,915,0.5,0.5,0,0,0,0.0149660511898304,1.06894570525711e-06,Inf,14000.7589873151,0.999999999999,0.999928575300746,0.1246811632679,0.040910181299439,0.0837709819684609,NA,0.159152090859166,TRUE,"degenerate_or_near_degenerate_observed_weight_variance",9,1e-06,"epsilon_fraction"
0,0.12,1800,917,0.5,0.5,0,0,0,0.0145548128797039,1.07849283496368e-06,Inf,13495.5118920137,0.999999999999,0.999925901291629,0.00777604246764751,-0.0685766341837895,0.076352676651437,NA,0.151300870223778,TRUE,"degenerate_or_near_degenerate_observed_weight_variance",10,1e-06,"epsilon_fraction"
0,0.12,1800,904,0.5,0.5,0,0,0,0.015302045396875,1.0179368622449e-06,Inf,15032.4111095935,0.999999999999,0.999933477072127,0.0245451341594973,-0.069779471844674,0.0943246060041714,NA,0.163441678530939,TRUE,"degenerate_or_near_degenerate_observed_weight_variance",11,1e-06,"epsilon_fraction"
0,0.12,1800,913,0.5,0.5,0,0,0,0.017177186513598,1.05948378749036e-06,Inf,16212.7884507665,0.999999999999,0.999938320295547,-0.00612512404842569,-0.104437298211437,0.0983121741630117,NA,0.170973009647792,TRUE,"degenerate_or_near_degenerate_observed_weight_variance",12,1e-06,"epsilon_fraction"
0,0.12,1800,882,0.5,0.5,0,0,0,0.0133120789062745,9.23106497500961e-07,Inf,14420.9567826822,0.999999999999,0.999930656473418,0.132515734194365,0.0346590230163777,0.0978567111779877,NA,0.152034131510187,TRUE,"degenerate_or_near_degenerate_observed_weight_variance",13,1e-06,"epsilon_fraction"
0,0.12,1800,881,0.5,0.5,0,0,0,0.0129675743501796,9.1901117858864e-07,Inf,14110.3554040489,0.999999999999,0.999929130062896,0.0227923039416655,-0.0609561907989959,0.0837484947406615,NA,0.146336901220184,TRUE,"degenerate_or_near_degenerate_observed_weight_variance",14,1e-06,"epsilon_fraction"
0,0.12,1800,891,0.5,0.5,0,0,0,0.014658999185391,9.60788158023723e-07,Inf,15257.264635259,0.999999999999,0.999934457451981,0.0750388782289712,-0.020037903146098,0.0950767813750691,NA,0.159058157723183,TRUE,"degenerate_or_near_degenerate_observed_weight_variance",15,1e-06,"epsilon_fraction"
0,0.12,1800,897,0.5,0.5,0,0,0,0.0150076405778972,9.86755113078222e-07,Inf,15209.0831645962,0.999999999999,0.999934249817088,0.0191512511680011,-0.0711639216361526,0.0903151728041537,NA,0.157193476688085,TRUE,"degenerate_or_near_degenerate_observed_weight_variance",16,1e-06,"epsilon_fraction"
0,0.12,1800,911,0.5,0.5,0,0,0,0.0151821529066761,1.05010622266143e-06,Inf,14457.7306362378,0.999999999999,0.999930832851631,0.196092472730802,0.104807642406381,0.0912848303244205,NA,0.16205870227944,TRUE,"degenerate_or_near_degenerate_observed_weight_variance",17,1e-06,"epsilon_fraction"
0,0.12,1800,879,0.5,0.5,0,0,0,0.0135879176864306,9.10874385935129e-07,Inf,14917.4440474367,0.999999999999,0.99993296438741,0.0858621388820405,-0.0101251642092333,0.0959873030912738,NA,0.153724894635084,TRUE,"degenerate_or_near_degenerate_observed_weight_variance",18,1e-06,"epsilon_fraction"
0,0.12,1800,933,0.5,0.5,0,0,0,0.0166005184847861,1.15804408472121e-06,Inf,14334.9624628346,0.999999999999,0.99993024048702,-0.00509841050180493,-0.101475084391217,0.0963766738894125,NA,0.168996722725416,TRUE,"degenerate_or_near_degenerate_observed_weight_variance",19,1e-06,"epsilon_fraction"
0,0.12,1800,920,0.5,0.5,0,0,0,0.014801913482667,1.09297520661157e-06,Inf,13542.7715039902,0.999999999999,0.999926159870621,0.0789359953239185,-0.00822262620022007,0.0871586215241386,NA,0.159750310519565,TRUE,"degenerate_or_near_degenerate_observed_weight_variance",20,1e-06,"epsilon_fraction"
0,0.12,1800,946,0.5,0.5,0,0,0,0.0175757718663905,1.22706206911682e-06,Inf,14323.4578826487,0.999999999999,0.999930184456282,0.0166321763211021,-0.0766069321008775,0.0932391084219797,NA,0.176497708882817,TRUE,"degenerate_or_near_degenerate_observed_weight_variance",21,1e-06,"epsilon_fraction"
0,0.12,1800,905,0.5,0.5,0,0,0,0.0151626078686138,1.02247120876377e-06,Inf,14829.37391161,0.999999999999,0.999932566269759,0.0665749034869729,-0.0306782147351095,0.0972531182220824,NA,0.16507482141406,TRUE,"degenerate_or_near_degenerate_observed_weight_variance",22,1e-06,"epsilon_fraction"
0,0.12,1800,908,0.5,0.5,0,0,0,0.0148128956385866,1.03619618331356e-06,Inf,14295.4547383274,0.999999999999,0.999930047695697,0.187849033643424,0.0907690222356776,0.0970800114077465,NA,0.160695465880816,TRUE,"degenerate_or_near_degenerate_observed_weight_variance",23,1e-06,"epsilon_fraction"
0,0.12,1800,918,0.5,0.5,0,0,0,0.0171647737707476,1.08329862557268e-06,Inf,15844.9141959112,0.999999999999,0.99993688826663,0.196383614810293,0.0925656189574244,0.103817995852868,NA,0.176166485745922,TRUE,"degenerate_or_near_degenerate_observed_weight_variance",24,1e-06,"epsilon_fraction"
0,0.12,1800,926,0.5,0.5,0,0,0,0.0167898124555025,1.1225329765564e-06,Inf,14957.0772584416,0.999999999999,0.999933142018142,-0.00858363405958129,-0.0993256233904817,0.0907419893309004,NA,0.165795213764733,TRUE,"degenerate_or_near_degenerate_observed_weight_variance",25,1e-06,"epsilon_fraction"
0,0.12,1800,936,0.5,0.5,0,0,0,0.0186725021381643,1.17361111111111e-06,Inf,15910.2976798559,0.999999999999,0.999937147624757,0.0764790835339548,-0.0122799320731202,0.088759015607075,NA,0.172472915063687,TRUE,"degenerate_or_near_degenerate_observed_weight_variance",26,1e-06,"epsilon_fraction"
0,0.12,1800,893,0.5,0.5,0,0,0,0.0141625609837044,9.69367251403697e-07,Inf,14610.1087727032,0.999999999999,0.999931554239906,0.0658216211037828,-0.0266059362791933,0.092427557382976,NA,0.157235562566322,TRUE,"degenerate_or_near_degenerate_observed_weight_variance",27,1e-06,"epsilon_fraction"
0,0.12,1800,913,0.5,0.5,0,0,0,0.0148874758053977,1.05948378749036e-06,Inf,14051.6315409245,0.999999999999,0.999928833886863,0.160642880765551,0.0785882400682751,0.0820546406972754,NA,0.154692261591119,TRUE,"degenerate_or_near_degenerate_observed_weight_variance",28,1e-06,"epsilon_fraction"
0,0.12,1800,877,0.5,0.5,0,0,0,0.0127892041899619,9.02808802141963e-07,Inf,14166.016281209,0.999999999999,0.999929408523882,0.0346638948431207,-0.0533308279646105,0.0879947228077312,NA,0.146262611761416,TRUE,"degenerate_or_near_degenerate_observed_weight_variance",29,1e-06,"epsilon_fraction"
0,0.12,1800,914,0.5,0.5,0,0,0,0.0157663609440322,1.06420414881095e-06,Inf,14815.1658322777,0.999999999999,0.999932501599285,0.0687671846706261,-0.0308979619682056,0.0996651466388317,NA,0.167807039947194,TRUE,"degenerate_or_near_degenerate_observed_weight_variance",30,1e-06,"epsilon_fraction"
0.001,0.12,1800,928,0.498964320858497,0.500745999548205,0.000345386075341181,0.00102775795176664,1.19623118851306e-06,0.0168772887804289,1.13248753378865e-06,14108.7182331433,7247.45698945871,0.999929121839172,0.999862020567841,0.182156672658151,0.0910085262478135,0.0911481464103376,0.162900100137251,0.162894634256287,TRUE,"unstable_good_overlap_warning",1,1e-06,"epsilon_fraction"
0.001,0.12,1800,900,0.499199655856507,0.50075636702466,0.000329210316391437,0.000979040890902027,9.58513226114082e-07,0.0139636235904159,9.99991820790976e-07,14568.003038441,7129.73582196379,0.999931356411901,0.999859742348809,-0.0593601073688609,-0.150348746660643,0.0909886392917818,0.146860122827345,0.146854863747174,TRUE,"unstable_good_overlap_warning",2,1e-06,"epsilon_fraction"
0.001,0.12,1800,886,0.499162425329675,0.500850571061837,0.000343239759646619,0.000977587734578327,8.97955731975415e-07,0.0138449666324423,9.39600932340217e-07,15418.3175622531,7534.44337325983,0.999935142080453,0.999867276194078,0.141130913565221,0.054148917425475,0.0869819961397462,0.144732186183148,0.14472727459216,TRUE,"unstable_good_overlap_warning",3,1e-06,"epsilon_fraction"
0.001,0.12,1800,916,0.49927075121596,0.500866399969074,0.000330560049373707,0.0010018523762488,1.07777991960473e-06,0.0149768978362118,1.07379807896881e-06,13896.0631607466,6960.89002868645,0.999928037172224,0.999856340209962,0.10827620106972,0.0238051413505336,0.0844710597191863,0.152256622074723,0.152251163415398,TRUE,"unstable_good_overlap_warning",4,1e-06,"epsilon_fraction"
0.001,0.12,1800,897,0.499129239203144,0.500774675732804,0.000329640510568441,0.000984955872702302,9.5730997562383e-07,0.0127132098101402,9.86777041404589e-07,13280.13927971,6539.42426382367,0.999924699584926,0.999847081339326,0.0528372926104598,-0.0261402974598182,0.0789775900702779,0.137946854646252,0.137941500542715,TRUE,"unstable_good_overlap_warning",5,1e-06,"epsilon_fraction"
0.001,0.12,1800,883,0.499101006395301,0.500941214548722,0.000331638440083104,0.000987020216659116,9.03232827012794e-07,0.0135563908238118,9.27144906506869e-07,15008.744609788,7406.33508349341,0.999933372175622,0.999864980454067,0.171647550180988,0.0827977014932044,0.0888498486877837,0.142645184478266,0.142640306194912,TRUE,"unstable_good_overlap_warning",6,1e-06,"epsilon_fraction"
0.001,0.12,1800,920,0.499260404668018,0.500798320285517,0.000326175483621904,0.000993978698261679,1.07975908171828e-06,0.0144657722360911,1.09288058569911e-06,13397.2221035371,6658.15526294175,0.999925357660545,0.999849808248605,0.223202999406197,0.141683540021636,0.0815194593845614,0.148792072534475,0.148786451431934,TRUE,"unstable_good_overlap_warning",7,1e-06,"epsilon_fraction"
0.001,0.12,1800,895,0.499014279679681,0.500813789774363,0.000356631586463096,0.0010441693438295,1.06636651582577e-06,0.0147446273746858,9.78058029390007e-07,13826.9789569189,7212.11619631069,0.999927677621907,0.999861344441384,0.239889813386519,0.147575586157855,0.0923142272286647,0.153165771390316,0.15316069095222,TRUE,"unstable_good_overlap_warning",8,1e-06,"epsilon_fraction"
0.001,0.12,1800,897,0.49917195502934,0.50082584236483,0.000359753684215758,0.000997011115314002,9.80829758865363e-07,0.0147000852291147,9.86719324633251e-07,14987.3972483461,7471.26735104146,0.999933277274004,0.999866153899598,0.130404886582627,0.0433117175421922,0.0870931690404351,0.145700462883964,0.145695572522256,TRUE,"unstable_good_overlap_warning",9,1e-06,"epsilon_fraction"
0.001,0.12,1800,881,0.499236783452355,0.500724499998471,0.000338705344788692,0.00101306241757099,9.4315726088394e-07,0.0137111603054478,9.18991943258373e-07,14537.5123259906,7363.08362130574,0.999931212440095,0.999864187336253,0.128175944397761,0.0366683060667437,0.0915076383310172,0.148407891825734,0.14840291787308,TRUE,"unstable_good_overlap_warning",10,1e-06,"epsilon_fraction"
0.001,0.12,1800,914,0.499212759514842,0.500981566269585,0.00033145401355994,0.00100152830328085,1.06750936910764e-06,0.0162025099392832,1.06425387793164e-06,15177.8620480187,7600.52034942726,0.99993411456786,0.999868430060835,0.0503698051292398,-0.0392566306997419,0.0896264358289818,0.15377193256341,0.153766881930992,TRUE,"unstable_good_overlap_warning",11,1e-06,"epsilon_fraction"
0.001,0.12,1800,902,0.499237570864214,0.500869292990225,0.00034233752768642,0.00102058528836761,1.051004268722e-06,0.0151623512480652,1.00903416772832e-06,14426.5363132181,7360.22735293796,0.999930683292352,0.999864134631711,0.113444287951605,0.0153604130926313,0.0980838748589741,0.157673592533084,0.157668345598827,TRUE,"unstable_good_overlap_warning",12,1e-06,"epsilon_fraction"
0.001,0.12,1800,896,0.499178907963556,0.500848134246467,0.000344153492613797,0.00103023688580232,1.04271877884676e-06,0.0144023022091105,9.82410521598076e-07,13812.2593562949,7111.79390172614,0.999927600548599,0.999859388501155,0.0980375629817394,0.0120162830334181,0.0860212799483213,0.148117673626486,0.148112621469637,TRUE,"unstable_good_overlap_warning",13,1e-06,"epsilon_fraction"
0.001,0.12,1800,888,0.499233211448226,0.500801114387266,0.000344883804282048,0.00100979731067987,9.66784021709379e-07,0.0128327254853431,9.4811505911913e-07,13273.6218195389,6701.51529854559,0.999924662611788,0.999850780016839,0.164635154765182,0.079189830677963,0.0854453240872186,0.139140676417178,0.139135535897884,TRUE,"unstable_good_overlap_warning",14,1e-06,"epsilon_fraction"
0.001,0.12,1800,921,0.499183555072701,0.501068349559893,0.000335399354700838,0.00101979907617335,1.14176334042787e-06,0.0161221794470381,1.09785975770999e-06,14120.421348435,7198.61277571344,0.999929180583545,0.999861084346227,0.0234257846987624,-0.0687304792720543,0.0921562639708168,0.160507895021855,0.160502429549894,TRUE,"unstable_good_overlap_warning",15,1e-06,"epsilon_fraction"
0.001,0.12,1800,907,0.499138103952432,0.500865454764615,0.000349638834601651,0.00099394303451561,1.01927566838654e-06,0.0140943760628279,1.0317361983398e-06,13827.8352951744,6871.91346451065,0.99992768210073,0.999854480123307,0.0655288957088102,-0.0225479686202077,0.0880768643290178,0.145271299553867,0.145265981998815,TRUE,"unstable_good_overlap_warning",16,1e-06,"epsilon_fraction"
0.001,0.12,1800,889,0.499179591247101,0.500912176577236,0.000344970656969201,0.00104529024649537,1.04046927392197e-06,0.0146296042671645,9.52259827786296e-07,14060.5826945945,7341.49175350694,0.999928879192156,0.999863787901209,0.0746617226418527,-0.0180404789572099,0.0927022015990626,0.14860501890502,0.148600182036016,TRUE,"unstable_good_overlap_warning",17,1e-06,"epsilon_fraction"
0.001,0.12,1800,885,0.499044784343993,0.50088467106325,0.000332669422105025,0.000955137547754595,8.53424894318323e-07,0.0122742045614594,9.35477768092641e-07,14382.2902790567,6861.30375865003,0.999930470044715,0.999854255104398,0.00788348404992079,-0.0725033206944977,0.0803868047444185,0.13396612541982,0.133961019857427,TRUE,"unstable_good_overlap_warning",18,1e-06,"epsilon_fraction"
0.001,0.12,1800,881,0.499073747018304,0.500761592207911,0.000341956746159666,0.00100503279156496,9.28211406350717e-07,0.0126817929941835,9.18938478915506e-07,13662.6127490097,6865.60040164568,0.999926807557356,0.999854346314743,0.188203947202213,0.105558136479727,0.0826458107224862,0.140867948018913,0.140862843819545,TRUE,"unstable_good_overlap_warning",19,1e-06,"epsilon_fraction"
0.001,0.12,1800,888,0.499119850111614,0.50084419972919,0.000329525312609324,0.000961562016746671,8.76625896985893e-07,0.01416493212309,9.48112117016047e-07,16158.4687057425,7762.72101222031,0.999938112947569,0.999871179191108,0.06822948472109,-0.0195928996572472,0.0878223843783372,0.142126923562136,0.142122166643687,TRUE,"unstable_good_overlap_warning",20,1e-06,"epsilon_fraction"
0.001,0.12,1800,924,0.499205208637766,0.500809478385333,0.00034852670811264,0.00100769715923471,1.12970375281312e-06,0.015858113243736,1.11251148457372e-06,14037.4086606751,7072.52050530959,0.999928761780456,0.999858607691664,0.11988773115657,0.0276412922064124,0.0922464389501573,0.159652990560131,0.159647389907868,TRUE,"unstable_good_overlap_warning",21,1e-06,"epsilon_fraction"
0.001,0.12,1800,895,0.499218238402346,0.500817290835502,0.000333469334322378,0.00100360669826553,9.85129814079972e-07,0.0146045983255206,9.78061942560201e-07,14825.0495688836,7439.21131296675,0.999932546599905,0.999865577148177,0.0960368326263922,0.00872385868596615,0.087312973940426,0.152591616820323,0.152586506901668,TRUE,"unstable_good_overlap_warning",22,1e-06,"epsilon_fraction"
0.001,0.12,1800,900,0.499202495748476,0.500841132743804,0.000360848686094373,0.000979148272746199,9.58720908225778e-07,0.0143001108187393,9.99989119166494e-07,14915.8224213586,7300.77991063219,0.999932957099397,0.999863028332282,0.203594805419714,0.115192533859338,0.0884022715603768,0.149017261066543,0.149012050329439,TRUE,"unstable_good_overlap_warning",23,1e-06,"epsilon_fraction"
0.001,0.12,1800,862,0.499145857615381,0.500975782667296,0.000329171437479348,0.000992531645980858,8.31987811425508e-07,0.0133345010670075,8.44555585431574e-07,16027.2793469901,7953.56749607851,0.999937606378578,0.99987427025665,0.124943661168469,0.0208094076828487,0.10413425348562,0.150683287113771,0.150678514892885,TRUE,"unstable_good_overlap_warning",24,1e-06,"epsilon_fraction"
0.001,0.12,1800,927,0.499187688682884,0.500821702605246,0.000326263935753079,0.000969676168958618,1.0603328959827e-06,0.0159256767392583,1.12768756232019e-06,15019.5064206686,7278.57761970419,0.999933419915942,0.999862610519218,0.19668434551212,0.11353172679135,0.0831526187207698,0.152694862042133,0.152689455470879,TRUE,"unstable_good_overlap_warning",25,1e-06,"epsilon_fraction"
0.001,0.12,1800,890,0.499075672208134,0.500704378706621,0.000338994037417106,0.00100076917354925,9.57965354821316e-07,0.0135240947134305,9.5649337013243e-07,14117.519642402,7064.18714446677,0.999929166027367,0.999858440896376,0.167345058939158,0.0809423457603647,0.0864027131787937,0.138688857839293,0.138683953011329,TRUE,"unstable_good_overlap_warning",26,1e-06,"epsilon_fraction"
0.001,0.12,1800,896,0.49913362873352,0.500876142285832,0.000339040614718622,0.000973638661098964,9.31334200699894e-07,0.0133785516604546,9.8244880921323e-07,14364.9311390054,6990.63143060398,0.99993038602202,0.999856951405617,0.0589297699325628,-0.0245385451954201,0.0834683151279829,0.140076749462899,0.140071605769163,TRUE,"unstable_good_overlap_warning",27,1e-06,"epsilon_fraction"
0.001,0.12,1800,940,0.499176598168348,0.500797582494851,0.000324377615678162,0.00100323005268795,1.20245162052145e-06,0.0182094250782257,1.19472113130565e-06,15143.5823009072,7596.20893585858,0.999933965426401,0.999868355385108,0.0635321582872536,-0.0335264012530907,0.0970585595403443,0.168526989015671,0.168521460028491,TRUE,"unstable_good_overlap_warning",28,1e-06,"epsilon_fraction"
0.001,0.12,1800,891,0.499092020853209,0.50068866728882,0.000352284252047808,0.00101195976579472,9.83910474607206e-07,0.0146167236766353,9.60791367392037e-07,14855.7455722489,7516.1772159421,0.999932685976942,0.99986695364262,-0.00891118987163619,-0.106899172705097,0.0979879828334611,0.151832688733139,0.151827698156625,TRUE,"unstable_good_overlap_warning",29,1e-06,"epsilon_fraction"
0.001,0.12,1800,905,0.499079641221239,0.500805542583655,0.000337732124345402,0.000985671775351367,9.93375554651396e-07,0.0150797645081501,1.02246588625548e-06,15180.3257464313,7480.63027286814,0.999934125260768,0.999866321424329,0.104426712540815,0.0137608099960005,0.0906659025448149,0.149789387253931,0.149784308685718,TRUE,"unstable_good_overlap_warning",30,1e-06,"epsilon_fraction"
0.005,0.12,1800,931,0.495124880299673,0.504330674269064,0.00159185470651346,0.00513501010747699,3.02492523681777e-05,0.0151995104486709,1.14718124888196e-06,502.475574062809,484.115827742041,0.998009853510063,0.997934378628635,0.198763946621223,0.121976155876397,0.0767877907448261,0.147028341193932,0.147022781551213,TRUE,"unstable_good_overlap_warning",1,1e-06,"epsilon_fraction"
0.005,0.12,1800,951,0.496310779098738,0.504456872195312,0.00165752312458722,0.00501069473823653,3.15130732834315e-05,0.0167477581243165,1.25514779805494e-06,531.454294339549,511.097568667797,0.998118370647014,0.99804342641933,0.0843344868867453,-0.00329704927777819,0.0876315361645235,0.164912085956139,0.164905894585811,TRUE,"unstable_good_overlap_warning",2,1e-06,"epsilon_fraction"
0.005,0.12,1800,884,0.493722569575005,0.504646859215084,0.00171588779599824,0.00508450350959257,2.4083710269999e-05,0.0137936522587607,9.31593159770035e-07,572.73784247203,551.408552668036,0.998254000476581,0.998186462659744,0.0696955590523634,-0.027294564969873,0.0969901240222364,0.150600864574874,0.150595769966866,TRUE,"unstable_good_overlap_warning",3,1e-06,"epsilon_fraction"
0.005,0.12,1800,905,0.495341725207029,0.504163237806413,0.00168146144851655,0.00507711265814218,2.63568056107734e-05,0.0139253578968747,1.02249024427937e-06,528.340122187749,508.609058852216,0.998107279841139,0.998033853344538,0.07689005647526,-0.00490982792968597,0.081799884404946,0.144551542435544,0.144546225317451,TRUE,"unstable_good_overlap_warning",4,1e-06,"epsilon_fraction"
0.005,0.12,1800,891,0.494885436321789,0.5040479674813,0.00174590014365616,0.00502161138844821,2.42283273030938e-05,0.0152334074927658,9.60809372373521e-07,628.743672734708,604.761000308606,0.998409526738217,0.998346454219948,0.0534002793556471,-0.0355639849765679,0.0889642643322149,0.152967404020934,0.152962572240231,TRUE,"unstable_good_overlap_warning",5,1e-06,"epsilon_fraction"
0.005,0.12,1800,932,0.495429584202813,0.504368594814475,0.00171630289834002,0.00510410055440074,3.00324808682843e-05,0.0157760067416655,1.15279680903647e-06,525.298153384514,505.879950946804,0.998096319216892,0.998023246428074,0.0513148940839449,-0.0346197304988911,0.085934624582836,0.156992331531191,0.156986584552044,TRUE,"unstable_good_overlap_warning",6,1e-06,"epsilon_fraction"
0.005,0.12,1800,912,0.495102444287441,0.50442824298453,0.00161423537878735,0.00475185802399116,2.38143967675068e-05,0.0155715630495627,1.05466047973629e-06,653.871823904816,626.142072646878,0.99847064827778,0.998402918373185,0.0453811391040718,-0.041900975807728,0.0872821149117998,0.150702976990244,0.150697865537354,TRUE,"unstable_good_overlap_warning",7,1e-06,"epsilon_fraction"
0.005,0.12,1800,886,0.494905250817501,0.503964592912508,0.00165474411327138,0.00492245835543118,2.27700562979174e-05,0.0145279991734027,9.39723317275916e-07,638.0308850941,612.742902261863,0.998432677753754,0.998367994151693,0.116624108090565,0.014489279565723,0.102134828524842,0.151930257061492,0.1519253355702,TRUE,"unstable_good_overlap_warning",8,1e-06,"epsilon_fraction"
0.005,0.12,1800,920,0.4954129403951,0.504185059353337,0.00173937202693086,0.00500342539739126,2.73638411473662e-05,0.015619522036962,1.09305547314019e-06,570.808825882451,548.8835358704,0.998248099968577,0.998178119884004,0.114779629317761,0.0288743675781735,0.0859052617395871,0.150941789661701,0.150936498840543,TRUE,"unstable_good_overlap_warning",9,1e-06,"epsilon_fraction"
0.005,0.12,1800,870,0.495753795965904,0.504016162924482,0.00162712729637027,0.00484757321513132,2.05694958912921e-05,0.0120362293987216,8.75336209461947e-07,585.149459293119,561.264799937435,0.998291034907205,0.998218309788693,0.0982632226703738,0.0152380112046451,0.0830252114657287,0.138582663916991,0.138577615978131,TRUE,"unstable_good_overlap_warning",10,1e-06,"epsilon_fraction"
0.005,0.12,1800,946,0.496084939221384,0.504677155693008,0.0016406853880126,0.00521850734074848,3.34169391743349e-05,0.0167163870853996,1.22708337096663e-06,500.236930683293,482.518652778867,0.998000947273857,0.997927541258269,0.0668322016345528,-0.0183608363340333,0.0851930379685861,0.160238259770651,0.160232366655758,TRUE,"unstable_good_overlap_warning",11,1e-06,"epsilon_fraction"
0.005,0.12,1800,900,0.49543646675266,0.505040287100344,0.00173630545519321,0.00503672109321209,2.53638955220725e-05,0.0127562457776653,9.99816156342701e-07,502.929282553005,483.856216198466,0.998011648884464,0.997933270325931,0.122935134856694,0.0400708176304396,0.0828643172262541,0.141711305458153,0.141705740720538,TRUE,"unstable_good_overlap_warning",12,1e-06,"epsilon_fraction"
0.005,0.12,1800,880,0.495683990699626,0.50411110678244,0.00171841747104284,0.00502837355157899,2.31435260875664e-05,0.0130180476488193,9.15323180171375e-07,562.491972898334,541.091866196448,0.998222196852255,0.998151884989458,0.0167962577588283,-0.0664186787707428,0.0832149365295711,0.139878457834945,0.139873531432708,TRUE,"unstable_good_overlap_warning",13,1e-06,"epsilon_fraction"
0.005,0.12,1800,853,0.495534143865982,0.50369810854743,0.00166700546277199,0.00496794973093974,2.00279593272101e-05,0.0107253773684163,8.11488398618103e-07,535.520229155086,514.667063615288,0.998132656909007,0.99805699631724,0.0676509905954198,-0.0181145139158034,0.0857655045112232,0.128387284935843,0.128382418828127,TRUE,"unstable_good_overlap_warning",14,1e-06,"epsilon_fraction"
0.005,0.12,1800,882,0.49536752453658,0.503943943189154,0.00168971645877791,0.00493039369173199,2.24431753981903e-05,0.0149833658408736,9.23253803473257e-07,667.613453757608,641.234726605418,0.998502127249876,0.998440508664754,0.0734795734723652,-0.0232354447430274,0.0967150182153926,0.154885407759525,0.154880628617515,TRUE,"unstable_good_overlap_warning",15,1e-06,"epsilon_fraction"
0.005,0.12,1800,903,0.495756204648545,0.505089897053459,0.00161523973070565,0.00483560271693592,2.36941445880147e-05,0.0153550868124067,1.01330412001866e-06,648.054069028255,621.476016963832,0.998456918877927,0.998390927449002,0.115869196906881,0.0209535622439587,0.0949156346629226,0.157434097890205,0.157428895125545,TRUE,"unstable_good_overlap_warning",16,1e-06,"epsilon_fraction"
0.005,0.12,1800,917,0.495674785773038,0.504576879455205,0.00165812883963201,0.0049623522020567,2.65618844307192e-05,0.0152193103211002,1.07865786078853e-06,572.975549261062,550.615474927789,0.998254724828503,0.998183850535383,0.249864626372966,0.16814913510535,0.0817154912676163,0.148413424005234,0.148408155368404,TRUE,"unstable_good_overlap_warning",17,1e-06,"epsilon_fraction"
0.005,0.12,1800,915,0.495349009705959,0.503728009044313,0.00161740913515807,0.0051062184997958,2.78858936373804e-05,0.0151511063447767,1.06951228404595e-06,543.32511418845,523.256568596926,0.998159481360449,0.998088891645104,0.0321177152811412,-0.0511863545753486,0.0833040698564897,0.152861813292319,0.152856408012465,TRUE,"unstable_good_overlap_warning",18,1e-06,"epsilon_fraction"
0.005,0.12,1800,890,0.496154380655755,0.503997742263503,0.00162728779946486,0.00478651307412034,2.19247341951766e-05,0.0147894808111156,9.56964523357628e-07,674.556903607489,646.345404379267,0.99851754537734,0.998452839622244,0.0634774012858638,-0.0388035760140439,0.102280977299908,0.155830766247327,0.155825717106829,TRUE,"unstable_good_overlap_warning",19,1e-06,"epsilon_fraction"
0.005,0.12,1800,897,0.495850264746988,0.504858784509926,0.00164221544984983,0.00509891587711939,2.56569937644917e-05,0.0149070763375252,9.86847567001296e-07,581.014146643947,559.494261809203,0.998278871511518,0.998212671570989,0.130008829408605,0.036115080395861,0.0938937490127443,0.157523163748403,0.157517940660319,TRUE,"unstable_good_overlap_warning",20,1e-06,"epsilon_fraction"
0.005,0.12,1800,881,0.495091792335908,0.503620642573462,0.00164709338817154,0.0050577996450353,2.35070067488538e-05,0.012255073778046,9.18912350818543e-07,521.337059583036,501.724161454805,0.998081855142238,0.998006872945683,0.0720073679342772,-0.0134790759393313,0.0854864438736085,0.136404034637027,0.136398910775598,TRUE,"unstable_good_overlap_warning",21,1e-06,"epsilon_fraction"
0.005,0.12,1800,878,0.495962031002038,0.504496745035766,0.00167639526374952,0.00501535606008585,2.2793772737504e-05,0.0136569765171782,9.06176243397985e-07,599.15384234342,576.244975387219,0.998330979575982,0.998264626950842,0.129770711166285,0.0302072016245951,0.0995635095416895,0.150188412213482,0.150183421102715,TRUE,"unstable_good_overlap_warning",22,1e-06,"epsilon_fraction"
0.005,0.12,1800,908,0.495672445553827,0.504354083234281,0.00166806385741025,0.00493934352520038,2.52943798219072e-05,0.0135623744895837,1.03677751987604e-06,536.181340877845,515.069440873472,0.998134959343489,0.99805851421062,0.084856957523694,0.00120692395938549,0.0836500335643086,0.143933651228534,0.14392813932973,TRUE,"unstable_good_overlap_warning",23,1e-06,"epsilon_fraction"
0.005,0.12,1800,896,0.495729653470055,0.503734283736889,0.00170384929939976,0.00480635360147072,2.26922435418615e-05,0.0153401364515308,9.8230419539519e-07,676.007924171626,647.959007360043,0.998520727399423,0.998456692493443,0.164271014634281,0.0687056833038946,0.0955653313303859,0.157448881087665,0.157443832426347,TRUE,"unstable_good_overlap_warning",24,1e-06,"epsilon_fraction"
0.005,0.12,1800,894,0.495441475839205,0.504215565767234,0.00167605628851825,0.0048151802433622,2.25771333362579e-05,0.0136215701537561,9.7374154792687e-07,603.33479679993,578.389135042428,0.998342545456844,0.998271060192155,0.229318184727576,0.139579274473544,0.0897389102540321,0.142549821570526,0.142544717914377,TRUE,"unstable_good_overlap_warning",25,1e-06,"epsilon_fraction"
0.005,0.12,1800,897,0.496035138738652,0.50433830491529,0.00172929891486723,0.00504783906777037,2.51563739664389e-05,0.0143854138631851,9.87272502258054e-07,571.83972071558,550.245119035305,0.998251258239374,0.998182628131708,0.0373119030539981,-0.0524706871239831,0.0897825901779812,0.148518516769894,0.148513411333306,TRUE,"unstable_good_overlap_warning",26,1e-06,"epsilon_fraction"
0.005,0.12,1800,878,0.496121630867313,0.504700307714455,0.00175491164955799,0.00521362124977165,2.46619074853071e-05,0.0121844323876337,9.07293308884684e-07,494.058798772675,476.527697744916,0.997975949416377,0.997901486094654,0.00895855824613223,-0.0745273962494479,0.0834859544955802,0.137754345599366,0.137749206278369,TRUE,"unstable_good_overlap_warning",27,1e-06,"epsilon_fraction"
0.005,0.12,1800,889,0.49568042230606,0.50394270431563,0.00170587906316078,0.00524981713415479,2.62488914305888e-05,0.0126458252446774,9.52407078724987e-07,481.766069173525,464.897851856133,0.997924303798075,0.997848989845818,0.0822716273945778,0.000948255067572124,0.0813233723270057,0.134642829054192,0.134637748170353,TRUE,"unstable_good_overlap_warning",28,1e-06,"epsilon_fraction"
0.005,0.12,1800,898,0.495193895046754,0.504929545325827,0.00167692743321912,0.00486435206244949,2.34428246718737e-05,0.0168818559733313,9.90740552480965e-07,720.128918320404,690.928884848288,0.998611359751623,0.998552673043595,0.0226618812102206,-0.0832120722857537,0.105873953495974,0.171550483761166,0.171545442820575,TRUE,"unstable_good_overlap_warning",29,1e-06,"epsilon_fraction"
0.005,0.12,1800,889,0.49569449308386,0.504683186628517,0.00176894900525426,0.00521918676577318,2.59221290898324e-05,0.013857933336997,9.51623137440854e-07,534.59857749233,515.667972964825,0.998129437596541,0.998060767679151,0.197914170244258,0.109796427809024,0.0881177424352344,0.145313777701694,0.145308778922797,TRUE,"unstable_good_overlap_warning",30,1e-06,"epsilon_fraction"
0.02,0.12,1800,872,0.482706114806292,0.515228572316611,0.00660289168826678,0.0195914982507414,0.00033929037003893,0.0126497030485129,8.83967369554369e-07,37.282823697771,37.1859416112363,0.973177997243278,0.973108116759431,0.0520115777496328,-0.034677522022722,0.0866890997723548,0.137354099924711,0.137349168379146,TRUE,"unstable_good_overlap_warning",1,1e-06,"epsilon_fraction"
0.02,0.12,1800,870,0.484503794277619,0.518222165966514,0.00704043310264485,0.0201610874855797,0.000356226086969274,0.0124523610805749,8.76390804266281e-07,34.9563424355527,34.8705535683,0.971392888090519,0.971322508601955,0.150683219865394,0.0638346247994811,0.0868485950659125,0.138759600684878,0.138754573879172,FALSE,"stable",2,1e-06,"epsilon_fraction"
0.02,0.12,1800,890,0.481805598512852,0.51471249338166,0.00703637166981436,0.0205313448327601,0.000404263283882882,0.0138274507694416,9.5902406481198e-07,34.2040727434636,34.1231232788557,0.970763715552234,0.970694359017844,0.0451941928304505,-0.033440414889391,0.0786346077198414,0.137591541671632,0.137586626447261,FALSE,"stable",3,1e-06,"epsilon_fraction"
0.02,0.12,1800,912,0.483055791645381,0.516391446345866,0.0069388300764569,0.0191047936722996,0.000384209603349203,0.0175736433371518,1.05264883066478e-06,45.739729522532,45.6147552419624,0.978137168487029,0.978077269192928,0.087056410696672,-0.0147606286779276,0.1018170393746,0.160825313550391,0.160820389154022,TRUE,"unstable_good_overlap_warning",4,1e-06,"epsilon_fraction"
0.02,0.12,1800,880,0.483157283414811,0.516636235948812,0.00674257351555058,0.0202046362016765,0.000373977817275433,0.0135313651023597,9.16101875720768e-07,36.1822666406814,36.0938505831139,0.972362151605072,0.972294449501937,0.0640181047567626,-0.0233374565257428,0.0873555612825054,0.143524472219816,0.14351947558469,FALSE,"stable",5,1e-06,"epsilon_fraction"
0.02,0.12,1800,917,0.480496022798425,0.519339894933543,0.00686947540075944,0.0205582400480581,0.000456779958923686,0.0158656232924836,1.08077471461367e-06,34.7336238872387,34.6516355888626,0.971209453892676,0.971141333359704,0.0333171280923323,-0.0548607011364037,0.0881778292287361,0.155759407037928,0.155753944467604,FALSE,"stable",6,1e-06,"epsilon_fraction"
0.02,0.12,1800,919,0.482597694862753,0.516362426339414,0.0066996045513128,0.0204592344521319,0.000455712420485243,0.0166705334527652,1.08870973715631e-06,36.581257616403,36.4940722555765,0.972663597012269,0.972598289579832,-0.0108295006952345,-0.0958286885166909,0.0849991878214564,0.160381300506932,0.160375916185569,FALSE,"stable",7,1e-06,"epsilon_fraction"
0.02,0.12,1800,908,0.482599417656383,0.515410399163107,0.00666449486640686,0.020221598107943,0.000423122560267119,0.0161817103491199,1.03474951685103e-06,38.2435536854955,38.1502569350072,0.973851802365865,0.973787856744881,0.0937534650493639,-0.000849042995363813,0.0946025080447277,0.159298321123919,0.159293091068759,FALSE,"stable",8,1e-06,"epsilon_fraction"
0.02,0.12,1800,934,0.480741137314836,0.516144055086076,0.00674491616765732,0.0198437477289104,0.000457754618807638,0.0174986869275894,1.16247960060138e-06,38.2272208922111,38.1303877939695,0.973840630402621,0.97377419801227,0.143653345104135,0.0485318124469554,0.09512153265718,0.170995200266865,0.170989367786029,TRUE,"unstable_good_overlap_warning",9,1e-06,"epsilon_fraction"
0.02,0.12,1800,883,0.481502302144878,0.520780711671687,0.0065664526151501,0.0197408987199019,0.000360844012245458,0.0147461380482645,9.25946005210157e-07,40.8656858582808,40.7610906100915,0.975529592150541,0.975466799709416,0.0456766565044328,-0.0525195750853475,0.0981962315897803,0.15021609539537,0.150211260797223,TRUE,"unstable_good_overlap_warning",10,1e-06,"epsilon_fraction"
0.02,0.12,1800,922,0.482412043232101,0.514864621031303,0.00672710346842098,0.0204998035582109,0.000463350161060239,0.0166636074473217,1.10257951533156e-06,35.9633142442251,35.8779397591053,0.972193886436354,0.972127719520288,0.0954074536758595,0.00379220996488328,0.0916152437109762,0.156571910455111,0.156566582270641,FALSE,"stable",11,1e-06,"epsilon_fraction"
0.02,0.12,1800,928,0.482731049516568,0.515695696129559,0.00672966844722322,0.0201609879934113,0.000459742557724933,0.0163580870699654,1.13107417266437e-06,35.5809719920524,35.4936493168696,0.971895090437008,0.971825945788992,0.0414629233195866,-0.0502278060514711,0.0916907293710577,0.159854116034879,0.159848429591304,FALSE,"stable",12,1e-06,"epsilon_fraction"
0.02,0.12,1800,884,0.484889584310486,0.519205229054614,0.00710449431481691,0.0203981232888778,0.000388552784572231,0.0139891523619974,9.3383382536847e-07,36.0032225155676,35.9169011237169,0.97222470850859,0.972157954369296,0.049374766107447,-0.0388082479251679,0.0881830140326149,0.148400021833741,0.148394927082655,FALSE,"stable",13,1e-06,"epsilon_fraction"
0.02,0.12,1800,876,0.481397256073556,0.516832765893151,0.00678917146830277,0.0190912033805959,0.000327400293072256,0.0136296311714997,8.98281499599012e-07,41.6298685734277,41.5159620759078,0.975978785562674,0.975912879047061,0.1430324488153,0.0478995455733113,0.0951329032419884,0.142651403666414,0.142646587057781,TRUE,"unstable_good_overlap_warning",14,1e-06,"epsilon_fraction"
0.02,0.12,1800,886,0.483007529174217,0.516889726543712,0.00655513799557916,0.0200243830452823,0.000376705654429495,0.0141024316265854,9.39472020823661e-07,37.4362090421577,37.343078564634,0.973287893577208,0.973221275844487,0.08468862964815,-0.000648455451264685,0.0853370850994147,0.143907486515887,0.143902561480557,FALSE,"stable",15,1e-06,"epsilon_fraction"
0.02,0.12,1800,883,0.482230132453072,0.516883638900086,0.00644721710408586,0.0197591287100313,0.000362737454310663,0.0144817154875708,9.29087934881682e-07,39.9234082818701,39.8214127649743,0.974952038339519,0.974887882408844,0.0203200739160987,-0.0706916080891749,0.0910116820052735,0.148295874047895,0.148290994722573,TRUE,"unstable_good_overlap_warning",16,1e-06,"epsilon_fraction"
0.02,0.12,1800,886,0.484887702631741,0.515849745301938,0.00707183275730616,0.0209475604444493,0.000412645101918764,0.0144587728909053,9.40393870888053e-07,35.0392451616977,34.9595743518505,0.971460572412869,0.971395532739172,-0.0546693799822583,-0.141259302791992,0.0865899228097335,0.143327436004743,0.143322638009865,FALSE,"stable",17,1e-06,"epsilon_fraction"
0.02,0.12,1800,929,0.482184883979337,0.517809858802855,0.00665197556531,0.0197239299565084,0.000442330005063526,0.0176635940145325,1.13699746696043e-06,39.9330676470743,39.8306839375681,0.974958097163035,0.974893727620459,0.215438691513035,0.121772254395371,0.0936664371176638,0.167531489522414,0.167525958975316,TRUE,"unstable_good_overlap_warning",18,1e-06,"epsilon_fraction"
0.02,0.12,1800,938,0.478823694851668,0.515859024600701,0.0064131988761289,0.0192413236589743,0.000437783751287331,0.0154073873913408,1.1824689577971e-06,35.1940595009167,35.0992552063278,0.971586113844754,0.971509366961732,0.0848510680035796,0.00772135615206848,0.0771297118515111,0.150905992492477,0.150900032241961,TRUE,"unstable_good_overlap_warning",19,1e-06,"epsilon_fraction"
0.02,0.12,1800,931,0.483778096796899,0.517668932142528,0.0070140325600343,0.0203608788120401,0.000476463455409598,0.0165588557051662,1.1493083395323e-06,34.7536742160658,34.6700443580771,0.971226063932609,0.97115665645905,0.0826090021587959,-0.00638113657434269,0.0889901387331385,0.161733545651841,0.161727766504342,FALSE,"stable",20,1e-06,"epsilon_fraction"
0.02,0.12,1800,865,0.485264772769637,0.518482353550631,0.00654890996245938,0.020305128604549,0.000352856842713496,0.0132341693937641,8.55829110909461e-07,37.5057751239635,37.4150276423628,0.973337439455795,0.973272771316417,0.0271771137845606,-0.0609167303139786,0.0880938440985392,0.141513267401771,0.141508566282026,FALSE,"stable",21,1e-06,"epsilon_fraction"
0.02,0.12,1800,879,0.480299219720857,0.516464197356869,0.00654435272865911,0.0205601218687905,0.000384336236361558,0.0139469824560333,9.0920112368936e-07,36.2884920455768,36.2028491422885,0.972443054433234,0.972377864624144,-0.016258427763544,-0.109631140134927,0.0933727123713833,0.148209412316352,0.148204444464929,FALSE,"stable",22,1e-06,"epsilon_fraction"
0.02,0.12,1800,908,0.484435163401469,0.515987767657506,0.00667802286921526,0.0196132182436093,0.000398510585507971,0.015465145147222,1.03595797985591e-06,38.807363492011,38.7067424291036,0.974231694451341,0.974164707819791,0.00864675476635168,-0.0827945437095168,0.0914412984758685,0.151347621006858,0.151342417705804,TRUE,"unstable_good_overlap_warning",23,1e-06,"epsilon_fraction"
0.02,0.12,1800,910,0.483934065817288,0.515857248245036,0.00667138532069461,0.0200209149260422,0.000418414070746031,0.0153063329791019,1.04385082903629e-06,36.5817835710227,36.4907472044549,0.972663990041423,0.972595792725288,0.140849822576762,0.0526763876833207,0.0881734348934415,0.148017681751864,0.148012492608601,FALSE,"stable",24,1e-06,"epsilon_fraction"
0.02,0.12,1800,880,0.481984322075129,0.51505609680322,0.00678118407513056,0.0200292819972816,0.000366460719982568,0.0119715303500339,9.13475004581889e-07,32.6679769406211,32.586748098768,0.969388982923012,0.969312678977078,0.23818848104319,0.162656765140115,0.0755317159030749,0.128014372144471,0.128009333819233,FALSE,"stable",25,1e-06,"epsilon_fraction"
0.02,0.12,1800,924,0.478133171747608,0.522147291872857,0.00710888936500803,0.0202143234635058,0.000454617258365039,0.0178325818219349,1.11257038846558e-06,39.2254836212488,39.1297226927408,0.974506369133502,0.974443979379759,0.100380166691254,0.00538526656598881,0.0949949001252652,0.165001682367609,0.164996400422088,FALSE,"stable",26,1e-06,"epsilon_fraction"
0.02,0.12,1800,882,0.482241754784265,0.5159861146128,0.00687575266183349,0.0206108575028409,0.000392328639557584,0.0135283869870956,9.2354463728447e-07,34.4822825128217,34.4013015841048,0.970999599587755,0.970931332421967,0.156801829410881,0.0707526196600501,0.0860492097508307,0.140071432159689,0.140066508137185,FALSE,"stable",27,1e-06,"epsilon_fraction"
0.02,0.12,1800,913,0.481862284075431,0.517937434388974,0.00688393438592316,0.0202300766564861,0.000433199560345101,0.0166883728944978,1.05850508906025e-06,38.5235222335019,38.4296210545062,0.974041833611716,0.973978405912937,0.113994958818345,0.0202579181917046,0.0937370406266403,0.160805712483965,0.160800476722015,FALSE,"stable",28,1e-06,"epsilon_fraction"
0.02,0.12,1800,898,0.480979324317069,0.515299497371936,0.00715590403672028,0.0209615655606299,0.000435872517389813,0.0153471227928512,9.92000875044204e-07,35.2101180518472,35.1301654201788,0.971599072785627,0.971534435205773,0.0430826960953637,-0.0509655389289643,0.094048235024328,0.158963993740104,0.158958705952669,FALSE,"stable",29,1e-06,"epsilon_fraction"
0.02,0.12,1800,901,0.48207236783745,0.515866132480855,0.00698032292057088,0.0199256006654521,0.000398512220305743,0.0143391538082717,1.00373437791297e-06,35.9817166893164,35.8913170805049,0.972208107561002,0.972138108006541,0.0901181009405811,-0.00295184737456733,0.0930699483151485,0.152130666213395,0.152125189366173,TRUE,"unstable_good_overlap_warning",30,1e-06,"epsilon_fraction"
0.1,0.12,1800,905,0.400339931894191,0.576379302927327,0.0323545627540898,0.0970259410325954,0.0096013608960767,0.0243063538686443,1.01989876795359e-06,2.53155298834526,2.53128410421861,0.604985554478302,0.604943594307169,0.112435980206032,0.0212544299826825,0.0911815502233499,0.151742886205247,0.15173762387474,FALSE,"stable",1,1e-06,"epsilon_fraction"
0.1,0.12,1800,902,0.40537846539305,0.587853805538165,0.0341112013649066,0.0997205251482583,0.00997929146575756,0.024270967081095,1.00353053935487e-06,2.43213329968136,2.43188874578361,0.588838325542842,0.58879697858967,0.0282157862269981,-0.0549648188260294,0.0831806050530275,0.146539658219085,0.146534513279898,FALSE,"stable",2,1e-06,"epsilon_fraction"
0.1,0.12,1800,905,0.417675963861179,0.586009945652849,0.0340468789887304,0.098612762283083,0.00985755004032096,0.0252350443818972,1.01368435102407e-06,2.55997121786617,2.55970799465891,0.609370608145534,0.609330438438055,0.140912678062215,0.0530535199262872,0.0878591581359274,0.153067195172345,0.153062149994824,FALSE,"stable",3,1e-06,"epsilon_fraction"
0.1,0.12,1800,910,0.414154049020277,0.586116515924858,0.0342133061202468,0.103042325016577,0.011137706127279,0.0264847344210342,1.0489733526577e-06,2.37793438957476,2.37771045164036,0.579466950650885,0.579427343934957,0.144902804373298,0.0594340047903072,0.0854687995829903,0.152754559264645,0.152749338768623,FALSE,"stable",4,1e-06,"epsilon_fraction"
0.1,0.12,1800,862,0.406407162273604,0.591600769611485,0.0341059406055066,0.101307702488665,0.00872765317296259,0.0205318440571278,8.50379039460136e-07,2.35250457943648,2.35227538544319,0.574921125025168,0.574879707457555,0.106710838258183,0.02113099098826,0.0855798472699233,0.134740845703595,0.134735992221651,FALSE,"stable",5,1e-06,"epsilon_fraction"
0.1,0.12,1800,924,0.425448773064261,0.596886213267264,0.0342769114892549,0.0987371662329843,0.0107148621485322,0.0278799210002146,1.09906978964839e-06,2.60198597179655,2.60171910220674,0.615678173964348,0.615638752411122,0.0716236091535549,-0.0276560785440172,0.0992796876975721,0.16504880387906,0.165043519799944,FALSE,"stable",6,1e-06,"epsilon_fraction"
0.1,0.12,1800,919,0.422214860432756,0.589700614338653,0.0337094974021486,0.103454520542431,0.0116096895583931,0.0275259733261987,1.08473002701936e-06,2.3709482659077,2.3707267614057,0.578227827920506,0.578188420412035,0.102175106573519,0.0178189574345644,0.0843561491389544,0.150366290517131,0.150361166531787,FALSE,"stable",7,1e-06,"epsilon_fraction"
0.1,0.12,1800,886,0.421735643041858,0.581426822105807,0.0317233402355097,0.10231162378666,0.00991060399182177,0.0232034540629627,9.46782382591452e-07,2.34127547444234,2.34105182847387,0.572882383591283,0.572841580080736,0.0527489828497326,-0.0329641310237829,0.0857131138735155,0.143285457453967,0.143280354614405,FALSE,"stable",8,1e-06,"epsilon_fraction"
0.1,0.12,1800,887,0.408390389346385,0.598886443152462,0.0338362593130847,0.102932084724339,0.0100440364633231,0.0246058855670482,9.47996519970722e-07,2.44980050171056,2.44956930151712,0.591803496120703,0.591764968894467,0.0897515308478933,-0.000911296276872031,0.0906628271247654,0.15298722916559,0.152982249244416,FALSE,"stable",9,1e-06,"epsilon_fraction"
0.1,0.12,1800,892,0.406829025869933,0.592013776084697,0.0323179219459042,0.101318118750744,0.00984833101877737,0.024261130598271,9.59375012646128e-07,2.46347635472582,2.46323639859046,0.594069576482176,0.594030032776298,0.0212296452117173,-0.0741044307715213,0.0953340759832386,0.159011433257913,0.159006140943479,FALSE,"stable",10,1e-06,"epsilon_fraction"
0.1,0.12,1800,866,0.426979040079718,0.592078447386661,0.0330263169951882,0.0991570081111101,0.00844459731819048,0.0200333279631626,8.58879261850244e-07,2.3723248378,2.37208357900262,0.578472566629046,0.578429694108642,0.0939152272239325,0.00228763483506511,0.0916275923888674,0.131693595461883,0.1316887152469,FALSE,"stable",11,1e-06,"epsilon_fraction"
0.1,0.12,1800,896,0.424837189783065,0.589739433799468,0.0340790426994949,0.0994473495160652,0.0096425601081938,0.0233798047563847,9.7500294906271e-07,2.42464703295109,2.42440189068943,0.587568835211913,0.587527132427855,0.111945559462605,0.030888539464764,0.0810570199978407,0.143987711485006,0.14398260161989,FALSE,"stable",12,1e-06,"epsilon_fraction"
0.1,0.12,1800,879,0.41599623447456,0.58428280848514,0.0340799432661066,0.102805559790684,0.00960241293338996,0.0215740552402125,9.08546529107188e-07,2.24673271081628,2.24652015298298,0.554909226546722,0.55486711362363,0.118217353848612,0.0347159394107788,0.0835014144378335,0.135215992041672,0.135210861068494,FALSE,"stable",13,1e-06,"epsilon_fraction"
0.1,0.12,1800,913,0.40652834269559,0.586754969663855,0.0327676151858506,0.099706572087653,0.010602626077267,0.0274508772688919,1.066512314702e-06,2.58906397988977,2.58880357356482,0.613760027651933,0.613721175985946,0.0697814672027309,-0.0277213373933047,0.0975028045960357,0.166521429645056,0.166516159069375,FALSE,"stable",14,1e-06,"epsilon_fraction"
0.1,0.12,1800,892,0.420733191957456,0.581317994961333,0.0347125756006939,0.0979853624369783,0.00914604643181256,0.0215357624300853,9.52600916688531e-07,2.35465264588836,2.35440742401167,0.575308909470713,0.575264676027863,0.0793833339045552,-0.0146259378713103,0.0940092717758655,0.144062814646444,0.144057276302899,FALSE,"stable",15,1e-06,"epsilon_fraction"
0.1,0.12,1800,890,0.416922182225558,0.588542454919301,0.0346124948434865,0.102597587921336,0.0100158683253634,0.0247527473749989,9.51512077681825e-07,2.47135311396987,2.47111835659434,0.5953633682102,0.595324927544876,0.124885283362264,0.0334283205602557,0.0914569628020083,0.14796008167088,0.147955304944518,FALSE,"stable",16,1e-06,"epsilon_fraction"
0.1,0.12,1800,922,0.414199173174865,0.576249348705408,0.032819224197961,0.0963462380492017,0.0102433141575606,0.0249974214525939,1.10349652264922e-06,2.44036461911531,2.44010175069642,0.590225168744447,0.590181024330402,0.125120598539639,0.0376256958885202,0.087494902651119,0.152351693340004,0.152345995851701,FALSE,"stable",17,1e-06,"epsilon_fraction"
0.1,0.12,1800,869,0.413891274318884,0.590892948554972,0.0357594311116116,0.0992846034394938,0.00859642038832282,0.02092627800766,8.72074995760243e-07,2.43430137922125,2.43405445341595,0.589204521454979,0.589162847775816,0.0803095330940106,-0.00742808749229584,0.0877376205863064,0.137285799951485,0.137280944841468,FALSE,"stable",18,1e-06,"epsilon_fraction"
0.1,0.12,1800,914,0.403886323595484,0.582552009921747,0.0344946041019571,0.101713600147564,0.0111133256949,0.0269397131290151,1.07420208115959e-06,2.42409102986858,2.42385674248884,0.587474237692215,0.587434363396746,0.160034864695371,0.0703181311938068,0.0897167335015642,0.159943748156984,0.159938320044493,FALSE,"stable",19,1e-06,"epsilon_fraction"
0.1,0.12,1800,927,0.418453422722087,0.588398622645497,0.0324405760105022,0.101279019326049,0.0116656498227738,0.0295424274938221,1.13728670123093e-06,2.53242879244917,2.53218192949021,0.605122164547468,0.605083667822665,0.0743844877850317,-0.0182285408783687,0.0926130286634004,0.166931676552603,0.166926366529768,FALSE,"stable",20,1e-06,"epsilon_fraction"
0.1,0.12,1800,865,0.419389944225894,0.584790433313625,0.0334967559699708,0.102261255154587,0.00892324182680081,0.0203254516159808,8.53297405146231e-07,2.27781024099713,2.27759244305336,0.560981866706227,0.56093988498689,0.21982577839565,0.138449060911553,0.0813767174840968,0.131023908258106,0.131019005504394,FALSE,"stable",21,1e-06,"epsilon_fraction"
0.1,0.12,1800,920,0.387683734972803,0.589083173826799,0.0336627093866959,0.0991124955171703,0.0108194255951946,0.0275418424647745,1.10140585845818e-06,2.54559192837437,2.54533281623843,0.607164059229789,0.607124068954633,0.092137449288529,0.00116236401420644,0.0909750852743225,0.160640114656662,0.160634824366443,FALSE,"stable",22,1e-06,"epsilon_fraction"
0.1,0.12,1800,875,0.412703669777922,0.592192282444229,0.0335627071991524,0.102364643977545,0.00936494169307287,0.0220493985967528,8.93727491306023e-07,2.35446191972156,2.35423724704151,0.575274506831582,0.575233973867048,0.0353605759125055,-0.0615965307615627,0.0969571066740682,0.144604273591787,0.144599179203742,FALSE,"stable",23,1e-06,"epsilon_fraction"
0.1,0.12,1800,953,0.424698108964735,0.578941878286877,0.0339700775659179,0.101952151319377,0.013243143661554,0.0314939859311399,1.27408470319493e-06,2.37813518723427,2.37790641570786,0.579502458326188,0.579462003468997,0.124729109897401,0.0325978777955882,0.0921312321018124,0.171801860499281,0.171795863681723,FALSE,"stable",24,1e-06,"epsilon_fraction"
0.1,0.12,1800,900,0.408929687917827,0.575327604915877,0.0333987382135864,0.0982610982785803,0.00961029391567684,0.0238410379247138,9.9534454832351e-07,2.48078135111175,2.48052444154149,0.596901194233883,0.596859445021811,0.0357203304855696,-0.0605609518011987,0.0962812822867682,0.151480155368599,0.151474857768444,FALSE,"stable",25,1e-06,"epsilon_fraction"
0.1,0.12,1800,881,0.421065498893019,0.58152202705581,0.0334815496619347,0.100793947675184,0.00928026792749178,0.0214902359480607,9.13464354249318e-07,2.31569132658317,2.31546341362759,0.568163516216339,0.568121010198422,0.0882464952316099,0.0033516915093752,0.0848948037222347,0.137341812453989,0.137336674881296,FALSE,"stable",26,1e-06,"epsilon_fraction"
0.1,0.12,1800,906,0.407766073811516,0.580606221169427,0.0358556060082936,0.104410614990318,0.0112193214364538,0.0263950558912751,1.02914669388754e-06,2.35264280828182,2.3524270204996,0.574946100411087,0.574907110279824,0.0738922689833494,-0.00627109780658408,0.0801633667899335,0.15260951182552,0.152604337109336,FALSE,"stable",27,1e-06,"epsilon_fraction"
0.1,0.12,1800,928,0.424612549236702,0.585619764674531,0.0328158603397573,0.0998434067533654,0.0113241041797965,0.0287653355546175,1.13596532238648e-06,2.54018641103092,2.53993162052419,0.606328104245642,0.606288613473138,0.0870937858343944,-0.00967107138416634,0.0967648572185608,0.166056116374662,0.166050708583856,FALSE,"stable",28,1e-06,"epsilon_fraction"
0.1,0.12,1800,955,0.425090422584016,0.583735878764081,0.0335728887300194,0.0984316661208691,0.0123790404970693,0.0308841923772104,1.27766592090493e-06,2.4948777237236,2.49462024889925,0.599178753134442,0.599137383559181,0.0735051861878677,-0.0175494258257627,0.0910546120136304,0.169257419888705,0.169251576700507,FALSE,"stable",29,1e-06,"epsilon_fraction"
0.1,0.12,1800,932,0.427291072413348,0.580806987489077,0.0327382799660927,0.101552756280609,0.0118947199071041,0.0273842156930783,1.15337567923228e-06,2.30221610150931,2.30199288796318,0.565635910831999,0.565593792566054,0.207461422343831,0.113698754337473,0.0937626680063589,0.159862617351944,0.159856665412323,FALSE,"stable",30,1e-06,"epsilon_fraction"
0,0.12,1800,882,0.5,0.5,0,0,0,0.0132146767764686,9.23106497500961e-06,Inf,1431.54411893356,0.999999999999,0.999301453593519,0.144901317242546,0.0523023248080827,0.092598992434463,NA,0.154376274507511,TRUE,"degenerate_or_near_degenerate_observed_weight_variance",1,1e-05,"epsilon_fraction"
0,0.12,1800,855,0.5,0.5,0,0,0,0.0117216405175922,8.1859410430839e-06,Inf,1431.92339840946,0.999999999999,0.999301638620396,0.123778624131904,0.0340107780928893,0.0897678460390144,NA,0.14022639212947,TRUE,"degenerate_or_near_degenerate_observed_weight_variance",2,1e-05,"epsilon_fraction"
0,0.12,1800,901,0.5,0.5,0,0,0,0.013876924501826,1.00445433747298e-05,Inf,1381.53861097736,0.999999999999,0.999276169343329,0.0596639338780417,-0.0200960498493878,0.0797599837274295,NA,0.150577045323226,TRUE,"degenerate_or_near_degenerate_observed_weight_variance",3,1e-05,"epsilon_fraction"
0,0.12,1800,856,0.5,0.5,0,0,0,0.0115419155458137,8.22249353634013e-06,Inf,1403.70016647663,0.999999999999,0.99928759714939,0.139754603933767,0.052713489369999,0.0870411145637682,NA,0.137902282536898,TRUE,"degenerate_or_near_degenerate_observed_weight_variance",4,1e-05,"epsilon_fraction"
0,0.12,1800,841,0.5,0.5,0,0,0,0.0107785261260024,7.69050355503702e-06,Inf,1401.53710987401,0.999999999999,0.999286497665345,0.085565539276546,-0.000753027347534463,0.0863185666240804,NA,0.131992283076651,TRUE,"degenerate_or_near_degenerate_observed_weight_variance",5,1e-05,"epsilon_fraction"
0,0.12,1800,918,0.5,0.5,0,0,0,0.0152669968945802,1.08329862557268e-05,Inf,1409.3064030714,0.999999999999,0.999290431095878,0.163893277529233,0.0732202550687484,0.0906730224604844,NA,0.160088556351223,TRUE,"degenerate_or_near_degenerate_observed_weight_variance",6,1e-05,"epsilon_fraction"
0,0.12,1800,910,0.5,0.5,0,0,0,0.0159464956096578,1.04544880696882e-05,Inf,1525.32534384857,0.999999999999,0.999344402160475,0.166907075982902,0.0786070916289694,0.0882999843539322,NA,0.15712399238513,TRUE,"degenerate_or_near_degenerate_observed_weight_variance",7,1e-05,"epsilon_fraction"
0,0.12,1800,925,0.5,0.5,0,0,0,0.0158882451422948,1.11755102040816e-05,Inf,1421.701994106,0.999999999999,0.999296617713033,0.19670746475258,0.105396150551571,0.0913113142010097,NA,0.164975555811856,TRUE,"degenerate_or_near_degenerate_observed_weight_variance",8,1e-05,"epsilon_fraction"
0,0.12,1800,917,0.5,0.5,0,0,0,0.0148323720927222,1.07849283496368e-05,Inf,1375.28703129693,0.999999999999,0.999272879059248,0.0960222182772672,0.00815405684989701,0.0878681614273702,NA,0.158116090301693,TRUE,"degenerate_or_near_degenerate_observed_weight_variance",9,1e-05,"epsilon_fraction"
0,0.12,1800,899,0.5,0.5,0,0,0,0.0141005999170526,9.95565415662213e-06,Inf,1416.34087476547,0.999999999999,0.999293955277422,0.143255553203941,0.0642130557369889,0.0790424974669519,NA,0.148202561209928,TRUE,"degenerate_or_near_degenerate_observed_weight_variance",10,1e-05,"epsilon_fraction"
0,0.12,1800,949,0.5,0.5,0,0,0,0.0168924822870433,1.24357878544769e-05,Inf,1358.37652464955,0.999999999999,0.999263827089284,0.0834113870819093,-0.00862514945972226,0.0920365365416316,NA,0.171857821884622,TRUE,"degenerate_or_near_degenerate_observed_weight_variance",11,1e-05,"epsilon_fraction"
0,0.12,1800,892,0.5,0.5,0,0,0,0.0145941000916634,9.65068214015409e-06,Inf,1512.23508138777,0.999999999999,0.999338727151415,0.0178897409058659,-0.0707508927053559,0.0886406336112219,NA,0.156450839154163,TRUE,"degenerate_or_near_degenerate_observed_weight_variance",12,1e-05,"epsilon_fraction"
0,0.12,1800,898,0.5,0.5,0,0,0,0.0138788957089701,9.91150485985812e-06,Inf,1400.28138059842,0.999999999999,0.999285857818396,0.12458878906641,0.0336228147027833,0.0909659743636263,NA,0.155788445348885,TRUE,"degenerate_or_near_degenerate_observed_weight_variance",13,1e-05,"epsilon_fraction"
0,0.12,1800,885,0.5,0.5,0,0,0,0.0131888608595672,9.35501209352325e-06,Inf,1409.81761730679,0.999999999999,0.999290688392793,0.0678188129224838,-0.0188810378008535,0.0866998507233373,NA,0.142511016489154,TRUE,"degenerate_or_near_degenerate_observed_weight_variance",14,1e-05,"epsilon_fraction"
0,0.12,1800,900,0.5,0.5,0,0,0,0.015122094020295,1e-05,Inf,1512.2094020295,0.999999999999,0.999338715922108,0.0825164659370049,-0.0145990543626335,0.0971155202996384,NA,0.16356023331558,TRUE,"degenerate_or_near_degenerate_observed_weight_variance",15,1e-05,"epsilon_fraction"
0,0.12,1800,929,0.5,0.5,0,0,0,0.0156974852396302,1.13761449750277e-05,Inf,1379.85980963573,0.999999999999,0.999275288697434,0.146292864122675,0.0568386966158902,0.0894541675067845,NA,0.166548212778787,TRUE,"degenerate_or_near_degenerate_observed_weight_variance",16,1e-05,"epsilon_fraction"
0,0.12,1800,943,0.5,0.5,0,0,0,0.0168888572703431,1.21077025089557e-05,Inf,1394.88538456003,0.999999999999,0.999283095219816,0.16316443854921,0.0739231831361885,0.0892412554130217,NA,0.174643224056883,TRUE,"degenerate_or_near_degenerate_observed_weight_variance",17,1e-05,"epsilon_fraction"
0,0.12,1800,910,0.5,0.5,0,0,0,0.0145977965040248,1.04544880696882e-05,Inf,1396.31863432413,0.999999999999,0.999283831085958,0.0286751978254636,-0.060523601169953,0.0891987989954166,NA,0.15596087183485,TRUE,"degenerate_or_near_degenerate_observed_weight_variance",18,1e-05,"epsilon_fraction"
0,0.12,1800,889,0.5,0.5,0,0,0,0.0130827663992103,9.52284615041673e-06,Inf,1373.82944054365,0.999999999999,0.999272107606309,0.0884946310847917,0.00753271839686054,0.0809619126879312,NA,0.142152093723849,TRUE,"degenerate_or_near_degenerate_observed_weight_variance",19,1e-05,"epsilon_fraction"
0,0.12,1800,937,0.5,0.5,0,0,0,0.0186678445684671,1.17884740100622e-05,Inf,1583.56752133762,0.999999999999,0.99936851445453,0.123367845667575,0.0215732478630899,0.101794597804485,NA,0.18135160564147,TRUE,"degenerate_or_near_degenerate_observed_weight_variance",20,1e-05,"epsilon_fraction"
0,0.12,1800,915,0.5,0.5,0,0,0,0.0151898766356877,1.06894570525711e-05,Inf,1421.01479625985,0.999999999999,0.999296277559789,0.141516389608954,0.0565631257704883,0.0849532638384657,NA,0.155007111926351,TRUE,"degenerate_or_near_degenerate_observed_weight_variance",21,1e-05,"epsilon_fraction"
0,0.12,1800,907,0.5,0.5,0,0,0,0.0150211345225563,1.0316007669456e-05,Inf,1456.09958850956,0.999999999999,0.999313233787104,0.105161327831618,0.00984587516600599,0.0953154526656123,NA,0.161132010555623,TRUE,"degenerate_or_near_degenerate_observed_weight_variance",22,1e-05,"epsilon_fraction"
0,0.12,1800,894,0.5,0.5,0,0,0,0.0135377125788816,9.73685364676988e-06,Inf,1390.35802221107,0.999999999999,0.999280760793965,0.116875693887299,0.0296058434124035,0.087269850474896,NA,0.149441158129418,TRUE,"degenerate_or_near_degenerate_observed_weight_variance",23,1e-05,"epsilon_fraction"
0,0.12,1800,912,0.5,0.5,0,0,0,0.0151807761248949,1.05478451424397e-05,Inf,1439.23009106518,0.999999999999,0.999305184065975,0.0242843869605041,-0.0652674683111933,0.0895518552716974,NA,0.162742033402957,TRUE,"degenerate_or_near_degenerate_observed_weight_variance",24,1e-05,"epsilon_fraction"
0,0.12,1800,877,0.5,0.5,0,0,0,0.013963234635093,9.02808802141963e-06,Inf,1546.64360847662,0.999999999999,0.999353438636723,0.116710384670468,0.0144009468280488,0.102309437842419,NA,0.159217994713657,TRUE,"degenerate_or_near_degenerate_observed_weight_variance",25,1e-05,"epsilon_fraction"
0,0.12,1800,898,0.5,0.5,0,0,0,0.0157571465006208,9.91150485985812e-06,Inf,1589.78346108044,0.999999999999,0.999370983517893,0.0901793163538023,-0.0080826504987046,0.0982619668525069,NA,0.166622235001186,TRUE,"degenerate_or_near_degenerate_observed_weight_variance",26,1e-05,"epsilon_fraction"
0,0.12,1800,904,0.5,0.5,0,0,0,0.0149895060509532,1.0179368622449e-05,Inf,1472.53789570959,0.999999999999,0.999320900329347,-0.00883590655401356,-0.0965256120753979,0.0876897055213843,NA,0.161484231852733,TRUE,"degenerate_or_near_degenerate_observed_weight_variance",27,1e-05,"epsilon_fraction"
0,0.12,1800,879,0.5,0.5,0,0,0,0.0124489820051485,9.10874385935129e-06,Inf,1366.70678167858,0.999999999999,0.999268314159697,0.154353404365721,0.0686121822432634,0.085741222122458,NA,0.146475380057734,TRUE,"degenerate_or_near_degenerate_observed_weight_variance",28,1e-05,"epsilon_fraction"
0,0.12,1800,927,0.5,0.5,0,0,0,0.0163096934965891,1.12753746413009e-05,Inf,1446.48794522959,0.999999999999,0.999308670353391,0.122300161536756,0.0360679082929811,0.0862322532437745,NA,0.159972412775906,TRUE,"degenerate_or_near_degenerate_observed_weight_variance",29,1e-05,"epsilon_fraction"
0,0.12,1800,875,0.5,0.5,0,0,0,0.013039315060343,8.94813732651571e-06,Inf,1457.20998511098,0.999999999999,0.99931375710418,-0.0404566969220802,-0.135052796126634,0.0945960992045535,NA,0.149489033723763,TRUE,"degenerate_or_near_degenerate_observed_weight_variance",30,1e-05,"epsilon_fraction"
0.001,0.12,1800,916,0.499146222076043,0.500942038181589,0.000332513740181506,0.000977107556468324,1.02518609834798e-06,0.0162986677729361,1.07378656196833e-05,15898.2528140016,1385.58157896664,0.999937100006416,0.999278281398093,-0.0386371830952158,-0.130002354567058,0.0913651714718422,0.154695505159708,0.154644535418606,TRUE,"unstable_good_overlap_warning",1,1e-05,"epsilon_fraction"
0.001,0.12,1800,917,0.499110106028029,0.500881979561463,0.000335327699372723,0.00102170655293807,1.12584523971783e-06,0.0161744986998313,1.07851536894145e-05,14366.538249862,1357.94644899775,0.999930393809378,0.999263593935727,0.123921291527861,0.0347298106571606,0.0891914808707005,0.155071824392584,0.155020111234552,TRUE,"unstable_good_overlap_warning",2,1e-05,"epsilon_fraction"
0.001,0.12,1800,913,0.49925787025159,0.500815209169314,0.000322204832408746,0.00101107401996381,1.08309703728681e-06,0.0147584501590096,1.0595012309335e-05,13626.1568917037,1263.77050607758,0.999926611735947,0.999208717092865,0.111387522555929,0.0241637960924663,0.0872237264634623,0.152336777425048,0.152282082714892,TRUE,"unstable_good_overlap_warning",3,1e-05,"epsilon_fraction"
0.001,0.12,1800,857,0.499158127916051,0.500876167656624,0.000348962820645782,0.000970554387129087,7.77977460643557e-07,0.0125759396423566,8.25899609594242e-06,16164.9151531377,1391.60965378631,0.999938137627663,0.999281407686934,0.0846004153226536,-0.00423582025559099,0.0888362355782446,0.138115533333172,0.138070170775011,TRUE,"unstable_good_overlap_warning",4,1e-05,"epsilon_fraction"
0.001,0.12,1800,905,0.499198667355211,0.500826494107762,0.000333105086505303,0.00101248803875898,1.04818436501322e-06,0.0149197989669948,1.0224871877372e-05,14233.9453487332,1323.4919303337,0.999929745409618,0.999244423047031,0.0186302410575092,-0.0702081233836321,0.0888383644411413,0.154795258572921,0.154742203427859,TRUE,"unstable_good_overlap_warning",5,1e-05,"epsilon_fraction"
0.001,0.12,1800,882,0.499089933296897,0.500882521188995,0.000343107677132581,0.000993357799250327,9.10827468264827e-07,0.0135832478309731,9.23048896572335e-06,14913.085413256,1339.39690368496,0.999932944794971,0.999253395317513,0.156398182807337,0.0700961014836592,0.0863020813236778,0.145723344388839,0.14567381954157,TRUE,"unstable_good_overlap_warning",6,1e-05,"epsilon_fraction"
0.001,0.12,1800,921,0.499182014051132,0.501036531774582,0.000330402434917221,0.000994524643474347,1.08581227052678e-06,0.0174171993558422,1.09780106340059e-05,16040.7096407119,1443.75456218759,0.999937658618453,0.999307361496067,0.167521910004098,0.06851890526215,0.0990030047419479,0.171493437638985,0.171439379839394,TRUE,"unstable_good_overlap_warning",7,1e-05,"epsilon_fraction"
0.001,0.12,1800,898,0.499192942032471,0.500843188286742,0.000343832183754667,0.00101073503289387,1.0125091339572e-06,0.0136950081190747,9.91115599742808e-06,13525.8119258147,1253.70083706859,0.999926067284871,0.999202361543972,0.0419057044299043,-0.0429452853502019,0.0848509897801062,0.144368600006104,0.144316346494783,TRUE,"unstable_good_overlap_warning",8,1e-05,"epsilon_fraction"
0.001,0.12,1800,912,0.499069112408847,0.500719915785453,0.00035309532990746,0.00102433365067223,1.10665299769738e-06,0.0148136731832914,1.05469912232552e-05,13386.0145990787,1271.16229931383,0.999925295165891,0.999213318393301,0.117161159155044,0.0331141541391364,0.0840470050159074,0.151315738414964,0.151261858152239,TRUE,"unstable_good_overlap_warning",9,1e-05,"epsilon_fraction"
0.001,0.12,1800,913,0.499088676723286,0.500838396532617,0.000340443864396911,0.00100514034547852,1.07033634877748e-06,0.0143507290819548,1.05941681873809e-05,13407.6817052378,1230.29049690619,0.999925415890533,0.99918718383787,-0.00534829738994225,-0.0820195523828718,0.0766712549929296,0.143856903346822,0.143803789692474,TRUE,"unstable_good_overlap_warning",10,1e-05,"epsilon_fraction"
0.001,0.12,1800,908,0.499107088760068,0.500836477457423,0.000331295778230711,0.0010267986478785,1.09251178434954e-06,0.0155113012641324,1.03622855055678e-05,14197.8342809067,1354.13145004196,0.999929566722627,0.999261519256518,0.0174052341014002,-0.0764924816739088,0.0938977157753089,0.157825295004776,0.157772565088615,TRUE,"unstable_good_overlap_warning",11,1e-05,"epsilon_fraction"
0.001,0.12,1800,912,0.499171589013001,0.500835686016411,0.00031803924609064,0.000967255849737192,9.86893328610714e-07,0.0171145365874508,1.054842169601e-05,17341.8302579303,1483.66442970321,0.999942335959635,0.999325993142398,-0.00949546445167671,-0.107917453534493,0.0984219890828166,0.165854766181206,0.165803643657907,TRUE,"unstable_good_overlap_warning",12,1e-05,"epsilon_fraction"
0.001,0.12,1800,882,0.499038769368438,0.500843298482194,0.000342813164413425,0.00100615166667644,9.34475015178239e-07,0.0133238110882103,9.23083084046973e-06,14258.0709722549,1310.71423500823,0.999929864285152,0.999237057191193,0.124877943014487,0.0270260157288833,0.0978519272856032,0.14804561502606,0.147994319016084,TRUE,"unstable_good_overlap_warning",13,1e-05,"epsilon_fraction"
0.001,0.12,1800,881,0.499084924346959,0.500743395628988,0.000329958936275743,0.000985271998237976,8.92137317444437e-07,0.0129505013329195,9.19008282867548e-06,14516.2645701412,1284.48904559017,0.999931111754324,0.999221480320573,0.0142196437099629,-0.0693924203937191,0.0836120641036819,0.141467876829688,0.141417669436115,TRUE,"unstable_good_overlap_warning",14,1e-05,"epsilon_fraction"
0.001,0.12,1800,892,0.499224660794397,0.50089695164037,0.000338495034519548,0.00101619623331201,9.96535605362535e-07,0.0147062857281004,9.65022987571737e-06,14757.4112244091,1381.29141232936,0.999932237437529,0.999276039805161,0.0722582349642998,-0.0227225615049254,0.0949807964692252,0.152014619150606,0.151964731768241,TRUE,"unstable_good_overlap_warning",15,1e-05,"epsilon_fraction"
0.001,0.12,1800,900,0.499130338970038,0.500779817348013,0.000337503757808277,0.000941889813774541,8.87095742996874e-07,0.0151739121530544,9.99931603611371e-06,17105.1572198875,1393.83962879036,0.999941538099466,0.999282557347815,0.00892327335428988,-0.0814551387314308,0.0903784120857207,0.153887899153297,0.153837183250093,TRUE,"unstable_good_overlap_warning",16,1e-05,"epsilon_fraction"
0.001,0.12,1800,911,0.499163490420059,0.500788056701387,0.000331468312579908,0.000997309510759252,1.04446065133864e-06,0.0151986936326451,1.05010363498266e-05,14551.7149096671,1316.41744232501,0.999931279577273,0.999240362541662,0.193782320771818,0.102487895636059,0.0912944251357588,0.152507131250059,0.152454433637132,TRUE,"unstable_good_overlap_warning",17,1e-05,"epsilon_fraction"
0.001,0.12,1800,880,0.499002130911646,0.500826907269942,0.000330437532285677,0.000983438821046502,8.84945897821278e-07,0.0136975766243276,9.15001960222514e-06,15478.4339450025,1364.98492438905,0.999935393980841,0.999267391176172,0.0867084287017864,-0.00915940601104825,0.0958678347128347,0.147185346007096,0.147136174505241,TRUE,"unstable_good_overlap_warning",18,1e-05,"epsilon_fraction"
0.001,0.12,1800,927,0.499205860587501,0.500786764792243,0.00034419693592086,0.00100598881542573,1.14115676559545e-06,0.0162716849402681,1.12761022382313e-05,14258.9392017298,1310.4087572993,0.999929868555728,0.999236879336749,0.0141763503162181,-0.0829576490121642,0.0971339993283823,0.160142254863312,0.160086752925567,TRUE,"unstable_good_overlap_warning",19,1e-05,"epsilon_fraction"
0.001,0.12,1800,920,0.499188537234051,0.50086076882316,0.000339884265063151,0.000973688738752147,1.03613388827095e-06,0.0147686392870053,1.09288781481727e-05,14253.6012519101,1234.31879901351,0.99992984229162,0.999189836531049,0.0751757370202052,-0.0118026978458969,0.0869784348661021,0.152603329107275,0.152546851023132,TRUE,"unstable_good_overlap_warning",20,1e-05,"epsilon_fraction"
0.001,0.12,1800,950,0.49908624739272,0.500783119828624,0.000333893514158135,0.0010238568310897,1.30955573519989e-06,0.0178221194751841,1.24923896680993e-05,13609.2867192581,1291.275900202,0.999926520763312,0.99922557216483,0.0150497180141576,-0.0777848003940931,0.0928345184082506,0.16990619053148,0.169846627962444,TRUE,"unstable_good_overlap_warning",21,1e-05,"epsilon_fraction"
0.001,0.12,1800,901,0.499238303454391,0.500757087785789,0.000327569834281838,0.000981875116345354,9.68429598359054e-07,0.0149616854494919,1.00451296565502e-05,15449.4301649222,1358.47868097888,0.999935272693599,0.9992638824488,0.061309693971256,-0.0363799412959431,0.0976896352671991,0.158776921367413,0.158723608328571,TRUE,"unstable_good_overlap_warning",22,1e-05,"epsilon_fraction"
0.001,0.12,1800,909,0.499176317658597,0.500828626735525,0.000345899219068802,0.00101125562378478,1.0643940295892e-06,0.0148612832895008,1.04083174646366e-05,13962.2009109132,1295.35927901442,0.999928378053977,0.999228013404311,0.184438979616575,0.0874641777582674,0.0969748018583079,0.155174261404291,0.155119908709475,TRUE,"unstable_good_overlap_warning",23,1e-05,"epsilon_fraction"
0.001,0.12,1800,920,0.498947605145343,0.500746748465905,0.000353203459139251,0.00100220355565211,1.09788294837533e-06,0.0172806267999331,1.09306040199456e-05,15739.9537223028,1436.64176928026,0.999936467411681,0.999303932252714,0.201279425263662,0.0977089393794258,0.103570485884237,0.171488732547902,0.171434484195144,TRUE,"unstable_good_overlap_warning",24,1e-05,"epsilon_fraction"
0.001,0.12,1800,924,0.499091596894398,0.500831164302273,0.000323373932701154,0.000963854483923137,1.033681630693e-06,0.0166822065887937,1.11266353287398e-05,16138.6311737103,1371.85623075831,0.999938036876285,0.999271060642085,-0.00840703821854449,-0.0992519754889564,0.0908449372704119,0.157465104011081,0.157412579255779,TRUE,"unstable_good_overlap_warning",25,1e-05,"epsilon_fraction"
0.001,0.12,1800,935,0.499233875501844,0.500699007365948,0.000335937612941373,0.000981966776488906,1.12678877330823e-06,0.0186040205315169,1.16855436692552e-05,16510.6548558305,1452.04010393245,0.999939433050431,0.999311313787208,0.0785465984696557,-0.0103084755007494,0.0888550739704052,0.16765944624022,0.167606779715003,TRUE,"unstable_good_overlap_warning",26,1e-05,"epsilon_fraction"
0.001,0.12,1800,893,0.49906064979296,0.500881253534459,0.000330245650846772,0.00101891752514787,1.00640089443541e-06,0.0141748458281272,9.69377532911182e-06,14084.6912065587,1324.73012892381,0.99992900092836,0.999245129269603,0.0608081675232743,-0.0316223374105271,0.0924305049338014,0.147670727699361,0.147620221564318,TRUE,"unstable_good_overlap_warning",27,1e-05,"epsilon_fraction"
0.001,0.12,1800,910,0.499309632062225,0.500939872653598,0.000330295904117872,0.000971282137374485,9.86215651507909e-07,0.014710317755048,1.04539660899348e-05,14915.9240502381,1285.84650904269,0.999932957556191,0.999222302200949,0.156745302437131,0.074605603677943,0.0821396987591878,0.146328644721277,0.146276637375617,TRUE,"unstable_good_overlap_warning",28,1e-05,"epsilon_fraction"
0.001,0.12,1800,876,0.499174997298363,0.500833358181664,0.000327257305883843,0.00097183513598967,8.48883862137414e-07,0.0127479065343029,8.98800042336851e-06,15017.2563090136,1295.92929674757,0.99993340993991,0.999228352964541,0.0316954556557474,-0.056398849386094,0.0880943050418413,0.141047388410538,0.140997653107997,TRUE,"unstable_good_overlap_warning",29,1e-05,"epsilon_fraction"
0.001,0.12,1800,911,0.49917371823552,0.500818295903112,0.000333995896768691,0.000993788750849472,1.03710412773736e-06,0.0156028910108129,1.05010858709035e-05,15044.6715942146,1352.2823781417,0.999933531284233,0.99926050947926,0.06867277286194,-0.0312061722358237,0.0998789450977636,0.160695840916753,0.160641752316887,TRUE,"unstable_good_overlap_warning",30,1e-05,"epsilon_fraction"
0.005,0.12,1800,928,0.49482178202961,0.503729931316785,0.00172692872105373,0.00513784181294181,2.98846684145927e-05,0.0168761908562057,1.13210571785512e-05,564.710661068104,409.559366162786,0.998229181651877,0.997558351529428,0.190776529231028,0.099638351977576,0.0911381772534522,0.162727734627273,0.162673047279819,TRUE,"unstable_good_overlap_warning",1,1e-05,"epsilon_fraction"
0.005,0.12,1800,901,0.495998361306325,0.503781765891059,0.0016460501446286,0.00491194035309537,2.42363390580051e-05,0.0139826668161251,1.0045252335767e-05,576.929823545552,407.876829739744,0.998266686936282,0.997548279463097,-0.0445415617050658,-0.135448696263372,0.0909071345583061,0.146280930112508,0.146228284748012,TRUE,"unstable_good_overlap_warning",2,1e-05,"epsilon_fraction"
0.005,0.12,1800,881,0.495812220659473,0.504252756853687,0.00171619717426696,0.00491566546932013,2.21996258983269e-05,0.0136688389411351,9.18715442528892e-06,615.723841642088,435.496690014121,0.998375895275822,0.997703771296247,0.144013909286749,0.0565000402448603,0.0875138690418882,0.143706626916772,0.143658245875022,TRUE,"unstable_good_overlap_warning",3,1e-05,"epsilon_fraction"
0.005,0.12,1800,918,0.496353818129322,0.504331895790359,0.00165279878420849,0.00497457371680607,2.68180367987513e-05,0.0151272534671198,1.08371538900177e-05,564.070128646559,401.730895274198,0.998227170790981,0.997510771484684,0.10922746723939,0.024925264155508,0.0843022030838819,0.152792123780011,0.152737286654328,TRUE,"unstable_good_overlap_warning",4,1e-05,"epsilon_fraction"
0.005,0.12,1800,897,0.495646301649837,0.503873304281645,0.00164820109934705,0.00491585392147573,2.38454990167309e-05,0.012688673261248,9.86753049849017e-06,532.120265226791,376.372976374586,0.99812072558527,0.997343061104885,0.0466855930474724,-0.0322053537823433,0.0788909468298158,0.138042754381745,0.137988967368659,TRUE,"unstable_good_overlap_warning",5,1e-05,"epsilon_fraction"
0.005,0.12,1800,885,0.495505148222124,0.504705939338824,0.00165819073857798,0.00495199458371999,2.29311939489816e-05,0.0136965885680415,9.35117846648043e-06,597.290686150678,424.274535705478,0.998325773324134,0.997643035544574,0.177038290857091,0.088432442591726,0.0886058482653654,0.143340024398983,0.143291002130834,TRUE,"unstable_good_overlap_warning",6,1e-05,"epsilon_fraction"
0.005,0.12,1800,911,0.496302088068289,0.503991520024462,0.00163087602520706,0.00495592775087945,2.5781045055534e-05,0.0139667714098928,1.04966468237153e-05,541.745743037472,384.996141881941,0.998154115629238,0.997402571373542,0.222363377501424,0.140185313277246,0.0821780642241773,0.146794475669432,0.146739201981005,TRUE,"unstable_good_overlap_warning",7,1e-05,"epsilon_fraction"
0.005,0.12,1800,904,0.495071551635971,0.504068862644304,0.0017831560934764,0.00522173288010703,2.77650681983115e-05,0.0151621387484333,1.01828522296126e-05,546.086854177272,399.551242267185,0.998168789465722,0.997497192114019,0.219654017260875,0.128330688154646,0.0913233291062288,0.154942659666303,0.154890525903762,TRUE,"unstable_good_overlap_warning",8,1e-05,"epsilon_fraction"
0.005,0.12,1800,888,0.495859865985328,0.504129121708481,0.00179876655558892,0.00494530576308806,2.31843513977286e-05,0.0142926501965775,9.48000689399955e-06,616.478328480551,437.5610281068,0.998377882962302,0.997714604510537,0.131382822531422,0.0434668291650397,0.0879159933663819,0.143641528264901,0.143593805773558,TRUE,"unstable_good_overlap_warning",9,1e-05,"epsilon_fraction"
0.005,0.12,1800,874,0.496183988391939,0.503622439147121,0.00169352516043231,0.00502005455361424,2.24503546726499e-05,0.0133939314143519,8.9085358697473e-06,596.602218969356,427.117515405826,0.998323841299606,0.997658723971903,0.114436760472806,0.0221412908455196,0.0922954696272865,0.146635732906707,0.146586877909642,TRUE,"unstable_good_overlap_warning",10,1e-05,"epsilon_fraction"
0.005,0.12,1800,914,0.496063875634852,0.504907680039494,0.00165726860897353,0.00499716376465847,2.65805439642553e-05,0.016261920537511,1.06442900453419e-05,611.797883421029,436.856764312728,0.998365473259881,0.997710920187826,0.0587514450903125,-0.0308652925944763,0.0896167376847888,0.154269988790215,0.154219408890308,TRUE,"unstable_good_overlap_warning",11,1e-05,"epsilon_fraction"
0.005,0.12,1800,907,0.496187925231308,0.504346359850289,0.00171168602075816,0.00508676416396638,2.67067688489856e-05,0.0154895329940756,1.03213888836697e-05,579.985286938368,418.317678830003,0.99827581833105,0.997609472296756,0.121758819205597,0.0241564405298171,0.0976023786757799,0.159444383178245,0.159391159977822,TRUE,"unstable_good_overlap_warning",12,1e-05,"epsilon_fraction"
0.005,0.12,1800,900,0.495894628387342,0.504240573620601,0.00172076583203612,0.00515618724530061,2.65891116569284e-05,0.0146560620740084,1.00010700066833e-05,551.205405547631,400.546305256081,0.998185794279346,0.997503409750938,0.0932428824251972,0.00754897247984965,0.0856939099453475,0.149620927867243,0.149569776837942,TRUE,"unstable_good_overlap_warning",13,1e-05,"epsilon_fraction"
0.005,0.12,1800,887,0.496166129374667,0.504005489675497,0.00172441737346968,0.00504365590670673,2.40162591965406e-05,0.0129964048406919,9.44092313981449e-06,541.15025717927,388.448875043786,0.998152084404039,0.997425658653569,0.160327072298197,0.0742435521673106,0.086083520130886,0.139747260057888,0.139696398828088,TRUE,"unstable_good_overlap_warning",14,1e-05,"epsilon_fraction"
0.005,0.12,1800,921,0.495917862437762,0.505341552706563,0.00167699525848469,0.00509118886263675,2.84570343120644e-05,0.0161721395356079,1.0978707680541e-05,568.300243738038,410.088379689683,0.99824036675856,0.997561501253079,0.0402303094435646,-0.0520879182676333,0.0923182277111979,0.160845556438353,0.160790854647907,TRUE,"unstable_good_overlap_warning",15,1e-05,"epsilon_fraction"
0.005,0.12,1800,911,0.495690622202854,0.50432717010824,0.00174819242749191,0.00497979905943098,2.60557376081774e-05,0.0143477603901263,1.05070242447839e-05,550.65646599171,392.414567800605,0.998183985730197,0.997451674626646,0.0637388119676665,-0.023987772932923,0.0877265849005895,0.14701613978448,0.14696220117865,TRUE,"unstable_good_overlap_warning",16,1e-05,"epsilon_fraction"
0.005,0.12,1800,890,0.495898044584139,0.504560761451386,0.00172485163984087,0.00526932314989545,2.65545665902162e-05,0.0147447998806407,9.56377942253496e-06,555.264188950208,408.235744666581,0.998199055476834,0.99755043498012,0.0698726991953585,-0.0227601851742698,0.0926328843696284,0.149441180565518,0.149392619928482,TRUE,"unstable_good_overlap_warning",17,1e-05,"epsilon_fraction"
0.005,0.12,1800,885,0.495224061167032,0.504423244538468,0.00166334562559811,0.00478004541154321,2.13701223353639e-05,0.0122881061366587,9.35282833591287e-06,575.013373523089,399.965038128548,0.998260910013496,0.997499781469203,0.00703123485899693,-0.0732762406294967,0.0803074754884936,0.133891143600056,0.133840090912961,TRUE,"unstable_good_overlap_warning",18,1e-05,"epsilon_fraction"
0.005,0.12,1800,879,0.495368862235214,0.503807890362574,0.001709782131323,0.00500456412639379,2.28064664739976e-05,0.0125805298778737,9.10595471076794e-06,551.621176924414,394.220476253913,0.998187161693872,0.997463348404673,0.171177689107675,0.0883879354151934,0.0827897536924818,0.140332961039366,0.140282072144785,TRUE,"unstable_good_overlap_warning",19,1e-05,"epsilon_fraction"
0.005,0.12,1800,892,0.495599359646137,0.504220902386368,0.00164762512904132,0.00485689970516137,2.27732452307076e-05,0.014363110076383,9.65398571859784e-06,630.7010674533,442.933597963927,0.998414462807178,0.997742325250112,0.0680167595126505,-0.0188148194675606,0.0868315789802111,0.142532133527738,0.142484148781676,TRUE,"unstable_good_overlap_warning",20,1e-05,"epsilon_fraction"
0.005,0.12,1800,920,0.496026123517225,0.504047307062361,0.00174263184666201,0.00500333900891132,2.73524884912016e-05,0.0156426913628542,1.09263971887204e-05,571.892804849764,408.65064604164,0.998251420560777,0.997552922013739,0.123046817584171,0.0304291756079447,0.092617641976226,0.158429115083594,0.158373677210209,TRUE,"unstable_good_overlap_warning",21,1e-05,"epsilon_fraction"
0.005,0.12,1800,893,0.496091268453901,0.504086366832328,0.00166734515783024,0.00498527759018556,2.40953001281772e-05,0.0144372028117128,9.69513026714215e-06,599.170906148202,427.257144783592,0.998331027108061,0.997659489110459,0.113489754079793,0.0261967097448847,0.0872930443349087,0.151490373677637,0.151439414299992,TRUE,"unstable_good_overlap_warning",22,1e-05,"epsilon_fraction"
0.005,0.12,1800,901,0.496012559896134,0.504205568504747,0.00180424154448566,0.00488495771428111,2.39656879893193e-05,0.0143872875643791,1.0043111482236e-05,600.328585216958,423.046028908269,0.998334245570468,0.997636191024933,0.211328845197474,0.122984714368031,0.0883441308294433,0.149632058889008,0.149579736931554,TRUE,"unstable_good_overlap_warning",23,1e-05,"epsilon_fraction"
0.005,0.12,1800,868,0.49572938777776,0.504878764686883,0.00164585575942844,0.00497016958380614,2.14315956423137e-05,0.0135961937587481,8.6758511476129e-06,634.399509288256,451.589065443343,0.998423706220829,0.997785597401438,0.125065603015302,0.0217269937533948,0.103338609261907,0.151304465435444,0.151256107135956,TRUE,"unstable_good_overlap_warning",24,1e-05,"epsilon_fraction"
0.005,0.12,1800,931,0.495938529172829,0.504108424258943,0.00163131827844321,0.004879621888165,2.73508089181875e-05,0.0162172971652502,1.1486767585136e-05,592.936655502944,417.567176568353,0.998313479204365,0.997605175751077,0.183759560576129,0.101000043377946,0.0827595171981823,0.153901293605074,0.153846687430609,TRUE,"unstable_good_overlap_warning",25,1e-05,"epsilon_fraction"
0.005,0.12,1800,894,0.495378487393238,0.503521837617818,0.0016949686259794,0.00498957574505066,2.4238039023378e-05,0.0136953652961848,9.73576854520126e-06,565.036027996136,403.11540790768,0.998230201349202,0.997519320818843,0.162213389604434,0.0762312482521255,0.085982141352309,0.139737389466366,0.13968762425133,TRUE,"unstable_good_overlap_warning",26,1e-05,"epsilon_fraction"
0.005,0.12,1800,889,0.49566824771227,0.504380603824428,0.00169520151464658,0.00482232998034728,2.21516827537078e-05,0.0130718396056043,9.52561168711705e-06,590.105941428597,412.656441667496,0.998305389033062,0.997576676627271,0.0601476126483109,-0.0239206217557799,0.0840682344040908,0.138643279378569,0.13859266885277,TRUE,"unstable_good_overlap_warning",27,1e-05,"epsilon_fraction"
0.005,0.12,1800,947,0.495883080160854,0.503987831296612,0.00162188671176028,0.00505608631650613,3.15122209375512e-05,0.0187174303287823,1.23267915978392e-05,593.973695661606,426.958301436925,0.998316423762022,0.997657850903391,0.0720026183345556,-0.0244902482685416,0.0964928666030972,0.170799408561849,0.17074306249304,TRUE,"unstable_good_overlap_warning",28,1e-05,"epsilon_fraction"
0.005,0.12,1800,898,0.495460224032211,0.503443284187565,0.00176141951101327,0.00509975471410964,2.57755368863682e-05,0.0149980764791094,9.9108098532084e-06,581.872515215828,420.274918824245,0.998281410491387,0.997620605096308,-0.0152839895014125,-0.11254595727646,0.097261967775047,0.153290684105822,0.153239940859233,TRUE,"unstable_good_overlap_warning",29,1e-05,"epsilon_fraction"
0.005,0.12,1800,904,0.495398330838123,0.504027629285811,0.00168865908032501,0.00490887618569624,2.45250173790751e-05,0.0150921200235562,1.01775950578879e-05,615.376527171512,434.898670841307,0.998374978641782,0.9977006138049,0.115696946198867,0.0248778935919787,0.0908190526068884,0.149670532836561,0.149619975883301,TRUE,"unstable_good_overlap_warning",30,1e-05,"epsilon_fraction"
0.02,0.12,1800,916,0.480508785367047,0.517316202248751,0.00636733641601123,0.0207788472331832,0.000462495308155462,0.0148961877432866,1.07118487300431e-05,32.2083002370252,31.4792105878712,0.968952102636871,0.968233002628557,0.202265639901665,0.124447661133299,0.0778179787683668,0.142410609163473,0.142357754911323,FALSE,"stable",1,1e-05,"epsilon_fraction"
0.02,0.12,1800,939,0.485247132054237,0.517820409642316,0.0066300010108804,0.0195009625100708,0.000453149243898843,0.0164764362554921,1.19159635181814e-05,36.35984496792,35.4282281123594,0.97249713245801,0.971773920027032,0.0882709021391902,-0.00072149222751583,0.088992394366706,0.161277416638283,0.161217437270941,TRUE,"unstable_good_overlap_warning",2,1e-05,"epsilon_fraction"
0.02,0.12,1800,892,0.474910049765113,0.518579413597481,0.00686345011211753,0.020674288875935,0.000412689362449691,0.0146376961731132,9.6552186700714e-06,35.4690416206151,34.6581839272195,0.971806399205926,0.971146785933736,0.0801154436119471,-0.0159708401808634,0.0960862837928105,0.15326544861175,0.153213425346269,FALSE,"stable",3,1e-05,"epsilon_fraction"
0.02,0.12,1800,904,0.481374983346823,0.516647180784157,0.00672575037800494,0.0204285285537753,0.00042519289474274,0.0142546138709534,1.01885369924975e-05,33.5250519169142,32.7405186163793,0.970171559988085,0.969456806359209,0.0754235687825505,-0.00676571119580971,0.0821892799783602,0.144053314151471,0.144000240239511,FALSE,"stable",4,1e-05,"epsilon_fraction"
0.02,0.12,1800,895,0.479552442047653,0.516186565528893,0.00698349410015431,0.0200980160022164,0.000395092134333955,0.0158139813088933,9.78119705191429e-06,40.0260595811466,39.0590836268778,0.97501627663416,0.974397760849877,0.0696593520275094,-0.0190299868038577,0.0886893388313671,0.153480994190796,0.153432305015204,FALSE,"stable",5,1e-05,"epsilon_fraction"
0.02,0.12,1800,920,0.481725970715494,0.51746771237176,0.00686511040782145,0.0204355028244593,0.00045651075075746,0.0153876345778616,1.09315149532801e-05,33.7070584916781,32.9187917024681,0.970332623351074,0.969622214295155,0.0607456668220016,-0.0259659658683249,0.0867116326903264,0.15281141389898,0.152755464791074,FALSE,"stable",6,1e-05,"epsilon_fraction"
0.02,0.12,1800,928,0.480419169765071,0.517706028304685,0.00645685736454399,0.0192864311884073,0.00042080760178685,0.0167720241864772,1.13130532791962e-05,39.8567519105149,38.8132897371308,0.974910148166485,0.974235628910287,0.0636555287975004,-0.0220999514672588,0.0857554802647592,0.154434439120717,0.154381004951677,TRUE,"unstable_good_overlap_warning",7,1e-05,"epsilon_fraction"
0.02,0.12,1800,897,0.479631576239115,0.515853388230521,0.00661888550300455,0.0197588355745336,0.000385641244005809,0.0156058946287979,9.87781255833155e-06,40.4673900195251,39.4567451802847,0.975288744850668,0.974655790906451,0.12906428501359,0.0291851883467407,0.099879096666849,0.156441031449578,0.156390258773585,TRUE,"unstable_good_overlap_warning",8,1e-05,"epsilon_fraction"
0.02,0.12,1800,919,0.481659479161236,0.516734375783146,0.00695738285676878,0.0199686954716817,0.000434598177735446,0.0160968355034739,1.08990466930284e-05,37.0384330356595,36.1322913383456,0.973001017644639,0.972323925138433,0.101510078231388,0.0165752949832583,0.0849347832481302,0.15012543703603,0.150073193257977,TRUE,"unstable_good_overlap_warning",9,1e-05,"epsilon_fraction"
0.02,0.12,1800,878,0.483021306111853,0.516059471319695,0.00650842236632093,0.0199482646373494,0.0003610297780683,0.0127435203217441,9.07262127865158e-06,35.29769868272,34.4324174721109,0.971669541150864,0.970957601196315,0.087219307334867,0.0051974436439266,0.0820218636909404,0.142040425492929,0.141988379617274,TRUE,"unstable_good_overlap_warning",10,1e-05,"epsilon_fraction"
0.02,0.12,1800,949,0.48434455588945,0.518700441607784,0.00656265317561511,0.0205202237597685,0.000523532318388908,0.0173791181134259,1.24330967194202e-05,33.1958840036991,32.4258200688439,0.969875783398672,0.969160379047411,0.0874404237133661,0.00259342434143095,0.0848469993719352,0.162083537920717,0.162023748481162,FALSE,"stable",11,1e-05,"epsilon_fraction"
0.02,0.12,1800,896,0.481753466490376,0.52015091075977,0.00694511694787325,0.0197775787586845,0.000383830440464112,0.0129040489340101,9.81280501041435e-06,33.6191390094204,32.7810754594673,0.970255038366099,0.969494594488321,0.152948171199112,0.0693935515803377,0.0835546196187748,0.14036627135249,0.140311254068192,TRUE,"unstable_good_overlap_warning",12,1e-05,"epsilon_fraction"
0.02,0.12,1800,890,0.48274239188776,0.516438870697775,0.00687356839528963,0.0202693495535212,0.000393698663503995,0.013651954378891,9.58262108813183e-06,34.6761511898107,33.8521892794959,0.971161736072548,0.970459813049501,0.0188710761177249,-0.0640763529973225,0.0829474291150474,0.141533537141489,0.141482380057156,FALSE,"stable",13,1e-05,"epsilon_fraction"
0.02,0.12,1800,845,0.482143697485285,0.514788389444427,0.00666792915186087,0.0196834784413285,0.000303290198156005,0.0107524072019384,7.8280695768527e-06,35.4525377585978,34.5605138531144,0.971793274523557,0.971065245029339,0.107412549266061,0.0199559060212312,0.0874566432448302,0.126698635358907,0.126651167637105,TRUE,"unstable_good_overlap_warning",14,1e-05,"epsilon_fraction"
0.02,0.12,1800,888,0.481478047159241,0.515770866782601,0.00675876898216865,0.019766250189837,0.000370453580050359,0.0155001163218773,9.48167838046459e-06,41.8409138326325,40.7967304374292,0.976099948390227,0.975488231795101,0.106243980310951,0.010700681435966,0.0955432988749847,0.155662989499479,0.155614205275344,TRUE,"unstable_good_overlap_warning",15,1e-05,"epsilon_fraction"
0.02,0.12,1800,905,0.48303093043259,0.520349045412284,0.00646087461391909,0.019798692551492,0.000400848393172068,0.0156353404949504,1.02260314422466e-05,39.0056209810944,38.0353034845699,0.974362669408989,0.973708636230399,0.0983949504839394,0.00429883171899026,0.0940961187649492,0.157706065318442,0.157653126963429,TRUE,"unstable_good_overlap_warning",16,1e-05,"epsilon_fraction"
0.02,0.12,1800,919,0.482705613391997,0.518299851492775,0.00663242405374737,0.0195418344800907,0.000416083123162026,0.0154682240402085,1.08955570661566e-05,37.1758025719901,36.2271578335998,0.973100782476356,0.972396399281632,0.231017509188456,0.149741863544671,0.081275645643785,0.147383202608364,0.147329850968754,TRUE,"unstable_good_overlap_warning",17,1e-05,"epsilon_fraction"
0.02,0.12,1800,919,0.481404083496707,0.514907892548385,0.00646955055517145,0.0203081325332313,0.000449657787831424,0.0156669044940814,1.09029028306965e-05,34.8418395456655,34.0170249257661,0.971298874771255,0.970602955367724,0.0495547389927348,-0.0329418629993619,0.0824966019920966,0.153549808873781,0.15349479108184,FALSE,"stable",18,1e-05,"epsilon_fraction"
0.02,0.12,1800,903,0.484622070826516,0.515985859613309,0.00650906485418234,0.0192524399349538,0.000376080247097692,0.0158300069212345,1.01463296738678e-05,42.0920988097585,40.9863222089902,0.976242572162542,0.97560161668322,0.0567752358656537,-0.0441013091876792,0.100876545053333,0.158580245986642,0.15852817923118,TRUE,"unstable_good_overlap_warning",19,1e-05,"epsilon_fraction"
0.02,0.12,1800,906,0.48340677348072,0.519425966650918,0.0065687730950279,0.0202034293869423,0.000419405726591471,0.0156044282361131,1.02750552999648e-05,37.206044759882,36.3163280596891,0.973122646966273,0.972464176489528,0.121139755068857,0.0288190015627861,0.0923207535060711,0.158736958137891,0.158683243794445,FALSE,"stable",20,1e-05,"epsilon_fraction"
0.02,0.12,1800,883,0.480376623354912,0.514478774392766,0.00658828354658003,0.0204788433247772,0.000388954383178043,0.0125257888618416,9.27444271686882e-06,32.2037478006977,31.4537473114692,0.968947713595672,0.968207285761612,0.0587934136667104,-0.0262904879687815,0.085083901635492,0.136773831415928,0.136721563112654,FALSE,"stable",21,1e-05,"epsilon_fraction"
0.02,0.12,1800,884,0.483853389205743,0.517979709361616,0.00670548604855409,0.0201561497058027,0.000377437831957942,0.0140738760920165,9.29031154951164e-06,37.2879316813814,36.3921693527981,0.973181671524588,0.972521561154938,0.0829673777372598,-0.0151391723243592,0.0981065500616191,0.149751993461612,0.149701196362086,FALSE,"stable",22,1e-05,"epsilon_fraction"
0.02,0.12,1800,902,0.482696263020342,0.517409732249263,0.00667216199544191,0.019280964262076,0.000375648072907578,0.0137129749555819,1.01047056241097e-05,36.5048457441595,35.5486096763279,0.972606376506604,0.971869504627465,0.101274598932094,0.0172148575076452,0.0840597414244487,0.143983393600358,0.143928840484366,TRUE,"unstable_good_overlap_warning",23,1e-05,"epsilon_fraction"
0.02,0.12,1800,897,0.482924841120796,0.514932970365281,0.00681529811011489,0.0194628100323096,0.000373452416596682,0.0156800182677821,9.85880295671858e-06,41.9866563207063,40.9067553150442,0.976182909342394,0.975554159886344,0.160023726404409,0.0633025328656629,0.0967211935387463,0.156845136488837,0.15679461717639,TRUE,"unstable_good_overlap_warning",24,1e-05,"epsilon_fraction"
0.02,0.12,1800,902,0.481773477847714,0.516856272355058,0.00670413093464806,0.0198158213086083,0.000396273885157163,0.0143532961427432,1.00918618854477e-05,36.220646074244,35.3211269581689,0.972391436697451,0.971688332561294,0.235051757237867,0.146094857196017,0.0889569000418501,0.145228618021301,0.145176103517838,TRUE,"unstable_good_overlap_warning",25,1e-05,"epsilon_fraction"
0.02,0.12,1800,889,0.484145539385869,0.517346690451492,0.00691709213217917,0.0200385947764834,0.000383154928666117,0.0142875099477789,9.54201050696519e-06,37.2891195671637,36.3830438247486,0.973182525851842,0.972514669063511,0.0514250736949479,-0.0390614310540374,0.0904865047489852,0.146932294840854,0.14688186926839,FALSE,"stable",26,1e-05,"epsilon_fraction"
0.02,0.12,1800,880,0.484491188837011,0.51879292764218,0.00701953837280267,0.0208639560304309,0.000399177159714517,0.0128153258653265,9.1700639863964e-06,32.104356558105,31.383403930555,0.968851579436264,0.968136024944496,0.00803574018574871,-0.0763795988051803,0.084415338990929,0.140178743127625,0.140126968398313,FALSE,"stable",27,1e-05,"epsilon_fraction"
0.02,0.12,1800,876,0.482728134268423,0.515765915909142,0.00682341696963373,0.0203719565507808,0.000373028559842448,0.012465184419044,8.98828016812584e-06,33.4161663769358,32.6299343733093,0.970074364943005,0.969353294169725,0.0758741485614876,-0.00666350201470434,0.0825376505761919,0.132548911500073,0.132499639548791,FALSE,"stable",28,1e-05,"epsilon_fraction"
0.02,0.12,1800,904,0.480784456591167,0.519708603502358,0.00670761537715847,0.0194275081550119,0.000383509295299476,0.0175306655837611,1.01611226779255e-05,45.7111882257552,44.5313256551764,0.978123517702903,0.977543897800317,0.0185486563024528,-0.0859580491807219,0.104506705483175,0.172892300907051,0.172841066749419,TRUE,"unstable_good_overlap_warning",29,1e-05,"epsilon_fraction"
0.02,0.12,1800,900,0.482784354619433,0.518724533672257,0.00707568422544941,0.0210185185035805,0.00044089415750148,0.0149669849287535,9.97999080208626e-06,33.946888780678,33.1954825644083,0.970542219451664,0.969875419100785,0.188964364499492,0.101944474189377,0.0870198903101149,0.148099155267787,0.148048271579131,FALSE,"stable",30,1e-05,"epsilon_fraction"
0.1,0.12,1800,882,0.414348928678108,0.575582682037881,0.0330029209965466,0.0981015166963624,0.00886275433998056,0.0213807552870062,9.20910167521135e-06,2.41242783753534,2.40992373645489,0.585479828892352,0.585049109698779,0.0987646508463564,0.00899030694021841,0.089774343906138,0.141297261674347,0.141245278124432,FALSE,"stable",1,1e-05,"epsilon_fraction"
0.1,0.12,1800,876,0.423109026691004,0.590154666971536,0.0351879420591245,0.102161473950978,0.00941437429665449,0.0211314392384069,9.0202206381292e-06,2.2445930629629,2.24244450337181,0.554484945845826,0.554058083267449,0.173835991120057,0.0854082817171038,0.088427709402953,0.136820127903537,0.136767453220844,FALSE,"stable",2,1e-05,"epsilon_fraction"
0.1,0.12,1800,908,0.409979827198319,0.573057039602796,0.0351677631395135,0.1032163133836,0.0112171164284634,0.0260834904047832,1.0528937346317e-05,2.32532938131911,2.32314875959766,0.569953397555782,0.569549734657032,0.0596884246521079,-0.0223612077466837,0.0820496323987916,0.147668322001892,0.147616020549601,FALSE,"stable",3,1e-05,"epsilon_fraction"
0.1,0.12,1800,944,0.416049011952717,0.581259631285362,0.0346807581658484,0.0994590097620981,0.0120097256183505,0.0303687539101443,1.21407306300936e-05,2.52868007773147,2.52612639573384,0.604536766510567,0.60413698946782,0.0986649492036504,0.00283249515255113,0.0958324540510993,0.16510234945471,0.16504774976092,FALSE,"stable",4,1e-05,"epsilon_fraction"
0.1,0.12,1800,864,0.416542812670397,0.582452075760673,0.0337005886340939,0.101175739707811,0.00882808336871943,0.0210438530420271,8.62409733114623e-06,2.38373972731067,2.38141334007884,0.580491112958796,0.58008129745049,0.138312525928946,0.0507741053963734,0.0875384205325724,0.136520501370514,0.136472302444215,FALSE,"stable",5,1e-05,"epsilon_fraction"
0.1,0.12,1800,897,0.403650481749258,0.595558127569493,0.0343341192286001,0.101627348145306,0.0102875023480263,0.0244889502083349,9.96067478755629e-06,2.38045634206181,2.37815374078839,0.579912480506212,0.579505738906314,0.109698333752023,0.0224899013138431,0.0872084324381803,0.150274512734681,0.150221803386968,FALSE,"stable",6,1e-05,"epsilon_fraction"
0.1,0.12,1800,901,0.413822200507066,0.581118205319037,0.0334858894794366,0.0992480476331395,0.00987501361961761,0.024796620083697,1.00252164664395e-05,2.51104667181787,2.50850001652802,0.601759691994873,0.60135539429492,0.0175129221553709,-0.0702667494990917,0.0877796716544627,0.15494738956464,0.154895329415285,FALSE,"stable",7,1e-05,"epsilon_fraction"
0.1,0.12,1800,865,0.413830568745579,0.576471630864896,0.0333106205984263,0.0993946714311578,0.00838033663719137,0.0231043804429334,8.4827224963758e-06,2.75697521987335,2.75418738350248,0.637283645935005,0.636916498132997,0.13456548503929,0.0340946280365586,0.100470857002731,0.154631908301142,0.154587359107967,FALSE,"stable",8,1e-05,"epsilon_fraction"
0.1,0.12,1800,893,0.404832878000364,0.580053586977038,0.0337123068388124,0.0970875334678965,0.00910705616109171,0.0249677883893509,9.66164506605326e-06,2.74158717676755,2.73868171859908,0.635247783300824,0.634860818908328,0.109512503661223,0.0124103145358805,0.0971021891253421,0.162646175777734,0.162596629861975,FALSE,"stable",9,1e-05,"epsilon_fraction"
0.1,0.12,1800,888,0.408511330691497,0.602490672759034,0.0328207416139307,0.0973998685301303,0.00891980481979932,0.0235061485270289,9.40239755157088e-06,2.63527610770722,2.63250117897955,0.620533120960129,0.620133123591748,0.0323631931820826,-0.0610506012769334,0.093413794459016,0.149873576396437,0.149825264148415,FALSE,"stable",10,1e-05,"epsilon_fraction"
0.1,0.12,1800,913,0.412920703379509,0.573801924225555,0.0336233424296632,0.102872384929432,0.0111364035205052,0.0279618692557572,1.05231883134047e-05,2.51085273663725,2.5084823813936,0.601728932402748,0.601352591743361,0.110649719153266,0.0171487001341237,0.0935010190191419,0.161793415891247,0.161742812570487,FALSE,"stable",11,1e-05,"epsilon_fraction"
0.1,0.12,1800,960,0.414470093671283,0.577865484608376,0.0336360917350023,0.0987230681542305,0.0126235700229106,0.0305943229167178,1.29522406603791e-05,2.42358721512156,2.4211030755603,0.58738848193262,0.586965127550971,0.154580793709682,0.0695559101107759,0.0850248835989058,0.163409643215798,0.163350744667126,FALSE,"stable",12,1e-05,"epsilon_fraction"
0.1,0.12,1800,901,0.42499523603516,0.594908259423376,0.0355078980844523,0.101815186264612,0.0105100995527868,0.0244578751103118,1.01386868533172e-05,2.32708310587092,2.32484042216408,0.57027748709226,0.569862950391602,0.0975573662326952,0.0103813102307806,0.0871760560019146,0.148680800237212,0.148626752116536,FALSE,"stable",13,1e-05,"epsilon_fraction"
0.1,0.12,1800,902,0.408003083721129,0.583408764303473,0.0339333018558886,0.0986216586186777,0.00975387689263225,0.02508807012284,1.00284234894006e-05,2.57211264802724,2.56947085316527,0.611214539624857,0.610814810851766,0.188080030323245,0.0941090438582886,0.0939709864649561,0.152245106214372,0.152195314611943,FALSE,"stable",14,1e-05,"epsilon_fraction"
0.1,0.12,1800,910,0.41581425111924,0.583685930855774,0.0327644228759201,0.0991302508024742,0.0102527612015749,0.0243512788374523,1.0433461849515e-05,2.37509470460617,2.37268020689838,0.578964157487852,0.578535701063894,0.0798540890335676,-0.00070746420274137,0.080561553236309,0.145011026082559,0.144957359198388,FALSE,"stable",15,1e-05,"epsilon_fraction"
0.1,0.12,1800,917,0.412037914362698,0.583656311226698,0.0322252338393607,0.0981111719918149,0.0104321960987369,0.0267102770477525,1.08377421676637e-05,2.56036953245025,2.55771239035253,0.60943137803901,0.609025626269821,0.06841588972443,-0.0190581801018108,0.0874740698262408,0.15758133728231,0.157528870708818,FALSE,"stable",16,1e-05,"epsilon_fraction"
0.1,0.12,1800,908,0.424986030975156,0.578617617794697,0.0353450129806342,0.103313092585233,0.0111394205871186,0.0271136693665882,1.04364279169766e-05,2.43402869606539,2.43175040989544,0.589158500219615,0.588773586330762,-0.0219146523912561,-0.106196581857442,0.0842819294661856,0.150860339059504,0.150811050347499,FALSE,"stable",17,1e-05,"epsilon_fraction"
0.1,0.12,1800,942,0.411818413576027,0.588156085335782,0.0332481023357958,0.0998135233980158,0.0119286477596924,0.030235077430609,1.19732607841604e-05,2.53466093053524,2.53211934109289,0.605469911989833,0.605073906363202,0.23628340218676,0.147867351963488,0.0884160502232718,0.169051692080544,0.16899639918335,FALSE,"stable",18,1e-05,"epsilon_fraction"
0.1,0.12,1800,906,0.395612677755462,0.578662912111748,0.0320554067001657,0.0964008044482689,0.00951893241294825,0.0232363936059887,1.02429942083864e-05,2.44107139308827,2.4384474640416,0.590343812626115,0.589902995760035,0.0782955311386305,-0.0025554322135648,0.0808509633521953,0.145408933786339,0.145354634343023,FALSE,"stable",19,1e-05,"epsilon_fraction"
0.1,0.12,1800,936,0.419566800076128,0.587472326128175,0.0350562495809972,0.102717828630826,0.0125911300679944,0.0305291698322401,1.19336432274081e-05,2.42465685505407,2.42236098553217,0.587570505939613,0.587179612794041,0.0744705715995306,-0.0168564461298053,0.0913270177293359,0.173863023630289,0.173805181064563,FALSE,"stable",20,1e-05,"epsilon_fraction"
0.1,0.12,1800,844,0.426831625068919,0.591414412845016,0.0327332781914085,0.0995168714514635,0.007746417800674,0.0193242761367072,7.82181406271418e-06,2.49460804128405,2.49209169394018,0.599135421897674,0.598730655685093,0.0291879976033171,-0.0614631832554815,0.0906511808587986,0.134843197715883,0.134797641077193,FALSE,"stable",21,1e-05,"epsilon_fraction"
0.1,0.12,1800,915,0.402701908704486,0.581614119348922,0.0327104034430911,0.104414040306184,0.0116612317230119,0.0276076284543329,1.06961287800436e-05,2.36747104509147,2.36530149987984,0.577608350449176,0.577220916635448,0.0399818425639724,-0.0491832369658978,0.0891650795298702,0.156321017999017,0.156268582635641,FALSE,"stable",22,1e-05,"epsilon_fraction"
0.1,0.12,1800,888,0.422773699452897,0.579291204154786,0.0333782029851277,0.100332525471673,0.00953378735067643,0.0245830338083311,9.47069766598285e-06,2.57851711015842,2.57595819832211,0.612180196105598,0.611794942693028,0.0551665568828003,-0.0379874283178199,0.0931539852006201,0.150734813465143,0.150687376255673,FALSE,"stable",23,1e-05,"epsilon_fraction"
0.1,0.12,1800,903,0.420327447562542,0.578654241423734,0.0333450544859728,0.100498218857608,0.0102680520971304,0.0237457003646986,1.01664969325277e-05,2.31258082254323,2.31029337889495,0.567582680677831,0.567154540139697,0.15679939538911,0.0688779713308254,0.0879214240582847,0.141467029649321,0.141413663683017,FALSE,"stable",24,1e-05,"epsilon_fraction"
0.1,0.12,1800,866,0.410845892133674,0.574739017722394,0.0338934482425203,0.0995065999471913,0.00845609120176456,0.0184939668959393,8.54015758111392e-06,2.1870585894438,2.18485201668238,0.542764878441453,0.542303097708895,0.229338081381245,0.150885554937749,0.0784525264434957,0.119700958935486,0.119650027712103,FALSE,"stable",25,1e-05,"epsilon_fraction"
0.1,0.12,1800,924,0.392309244994931,0.609029802403131,0.0355300712132567,0.102561475967049,0.011796379949636,0.0296408253061647,1.12145080741482e-05,2.51270520555582,2.51031871159919,0.602022554102683,0.601644207415021,0.0534455265378135,-0.0417380138188641,0.0951835403566776,0.16709995956949,0.167047443553294,FALSE,"stable",26,1e-05,"epsilon_fraction"
0.1,0.12,1800,897,0.412094299827778,0.579283138521363,0.034365746139637,0.101358603196796,0.0101302504037501,0.0238339147008815,9.86050020792241e-06,2.35274684740849,2.35045897689131,0.574964896413958,0.574551179224328,0.124294713196228,0.0378269671049252,0.0864677460913026,0.142147149460496,0.142095999118668,FALSE,"stable",27,1e-05,"epsilon_fraction"
0.1,0.12,1800,927,0.410254458351203,0.588774785324637,0.0344066287713004,0.104302525091029,0.012206117584284,0.02868517688315,1.12198720487259e-05,2.35006558679098,2.34790738863331,0.574479961061214,0.574088822735854,0.127064938939189,0.033373981002466,0.0936909579367229,0.164047937070931,0.163992081022578,FALSE,"stable",28,1e-05,"epsilon_fraction"
0.1,0.12,1800,885,0.405982873171003,0.575929489755577,0.0357648590511259,0.106373197820497,0.0105581046931667,0.0252983587379037,9.33085699508651e-06,2.39610796379742,2.39399224322842,0.582656535052297,0.582287702548506,0.0209902301341471,-0.0742557121136207,0.0952459422477678,0.157950241633796,0.157900240988492,FALSE,"stable",29,1e-05,"epsilon_fraction"
0.1,0.12,1800,949,0.411272742750432,0.578697606393328,0.0348879737866576,0.0982735490382264,0.0120190663457246,0.0275263123165371,1.24450730945326e-05,2.29022051503432,2.28785157228723,0.563360823363765,0.562908707840573,0.0383709117791764,-0.050140068094529,0.0885109798737054,0.160076565579274,0.160012319341808,FALSE,"stable",30,1e-05,"epsilon_fraction"
0,0.12,1800,924,0.5,0.5,0,0,0,0.0178918460633597,0.000111259148057797,Inf,160.81235903465,0.999999999999,0.99378157247364,0.170157165549289,0.0732068771198984,0.096950288429391,NA,0.167889348926591,TRUE,"degenerate_or_near_degenerate_observed_weight_variance",1,1e-04,"epsilon_fraction"
0,0.12,1800,891,0.5,0.5,0,0,0,0.0133879517060727,9.60788158023723e-05,Inf,139.343429602742,0.999999999999,0.992823486526412,0.107007208749308,0.020875049593077,0.0861321591562308,NA,0.148115341957885,TRUE,"degenerate_or_near_degenerate_observed_weight_variance",2,1e-04,"epsilon_fraction"
0,0.12,1800,887,0.5,0.5,0,0,0,0.0125786490516547,9.43855877557826e-05,Inf,133.268747387591,0.999999999999,0.992496365279913,0.0776449353027296,0.00428036108403229,0.0733645742186974,NA,0.139888584779329,TRUE,"degenerate_or_near_degenerate_observed_weight_variance",3,1e-04,"epsilon_fraction"
0,0.12,1800,907,0.5,0.5,0,0,0,0.0140358421083517,0.00010316007669456,Inf,136.058856857091,0.999999999999,0.992650239586752,0.0922962196803986,0.00570990125725257,0.086586318423146,NA,0.152094961445745,TRUE,"degenerate_or_near_degenerate_observed_weight_variance",4,1e-04,"epsilon_fraction"
0,0.12,1800,931,0.5,0.5,0,0,0,0.0179905972156722,0.000114778305553385,Inf,156.74213980537,0.999999999999,0.993620094754086,0.0772665866352075,-0.0197192054738189,0.0969857921090264,NA,0.179507931152856,TRUE,"degenerate_or_near_degenerate_observed_weight_variance",5,1e-04,"epsilon_fraction"
0,0.12,1800,929,0.5,0.5,0,0,0,0.0163621576170585,0.000113761449750277,Inf,143.828666503247,0.999999999999,0.993047283102097,0.0818221644439295,0.00232790878558586,0.0794942556583437,NA,0.157099606918307,TRUE,"degenerate_or_near_degenerate_observed_weight_variance",6,1e-04,"epsilon_fraction"
0,0.12,1800,874,0.5,0.5,0,0,0,0.0124262357605359,8.90842425910463e-05,Inf,139.48859415666,0.999999999999,0.992830955060907,0.0624276371803513,-0.0267448098629997,0.0891724470433509,NA,0.144840748830589,TRUE,"degenerate_or_near_degenerate_observed_weight_variance",7,1e-04,"epsilon_fraction"
0,0.12,1800,920,0.5,0.5,0,0,0,0.0163139787902617,0.000109297520661157,Inf,149.262112183113,0.999999999999,0.993300376194776,0.0860250902757184,-0.0120036650124135,0.0980287552881318,NA,0.163781707141985,TRUE,"degenerate_or_near_degenerate_observed_weight_variance",8,1e-04,"epsilon_fraction"
0,0.12,1800,902,0.5,0.5,0,0,0,0.013670612727822,0.000100892852714024,Inf,135.496344489046,0.999999999999,0.992619727094698,0.176125768877851,0.0887331248184388,0.0873926440594127,NA,0.147866354586492,TRUE,"degenerate_or_near_degenerate_observed_weight_variance",9,1e-04,"epsilon_fraction"
0,0.12,1800,894,0.5,0.5,0,0,0,0.0132985983907902,9.73685364676988e-05,Inf,136.580037794877,0.999999999999,0.99267828581581,0.0801584028278475,-0.00907850114797115,0.0892369039758186,NA,0.146162625069892,TRUE,"degenerate_or_near_degenerate_observed_weight_variance",10,1e-04,"epsilon_fraction"
0,0.12,1800,914,0.5,0.5,0,0,0,0.0154575971568605,0.000106420414881095,Inf,145.250299711117,0.999999999999,0.993115332622453,-0.0204215919439987,-0.110236768423203,0.089815176479204,NA,0.16015193839053,TRUE,"degenerate_or_near_degenerate_observed_weight_variance",11,1e-04,"epsilon_fraction"
0,0.12,1800,871,0.5,0.5,0,0,0,0.0134023271773148,8.79032398229053e-05,Inf,152.466816971887,0.999999999999,0.993441195796825,0.119795577465979,0.0325950368743277,0.0872005405916508,NA,0.142431765736277,TRUE,"degenerate_or_near_degenerate_observed_weight_variance",12,1e-04,"epsilon_fraction"
0,0.12,1800,905,0.5,0.5,0,0,0,0.014133139483632,0.000102247120876377,Inf,138.225305147906,0.999999999999,0.992765434672544,0.168517541008874,0.0788818951937176,0.0896356458151562,NA,0.15205501055711,TRUE,"degenerate_or_near_degenerate_observed_weight_variance",13,1e-04,"epsilon_fraction"
0,0.12,1800,915,0.5,0.5,0,0,0,0.0146062336100883,0.000106894570525711,Inf,136.641492063202,0.999999999999,0.992681578743758,0.0519499993496113,-0.0281146398704473,0.0800646392200586,NA,0.151118336667399,TRUE,"degenerate_or_near_degenerate_observed_weight_variance",14,1e-04,"epsilon_fraction"
0,0.12,1800,885,0.5,0.5,0,0,0,0.0133735736424581,9.35501209352325e-05,Inf,142.956241090453,0.999999999999,0.993004852447349,0.0950962735522415,0.0131121441764475,0.081984129375794,NA,0.145443389433449,TRUE,"degenerate_or_near_degenerate_observed_weight_variance",15,1e-04,"epsilon_fraction"
0,0.12,1800,919,0.5,0.5,0,0,0,0.0168153514000646,0.000108812604601365,Inf,154.534959085555,0.999999999999,0.993528972305571,0.163015194497131,0.0665548211237363,0.0964603733733947,NA,0.172629450070608,TRUE,"degenerate_or_near_degenerate_observed_weight_variance",16,1e-04,"epsilon_fraction"
0,0.12,1800,906,0.5,0.5,0,0,0,0.0155710047940273,0.000102702580964821,Inf,151.612594812596,0.999999999999,0.99340424190196,0.103028148139448,0.00885774533978678,0.0941704027996608,NA,0.161345384476983,TRUE,"degenerate_or_near_degenerate_observed_weight_variance",17,1e-04,"epsilon_fraction"
0,0.12,1800,922,0.5,0.5,0,0,0,0.0166611841809937,0.000110273919292656,Inf,151.089072446737,0.999999999999,0.993381387655599,0.0931351187339341,0.000749158008624962,0.0923859607253091,NA,0.166797327831821,TRUE,"degenerate_or_near_degenerate_observed_weight_variance",18,1e-04,"epsilon_fraction"
0,0.12,1800,915,0.5,0.5,0,0,0,0.0166205865749393,0.000106894570525711,Inf,155.485788410007,0.999999999999,0.993568544043633,0.0216340306957479,-0.0751459414314772,0.0967799721272251,NA,0.166510556029236,TRUE,"degenerate_or_near_degenerate_observed_weight_variance",19,1e-04,"epsilon_fraction"
0,0.12,1800,862,0.5,0.5,0,0,0,0.012969443344272,8.44517891808093e-05,Inf,153.572156020339,0.999999999999,0.993488402937655,0.0640973980001821,-0.0281150011566662,0.0922123991568483,NA,0.149679675870626,TRUE,"degenerate_or_near_degenerate_observed_weight_variance",20,1e-04,"epsilon_fraction"
0,0.12,1800,899,0.5,0.5,0,0,0,0.0137155770269392,9.95565415662213e-05,Inf,137.766708356538,0.999999999999,0.992741352305435,0.0609306240285021,-0.0269944294763894,0.0879250535048915,NA,0.152906454913449,TRUE,"degenerate_or_near_degenerate_observed_weight_variance",21,1e-04,"epsilon_fraction"
0,0.12,1800,916,0.5,0.5,0,0,0,0.0151694314141397,0.000107370856452571,Inf,141.28071541313,0.999999999999,0.992921893146734,0.105227340356726,0.0156005988144017,0.0896267415423248,NA,0.162972344057067,TRUE,"degenerate_or_near_degenerate_observed_weight_variance",22,1e-04,"epsilon_fraction"
0,0.12,1800,915,0.5,0.5,0,0,0,0.0152647363586192,0.000106894570525711,Inf,142.801793239326,0.999999999999,0.992997286817512,0.215748675880908,0.122710849991142,0.0930378258897655,NA,0.160853059404216,TRUE,"degenerate_or_near_degenerate_observed_weight_variance",23,1e-04,"epsilon_fraction"
0,0.12,1800,938,0.5,0.5,0,0,0,0.0176051185779025,0.000118410753602748,Inf,148.678376264417,0.999999999999,0.993274072362604,0.00864023090026578,-0.0871268440028738,0.0957670749031396,NA,0.172021308376582,TRUE,"degenerate_or_near_degenerate_observed_weight_variance",24,1e-04,"epsilon_fraction"
0,0.12,1800,869,0.5,0.5,0,0,0,0.0129096148106403,8.71244783740846e-05,Inf,148.174371331218,0.999999999999,0.99325119458233,0.16601470725469,0.0646790416902256,0.101335665564464,NA,0.155636734354895,TRUE,"degenerate_or_near_degenerate_observed_weight_variance",25,1e-04,"epsilon_fraction"
0,0.12,1800,903,0.5,0.5,0,0,0,0.0148815825574781,0.000101342266865024,Inf,146.844776792872,0.999999999999,0.993190088051885,0.0307806233217434,-0.0561175326642225,0.0868981559859658,NA,0.154937382853529,TRUE,"degenerate_or_near_degenerate_observed_weight_variance",26,1e-04,"epsilon_fraction"
0,0.12,1800,927,0.5,0.5,0,0,0,0.018118608370879,0.000112753746413009,Inf,160.691852353285,0.999999999999,0.993776909125414,0.103547004558531,0.00617514683026488,0.0973718577282666,NA,0.178838157681076,TRUE,"degenerate_or_near_degenerate_observed_weight_variance",27,1e-04,"epsilon_fraction"
0,0.12,1800,906,0.5,0.5,0,0,0,0.0154442442075928,0.000102702580964821,Inf,150.378345534305,0.999999999999,0.993350106383689,0.0508825715752201,-0.0383579075801461,0.0892404791553663,NA,0.159922171614699,TRUE,"degenerate_or_near_degenerate_observed_weight_variance",28,1e-04,"epsilon_fraction"
0,0.12,1800,892,0.5,0.5,0,0,0,0.0137230556603305,9.65068214015409e-05,Inf,142.19777898634,0.999999999999,0.99296754135593,0.224587094570306,0.134714278064379,0.0898728165059276,NA,0.149255784887313,TRUE,"degenerate_or_near_degenerate_observed_weight_variance",29,1e-04,"epsilon_fraction"
0,0.12,1800,925,0.5,0.5,0,0,0,0.0151994907566969,0.000111755102040816,Inf,136.00713058403,0.999999999999,0.992647444323648,0.0524894052353497,-0.0313740852472062,0.0838634904825559,NA,0.153880574252651,TRUE,"degenerate_or_near_degenerate_observed_weight_variance",30,1e-04,"epsilon_fraction"
0.001,0.12,1800,883,0.499170584718534,0.500933213785975,0.000331030243296337,0.00100437662543078,9.35381580905033e-07,0.0132752805664189,9.27247390599567e-05,14192.3690154069,141.738879638248,0.999929539599843,0.992944772792389,0.146571105083542,0.0540715095386801,0.0924995955448621,0.147334078043243,0.146818592919712,TRUE,"unstable_good_overlap_warning",1,1e-04,"epsilon_fraction"
0.001,0.12,1800,854,0.499232938931292,0.500918982383881,0.00034911783270658,0.00101041371135928,8.32006004003426e-07,0.011679971454881,8.149444348052e-05,14038.3259239472,141.873863479036,0.999928766435156,0.99295148538654,0.116481314450751,0.0266168225001864,0.0898644919505646,0.133728768921715,0.133261387335555,TRUE,"unstable_good_overlap_warning",2,1e-04,"epsilon_fraction"
0.001,0.12,1800,901,0.499084524075068,0.500794779439106,0.000335863774290013,0.00100465094710676,1.01385274315624e-06,0.0137993567757192,0.000100448737943702,13610.8097244578,136.00438035638,0.999926528985399,0.992647295643128,0.0686317750121436,-0.0106281593947541,0.0792599344068977,0.143849277668675,0.143324726574135,TRUE,"unstable_good_overlap_warning",3,1e-04,"epsilon_fraction"
0.001,0.12,1800,860,0.499140830890388,0.500820594404317,0.000349837109534068,0.00102153816295194,8.73442029863746e-07,0.0117309747007065,8.36998914359411e-05,13430.7421667544,138.707725236462,0.999925543950767,0.992790596210159,0.131484962392995,0.0448867226051357,0.0865982397878589,0.134162631398734,0.133683117155583,TRUE,"unstable_good_overlap_warning",4,1e-04,"epsilon_fraction"
0.001,0.12,1800,839,0.49918118118294,0.500929197644102,0.000325973323659356,0.00101198965974457,7.8065159608141e-07,0.0107011250908358,7.62263460182996e-05,13707.9398089386,138.963021833711,0.999927049577549,0.992803841001697,0.090501247941715,0.00403855776025575,0.0864626901814592,0.126519005742194,0.12606755679731,TRUE,"unstable_good_overlap_warning",5,1e-04,"epsilon_fraction"
0.001,0.12,1800,919,0.499173276496545,0.500878861839335,0.000332303847192572,0.00102613432076773,1.14580219673559e-06,0.0153239621609148,0.000108818121229454,13374.0031259959,139.354450836784,0.999925228071911,0.992824054100925,0.152976442263874,0.0624093851083167,0.0905670571555571,0.152996463728073,0.152452227881667,TRUE,"unstable_good_overlap_warning",6,1e-04,"epsilon_fraction"
0.001,0.12,1800,911,0.499179382663304,0.500793090307025,0.000329427196082754,0.00101986353133802,1.09233890001701e-06,0.015991371165362,0.00010502030496545,14639.5694276868,150.701844594847,0.999931691980086,0.9933643811548,0.157203463397818,0.069000704865372,0.0882027585324463,0.151600793347095,0.151102134458377,TRUE,"unstable_good_overlap_warning",7,1e-04,"epsilon_fraction"
0.001,0.12,1800,922,0.499101010263858,0.500866329147585,0.000326595031499566,0.00101192223357246,1.12906526664951e-06,0.0157413703101235,0.000110261722092225,13941.9489511319,141.316626656105,0.999928274016531,0.992923691828326,0.194047389388359,0.102446427938287,0.0916009614500726,0.15649231243291,0.15594322820094,TRUE,"unstable_good_overlap_warning",8,1e-04,"epsilon_fraction"
0.001,0.12,1800,922,0.4991891073576,0.500910353416282,0.000338281669065688,0.00101665290059889,1.13985753014218e-06,0.0150815952386711,0.000110282134814236,13231.1230481496,135.355641389517,0.999924420625796,0.992612055251378,0.0992574480090077,0.0118639039332125,0.0873935440757952,0.1543865799332,0.153821035885749,TRUE,"unstable_good_overlap_warning",9,1e-04,"epsilon_fraction"
0.001,0.12,1800,897,0.499198809483273,0.500972586704417,0.000325149138281855,0.000987602698934856,9.62463452127608e-07,0.0140018196447518,9.86778573209041e-05,14547.8974955357,140.523630756331,0.999931261544817,0.992883759161233,0.142860783885225,0.0636394464292219,0.0792213374560027,0.144178497143335,0.14366951465601,TRUE,"unstable_good_overlap_warning",10,1e-04,"epsilon_fraction"
0.001,0.12,1800,948,0.499213665233991,0.500857962133549,0.000337197030864544,0.00100663676228123,1.25457354779079e-06,0.0168401600771596,0.000123808525922901,13423.0154197128,134.653308197483,0.999925501091317,0.992573520744597,0.0765545282058633,-0.0155958582974214,0.0921503865032847,0.163670256782859,0.16306745162191,TRUE,"unstable_good_overlap_warning",11,1e-04,"epsilon_fraction"
0.001,0.12,1800,892,0.499235601534684,0.500803525064944,0.000331236191441819,0.000966123583164867,9.00762096888908e-07,0.0146095860060824,9.65038714775996e-05,16219.1393893478,149.988614195751,0.999938344447508,0.993332827259175,0.0157798378771237,-0.0728565339625923,0.088636371839716,0.148464990596623,0.147973803808845,TRUE,"unstable_good_overlap_warning",12,1e-04,"epsilon_fraction"
0.001,0.12,1800,896,0.499096429040322,0.500740965004241,0.000333201508287861,0.00099693568084246,9.76363705841722e-07,0.0137937078335144,9.82375102984451e-05,14127.6327161535,139.030029539199,0.999929216732903,0.992807309303505,0.126051266909541,0.034886493117386,0.0911647737921548,0.146188804365346,0.145667265636191,TRUE,"unstable_good_overlap_warning",13,1e-04,"epsilon_fraction"
0.001,0.12,1800,889,0.499183672236183,0.500757527553797,0.000356148623719132,0.00100859251210222,9.68635451080433e-07,0.013376801645973,9.52201542285098e-05,13809.9443201798,139.068197973296,0.999927588411885,0.992809283397833,0.0736159457141743,-0.0126848835798552,0.0863008292940295,0.139562174158884,0.139064527880192,TRUE,"unstable_good_overlap_warning",14,1e-04,"epsilon_fraction"
0.001,0.12,1800,902,0.499181211594407,0.500794754535948,0.000339018344263753,0.00100308305494188,1.01510867650744e-06,0.0152141206630203,0.000100887823284697,14987.6767040999,149.300126799222,0.999933278518096,0.993302082044814,0.0833446521917385,-0.0134652619871196,0.0968099141788581,0.157081376687882,0.156559656796973,TRUE,"unstable_good_overlap_warning",15,1e-04,"epsilon_fraction"
0.001,0.12,1800,927,0.498983819726822,0.500879330143971,0.000327889623620403,0.00102032358927107,1.17383041684471e-06,0.0156062775525662,0.000112753363023664,13295.1722230169,136.984657317268,0.999924784727627,0.992699912387386,0.1392161551769,0.0495536569600934,0.0896624982168064,0.159562483291899,0.158984985591389,TRUE,"unstable_good_overlap_warning",16,1e-04,"epsilon_fraction"
0.001,0.12,1800,940,0.499177163974709,0.50076174579597,0.000343571786125318,0.0010101982938203,1.21922078895621e-06,0.0167003159883053,0.000119472815352926,13697.5321775825,138.371316966372,0.999926994148505,0.99277306871161,0.164634876550981,0.075114582737374,0.0895202938136066,0.169554681056704,0.168947057249106,TRUE,"unstable_good_overlap_warning",17,1e-04,"epsilon_fraction"
0.001,0.12,1800,913,0.499137370747476,0.500755407411663,0.000354636110637352,0.000997933881482368,1.05513964804002e-06,0.0147584060953397,0.000105951328517763,13987.1590672895,137.920691602232,0.999928505853462,0.992749456311573,0.0305691032939299,-0.058345843248871,0.088914946542801,0.150321201357781,0.149780609050258,TRUE,"unstable_good_overlap_warning",18,1e-04,"epsilon_fraction"
0.001,0.12,1800,885,0.499197134224807,0.500774483511184,0.000325433281252119,0.000950743185449715,8.45632758311531e-07,0.0129052125749884,9.35524910189485e-05,15261.0130676065,136.710477481939,0.999934473550637,0.992685271689347,0.083042587486141,0.00170677609498027,0.0813358113911608,0.137634814423346,0.137135002939793,TRUE,"unstable_good_overlap_warning",19,1e-04,"epsilon_fraction"
0.001,0.12,1800,938,0.499070391858724,0.501137839894834,0.000363538328242374,0.000996348575475919,1.17553572409332e-06,0.0187437662575847,0.000118416773391055,15944.8716643993,156.730532224589,0.999937283910398,0.993619622253518,0.119614485439336,0.0179780441470114,0.101636441292325,0.176195552020107,0.175638063213407,TRUE,"unstable_good_overlap_warning",20,1e-04,"epsilon_fraction"
0.001,0.12,1800,912,0.498872462184818,0.500736356896501,0.000351532006343136,0.0010511012205499,1.16532088672854e-06,0.0149218102811865,0.000105476679618785,12804.8938718306,139.924328223897,0.999921904858407,0.992853279964297,0.148565650984062,0.0643764607218127,0.084189190262249,0.146557006785364,0.146038069335645,TRUE,"unstable_good_overlap_warning",21,1e-04,"epsilon_fraction"
0.001,0.12,1800,906,0.499160247313154,0.500792721150145,0.000341483954260147,0.000975394908523578,9.77104588739628e-07,0.0149729854397804,0.00010270227981188,15323.8308491562,144.416226295523,0.999934742166639,0.993075570345166,0.11683103042427,0.0214560695022414,0.0953749609220289,0.154552720697075,0.154021722092271,TRUE,"unstable_good_overlap_warning",22,1e-04,"epsilon_fraction"
0.001,0.12,1800,891,0.499137070942492,0.500890670911733,0.000324238173313562,0.000977974591043171,9.18950672227124e-07,0.0134083451423102,9.60808987642456e-05,14590.9302289473,138.230576853541,0.999931464273743,0.992765710577483,0.123778480567519,0.0362334376469142,0.0875450429206043,0.143235404190303,0.142721251409771,TRUE,"unstable_good_overlap_warning",23,1e-04,"epsilon_fraction"
0.001,0.12,1800,913,0.499158649323919,0.500790832435871,0.000350510207834831,0.00100131517266002,1.06241427863504e-06,0.015233458451692,0.000105962526546534,14338.5294776568,142.335593313494,0.999930257841185,0.992974350429709,0.0264870188489881,-0.062972985878802,0.08946000472779,0.156488424002863,0.155943176654752,TRUE,"unstable_good_overlap_warning",24,1e-04,"epsilon_fraction"
0.001,0.12,1800,876,0.499198211513967,0.500858715358593,0.00032970092475948,0.000982781174256194,8.68028562228808e-07,0.0139140239459563,8.98711622703706e-05,16029.4540426524,153.340842234594,0.999937614843441,0.993478580230633,0.106037650062595,0.00361825741125399,0.102419392651341,0.154588948762319,0.154088861049685,TRUE,"unstable_good_overlap_warning",25,1e-04,"epsilon_fraction"
0.001,0.12,1800,901,0.499260766343085,0.500925837272406,0.00032826107712991,0.000991089358627683,9.86704499022868e-07,0.0159123466685644,0.000100452669431981,16126.7600221975,156.865584357683,0.999937991264295,0.993625115387198,0.080305934752425,-0.0176286042938056,0.0979345390462306,0.16112614537011,0.160616723851782,TRUE,"unstable_good_overlap_warning",26,1e-04,"epsilon_fraction"
0.001,0.12,1800,902,0.499186281873419,0.500796882108405,0.000326017122995625,0.00102610045744817,1.06228362062009e-06,0.014873713162881,0.00010089292727165,14001.6403097685,145.884776586821,0.999928579796518,0.993145275172664,-0.00393623178762481,-0.0918402694580034,0.0879040376703786,0.155749983081183,0.155220796560888,TRUE,"unstable_good_overlap_warning",27,1e-04,"epsilon_fraction"
0.001,0.12,1800,877,0.499274248652601,0.500770157789583,0.000333384596085784,0.00095914638069717,8.30539795560436e-07,0.0123645042737532,9.02798153111871e-05,14887.3110474011,135.709099797345,0.999932828702456,0.99263129737436,0.155818990595139,0.0698886278443008,0.0859303627508378,0.141638767753,0.141120695590669,TRUE,"unstable_good_overlap_warning",28,1e-04,"epsilon_fraction"
0.001,0.12,1800,926,0.499218472187147,0.500871535999562,0.000331585641340781,0.0010009087333712,1.12454012989511e-06,0.0162433180434927,0.000112249909816018,14444.4094182817,143.271416542632,0.999930769062892,0.993020240714222,0.120886861229191,0.0345643876487671,0.0863224735804238,0.155071319839285,0.154534541338178,TRUE,"unstable_good_overlap_warning",29,1e-04,"epsilon_fraction"
0.001,0.12,1800,873,0.499072248878127,0.500765068498221,0.000315467683944748,0.00102351914160138,9.29131916562036e-07,0.0129537185864997,8.86922026177912e-05,13941.7432073918,144.538336254459,0.999928272958042,0.993081420293648,-0.0357119062713834,-0.13053281291505,0.0948209066436666,0.144606964460682,0.144111027238153,TRUE,"unstable_good_overlap_warning",30,1e-04,"epsilon_fraction"
0.005,0.12,1800,922,0.495731209953504,0.504710057152643,0.00166256723025493,0.00487682539454024,2.62387731990329e-05,0.0166953231817791,0.00011032377453756,636.284442688595,122.254040060688,0.99842837584434,0.991820311218316,-0.0506534409917652,-0.14141717566292,0.0907637346711545,0.156084859775569,0.155567481093593,TRUE,"unstable_good_overlap_warning",1,1e-04,"epsilon_fraction"
0.005,0.12,1800,913,0.49555064289152,0.504409788037524,0.00167663698775855,0.00506098502595495,2.71388999384801e-05,0.0159699601362247,0.0001059551657161,588.452743936794,119.99002403061,0.998300628197755,0.991665973833417,0.107915299100266,0.018273355648193,0.0896419434520727,0.154160822972027,0.153647696568115,TRUE,"unstable_good_overlap_warning",2,1e-04,"epsilon_fraction"
0.005,0.12,1800,917,0.496289416653848,0.504075959167091,0.00161102282237469,0.00506364742794537,2.76548563695731e-05,0.0150668616660866,0.000107856044575794,544.817932327566,111.185606183528,0.998164524438967,0.991006030057979,0.120574745846889,0.0337687020425271,0.0868060438043621,0.153457636811516,0.152906373837979,TRUE,"unstable_good_overlap_warning",3,1e-04,"epsilon_fraction"
0.005,0.12,1800,861,0.495790735045818,0.504380730669042,0.0017448124013385,0.00486070859789805,1.98624999866973e-05,0.0127605166143697,8.40687787569419e-05,642.442624187084,122.778404813486,0.998443440764433,0.991855245215809,0.0941822440131491,0.00572472936248136,0.0884575146506678,0.139183603674261,0.138723644492357,TRUE,"unstable_good_overlap_warning",4,1e-04,"epsilon_fraction"
0.005,0.12,1800,891,0.495993419104139,0.504132380209619,0.00166552395403979,0.00500488442350143,2.40704585249753e-05,0.0142461165419125,9.60939968863475e-05,591.850650752284,118.555162532448,0.998310384556089,0.991565107932552,0.00168534145591193,-0.0884374045529892,0.0901227460089011,0.151007490807402,0.150496470526924,TRUE,"unstable_good_overlap_warning",5,1e-04,"epsilon_fraction"
0.005,0.12,1800,885,0.495449787078604,0.504412495972834,0.00171553676999264,0.00495701392562895,2.29819368501875e-05,0.0136892860689008,9.35290125097259e-05,595.654150393732,117.493558709348,0.998321173453859,0.991488895127657,0.160135197344409,0.0740716559553893,0.0860635413890197,0.145860682008365,0.145360706789916,TRUE,"unstable_good_overlap_warning",6,1e-04,"epsilon_fraction"
0.005,0.12,1800,923,0.495910157823894,0.505182480696462,0.00165201073183446,0.0049864628275328,2.75388814119279e-05,0.0175497406027494,0.00011075443454818,637.271366989807,126.902305298774,0.998430809774612,0.992119922505382,0.139363491619534,0.0404870031015125,0.0988764885180217,0.172460307658379,0.171914399588345,TRUE,"unstable_good_overlap_warning",7,1e-04,"epsilon_fraction"
0.005,0.12,1800,900,0.49596479426769,0.504215845519695,0.00171915927184141,0.00509875202672724,2.59957195132347e-05,0.0137755630400951,9.99940273856167e-05,529.916590040213,109.338762710228,0.998112910562162,0.990854112711608,0.0355613474575373,-0.0491497020741336,0.0847110495316709,0.144758919192647,0.144231577472935,TRUE,"unstable_good_overlap_warning",8,1e-04,"epsilon_fraction"
0.005,0.12,1800,916,0.495345691105989,0.503599519229699,0.00176547488813406,0.00512715552381089,2.82164715974501e-05,0.0150589871149071,0.000107337066721038,533.694904513433,111.092541749264,0.998126270287494,0.990998495630274,0.104153343468219,0.0199266809395156,0.0842266625287037,0.152716581517696,0.152170318123356,TRUE,"unstable_good_overlap_warning",9,1e-04,"epsilon_fraction"
0.005,0.12,1800,909,0.495443504710759,0.504191888374978,0.00170221773385459,0.00505542769314172,2.65914898797306e-05,0.0141411889408912,0.000104046353605175,531.79378082423,108.247262536335,0.998119571841457,0.990761891094804,-0.0164755233696822,-0.0934565226195715,0.0769809992498893,0.142433247287833,0.141907299873107,TRUE,"unstable_good_overlap_warning",10,1e-04,"epsilon_fraction"
0.005,0.12,1800,911,0.495535557702465,0.504182293644987,0.00165647742984332,0.00513005942052322,2.76413264411695e-05,0.0156880801693331,0.000105030174968182,567.558876116992,118.247551302885,0.998238068256739,0.991543165258124,0.0167566701555175,-0.0764943788030412,0.0932510489585587,0.158137570390683,0.157606386080543,TRUE,"unstable_good_overlap_warning",11,1e-04,"epsilon_fraction"
0.005,0.12,1800,920,0.49585803602414,0.504178336705472,0.00159019493803958,0.00488272459463992,2.60654314081019e-05,0.0175460664237697,0.000109330279731225,673.154652576203,129.591006067498,0.998514457270446,0.992283415104601,-0.0171525324616915,-0.11443969916592,0.0972871667042281,0.167677869826786,0.167153869920141,TRUE,"unstable_good_overlap_warning",12,1e-04,"epsilon_fraction"
0.005,0.12,1800,882,0.495193988940103,0.504216396459345,0.00171406419470588,0.00502066186682104,2.32646713488822e-05,0.013512109596448,9.22943201501702e-05,580.799504700382,116.928240902472,0.998278235446299,0.991447746136589,0.142414750436964,0.0437825704619978,0.0986321799749662,0.148103324528661,0.147595773364242,TRUE,"unstable_good_overlap_warning",13,1e-04,"epsilon_fraction"
0.005,0.12,1800,879,0.495424744331079,0.503716912413829,0.00164979324441028,0.00493446617185114,2.21778647604591e-05,0.0128322173894086,9.10834304151851e-05,578.604727191194,113.297462910949,0.998271704407162,0.991173677024118,0.0306724138256462,-0.0524889180472188,0.083161331872865,0.140143239685715,0.139644119509917,TRUE,"unstable_good_overlap_warning",14,1e-04,"epsilon_fraction"
0.005,0.12,1800,892,0.496123378545634,0.504484642746532,0.00169247361113195,0.00509514522062648,2.50480907774134e-05,0.0147330467246468,9.64853763506861e-05,588.190407627078,121.226252099908,0.998299870268143,0.991750961671439,0.073846521169132,-0.021343694638827,0.0951902158079591,0.15274767150171,0.152245830056275,TRUE,"unstable_good_overlap_warning",15,1e-04,"epsilon_fraction"
0.005,0.12,1800,899,0.495651800084573,0.503899010866809,0.00168751724841115,0.00470752491362242,2.20561211135183e-05,0.0151166137387103,9.95276806692339e-05,685.370453893874,124.330819706731,0.998540935060275,0.991956941952456,0.00233290376768991,-0.0881862387100165,0.0905191424777064,0.153318002802594,0.152811707006999,TRUE,"unstable_good_overlap_warning",16,1e-04,"epsilon_fraction"
0.005,0.12,1800,910,0.495817545753215,0.503940205203245,0.00165734010586438,0.00499501029144965,2.60830268570782e-05,0.0152354966568919,0.000104540654276166,584.115361318099,116.636558736626,0.998288009413511,0.991426358846388,0.192228263132061,0.100836309845345,0.0913919532867155,0.152743417298146,0.152217577499798,TRUE,"unstable_good_overlap_warning",17,1e-04,"epsilon_fraction"
0.005,0.12,1800,880,0.49501081353162,0.504134445884991,0.00165218620523516,0.00487551385039103,2.17570671171712e-05,0.0136830737671493,9.15291780706846e-05,628.902493771798,120.78318726567,0.99840992839128,0.991720702006311,0.0766866827094979,-0.0192542136483702,0.0959408963578681,0.147153502508688,0.146659718665455,TRUE,"unstable_good_overlap_warning",18,1e-04,"epsilon_fraction"
0.005,0.12,1800,934,0.496029383068392,0.50393374604199,0.001720983045991,0.00501253506992805,2.92384040608816e-05,0.0166472066150462,0.00011636940539431,569.360987705847,114.329078071662,0.998243645030845,0.991253318780606,0.0164965865918848,-0.0793099349132329,0.0958065215051177,0.1609002559067,0.160335904079792,TRUE,"unstable_good_overlap_warning",19,1e-04,"epsilon_fraction"
0.005,0.12,1800,916,0.495942771660195,0.504303742076503,0.00169941974963328,0.00484832280971632,2.52313755704192e-05,0.0146419858211806,0.000107339080765854,580.308662931027,110.44682371795,0.998276779128285,0.990945869094853,0.0812575030262074,-0.00609166365518266,0.08734916668139,0.151840935233905,0.151282381039935,TRUE,"unstable_good_overlap_warning",20,1e-04,"epsilon_fraction"
0.005,0.12,1800,947,0.495431359028904,0.503915522301834,0.00166946606456742,0.00511786688925425,3.22927944830686e-05,0.0176863498274049,0.000123289944314328,547.687188752836,113.678097995411,0.998174140238195,0.991203230722242,0.0168426043029442,-0.0763452154421689,0.093187819745113,0.169433868673594,0.168841197782525,TRUE,"unstable_good_overlap_warning",21,1e-04,"epsilon_fraction"
0.005,0.12,1800,907,0.496191587977988,0.503785369498595,0.00163784776537079,0.00489320960777581,2.47048543955996e-05,0.0152808380130223,0.000103179794606151,618.535845964915,119.489228240468,0.998383278824463,0.991631044783489,0.0806397780466466,-0.0165523680468267,0.0971921460934733,0.160598108404022,0.160054111047441,TRUE,"unstable_good_overlap_warning",22,1e-04,"epsilon_fraction"
0.005,0.12,1800,908,0.495881677703414,0.504143042647406,0.00172949440776848,0.00508753125713704,2.68222476627609e-05,0.0148740680185336,0.000103628923630667,554.54219219608,114.020195227507,0.99819671070286,0.991229623857382,0.184524720333205,0.0867314578988123,0.0977932624343927,0.156076653109008,0.155531017334383,TRUE,"unstable_good_overlap_warning",23,1e-04,"epsilon_fraction"
0.005,0.12,1800,915,0.4947382122092,0.503733675705034,0.00176601552958944,0.00500569955661265,2.67949616331899e-05,0.0171991371579264,0.000106935912665204,641.879521731522,128.610070398179,0.998442075239755,0.992224559111864,0.196342968508402,0.0913370398920218,0.10500592861638,0.171369297674096,0.170834887443811,TRUE,"unstable_good_overlap_warning",24,1e-04,"epsilon_fraction"
0.005,0.12,1800,924,0.495458104405997,0.504155729642288,0.00161686830921581,0.00479868310467644,2.56287114112005e-05,0.016735861537231,0.000111296787491746,653.012212307988,122.226040228588,0.99846863507121,0.991818437395748,0.0195987643407172,-0.0712250112329386,0.0908237755736557,0.158217567714617,0.157689791526224,TRUE,"unstable_good_overlap_warning",25,1e-04,"epsilon_fraction"
0.005,0.12,1800,933,0.496169449455517,0.503494982183881,0.00167968651011402,0.00491148271842831,2.79567522932525e-05,0.0184813585644501,0.000115894140213081,661.069582424662,128.475800479558,0.998487299935459,0.992216433007093,0.0658677856739839,-0.0231859570439252,0.0890537427179091,0.167169448393604,0.166643678823265,TRUE,"unstable_good_overlap_warning",26,1e-04,"epsilon_fraction"
0.005,0.12,1800,900,0.495303381578437,0.504406158173353,0.00165122681353158,0.00511617263949722,2.61764574241829e-05,0.0145811825431709,0.000100004718000178,557.034219981965,115.55751081041,0.998204778155223,0.991346300270861,0.0486079551871851,-0.043083608294291,0.0916915634814761,0.149418449272085,0.148904251434702,TRUE,"unstable_good_overlap_warning",27,1e-04,"epsilon_fraction"
0.005,0.12,1800,900,0.49654821295575,0.504699230432964,0.00165147807798,0.00485230304170951,2.35384613121575e-05,0.0141807265256386,9.99728879231196e-05,602.449171913982,114.813145621344,0.998340108930978,0.991290195956324,0.151839104301656,0.0690259645466642,0.0828131397549915,0.144032522000789,0.143523068499161,TRUE,"unstable_good_overlap_warning",28,1e-04,"epsilon_fraction"
0.005,0.12,1800,874,0.495875076332898,0.504166698309861,0.00163628512550584,0.00489596624929913,2.1354870732289e-05,0.0126875033576292,8.9088186051011e-05,594.126909812919,114.878234333222,0.998316857924656,0.991295130833058,0.0356096279330287,-0.0528528441492941,0.0884624720823228,0.140908037356773,0.140411619959504,TRUE,"unstable_good_overlap_warning",29,1e-04,"epsilon_fraction"
0.005,0.12,1800,917,0.495868681437185,0.504091391847744,0.0016699779933389,0.00496166511851267,2.65502501827116e-05,0.0159830981163441,0.000107848403435028,601.994256413886,118.923052323155,0.99833885458317,0.991591201365378,0.0743405830686746,-0.0249591622962865,0.0992997453649611,0.161740213673316,0.161192695547914,TRUE,"unstable_good_overlap_warning",30,1e-04,"epsilon_fraction"
0.02,0.12,1800,925,0.479298229087368,0.51491557522661,0.00690761140794,0.0201074675843779,0.00045119801333195,0.0170960653909232,0.000111596975433354,37.8903826829252,30.3770746580911,0.973608078641796,0.967080437755923,0.189237110807599,0.0977494295123729,0.0914876812952262,0.161313239189679,0.160771560338341,FALSE,"stable",1,1e-04,"epsilon_fraction"
0.02,0.12,1800,911,0.483998569616734,0.515122738128804,0.00658411074704024,0.0198960792874849,0.000415943070394115,0.0146299268064845,0.000105074876305719,35.1729066975977,28.0795064721889,0.971569025881267,0.964386838458488,-0.0495125358852416,-0.138603138663791,0.0890906027785491,0.147371908235027,0.146826184762524,TRUE,"unstable_good_overlap_warning",2,1e-04,"epsilon_fraction"
0.02,0.12,1800,875,0.483254755701334,0.517004876786794,0.00686468720107691,0.0200292556194611,0.000358574652396266,0.0137984168456634,8.93819793285355e-05,38.4812946298686,30.8030194631438,0.974013348313292,0.967535650159345,0.159990920959422,0.0728550556437453,0.0871358653156763,0.142678835857683,0.142203599959586,FALSE,"stable",3,1e-04,"epsilon_fraction"
0.02,0.12,1800,912,0.485419149296231,0.517321082838128,0.00661110372217499,0.0197939586393855,0.000414071806162389,0.0153797449406905,0.000105684268031934,37.1427001592542,29.5903130416142,0.973076809286552,0.966205156444487,0.0937844914356947,0.00841688661494167,0.085367604820753,0.152465805958519,0.151926512307174,TRUE,"unstable_good_overlap_warning",4,1e-04,"epsilon_fraction"
0.02,0.12,1800,901,0.48259180553745,0.515488570008563,0.00659271355555352,0.0196123875148719,0.000386466728800656,0.0130223010520911,0.0001004734186704,33.6957882312507,26.7431246318936,0.970322700477071,0.962607211619266,0.042563371279265,-0.0357514021862143,0.0783147734654793,0.135456794777757,0.134917179842702,TRUE,"unstable_good_overlap_warning",5,1e-04,"epsilon_fraction"
0.02,0.12,1800,888,0.482027854493059,0.518815424268888,0.00663267159107661,0.019678475268519,0.000366349432975833,0.0143109097679765,9.46046826181484e-05,39.0635510248504,31.0462783254154,0.974400688781113,0.967790020126781,0.194997906417106,0.107379050134733,0.0876188562823724,0.144478683387293,0.143987752825699,TRUE,"unstable_good_overlap_warning",6,1e-04,"epsilon_fraction"
0.02,0.12,1800,885,0.48521239637348,0.515960994471754,0.0065234170459143,0.0192964312221473,0.000347668938673141,0.0129205560253631,9.33709763500844e-05,37.1633890409472,29.2956614248457,0.973091797443495,0.965865252690561,0.18300449207161,0.0982254148765244,0.0847790771950853,0.140130833744565,0.139609532023993,TRUE,"unstable_good_overlap_warning",7,1e-04,"epsilon_fraction"
0.02,0.12,1800,900,0.480295777954671,0.516270063635226,0.00713250944887567,0.0211321057514915,0.000447334489310339,0.0149509921180242,0.000100172112521202,33.4223997373292,27.3074188841002,0.970079946148118,0.963379915024402,0.229357312242059,0.140284436312456,0.0890728759296034,0.151281017599019,0.150757687675856,FALSE,"stable",8,1e-04,"epsilon_fraction"
0.02,0.12,1800,877,0.483445138871405,0.516510857055688,0.00719494963165618,0.019612660426342,0.000346918752068396,0.014131388074174,9.01892462666851e-05,40.733998926031,32.3292827584937,0.975450482978214,0.969068289962688,0.156382172785251,0.0668780983820472,0.0895040744032041,0.142060640566709,0.141595139580151,TRUE,"unstable_good_overlap_warning",9,1e-04,"epsilon_fraction"
0.02,0.12,1800,877,0.484740397550384,0.514485955035131,0.00677400292412822,0.0199289369595772,0.000358206421426643,0.0137980373875345,9.01913941692591e-05,38.5197935106258,30.7718657576364,0.974039320856584,0.967502782968178,0.112205942766975,0.0199046591135503,0.092301283653425,0.147373508662135,0.146878182607885,TRUE,"unstable_good_overlap_warning",10,1e-04,"epsilon_fraction"
0.02,0.12,1800,912,0.484260379400082,0.519621269194107,0.00662898326085753,0.0198052877517052,0.000414170560524416,0.0166430285453753,0.000105588571025279,40.1839969608225,32.020656367793,0.975114471540127,0.968770159221164,0.0812369518449423,-0.00878307578808624,0.0900200276330285,0.155176306765941,0.154670677151718,TRUE,"unstable_good_overlap_warning",11,1e-04,"epsilon_fraction"
0.02,0.12,1800,900,0.484756131171047,0.5173788737662,0.0068466429803512,0.0204411457763018,0.000418933617486938,0.0156693771336181,0.000100261625427453,37.4030072535458,30.1801246206754,0.973264181855185,0.966865610643803,0.0795129849487172,-0.0193888679458063,0.0989018528945235,0.159745807925195,0.159219830254134,FALSE,"stable",12,1e-04,"epsilon_fraction"
0.02,0.12,1800,893,0.483584046765445,0.516956196549205,0.00688296139049682,0.0204086265322838,0.000403779429941203,0.0148219932448605,9.69430398490386e-05,36.708143470852,29.6012145232261,0.972758088384556,0.966217602348195,0.109393542046433,0.0233715611284058,0.0860219809180272,0.147175050740359,0.146679439406537,FALSE,"stable",13,1e-04,"epsilon_fraction"
0.02,0.12,1800,890,0.484669024153284,0.516016819505597,0.0068975664995754,0.0201235947398714,0.000387961035302554,0.0136084091812088,9.58025313147788e-05,35.076742102712,28.1302895056034,0.971491080982613,0.964451130166975,0.122214118066969,0.0366459778790686,0.0855681401879002,0.141025073419625,0.14051317230407,FALSE,"stable",14,1e-04,"epsilon_fraction"
0.02,0.12,1800,912,0.483676889577297,0.521354026397932,0.00670788634694064,0.0202567212830219,0.000433173013252734,0.016317803859607,0.000105565762031467,37.6704073438813,30.288898086088,0.973453963720877,0.966984602835079,0.0696954484549176,-0.0235591347383879,0.0932545831933055,0.159324746950333,0.1587944458068,FALSE,"stable",15,1e-04,"epsilon_fraction"
0.02,0.12,1800,923,0.482768888319987,0.51730220135399,0.00699266061745185,0.0200869049837017,0.000447965340397688,0.015490331090904,0.000111024381619412,34.5793071337891,27.7112985816762,0.971080970589406,0.963913636271768,0.0639286613912033,-0.0226206493599534,0.0865493107511568,0.150930335491866,0.150372312175869,FALSE,"stable",16,1e-04,"epsilon_fraction"
0.02,0.12,1800,887,0.483597697754669,0.518235460160249,0.00689930374851938,0.0214200576065188,0.00043258556277998,0.0151518122812784,9.42824266995422e-05,35.0261626483935,28.7582707316238,0.971449912739845,0.965227394604768,0.0934823501860093,0.000329818848289642,0.0931525313377196,0.149062082442408,0.148583914915647,FALSE,"stable",17,1e-04,"epsilon_fraction"
0.02,0.12,1800,902,0.480904955035961,0.517686057999997,0.00665328969614276,0.0193266232594022,0.000376551589074531,0.0133641426096475,0.000100812067821774,35.4908676457672,27.9957269821035,0.971823737588471,0.964280263175903,-0.00746509202615087,-0.0858898965137919,0.078424804487641,0.137668181295917,0.137132837553899,TRUE,"unstable_good_overlap_warning",18,1e-04,"epsilon_fraction"
0.02,0.12,1800,871,0.48148339107185,0.515227145774072,0.00683902855996754,0.020081717696607,0.000354102983421524,0.0123242298856286,8.78067434872328e-05,34.8040837344706,27.8885689433426,0.97126773950927,0.964143014938071,0.183595202894658,0.10148809260063,0.0821071102940275,0.137202084408,0.136697935918646,FALSE,"stable",19,1e-04,"epsilon_fraction"
0.02,0.12,1800,887,0.482404253218629,0.516877596057553,0.00659041089241041,0.0193246179716761,0.000352755720612143,0.0145845184590109,9.44609330770971e-05,41.3445271240453,32.6117516838837,0.975813001875684,0.969336207092053,0.0714676239572424,-0.016160767454636,0.0876283914118784,0.142596161058138,0.142122144171175,TRUE,"unstable_good_overlap_warning",20,1e-04,"epsilon_fraction"
0.02,0.12,1800,909,0.484109512569696,0.516183926448265,0.00697042151985816,0.0197543090367075,0.0004058773393214,0.0154156452464569,0.000104009047109747,37.9810444018158,30.2334905514066,0.973671076829257,0.966924097027444,0.102392379800868,0.00913341798527001,0.0932589618155976,0.155105575178675,0.154567244824187,TRUE,"unstable_good_overlap_warning",21,1e-04,"epsilon_fraction"
0.02,0.12,1800,879,0.484369849587865,0.516340010582232,0.00666928602173766,0.0197381098168366,0.000355126291678573,0.0138880796042439,9.11531548800293e-05,39.1074384794189,31.119693526868,0.974429417039772,0.967866007448414,0.106961331801949,0.0176631080544603,0.0892982237474886,0.147457211706059,0.146959762994668,TRUE,"unstable_good_overlap_warning",22,1e-04,"epsilon_fraction"
0.02,0.12,1800,906,0.484055309635619,0.516816325813641,0.00721684830627117,0.019734798737347,0.000399854935559256,0.0149035520920193,0.00010266846235367,37.2723974787868,29.6574291941759,0.97317049431636,0.966281635759704,0.205942595757966,0.119539264952279,0.0864033308056877,0.1496536127582,0.149122989647166,TRUE,"unstable_good_overlap_warning",23,1e-04,"epsilon_fraction"
0.02,0.12,1800,874,0.482923779513699,0.519505773791634,0.00658333379126447,0.020120760253857,0.00036043166244206,0.0141522172524762,8.90295467406365e-05,39.2646338465095,31.4870715499802,0.974531788481484,0.968240933476056,0.123598125009046,0.0213141839322522,0.102283941076794,0.152762166988852,0.152268309033869,FALSE,"stable",24,1e-04,"epsilon_fraction"
0.02,0.12,1800,940,0.483759474335041,0.516428151470679,0.00652518559514059,0.0195686144119764,0.000458851064426874,0.017357025990913,0.000119826146184987,37.8271455305279,29.9943140538758,0.973563958211096,0.966660347751117,0.174884943297718,0.0929506794959042,0.0819342638018138,0.157469746090441,0.156910438284623,TRUE,"unstable_good_overlap_warning",25,1e-04,"epsilon_fraction"
0.02,0.12,1800,895,0.481521842303341,0.514083856872571,0.00677977693656179,0.0199747815541866,0.000389847352245192,0.0139982927520936,9.77080873233345e-05,35.9071125441156,28.7111815724622,0.97215036439448,0.965170364114895,0.149865674368091,0.063626139072819,0.0862395352952724,0.139826876277389,0.139323996329972,TRUE,"unstable_good_overlap_warning",26,1e-04,"epsilon_fraction"
0.02,0.12,1800,880,0.482679490526587,0.517515693296039,0.00678070862625063,0.0191012488538689,0.000334033255438839,0.0129420182767148,9.15516510460037e-05,38.7447000141112,30.4099559911807,0.974190018257057,0.967116032647663,0.0508033196130271,-0.0338808173938285,0.0846841370068556,0.136205020364904,0.135709599642011,TRUE,"unstable_good_overlap_warning",27,1e-04,"epsilon_fraction"
0.02,0.12,1800,948,0.483537900672741,0.515946253643375,0.00648746143401624,0.0203069122182238,0.000510930221452271,0.0193522696959639,0.000123900713963504,37.8765414207774,30.4841314692539,0.973598434215764,0.967196047523657,0.0818610046451138,-0.0143015327065117,0.0961625373516255,0.17083018640147,0.17026756998378,FALSE,"stable",28,1e-04,"epsilon_fraction"
0.02,0.12,1800,901,0.481848377576594,0.513769871705424,0.00704556871961792,0.0202149752302744,0.000410275966106783,0.0157990869588661,0.00010039906071383,38.508438865644,30.9376533589842,0.97403166605925,0.967676927904113,-0.0312750944345083,-0.129351199409522,0.0980761049750134,0.155789519691434,0.155280490231399,FALSE,"stable",29,1e-04,"epsilon_fraction"
0.02,0.12,1800,894,0.481601114884518,0.516105292278608,0.00675453998544162,0.0194683659851722,0.000368568059865373,0.0151901399239106,9.72430770362247e-05,41.2139346243382,32.6100831872544,0.975736361764172,0.969334638177469,0.134284179005902,0.0409638280418598,0.093320350964042,0.149613033056408,0.14912142616575,TRUE,"unstable_good_overlap_warning",30,1e-04,"epsilon_fraction"
0.1,0.12,1800,881,0.403712020125148,0.585759507935878,0.0318261380694729,0.10198797608623,0.00941842997882177,0.0236747568610467,9.05483553341963e-05,2.51366277758412,2.48972665927818,0.602174162374677,0.59834948295492,0.160028049376649,0.0780446017504397,0.0819834476262096,0.14236923190298,0.141916386131973,FALSE,"stable",1,1e-04,"epsilon_fraction"
0.1,0.12,1800,911,0.426745237435309,0.588207263636533,0.0331382998449081,0.0946681393485985,0.00946158481780103,0.0246190542870022,0.000105573812261404,2.60200111937737,2.57328797806728,0.615680411298483,0.611392114476409,0.10800476842654,0.018522355484075,0.0894824129424648,0.156235019256207,0.155689969556881,FALSE,"stable",2,1e-04,"epsilon_fraction"
0.1,0.12,1800,903,0.377018909367277,0.591884052849466,0.0343043194415494,0.103424205344606,0.0108314666171252,0.025955374521298,0.000101261155802661,2.39629363582776,2.37409867513301,0.58268887207783,0.578787516090091,0.176436760316673,0.07879974118066,0.0976370191360131,0.159249680543582,0.158715662157452,FALSE,"stable",3,1e-04,"epsilon_fraction"
0.1,0.12,1800,888,0.407895345263443,0.582505369878485,0.0336165441882387,0.101016623820263,0.00972826454320016,0.0230871727872172,9.53344077951266e-05,2.37320569200132,2.35017460529353,0.578629023446888,0.574499699831832,0.0758518570338981,-0.00730975303576842,0.0831616100696665,0.140936589913418,0.140432800107435,FALSE,"stable",4,1e-04,"epsilon_fraction"
0.1,0.12,1800,896,0.399108910066804,0.580260893130984,0.0349038484013948,0.10161450504619,0.0101745623087561,0.0253776179608607,9.85381316604431e-05,2.49422207960938,2.47029785292665,0.599073391188723,0.595190515663824,0.049336587752064,-0.0403934564109523,0.0897300441630162,0.152944348529073,0.152447890761928,FALSE,"stable",5,1e-04,"epsilon_fraction"
0.1,0.12,1800,894,0.409594136123927,0.586495470986527,0.0343126063865732,0.099685882133077,0.00967033562638375,0.0229549897657811,9.73137558569152e-05,2.37375316148827,2.35010378315968,0.578726206151515,0.574486877062291,0.0632719776043696,-0.023200382808356,0.0864723604127257,0.14534846727432,0.144815129961323,FALSE,"stable",6,1e-04,"epsilon_fraction"
0.1,0.12,1800,948,0.403279974417083,0.587652343762593,0.0322735200261131,0.0952956466358351,0.011233265774591,0.029532102204421,0.00012369721209834,2.62898633371792,2.6003520693898,0.619625257395006,0.615436689603857,0.0716080761312692,-0.013032705454181,0.0846407815854502,0.163193974611755,0.162641456691352,FALSE,"stable",7,1e-04,"epsilon_fraction"
0.1,0.12,1800,926,0.399489164989827,0.578635399889184,0.0330827910332288,0.09932247382709,0.0111547802216733,0.0291811828239966,0.000113074834811773,2.61602490090291,2.58977264774113,0.617740641667877,0.613865718725453,0.135972849174995,0.0365171008192564,0.0994557483557389,0.171880794626053,0.171340865303492,FALSE,"stable",8,1e-04,"epsilon_fraction"
0.1,0.12,1800,902,0.409272154455324,0.582929885772634,0.034773448664476,0.100531763930848,0.0103014352666788,0.026094203928847,0.000101927443672951,2.53306488400231,2.50824705966295,0.605221324445517,0.601315190962738,0.0533638139785242,-0.0340826733632524,0.0874464873417766,0.151719616750004,0.151229220610783,FALSE,"stable",9,1e-04,"epsilon_fraction"
0.1,0.12,1800,883,0.41588126188516,0.579641025749223,0.0325310037565296,0.101080930726154,0.00949330424507284,0.0224037903876813,9.291352465659e-05,2.35995706124232,2.33708339679348,0.576263476813606,0.572116253372894,0.113158041869647,0.0278264433497164,0.0853315985199302,0.146873597888063,0.146344137380405,FALSE,"stable",10,1e-04,"epsilon_fraction"
0.1,0.12,1800,884,0.422331100033943,0.592469439971709,0.0328019585583786,0.101676095337315,0.00962273656575921,0.0239151702583106,9.30809650335207e-05,2.48527745666533,2.46146762045657,0.597630438678759,0.593738308117775,0.0917809514280117,0.0037735550881941,0.0880073963398176,0.148282824702939,0.147799182293342,FALSE,"stable",11,1e-04,"epsilon_fraction"
0.1,0.12,1800,908,0.409727304648816,0.599465045564486,0.0347121674903652,0.100357417513784,0.0104134665794536,0.0230111922007307,0.000103394246669483,2.20975330598682,2.18802859343472,0.547460796962842,0.542967581410707,0.157714328332884,0.0749439529837155,0.0827703753491686,0.141100109514646,0.1405198858432,FALSE,"stable",12,1e-04,"epsilon_fraction"
0.1,0.12,1800,905,0.414525212831395,0.581490721311456,0.0343548575192909,0.102080841886371,0.0106785301332097,0.0234685325324915,0.000102476194957672,2.19773060896326,2.17684062304792,0.54498517883785,0.54061864271908,0.0360601657832758,-0.0491159190749537,0.0851760848582295,0.137758238802098,0.137205254896353,FALSE,"stable",13,1e-04,"epsilon_fraction"
0.1,0.12,1800,876,0.41161864675139,0.573428700439633,0.033327785525222,0.0999432625120975,0.00892728006597676,0.0203488888174021,8.93741892285453e-05,2.27940522387718,2.25681147812168,0.561289063688712,0.556896971814284,0.113602229476317,0.026960266457811,0.086641963018506,0.131738048722259,0.131221610758566,FALSE,"stable",14,1e-04,"epsilon_fraction"
0.1,0.12,1800,926,0.408393960494368,0.578232543032617,0.0337814534306299,0.100513266413195,0.011274545308563,0.0280124218104555,0.000111596933988458,2.48457219726459,2.46022060973115,0.597516223879121,0.593532386467862,0.0743813469528747,-0.019915468948535,0.0942968159014097,0.161973062712581,0.161432195799067,FALSE,"stable",15,1e-04,"epsilon_fraction"
0.1,0.12,1800,918,0.415928076171285,0.600417700599029,0.0322935860249805,0.0999771018978811,0.0108969945060001,0.0261749305857113,0.00010901986630447,2.40203209896994,2.37823881564044,0.58368582983182,0.579520780914212,0.110871837020999,0.0163841877560649,0.0944876492649345,0.157898507302465,0.157334134829333,FALSE,"stable",16,1e-04,"epsilon_fraction"
0.1,0.12,1800,912,0.414346492262493,0.590530915339099,0.0331504383998076,0.0950808447492985,0.00962436478618645,0.0241856148410356,0.00010645988979735,2.51295699802947,2.48546404301446,0.602062430521434,0.597660644976717,0.150795777083065,0.0680483638138949,0.08274741326917,0.149861310617753,0.149312474265238,FALSE,"stable",17,1e-04,"epsilon_fraction"
0.1,0.12,1800,905,0.408036111284583,0.574013742264778,0.0323367514006224,0.101605729652807,0.010663684925486,0.0252588656905097,0.000103293003739584,2.36868079533571,2.34595685591104,0.577824077448869,0.57373470126685,0.0568053585454209,-0.0274789370416086,0.0842842955870295,0.150956474855848,0.150421351849254,FALSE,"stable",18,1e-04,"epsilon_fraction"
0.1,0.12,1800,894,0.423687079772784,0.57928189430916,0.0325342769694946,0.0981141521899731,0.00941502592902368,0.0245527301119773,9.78043586445427e-05,2.60782395046716,2.58101210360136,0.616538532127193,0.612555090848016,0.137149831518848,0.0353290717773016,0.101820759741546,0.155540231681475,0.155036946505476,FALSE,"stable",19,1e-04,"epsilon_fraction"
0.1,0.12,1800,884,0.417757369639353,0.595973322678829,0.0328325162171607,0.0982514529218709,0.00902682283842742,0.0234181665174407,9.35097630091704e-05,2.59428670935569,2.56768777421034,0.614537592782736,0.610544549051514,0.0690561145735076,-0.0274536305412882,0.0965097451147958,0.153958779723069,0.153457780244752,FALSE,"stable",20,1e-04,"epsilon_fraction"
0.1,0.12,1800,877,0.40307490430158,0.571912028721012,0.0329299020201701,0.0987402484476198,0.00886029078955966,0.0199786261200159,9.08781639292497e-05,2.25484993602662,2.23195721406071,0.556511507030863,0.551962737591798,0.0516147855356479,-0.0326988284337286,0.0843136139693765,0.129874016476306,0.129342150468556,FALSE,"stable",21,1e-04,"epsilon_fraction"
0.1,0.12,1800,905,0.419933949106136,0.58897974584964,0.0335152749750688,0.101188495394923,0.0103976589833642,0.0243799671281201,0.000101548448627821,2.34475540764773,2.32207690780852,0.573516283729055,0.569351042320231,0.0507925597664387,-0.0470663086016341,0.0978588683680728,0.149721611136293,0.149176933420565,FALSE,"stable",22,1e-04,"epsilon_fraction"
0.1,0.12,1800,890,0.414301058731194,0.586213875144679,0.0333488557892311,0.0981805169965945,0.00924558306269482,0.0226552448595029,9.59143692927238e-05,2.45038573618088,2.42522625782948,0.591900987165155,0.587667337522984,0.171499633131923,0.0869950527752847,0.0845045803566382,0.143341643835881,0.142828088892514,FALSE,"stable",23,1e-04,"epsilon_fraction"
0.1,0.12,1800,899,0.415412120817126,0.574136488550175,0.0340638132486321,0.0988836991328115,0.00970183090905246,0.0240289359749128,9.92211581659788e-05,2.47674240049805,2.45166904635496,0.596243840377219,0.592114603932061,0.162673327351962,0.0654129567222814,0.0972603706296808,0.151975022549847,0.151447863162107,FALSE,"stable",24,1e-04,"epsilon_fraction"
0.1,0.12,1800,896,0.409824232362683,0.583523151249655,0.0335085999988312,0.100761997737984,0.00995142221696957,0.0235213069968702,9.8014790067106e-05,2.36361260571989,2.34055967318373,0.576918824353863,0.572751760419867,0.193366790616926,0.101986583177329,0.0913802074395977,0.145010937837576,0.144486284336113,FALSE,"stable",25,1e-04,"epsilon_fraction"
0.1,0.12,1800,852,0.421359365561086,0.585907634548006,0.0345722155037368,0.0972731899188567,0.00767928757063126,0.0202169164322327,8.11586127428189e-05,2.63265521004193,2.60512294712451,0.620155348795534,0.616140957529939,0.086275477562016,-0.00630710680728108,0.0925825843692971,0.138438502939735,0.137989705226826,FALSE,"stable",26,1e-04,"epsilon_fraction"
0.1,0.12,1800,886,0.42304743199384,0.592916605920834,0.0350838458344581,0.103680440774781,0.0101174599572144,0.0233574693405274,9.41191127638005e-05,2.30862977855149,2.28735136656758,0.566842631377894,0.562813123241048,0.0475184697120379,-0.0386729115011308,0.0861913812131687,0.143939056389903,0.143426534912893,FALSE,"stable",27,1e-04,"epsilon_fraction"
0.1,0.12,1800,864,0.414455927121631,0.578208370456473,0.0341043825226315,0.102651415608622,0.00902515949010264,0.0204456722996164,8.56495330621323e-05,2.26540841987756,2.24411160936774,0.558578492414164,0.554389364670796,0.0585579520831473,-0.0251434208258579,0.0837013729090051,0.129420501720872,0.128934285953265,FALSE,"stable",28,1e-04,"epsilon_fraction"
0.1,0.12,1800,908,0.405041954435278,0.597335784142089,0.0335260047778612,0.0991207012065452,0.0101810666081146,0.0271785942890137,0.000103625000910024,2.66952327640717,2.6426260817743,0.625401280881181,0.621588537668339,0.0447587509293803,-0.0578389210569077,0.102597671986288,0.170419531850243,0.169899258480191,FALSE,"stable",29,1e-04,"epsilon_fraction"
0.1,0.12,1800,906,0.414729151926412,0.592585938241177,0.0353641186003282,0.103729179476156,0.0108945427259706,0.0275917248568579,0.000101252818540818,2.53261890387415,2.50929773522665,0.605151806112519,0.601482125472178,0.138784523921973,0.0475141172539892,0.0912704066679838,0.161792779531894,0.161301472503197,FALSE,"stable",30,1e-04,"epsilon_fraction"
0,0.12,1800,937,0.5,0.5,0,0,0,0.0179909644653812,0.00117884740100622,Inf,15.2614871526415,0.999999999999,0.934475586160231,-0.0124391533996564,-0.0988226419672732,0.0863834885676168,NA,0.16547798963898,TRUE,"degenerate_or_near_degenerate_observed_weight_variance",1,0.001,"epsilon_fraction"
0,0.12,1800,920,0.5,0.5,0,0,0,0.0162523580783734,0.00109297520661157,Inf,14.8698323439182,0.999999999999,0.932749746138933,0.00322024190932968,-0.0838837117657107,0.0871039536750404,NA,0.156602312940801,TRUE,"degenerate_or_near_degenerate_observed_weight_variance",2,0.001,"epsilon_fraction"
0,0.12,1800,899,0.5,0.5,0,0,0,0.0140617223540231,0.000995565415662213,Inf,14.1243580108393,0.999999999999,0.92920032193799,0.125456427936567,0.0399290643593024,0.0855273635772641,NA,0.148050482204793,TRUE,"degenerate_or_near_degenerate_observed_weight_variance",3,0.001,"epsilon_fraction"
0,0.12,1800,907,0.5,0.5,0,0,0,0.0139853290827187,0.0010316007669456,Inf,13.5569200128912,0.999999999999,0.926236932942799,0.0132388110384984,-0.070422234818432,0.0836610458569305,NA,0.146371352837149,TRUE,"degenerate_or_near_degenerate_observed_weight_variance",4,0.001,"epsilon_fraction"
0,0.12,1800,928,0.5,0.5,0,0,0,0.0164198542815947,0.00113256459893948,Inf,14.4979406004479,0.999999999999,0.931024686363448,0.0938191893616472,-0.000647234665049456,0.0944664240266967,NA,0.161103150445319,TRUE,"degenerate_or_near_degenerate_observed_weight_variance",5,0.001,"epsilon_fraction"
0,0.12,1800,922,0.5,0.5,0,0,0,0.0150003058750879,0.00110273919292656,Inf,13.6027684254865,0.999999999999,0.926485552887427,0.0637918674204826,-0.0224970142505058,0.0862888816709884,NA,0.152882615522692,TRUE,"degenerate_or_near_degenerate_observed_weight_variance",6,0.001,"epsilon_fraction"
0,0.12,1800,881,0.5,0.5,0,0,0,0.0137568696074323,0.00091901117858864,Inf,14.9692081314606,0.999999999999,0.933196199076268,0.0257685636536396,-0.0677865150154769,0.0935550786691165,NA,0.149422027382376,TRUE,"degenerate_or_near_degenerate_observed_weight_variance",7,0.001,"epsilon_fraction"
0,0.12,1800,907,0.5,0.5,0,0,0,0.0150521627877586,0.0010316007669456,Inf,14.5910736692506,0.999999999999,0.93146494749681,0.138013197277802,0.0455964503048143,0.0924167469729873,NA,0.154721401312517,TRUE,"degenerate_or_near_degenerate_observed_weight_variance",8,0.001,"epsilon_fraction"
0,0.12,1800,901,0.5,0.5,0,0,0,0.0151229854484104,0.00100445433747298,Inf,15.0559212940003,0.999999999999,0.933580949284153,0.115469358818866,0.0203819107528362,0.0950874480660302,NA,0.159042983484415,TRUE,"degenerate_or_near_degenerate_observed_weight_variance",9,0.001,"epsilon_fraction"
0,0.12,1800,862,0.5,0.5,0,0,0,0.0117210524859475,0.000844517891808093,Inf,13.878986578784,0.999999999999,0.927948629799193,0.0860386291584586,1.38404109297774e-05,0.0860247887475288,NA,0.137190435145588,TRUE,"degenerate_or_near_degenerate_observed_weight_variance",10,0.001,"epsilon_fraction"
0,0.12,1800,901,0.5,0.5,0,0,0,0.013770812099478,0.00100445433747298,Inf,13.709744271823,0.999999999999,0.927059179210567,0.128319040212916,0.0449701934109767,0.0833488468019397,NA,0.142506654678047,TRUE,"degenerate_or_near_degenerate_observed_weight_variance",11,0.001,"epsilon_fraction"
0,0.12,1800,887,0.5,0.5,0,0,0,0.0138170296677506,0.000943855877557826,Inf,14.6389189242551,0.999999999999,0.931688944711408,0.0723482374996315,-0.0172673451516259,0.0896155826512574,NA,0.147952925320297,TRUE,"degenerate_or_near_degenerate_observed_weight_variance",12,0.001,"epsilon_fraction"
0,0.12,1800,886,0.5,0.5,0,0,0,0.0145520745486951,0.000939669330473213,Inf,15.4863781085275,0.999999999999,0.935427122275327,0.0642770426742005,-0.0342331275071273,0.0985101701813278,NA,0.15561095354505,TRUE,"degenerate_or_near_degenerate_observed_weight_variance",13,0.001,"epsilon_fraction"
0,0.12,1800,899,0.5,0.5,0,0,0,0.0138682751526763,0.000995565415662213,Inf,13.9300491303745,0.999999999999,0.928212744216422,0.174168493815051,0.0852268423976239,0.0889416514174275,NA,0.152247256895613,TRUE,"degenerate_or_near_degenerate_observed_weight_variance",14,0.001,"epsilon_fraction"
0,0.12,1800,917,0.5,0.5,0,0,0,0.0162452861497139,0.00107849283496368,Inf,15.0629523192529,0.999999999999,0.933611952105708,0.034166519477743,-0.0599446395222827,0.0941111590000256,NA,0.162538647420466,TRUE,"degenerate_or_near_degenerate_observed_weight_variance",15,0.001,"epsilon_fraction"
0,0.12,1800,895,0.5,0.5,0,0,0,0.0131916105041233,0.000978022648881292,Inf,13.4880419376918,0.999999999999,0.925860254244499,0.13193596443446,0.0563941664661471,0.0755417979683126,NA,0.135070105809367,TRUE,"degenerate_or_near_degenerate_observed_weight_variance",16,0.001,"epsilon_fraction"
0,0.12,1800,875,0.5,0.5,0,0,0,0.0132377736962874,0.000894813732651571,Inf,14.7938875022183,0.999999999999,0.932404515050554,-0.0425248059187338,-0.128475925630155,0.0859511197114216,NA,0.14253825472532,TRUE,"degenerate_or_near_degenerate_observed_weight_variance",17,0.001,"epsilon_fraction"
0,0.12,1800,889,0.5,0.5,0,0,0,0.0136796223206353,0.000952284615041673,Inf,14.3650565225572,0.999999999999,0.930386629636318,0.0936617505687037,0.00495875762892517,0.0887029929397786,NA,0.147304041786418,TRUE,"degenerate_or_near_degenerate_observed_weight_variance",18,0.001,"epsilon_fraction"
0,0.12,1800,890,0.5,0.5,0,0,0,0.0137195101535808,0.000956526989494023,Inf,14.3430455222576,0.999999999999,0.930279800168786,0.106043366736363,0.0177480747177303,0.0882952920186328,NA,0.144693821310217,TRUE,"degenerate_or_near_degenerate_observed_weight_variance",19,0.001,"epsilon_fraction"
0,0.12,1800,914,0.5,0.5,0,0,0,0.0155327243956751,0.00106420414881095,Inf,14.595624733309,0.999999999999,0.93148631742238,-0.0331001123980418,-0.115847235586756,0.0827471231887138,NA,0.15188844207142,TRUE,"degenerate_or_near_degenerate_observed_weight_variance",20,0.001,"epsilon_fraction"
0,0.12,1800,894,0.5,0.5,0,0,0,0.0148034881790736,0.000973685364676988,Inf,15.2035644327308,0.999999999999,0.934225950472038,0.0552058483772518,-0.0398459389599053,0.0950517873371571,NA,0.15369965974755,TRUE,"degenerate_or_near_degenerate_observed_weight_variance",21,0.001,"epsilon_fraction"
0,0.12,1800,892,0.5,0.5,0,0,0,0.0139718494656466,0.000965068214015409,Inf,14.4775770901346,0.999999999999,0.93092766878227,-0.00990026048009152,-0.0971016755129266,0.0872014150328351,NA,0.148631095218409,TRUE,"degenerate_or_near_degenerate_observed_weight_variance",22,0.001,"epsilon_fraction"
0,0.12,1800,901,0.5,0.5,0,0,0,0.0135064884271048,0.00100445433747298,Inf,13.4465927650674,0.999999999999,0.925631718200177,0.0855523615077534,-0.00135079356145007,0.0869031550692034,NA,0.150057124638884,TRUE,"degenerate_or_near_degenerate_observed_weight_variance",23,0.001,"epsilon_fraction"
0,0.12,1800,928,0.5,0.5,0,0,0,0.0173466844044433,0.00113256459893948,Inf,15.3162869656057,0.999999999999,0.934710024548012,0.0819633610131069,-0.00795074429393217,0.089914105307039,NA,0.165850474578552,TRUE,"degenerate_or_near_degenerate_observed_weight_variance",24,0.001,"epsilon_fraction"
0,0.12,1800,946,0.5,0.5,0,0,0,0.0163222275623681,0.00122706206911682,Inf,13.3018760608549,0.999999999999,0.924822634384422,-0.0505713572084677,-0.139322968121274,0.0887516109128064,NA,0.163339862493258,TRUE,"degenerate_or_near_degenerate_observed_weight_variance",25,0.001,"epsilon_fraction"
0,0.12,1800,898,0.5,0.5,0,0,0,0.0142633950248923,0.000991150485985812,Inf,14.390746134484,0.999999999999,0.930510899806388,0.113823253700505,0.0204894183091451,0.0933338353913594,NA,0.154663263585291,TRUE,"degenerate_or_near_degenerate_observed_weight_variance",26,0.001,"epsilon_fraction"
0,0.12,1800,891,0.5,0.5,0,0,0,0.0141753683837003,0.000960788158023723,Inf,14.7538958149298,0.999999999999,0.932221291749392,0.0738774253142964,-0.0138052240341848,0.0876826493484812,NA,0.146946342744844,TRUE,"degenerate_or_near_degenerate_observed_weight_variance",27,0.001,"epsilon_fraction"
0,0.12,1800,950,0.5,0.5,0,0,0,0.0180978045306958,0.00124913494809689,Inf,14.4882701090612,0.999999999999,0.930978647383542,0.212624488419096,0.119333781952423,0.0932907064666725,NA,0.169435287087926,TRUE,"degenerate_or_near_degenerate_observed_weight_variance",28,0.001,"epsilon_fraction"
0,0.12,1800,911,0.5,0.5,0,0,0,0.0152332263562993,0.00105010622266143,Inf,14.5063670965512,0.999999999999,0.931064752922339,0.130853339700537,0.0377083354325507,0.0931450042679866,NA,0.157681705962516,TRUE,"degenerate_or_near_degenerate_observed_weight_variance",29,0.001,"epsilon_fraction"
0,0.12,1800,914,0.5,0.5,0,0,0,0.0161542247847074,0.00106420414881095,Inf,15.1796295877598,0.999999999999,0.934122239662135,0.0442047179718668,-0.0438744381471032,0.08807915611897,NA,0.152832926886673,TRUE,"degenerate_or_near_degenerate_observed_weight_variance",30,0.001,"epsilon_fraction"
0.001,0.12,1800,923,0.49922978808297,0.500858293228679,0.000343129469126069,0.000989110009046688,1.08363717706768e-06,0.0178557498564718,0.00110762998208947,16477.6091429324,16.1049251548693,0.9999393115839,0.937907193583098,0.166857103194757,0.0698086314573174,0.09704847173744,0.15993492227693,0.154894649323576,TRUE,"unstable_good_overlap_warning",1,0.001,"epsilon_fraction"
0.001,0.12,1800,888,0.49929204209449,0.50081207409782,0.000333633490540275,0.00100018782618399,9.48311085235117e-07,0.0132509631599585,0.000947954950270714,13973.2239412483,13.9645037588166,0.999928434554244,0.928389864955377,0.100310205834008,0.0138833389123814,0.0864268669216266,0.144042748472364,0.138794461321811,TRUE,"unstable_good_overlap_warning",2,0.001,"epsilon_fraction"
0.001,0.12,1800,887,0.499298968696261,0.500964108962115,0.000320242428270057,0.000973000247785845,8.93602867238507e-07,0.0125892909578199,0.000943884059858534,14088.2392160676,13.3251361187972,0.999929018808904,0.924953862303189,0.0756122363934523,0.0022376170397771,0.0733746193536752,0.133638913709454,0.128531147784761,TRUE,"unstable_good_overlap_warning",3,0.001,"epsilon_fraction"
0.001,0.12,1800,908,0.499275336286093,0.500993643321784,0.000356905083441494,0.00104260014515399,1.12633149422193e-06,0.0140892913632431,0.00103616916903622,12509.0095016619,13.5827171293409,0.999920057619281,0.926377028213314,0.0956005641729073,0.00911828705656559,0.0864822771163417,0.146692163302435,0.141194624182166,TRUE,"unstable_good_overlap_warning",4,0.001,"epsilon_fraction"
0.001,0.12,1800,931,0.499081084809851,0.50079216199998,0.000340250492937733,0.00101594346191866,1.1847066164679e-06,0.0179986444983663,0.00114781457304557,15192.4909071815,15.6646264422903,0.999934178008984,0.936161899316011,0.0680746534068402,-0.0289010140846553,0.0969756674914954,0.174288394029922,0.16863908712166,TRUE,"unstable_good_overlap_warning",5,0.001,"epsilon_fraction"
0.001,0.12,1800,928,0.499176660641252,0.500761268330806,0.000332016913284272,0.00100406723545531,1.14183690866838e-06,0.0162829355274352,0.00113260502998845,14260.2988253589,14.3620555900621,0.99992987524229,0.930372084014773,0.0798351218747534,0.000296325549455023,0.0795387963252984,0.153005805707314,0.147588144750884,TRUE,"unstable_good_overlap_warning",6,0.001,"epsilon_fraction"
0.001,0.12,1800,872,0.49921982567725,0.500707382656006,0.000340293135903669,0.000983468470209241,8.54100122621736e-07,0.0123484929235235,0.000883055301170382,14457.8985489649,13.9703151764874,0.999930833654932,0.928419653574957,0.0602722233080879,-0.0291092307260192,0.0893814540341071,0.140637472936856,0.135515270593794,TRUE,"unstable_good_overlap_warning",7,0.001,"epsilon_fraction"
0.001,0.12,1800,919,0.498996307564611,0.500780471701568,0.00032983697221961,0.000950095334207004,9.82239848065934e-07,0.0162667378545746,0.00108813599852574,16560.8612668325,14.9356950250535,0.999939616667039,0.933046302945891,0.0812776761384761,-0.0168681078819493,0.0981457840204254,0.16067535479997,0.155207955538037,TRUE,"unstable_good_overlap_warning",8,0.001,"epsilon_fraction"
0.001,0.12,1800,903,0.499180570182291,0.500913078950416,0.000337512512844695,0.000988303717418026,9.89730599431937e-07,0.0137061284952886,0.00101329555994932,13848.3426734056,13.5130900773227,0.999927789193004,0.925997681190761,0.180039417456775,0.0927563488543359,0.0872830686024391,0.143904403576677,0.138482442349336,TRUE,"unstable_good_overlap_warning",9,0.001,"epsilon_fraction"
0.001,0.12,1800,894,0.499102697465228,0.500858397440171,0.000340592301973697,0.0010221322644279,1.01727002197945e-06,0.0133115408407727,0.000973693008711035,13085.5530519523,13.6569205549734,0.999923579844426,0.926777050801849,0.0788779168382924,-0.0103584782178977,0.0892363950561901,0.137741087889757,0.132607393685962,TRUE,"unstable_good_overlap_warning",10,0.001,"epsilon_fraction"
0.001,0.12,1800,915,0.499081951911298,0.500768256341475,0.000350883053613082,0.00106349809228175,1.2089731657915e-06,0.0155051244111856,0.00106891514644474,12825.0360305016,14.4890897486066,0.999922027509504,0.930982551882103,-0.0136057787229769,-0.103313052985856,0.0897072742628789,0.155392608270436,0.149940190887537,TRUE,"unstable_good_overlap_warning",11,0.001,"epsilon_fraction"
0.001,0.12,1800,873,0.499133128645899,0.500832139100237,0.000325541124851891,0.000978832959438414,8.49739868216697e-07,0.013498083989571,0.00088688809629137,15884.9602030545,15.205034008649,0.999937047371399,0.934232307574506,0.120993754054394,0.0339943156903628,0.0869994383640312,0.138440408597415,0.133814749002217,TRUE,"unstable_good_overlap_warning",12,0.001,"epsilon_fraction"
0.001,0.12,1800,904,0.499131475493651,0.500811545537452,0.000333063923687815,0.00100777878908696,1.03382786728426e-06,0.0140840012708579,0.00101792975112457,13623.1588609184,13.821888790954,0.999926595585487,0.927650987855258,0.172930339483152,0.0832131888099834,0.0897171506731687,0.148579249486428,0.143108821765302,TRUE,"unstable_good_overlap_warning",13,0.001,"epsilon_fraction"
0.001,0.12,1800,913,0.499148703655042,0.500826451721057,0.000334347516215194,0.000956364043545396,9.69124451100098e-07,0.0145105412473781,0.00105957834010171,14972.8357703765,13.6821233677614,0.999933212384392,0.926911929302125,0.0530011354710966,-0.0272425567444883,0.0802436922155849,0.145365176561701,0.139956837058511,TRUE,"unstable_good_overlap_warning",14,0.001,"epsilon_fraction"
0.001,0.12,1800,886,0.499151534905505,0.500868411186273,0.000346699225257707,0.000993007553166766,9.26461900002915e-07,0.0134152072229268,0.000939555545477503,14480.0419994439,14.2641827463925,0.999930939426831,0.929894336200025,0.0912324487193257,0.0093608607699005,0.0818715879494252,0.140236801338564,0.135236460459976,TRUE,"unstable_good_overlap_warning",15,0.001,"epsilon_fraction"
0.001,0.12,1800,917,0.49923929245897,0.500876962009569,0.000320615459902862,0.00096771649897004,1.0099711805806e-06,0.0166841319901646,0.00107848147654678,16519.4139307752,15.45554809655,0.999939465164794,0.93529831528762,0.166369476788634,0.0696970946125774,0.096672382176057,0.168865248686234,0.163315913834817,TRUE,"unstable_good_overlap_warning",16,0.001,"epsilon_fraction"
0.001,0.12,1800,907,0.499218503240669,0.500774025105646,0.000330935898438023,0.000967260996246025,9.65105990699569e-07,0.0156187235021877,0.00103154376903859,16183.428196178,15.1269629539452,0.999938208395163,0.933892877040517,0.10873509979562,0.0146593452312069,0.094075754564413,0.15681449030933,0.15154727812333,TRUE,"unstable_good_overlap_warning",17,0.001,"epsilon_fraction"
0.001,0.12,1800,922,0.499123106127956,0.500808354346407,0.000344105862844113,0.00105212941631335,1.22067252623513e-06,0.0166522737029572,0.00110270880837519,13641.8845718738,15.0845447929878,0.999926696345015,0.933706981965749,0.0983600504998686,0.00599444337027255,0.0923656071295961,0.163114985991221,0.15762136515083,TRUE,"unstable_good_overlap_warning",18,0.001,"epsilon_fraction"
0.001,0.12,1800,911,0.499014245161504,0.500859151849205,0.000324298947249335,0.000946474903628654,9.40752181677626e-07,0.016396629121699,0.00105016376301007,17429.2756807209,15.5994279205506,0.999942625269213,0.935895085057407,0.0227450764913045,-0.0744635305718795,0.097208607063184,0.16151861642336,0.156260290786098,TRUE,"unstable_good_overlap_warning",19,0.001,"epsilon_fraction"
0.001,0.12,1800,863,0.49910017908274,0.501024549995026,0.000327930146611533,0.00101258701849944,8.6973169198789e-07,0.0130227324287006,0.000848243586745474,14973.2757224649,15.3368604000524,0.999933214346778,0.934797606947209,0.0678926258880231,-0.0241685210834124,0.0920611469714355,0.146127276116512,0.141287775575533,TRUE,"unstable_good_overlap_warning",20,0.001,"epsilon_fraction"
0.001,0.12,1800,901,0.499047196535367,0.500779646018347,0.000322491027060334,0.000958183904470563,9.22144412204234e-07,0.0138383014774915,0.00100438726226942,15006.6532902512,13.7652163458508,0.999933362890402,0.927353121456647,0.0689569678046141,-0.0187087078464748,0.087665675651089,0.148575952193193,0.143082184421417,TRUE,"unstable_good_overlap_warning",21,0.001,"epsilon_fraction"
0.001,0.12,1800,914,0.499153788126154,0.500946066793232,0.000334663551011583,0.000997153970716969,1.05810249631185e-06,0.015012901324881,0.00106415108712394,14188.5132841198,14.0938526170931,0.999929520452215,0.929047079803631,0.0910884577515728,0.00167538366247943,0.0894130740890934,0.158192660560176,0.152482673026044,TRUE,"unstable_good_overlap_warning",22,0.001,"epsilon_fraction"
0.001,0.12,1800,918,0.499064872119468,0.500865305013289,0.000341293046592472,0.00103150191901868,1.15260067770842e-06,0.0154148681012988,0.00108327517337447,13373.9884067624,14.214748524651,0.999925227989618,0.929650531751173,0.211015169895125,0.118245185079753,0.092769984815372,0.157254537242735,0.151627956884687,TRUE,"unstable_good_overlap_warning",23,0.001,"epsilon_fraction"
0.001,0.12,1800,940,0.499198570413573,0.500750607504529,0.00034920115683279,0.00104222554675693,1.29766852636477e-06,0.0177475597758103,0.0011946490521128,13676.4970523925,14.839757883466,0.999926881861915,0.932613455835814,-0.000784814713933324,-0.0963348631093843,0.095550048395451,0.165364572806752,0.159701571554225,TRUE,"unstable_good_overlap_warning",24,0.001,"epsilon_fraction"
0.001,0.12,1800,867,0.499188256233837,0.500813292275353,0.000328054541939182,0.00100197164470183,8.6694874022524e-07,0.0128361533894221,0.00086354019441564,14806.1272758608,14.8496614021011,0.999932460394175,0.932658397190221,0.161830794393859,0.0602807897421223,0.101550004651737,0.150072389231354,0.144936164988743,TRUE,"unstable_good_overlap_warning",25,0.001,"epsilon_fraction"
0.001,0.12,1800,903,0.499214195594378,0.500863629129116,0.000337171289691796,0.000973214679049666,9.59889581270306e-07,0.014887324130805,0.00101345384854555,15509.4131880286,14.675791120786,0.999935523027991,0.931860572846144,0.0360527103766033,-0.0508459312774407,0.086898641654044,0.147344643820813,0.142240681120462,TRUE,"unstable_good_overlap_warning",26,0.001,"epsilon_fraction"
0.001,0.12,1800,927,0.499248100958006,0.500794734527145,0.000341874832167355,0.00100734564437168,1.14413155187384e-06,0.0181153963505184,0.00112750619428063,15833.3159511678,16.0504949459491,0.999936842035927,0.937696625345975,0.102767701479808,0.00555208659116357,0.0972156148886445,0.170060697618987,0.164683029564622,TRUE,"unstable_good_overlap_warning",27,0.001,"epsilon_fraction"
0.001,0.12,1800,903,0.498806625842856,0.500691775226449,0.000323603513206983,0.00102370281571607,1.06206376234019e-06,0.0152843391866147,0.00101345109275027,14391.1690885079,15.0656884915663,0.999930512942079,0.933624009247251,0.0460008918578447,-0.0435159766542272,0.089516868512072,0.155243862273168,0.150008384552213,TRUE,"unstable_good_overlap_warning",28,0.001,"epsilon_fraction"
0.001,0.12,1800,892,0.499107974835606,0.500864985817631,0.000336012050689893,0.00103018469978306,1.02417180247053e-06,0.0137239919868044,0.000965034020083506,13400.0877135058,14.2061752615667,0.999925373622817,0.929608076657663,0.217370069078503,0.12748395315948,0.0898861159190235,0.14311082737043,0.13798714918086,TRUE,"unstable_good_overlap_warning",29,0.001,"epsilon_fraction"
0.001,0.12,1800,924,0.499172035648366,0.500785190878761,0.000342368314718899,0.0010118165706706,1.13901352872134e-06,0.015137600291724,0.00111256477913126,13290.0970093985,13.592124217849,0.999924756004468,0.926427982560164,0.0495684851053895,-0.0343880927960871,0.0839565779014766,0.149726555209229,0.144118921881884,TRUE,"unstable_good_overlap_warning",30,0.001,"epsilon_fraction"
0.005,0.12,1800,878,0.495853014883013,0.504665938898188,0.00165514975804903,0.00504120622062744,2.30498213466807e-05,0.0131313764836319,0.00090698193429732,569.695369266836,14.1192775450329,0.998244675919892,0.929174846460059,0.135866435180386,0.0428032025107801,0.0930632326696058,0.147356164957614,0.142166912312568,TRUE,"unstable_good_overlap_warning",1,0.001,"epsilon_fraction"
0.005,0.12,1800,861,0.496164766866934,0.504594787746239,0.0017455874557129,0.00504079802373724,2.13612468683204e-05,0.0119667390097691,0.000840674755864431,560.207888778077,13.88194805302,0.998214948378929,0.927964000716567,0.122044735899492,0.0330325401247824,0.0890121957747093,0.134785250828215,0.129955869961824,TRUE,"unstable_good_overlap_warning",2,0.001,"epsilon_fraction"
0.005,0.12,1800,896,0.495422743132571,0.50397381687075,0.00167931735582943,0.00501388014197372,2.47008480554304e-05,0.0136299526184805,0.000982571059872675,551.800998406772,13.5315524151929,0.998187752463502,0.92609864934069,0.0660082117436664,-0.0136816810475133,0.0796898927911798,0.142848802632382,0.137593878085068,TRUE,"unstable_good_overlap_warning",3,0.001,"epsilon_fraction"
0.005,0.12,1800,863,0.495704255923398,0.504102883612962,0.00174918383376893,0.00505265047871851,2.16527750720853e-05,0.0118304186560495,0.000848154657523084,546.369627757377,13.6011928763957,0.998169737208665,0.926477037044636,0.12953453968107,0.043198895062468,0.0863356446186021,0.134763114745681,0.129833322388236,TRUE,"unstable_good_overlap_warning",4,0.001,"epsilon_fraction"
0.005,0.12,1800,842,0.495905993750685,0.504645859860369,0.00162986522462316,0.0050754808584886,1.99037124696465e-05,0.0108059070123975,0.000772644470269005,542.909119536202,13.6343849468656,0.998158071095114,0.926656024169987,0.0997450190095752,0.0136249962188293,0.0861200227907459,0.126955303083579,0.122323658580831,TRUE,"unstable_good_overlap_warning",5,0.001,"epsilon_fraction"
0.005,0.12,1800,914,0.495866472887148,0.50439420058683,0.00166151776735679,0.00510148385100146,2.77029273008856e-05,0.0151554454522365,0.00106446804824818,547.070180982354,13.8764404031314,0.998172080960062,0.927935409157644,0.163129146961607,0.071765616893543,0.0913635300680641,0.152383739611584,0.14692469293459,TRUE,"unstable_good_overlap_warning",6,0.001,"epsilon_fraction"
0.005,0.12,1800,914,0.495897001732558,0.503965371721391,0.00164713455030663,0.00508484412966308,2.75275052688717e-05,0.0161414520522278,0.00106466153834713,586.375405056437,14.7789910057942,0.99829460787172,0.932336382124602,0.169298751976412,0.0813734106457176,0.0879253413306947,0.152276268037513,0.14715979626095,TRUE,"unstable_good_overlap_warning",7,0.001,"epsilon_fraction"
0.005,0.12,1800,917,0.495505167563407,0.504331541708424,0.0016329737598213,0.00506488206607601,2.76512201301205e-05,0.0155223518752415,0.00107789293351018,561.362276318976,14.0404630824829,0.998218619165938,0.928777277919871,0.198181818090257,0.106348464987141,0.0918333531031158,0.155200370910453,0.149704795640464,TRUE,"unstable_good_overlap_warning",8,0.001,"epsilon_fraction"
0.005,0.12,1800,925,0.495945622097878,0.504551646373277,0.00169140679430324,0.00509936976284114,2.90734158315925e-05,0.0152527514889178,0.00111805469863872,524.628807886532,13.296467322624,0.998093890413627,0.92479205372855,0.0845958773485351,-0.00251479338866978,0.0871106707372049,0.154222226854048,0.14845106439855,TRUE,"unstable_good_overlap_warning",9,0.001,"epsilon_fraction"
0.005,0.12,1800,904,0.495994129700649,0.504862786328282,0.00162574431490131,0.00502460679347632,2.57021779233061e-05,0.0143243420719976,0.00101804215892196,557.320166203061,13.723995011358,0.998205699236019,0.927134919593573,0.154338425198917,0.0758675762844649,0.0784708489144526,0.145751492139999,0.140467048249063,TRUE,"unstable_good_overlap_warning",10,0.001,"epsilon_fraction"
0.005,0.12,1800,943,0.496068403961486,0.504289709623329,0.00168598361790689,0.00500206217215782,3.02942032535588e-05,0.0166015550028483,0.00121076919837572,548.010946645316,13.3768790386162,0.998175218932904,0.925244147224983,0.111165884323179,0.0184692935079351,0.0926965908152437,0.162130576694042,0.156095257652337,TRUE,"unstable_good_overlap_warning",11,0.001,"epsilon_fraction"
0.005,0.12,1800,892,0.496178079134546,0.504017542319054,0.00165617950343216,0.00482538722265924,2.24653623657609e-05,0.0146903721645436,0.000964826200169566,653.912094778093,14.8794669396539,0.998470742462197,0.932793291315094,0.0156563195109303,-0.0729515266720316,0.0886078461829619,0.149466289237635,0.144466878056855,TRUE,"unstable_good_overlap_warning",12,0.001,"epsilon_fraction"
0.005,0.12,1800,893,0.49548226323189,0.503704759932726,0.00166600606144973,0.00498120135949212,2.40525651162742e-05,0.0137589794276742,0.000969378098106165,572.037924485847,13.8499645088903,0.998251864155862,0.927797648913967,0.131676483093383,0.0402450280701243,0.0914314550232588,0.145843381757863,0.140602581624485,TRUE,"unstable_good_overlap_warning",13,0.001,"epsilon_fraction"
0.005,0.12,1800,894,0.495918448217691,0.50378756821758,0.00178074130448186,0.00505578265614818,2.4875776294809e-05,0.0135779571335773,0.000973194960049431,545.830488771949,13.6042032284315,0.998167929383626,0.926493306281246,0.0912008383795619,0.00624735954131539,0.0849534788382466,0.140445156969592,0.135308819410095,TRUE,"unstable_good_overlap_warning",14,0.001,"epsilon_fraction"
0.005,0.12,1800,904,0.495906145798233,0.503973692362512,0.00169509016215774,0.00502092016333421,2.56552474629595e-05,0.0152805243752249,0.00101767610283185,595.610094866033,14.6458978453078,0.998321049275995,0.931721495632282,0.092802636697725,-0.0030645617951961,0.0958671984929211,0.157070855574221,0.15174121349973,TRUE,"unstable_good_overlap_warning",15,0.001,"epsilon_fraction"
0.005,0.12,1800,922,0.494919266520463,0.5043965419363,0.00163944670585681,0.00509968693711342,2.8677396821076e-05,0.0154130317864717,0.0011026881146632,537.462723085943,13.6233884010224,0.998139405847054,0.926596822276244,0.141233088717123,0.0512734529067129,0.0899596358104097,0.158673140495693,0.152880896203724,TRUE,"unstable_good_overlap_warning",16,0.001,"epsilon_fraction"
0.005,0.12,1800,948,0.495885909008658,0.503808658260104,0.00171785730755458,0.0050956355996304,3.21488749358058e-05,0.0171464990682245,0.00123813800066249,533.346784373085,13.4981313257673,0.998125047287619,0.925915671149899,0.164791182974776,0.0761796715127274,0.0886115114620489,0.171201689262892,0.164892645528964,TRUE,"unstable_good_overlap_warning",17,0.001,"epsilon_fraction"
0.005,0.12,1800,907,0.495686956439731,0.503776968089242,0.00177317875650784,0.00496821638416242,2.54662722387602e-05,0.0145136962538678,0.00103172599267969,569.918365663963,13.7285305005398,0.998245362739214,0.927158992001316,0.029776569283656,-0.0597393066622731,0.0895158759459291,0.149190723303962,0.143780594876026,TRUE,"unstable_good_overlap_warning",18,0.001,"epsilon_fraction"
0.005,0.12,1800,891,0.49598575392555,0.5038723432289,0.0016271650272987,0.00478575762378683,2.20069923390918e-05,0.0132048974339982,0.00096085818182247,600.031900340231,13.4351056290734,0.998333421940679,0.925568132651223,0.0803838335721935,-0.000346183506667819,0.0807300170788613,0.13881178795294,0.133657317189463,TRUE,"unstable_good_overlap_warning",19,0.001,"epsilon_fraction"
0.005,0.12,1800,941,0.49535208782395,0.505688963783541,0.00181768971914686,0.00496917235938191,2.963824191564e-05,0.0189315541436812,0.00120028482905349,638.754289055557,15.3924701394241,0.998434452782339,0.935033169404127,0.114579220762874,0.0133299922886565,0.101249228474217,0.176690122758102,0.17098814538494,TRUE,"unstable_good_overlap_warning",20,0.001,"epsilon_fraction"
0.005,0.12,1800,916,0.494362540270827,0.503681720600841,0.0017576582883243,0.00521194002789188,2.91668031021279e-05,0.0151532299800653,0.00107371744745465,519.536883319235,13.7396376568216,0.998075208840591,0.927217876848192,0.135417138441954,0.0513819814236898,0.0840351570182638,0.147659961081741,0.142321991973579,TRUE,"unstable_good_overlap_warning",21,0.001,"epsilon_fraction"
0.005,0.12,1800,904,0.495801331312159,0.50396352604839,0.00170741817772896,0.00488192483034263,2.42595428249307e-05,0.0148919873239517,0.00101788903520411,613.861004365165,14.2896969183762,0.998370966728805,0.930019509461112,0.131378480019621,0.0358250005141061,0.0955534795055147,0.15413073150838,0.148761071427376,TRUE,"unstable_good_overlap_warning",22,0.001,"epsilon_fraction"
0.005,0.12,1800,895,0.495685457521924,0.504453241511718,0.00162118949823842,0.00490355635009017,2.35177350661005e-05,0.013626966700174,0.000978077239565597,579.433634313559,13.6052666450177,0.998274176815461,0.926499051720813,0.124398649571663,0.0372976330820042,0.0871010164896593,0.144187925506476,0.138907746101894,TRUE,"unstable_good_overlap_warning",23,0.001,"epsilon_fraction"
0.005,0.12,1800,907,0.495793341907894,0.503954083045341,0.0017525493063934,0.00497666730386786,2.55650459967916e-05,0.0149591763017036,0.00103221308751804,585.141771447661,14.1420736804198,0.998291012454083,0.929289012163433,0.0431993170924714,-0.0468533711471715,0.0900526882396429,0.155195652263064,0.149736049524222,TRUE,"unstable_good_overlap_warning",24,0.001,"epsilon_fraction"
0.005,0.12,1800,879,0.495991140038496,0.504293475482189,0.00164850318440268,0.00494085856773154,2.22237802813124e-05,0.0139907306714226,0.00091035983818409,629.538741578866,15.0021192678087,0.998411535408461,0.933342750970806,0.1063832200475,0.00510308472085153,0.101280135326648,0.154638405595343,0.149514443107936,TRUE,"unstable_good_overlap_warning",25,0.001,"epsilon_fraction"
0.005,0.12,1800,903,0.496303896348714,0.504629059389444,0.00164130397066825,0.00495308788865055,2.48692571093962e-05,0.0159377040701993,0.00101370302798232,640.859676671952,15.3457821848113,0.998439596004553,0.934835514543549,0.0845921200440658,-0.0126905849472305,0.0972827049912963,0.161065117026346,0.155850498597161,TRUE,"unstable_good_overlap_warning",26,0.001,"epsilon_fraction"
0.005,0.12,1800,902,0.495931495571832,0.503984329578046,0.00163008422229238,0.00513607695158881,2.66150175815165e-05,0.0148320771610513,0.00100893622082227,557.282260499119,14.3228810038543,0.998205577189727,0.930181644340206,-0.00157431817547238,-0.0894682967943872,0.0878939786189148,0.155632941712439,0.150236484604329,TRUE,"unstable_good_overlap_warning",27,0.001,"epsilon_fraction"
0.005,0.12,1800,881,0.496371304424057,0.503850715859351,0.00166692149772357,0.00478478212672815,2.10412959527231e-05,0.0125369121120873,0.000919069069748274,595.824142213297,13.3355748106651,0.998321652432066,0.925012606190754,0.150053080692237,0.0645758079934706,0.0854772726987659,0.142802421441471,0.137459307629845,TRUE,"unstable_good_overlap_warning",28,0.001,"epsilon_fraction"
0.005,0.12,1800,934,0.496092437309347,0.504357574081324,0.00165792673646425,0.00503826433372679,2.95220666502364e-05,0.0167401597550696,0.00116301377364963,567.038884960162,14.0374479234605,0.998236452514063,0.92876197970938,0.121842892255677,0.0361151041352639,0.0857277881204135,0.157474100036489,0.151895405241505,TRUE,"unstable_good_overlap_warning",29,0.001,"epsilon_fraction"
0.005,0.12,1800,874,0.49536137215225,0.503825270841899,0.00157733716187486,0.00507987444301876,2.29917757577678e-05,0.0130169794409864,0.00089097713461233,566.158072265847,14.2422562663706,0.998233708836831,0.929786405938978,-0.0492957026351898,-0.144003266324184,0.0947075636889942,0.145045107573816,0.139984053434593,TRUE,"unstable_good_overlap_warning",30,0.001,"epsilon_fraction"
0.02,0.12,1800,908,0.482931060249757,0.518831873637553,0.00665017700685266,0.0194346584566503,0.000391926226709272,0.0156386603645821,0.0010376490690919,39.9020511995049,10.9393750790984,0.97493863172597,0.908587100015368,-0.0423107248321072,-0.130354294137898,0.0880435693057904,0.148439902465,0.143299707450463,TRUE,"unstable_good_overlap_warning",1,0.001,"epsilon_fraction"
0.02,0.12,1800,903,0.482209614966194,0.517632294943352,0.00670645363368993,0.0198699412740313,0.000400000510497532,0.0157507082553286,0.00101313513914533,39.376720384025,11.1459280355069,0.974604284200223,0.910281136140987,0.138078882330719,0.0465018405936405,0.0915770417370788,0.15197344579257,0.146872782958026,TRUE,"unstable_good_overlap_warning",2,0.001,"epsilon_fraction"
0.02,0.12,1800,902,0.485161752422473,0.516298421498275,0.0064440075615696,0.0200613022719786,0.000406188613559765,0.0147102517036597,0.0010092749669877,36.2153226668313,10.3925328110315,0.972387378425434,0.903777065881523,0.0977787403211773,0.00944557649950628,0.088333163821671,0.149960327660778,0.144573063034624,TRUE,"unstable_good_overlap_warning",3,0.001,"epsilon_fraction"
0.02,0.12,1800,848,0.483168904082483,0.517516200090726,0.00697914323929294,0.0196038809972666,0.000305038928940392,0.0124159695709875,0.000793726997227054,40.7029018037685,11.2999222812588,0.975431727083708,0.911503816122831,0.0780068588437244,-0.0117817350419676,0.0897885938856919,0.135699765938589,0.131177667837605,TRUE,"unstable_good_overlap_warning",4,0.001,"epsilon_fraction"
0.02,0.12,1800,878,0.48397881981328,0.516523877725005,0.00666200341237655,0.0195725741039241,0.000347247051234815,0.0138668697660472,0.000906447539449977,39.9337293628165,11.0608036989877,0.974958512116048,0.909590656591119,0.0185099861341285,-0.0727205448764819,0.0912305310106104,0.147225041283521,0.142203934423732,TRUE,"unstable_good_overlap_warning",5,0.001,"epsilon_fraction"
0.02,0.12,1800,886,0.481806681463898,0.517643114048145,0.00686204610248831,0.0199560534202888,0.000374319212715917,0.013879955295799,0.000939924138705089,37.0805313333809,10.5611759654645,0.97303167015032,0.905313574618012,0.142921007730361,0.057150140505817,0.0857708672245437,0.145133931138454,0.139992570214401,TRUE,"unstable_good_overlap_warning",6,0.001,"epsilon_fraction"
0.02,0.12,1800,935,0.483646101973341,0.520718794390679,0.00660795275689946,0.0202048594474962,0.000476890094252686,0.0186757820600089,0.00116817157450869,39.1616061752653,11.3526334086129,0.974464785853661,0.911914710533916,0.135819706739199,0.0384496715997609,0.0973700351394376,0.175029600368781,0.169318938512796,TRUE,"unstable_good_overlap_warning",7,0.001,"epsilon_fraction"
0.02,0.12,1800,900,0.483864431469215,0.51685739017249,0.00687653415612421,0.0202859691732195,0.000411508066679494,0.0139889714829776,0.000999969676806028,33.99440403649,9.91086933360567,0.970583393698369,0.899100677615715,0.0459475994565085,-0.0380075557849422,0.0839551552414507,0.142300710206175,0.136960332562333,TRUE,"unstable_good_overlap_warning",8,0.001,"epsilon_fraction"
0.02,0.12,1800,919,0.48139082632358,0.514394347055151,0.00706178946705793,0.0204203825962733,0.000452938610302873,0.0154989308051329,0.00108620449010287,34.2186125284594,10.0698439287725,0.970776138302852,0.90069359494811,0.115304371704219,0.0317691301077927,0.0835352415964262,0.151411009948715,0.145843288092723,TRUE,"unstable_good_overlap_warning",9,0.001,"epsilon_fraction"
0.02,0.12,1800,880,0.481781583228092,0.516761663136318,0.00680877167916011,0.0192987898207755,0.000340140012536235,0.0130504539424733,0.000913266591173376,38.3678881092623,10.4119875416716,0.97393653783726,0.903956857804743,0.00910718987174441,-0.0710506882335884,0.0801578781053328,0.136730870059547,0.131727090583404,TRUE,"unstable_good_overlap_warning",10,0.001,"epsilon_fraction"
0.02,0.12,1800,907,0.482149346071204,0.516723324559956,0.00662581838912257,0.0203008650207292,0.000425276522471683,0.0157581021157194,0.00103191118722147,37.0537786194598,10.8140509358521,0.973012199099316,0.907527715013374,0.0182765250350171,-0.0746350204202066,0.0929115454552237,0.156671967677267,0.151308074167771,TRUE,"unstable_good_overlap_warning",11,0.001,"epsilon_fraction"
0.02,0.12,1800,921,0.48343782655303,0.516707513386126,0.00636069897762614,0.0194175459710134,0.000414755866817741,0.0179170248463503,0.00110002828903247,43.1989666205824,11.8281042068954,0.976851298115924,0.915455597743463,-0.0660804211080629,-0.163147282148086,0.0970668610400229,0.166440999023498,0.161125666636073,TRUE,"unstable_good_overlap_warning",12,0.001,"epsilon_fraction"
0.02,0.12,1800,882,0.480784831644526,0.516859591582306,0.00685615507066967,0.0201170255793196,0.000373077319506394,0.0141454509155184,0.000921873458600012,37.9156013403168,10.9235433150619,0.973625632598456,0.908454613017266,0.154573331432199,0.0549387259686283,0.0996346054635712,0.148975242341511,0.143902957059414,TRUE,"unstable_good_overlap_warning",13,0.001,"epsilon_fraction"
0.02,0.12,1800,877,0.481706635498308,0.51486354290979,0.00659908316867575,0.0196694143846607,0.000349337611458367,0.0129441563162778,0.000902947472517688,37.053428808425,10.3364293657317,0.973011944315053,0.903254792867323,0.0219135221293386,-0.0615976687344755,0.0835111908638141,0.139533289217581,0.134438569769682,TRUE,"unstable_good_overlap_warning",14,0.001,"epsilon_fraction"
0.02,0.12,1800,895,0.484498173247649,0.51793135873318,0.0067697968546942,0.0203921012318553,0.000406512727218502,0.0152409347090528,0.000977575233428642,37.4919004709555,11.0115362190758,0.973327572423951,0.909186149860938,0.0573343596589911,-0.0376699014816858,0.0950042611406769,0.153786424007601,0.148632879278522,TRUE,"unstable_good_overlap_warning",15,0.001,"epsilon_fraction"
0.02,0.12,1800,898,0.482613774313178,0.515591303228898,0.00674997270603939,0.0188783939190477,0.00035294810251967,0.0152730141389124,0.000990331888884836,43.2726908853723,11.369940918232,0.976890736870306,0.912048795399062,0.00777381387471698,-0.0825990545018679,0.0903728683765849,0.151738227442576,0.146615892273127,TRUE,"unstable_good_overlap_warning",16,0.001,"epsilon_fraction"
0.02,0.12,1800,915,0.483276033706627,0.515755928771738,0.00662926936038433,0.0198763196958862,0.000422412105400907,0.0161579237888991,0.00106921343892369,38.2515642480552,10.8324263085849,0.973857278266709,0.907684578550285,0.138369450272652,0.0472162264287943,0.0911532238438573,0.155536829433858,0.150159586273006,TRUE,"unstable_good_overlap_warning",17,0.001,"epsilon_fraction"
0.02,0.12,1800,885,0.480053183651285,0.516532131961937,0.00660865381051295,0.0197212553974693,0.000364300664091023,0.0141394832519772,0.000936679139125627,38.8126749295311,10.8683341716894,0.974235220792805,0.907989579248964,0.0579140637188664,-0.0375655636128081,0.0954796273316745,0.147329001054501,0.142231818652539,TRUE,"unstable_good_overlap_warning",18,0.001,"epsilon_fraction"
0.02,0.12,1800,937,0.4841225384383,0.515730116140063,0.00688383008507953,0.020263458160557,0.000484377831344688,0.0174139575946914,0.00117966075195383,35.9511861770145,10.4648760969068,0.972184506094562,0.904442251323398,0.00929260979866431,-0.0862412246551285,0.0955338344537928,0.161655336218834,0.155921541123889,TRUE,"unstable_good_overlap_warning",19,0.001,"epsilon_fraction"
0.02,0.12,1800,912,0.483776427517016,0.517208593864903,0.00679758052023671,0.0193313618233037,0.00039358529181521,0.015065109756215,0.00105320754456259,38.276607560041,10.4127621988592,0.973874382717136,0.903964002931944,0.109034364290635,0.0210411804020234,0.0879931838886112,0.151239155621146,0.145709658813823,TRUE,"unstable_good_overlap_warning",20,0.001,"epsilon_fraction"
0.02,0.12,1800,942,0.481733061132777,0.515657288506446,0.00667777012102788,0.0202116585028785,0.000493077125283729,0.0178861343368536,0.00120701023223822,36.2745165405137,10.5207148666316,0.972432437552045,0.904949424760889,-0.00287164014173658,-0.0961810736989954,0.0933094335572588,0.168325111420287,0.162379554725077,TRUE,"unstable_good_overlap_warning",21,0.001,"epsilon_fraction"
0.02,0.12,1800,898,0.484770769402785,0.515137140184912,0.0065513031855689,0.0197062448569882,0.000385152518800979,0.0151041458476944,0.000991802030060081,39.2160121260928,10.9692406769618,0.974500211883231,0.908835986970342,0.102966507709285,0.00524118937907736,0.0977253183302074,0.157088981114044,0.151704167515379,TRUE,"unstable_good_overlap_warning",22,0.001,"epsilon_fraction"
0.02,0.12,1800,901,0.483532296546056,0.516566483693612,0.0069178721597144,0.0204516716344527,0.000420771491264218,0.0149853215247935,0.00100597846702768,35.6139183283776,10.5031168479821,0.971921090210307,0.904790167102433,0.175755802346247,0.0765174530925163,0.0992383492537309,0.156117965940405,0.150629944898815,TRUE,"unstable_good_overlap_warning",23,0.001,"epsilon_fraction"
0.02,0.12,1800,923,0.478964495757163,0.514930540271376,0.00706395173887764,0.0197743736719937,0.000433711680550215,0.018070117649785,0.00110916369334882,41.6638943799275,11.7119748979592,0.975998403056586,0.91461730334017,0.216254692429934,0.111731932030683,0.10452276039925,0.173038557704368,0.167508959017031,TRUE,"unstable_good_overlap_warning",24,0.001,"epsilon_fraction"
0.02,0.12,1800,921,0.481839909552575,0.516617179283068,0.00646738859518964,0.0190925740846851,0.000400580152085078,0.0171281767563913,0.00109890578123218,42.7584259161035,11.4226991903147,0.976612796692701,0.912455017562933,0.0406301339286113,-0.0509257378355763,0.0915558717641876,0.1587258766737,0.153423632494402,TRUE,"unstable_good_overlap_warning",25,0.001,"epsilon_fraction"
0.02,0.12,1800,933,0.484682292781363,0.513976514434327,0.00671864888026846,0.0199718884917465,0.000463409208789036,0.0185269592434941,0.00116178668429418,39.9796958975158,11.3998314433012,0.974987303491167,0.912279404746145,0.0749445909872433,-0.011718754000833,0.0866633449880763,0.164682119233588,0.159298212389691,TRUE,"unstable_good_overlap_warning",26,0.001,"epsilon_fraction"
0.02,0.12,1800,915,0.481221809999693,0.517617792400939,0.00660481721177791,0.0205429695161938,0.000451182009310126,0.0159296447353595,0.00106911723462414,35.3064714608558,10.4779666232921,0.971676580563745,0.904561635291237,0.0546341491811704,-0.0354412339394086,0.0900753831205789,0.153312667608054,0.147923186880315,TRUE,"unstable_good_overlap_warning",27,0.001,"epsilon_fraction"
0.02,0.12,1800,900,0.486196141111277,0.518788624222097,0.00660582215043137,0.0194501757233871,0.000378046462939189,0.0145746940273416,0.00099930513813258,38.5526527983573,10.5816800996931,0.974061447723706,0.905497048618111,0.110142060901367,0.0274278792473248,0.0827141816540427,0.144525452207399,0.139346055348123,TRUE,"unstable_good_overlap_warning",28,0.001,"epsilon_fraction"
0.02,0.12,1800,888,0.483505917960553,0.516661008400595,0.00654505275895634,0.0197065857747424,0.000368136354251365,0.0135681537408654,0.000947951091853763,36.8563266957358,10.3094621721524,0.972867616237087,0.903001729546943,0.0385200458506078,-0.0479302460670568,0.0864502919176645,0.143504666674954,0.13825582614596,TRUE,"unstable_good_overlap_warning",29,0.001,"epsilon_fraction"
0.02,0.12,1800,924,0.483480364515174,0.516360090493823,0.00667981881851243,0.0202567624328877,0.000456456677103351,0.0167947361538075,0.00111239619520445,36.793713393319,10.7051059090724,0.972821443997507,0.906586631791049,0.0632851772899145,-0.0345768965263872,0.0978620738163016,0.163333055166721,0.157674758131687,TRUE,"unstable_good_overlap_warning",30,0.001,"epsilon_fraction"
0.1,0.12,1800,887,0.397888159743832,0.574051346955803,0.0345248184451429,0.0992299347916915,0.00926557832375268,0.0239693872736823,0.000940994575025659,2.58692835311055,2.34842659836891,0.613441169022872,0.574182986730542,0.173143370183339,0.0786880267711998,0.0944553434121393,0.15215075610882,0.147201696582056,FALSE,"stable",1,0.001,"epsilon_fraction"
0.1,0.12,1800,904,0.420642133422048,0.575065043694488,0.0329090603585205,0.100190653917262,0.0102560310276612,0.0235416909283138,0.00102170355329013,2.29539973746376,2.08744857039612,0.564346033643394,0.520946281416534,-0.0288267813789191,-0.121178821519023,0.0923520401401043,0.143683161751749,0.138047837771009,FALSE,"stable",2,0.001,"epsilon_fraction"
0.1,0.12,1800,905,0.417017208237326,0.584246088686519,0.0343104506790931,0.102203822311872,0.0106481651234748,0.0255058840792409,0.00101939030935498,2.39533138183695,2.18605210200873,0.58252122959575,0.542554361315946,0.0865237765325131,0.00310611256331583,0.0834176639691973,0.150045250519898,0.144806482313981,FALSE,"stable",3,0.001,"epsilon_fraction"
0.1,0.12,1800,937,0.427587798375659,0.585783221229314,0.0330438227793163,0.0996548905343503,0.0118085342664547,0.0285180950316154,0.00118904628761864,2.41504105320071,2.19410796593817,0.585928363961069,0.544233913953084,0.162365617219719,0.0811076411498806,0.0812579760698389,0.160918343691838,0.15508724938277,FALSE,"stable",4,0.001,"epsilon_fraction"
0.1,0.12,1800,900,0.41379359426155,0.576853661360944,0.0329519452298098,0.0952576028664648,0.00900188622681634,0.0214576357292499,0.000992051510868467,2.38368217377912,2.14706518015798,0.580480984000234,0.534247954257998,0.00235006005305149,-0.0781769565713711,0.0805270166244226,0.133669027968814,0.128235486925185,FALSE,"stable",5,0.001,"epsilon_fraction"
0.1,0.12,1800,892,0.411056923593299,0.593025353827387,0.0331516686142477,0.101671222628302,0.00997955149176136,0.0248152467189278,0.000965416975743656,2.48660941720819,2.26727439120568,0.59784596926254,0.558941783191833,0.111851298468829,0.0278177690516757,0.084033529417153,0.148239559501339,0.143335165126715,FALSE,"stable",6,0.001,"epsilon_fraction"
0.1,0.12,1800,872,0.426575147281046,0.57916056584823,0.0326059469670128,0.0941646865880721,0.00779559299737191,0.0190591720376751,0.000879170336233202,2.4448649440909,2.19708265283064,0.590979451680166,0.544850987416592,0.149283094557126,0.0617482926982378,0.0875348018588883,0.133393474973695,0.128081754217137,FALSE,"stable",7,0.001,"epsilon_fraction"
0.1,0.12,1800,904,0.402685325894002,0.580668000282914,0.0356478445343009,0.104785341037563,0.0112376770317899,0.0251017772695423,0.00102347086462895,2.2337158470147,2.04726160075712,0.552315483038511,0.511542638405283,0.219391611120892,0.128084744049529,0.0913068670713635,0.15038199052405,0.144724860503027,FALSE,"stable",8,0.001,"epsilon_fraction"
0.1,0.12,1800,896,0.417944223734534,0.581841431804694,0.0359598322809472,0.100150622979195,0.00976216442999161,0.0242567595192301,0.00097328226141003,2.4847726847038,2.25950165060744,0.59754869885846,0.557424532205514,0.092947687176374,0.002632466631034,0.09031522054534,0.150595002501397,0.145451078732804,FALSE,"stable",9,0.001,"epsilon_fraction"
0.1,0.12,1800,890,0.424265578716297,0.571947218421105,0.0338575125693024,0.0989398236691332,0.00929616684255435,0.0223871846334246,0.000949645786258107,2.40821674272717,2.18500820232347,0.58475498394403,0.542335814146312,0.181060663869267,0.0905043070407248,0.0905563568285424,0.146405879134749,0.140995643235984,FALSE,"stable",10,0.001,"epsilon_fraction"
0.1,0.12,1800,926,0.421920022078757,0.596914938726718,0.0331332510314741,0.0989059486220387,0.0109683651523227,0.0287479405322934,0.00112123610721624,2.62098682283619,2.37790642678233,0.618464316078517,0.579462005427543,0.0424028080669918,-0.0497810738640903,0.0921838819310821,0.16241464750528,0.157210067070718,FALSE,"stable",11,0.001,"epsilon_fraction"
0.1,0.12,1800,893,0.424342515371748,0.586063980667621,0.0342202799193633,0.0986682765323067,0.00948046780693295,0.025413287979475,0.000973811016204678,2.68059430156923,2.43089823883689,0.626948397445076,0.588629427582098,0.0767678184280517,-0.0221306774475296,0.0988984958755813,0.159942163491225,0.154977286685028,FALSE,"stable",12,0.001,"epsilon_fraction"
0.1,0.12,1800,915,0.418620946935539,0.584009305065828,0.0344017651017825,0.10203776505918,0.0110771369359577,0.0283138927071131,0.00106391185745657,2.5560659645908,2.33207964063793,0.608773789936173,0.571198177551752,0.100439936942096,0.0145956835619623,0.0858442533801332,0.160131395542061,0.15511075866677,FALSE,"stable",13,0.001,"epsilon_fraction"
0.1,0.12,1800,853,0.423916610488772,0.579432949014683,0.0344746555432018,0.100066645235923,0.00821293387492105,0.0206665007006149,0.000820199775042965,2.51633594222911,2.28785507902866,0.602596782401739,0.562909377798281,0.04555634866369,-0.0464150888558508,0.0919714375195407,0.138293173056469,0.133661576470232,FALSE,"stable",14,0.001,"epsilon_fraction"
0.1,0.12,1800,898,0.419073417093035,0.605238419756058,0.0335273172851903,0.101430553896255,0.0102272075020898,0.0268132709047401,0.000994075735814591,2.6217587644781,2.38950130179118,0.618576654134285,0.581502634357053,0.072749076209582,-0.0209692549440177,0.0937183311535997,0.160934750838972,0.156037474540003,FALSE,"stable",15,0.001,"epsilon_fraction"
0.1,0.12,1800,898,0.414653982363474,0.585691479747299,0.0349493463802824,0.100764536308054,0.0101492230130789,0.0244301659135518,0.000999579576721805,2.40709716222312,2.19128159430335,0.584561846653323,0.543646055075857,0.0343712974824597,-0.0547111096339958,0.0890824071164555,0.147341983200661,0.142091925162723,FALSE,"stable",16,0.001,"epsilon_fraction"
0.1,0.12,1800,894,0.418687466916491,0.590219060918068,0.0344833652256891,0.108230961787238,0.0114037240501378,0.0276383304316922,0.000973517278524323,2.42362322256985,2.23299600434306,0.587394612047137,0.552171164634843,0.0584488463460109,-0.0353435967546698,0.0937924431006807,0.155656302806872,0.150917149280608,FALSE,"stable",17,0.001,"epsilon_fraction"
0.1,0.12,1800,908,0.405623702580403,0.587555436071656,0.0332545746252059,0.0996919823462087,0.0104147490141289,0.0234870201193369,0.00104792051967667,2.25516909600738,2.04900089373328,0.556574271184174,0.511957265095185,0.0481422119036955,-0.0292710111228318,0.0774132230265273,0.137867281539012,0.132225891650857,FALSE,"stable",18,0.001,"epsilon_fraction"
0.1,0.12,1800,866,0.408419818897892,0.57557570582874,0.0341823532055708,0.0993723468021583,0.00855253808747497,0.0199434527270096,0.000866091794881605,2.33187534776565,2.11744733322292,0.571160610725535,0.527733236000764,0.151530942281071,0.0710829046186381,0.0804480376624329,0.133708660503577,0.128525007118736,FALSE,"stable",19,0.001,"epsilon_fraction"
0.1,0.12,1800,919,0.412882888417272,0.583626909005508,0.032940587611528,0.100404646023295,0.0109758798096512,0.0265929911299709,0.00108875891449883,2.4228573555067,2.204209486749,0.587264187168432,0.546322613158287,0.0755733199497958,-0.0076166207260826,0.0831899406758784,0.148822050243686,0.143540717631669,FALSE,"stable",20,0.001,"epsilon_fraction"
0.1,0.12,1800,902,0.42118352029351,0.580248024197803,0.0348385632189186,0.0982815419103807,0.0096636628381352,0.0248418710316312,0.00100045566194292,2.5706475326932,2.32948190058552,0.610992955167087,0.570719995828838,0.105021530690111,0.0101631539784881,0.0948583767116231,0.155425389739443,0.150215728414972,FALSE,"stable",21,0.001,"epsilon_fraction"
0.1,0.12,1800,897,0.422454642636072,0.581008955711814,0.0333343257062287,0.0960390565256935,0.00913779331454803,0.0223191495894541,0.000990707750823263,2.44250978558689,2.20359848366525,0.590585058900914,0.546196819696165,0.0558785489800526,-0.0302445252063044,0.086123074186357,0.144074669158897,0.138554612060028,FALSE,"stable",22,0.001,"epsilon_fraction"
0.1,0.12,1800,895,0.420918994372146,0.583328758605011,0.0360691618551826,0.0987109007073163,0.00953630442048281,0.0240971064375654,0.000978700650143567,2.52688099866106,2.29168757178069,0.604255206109872,0.563640344210194,0.182116388690277,0.0941166592276272,0.08799972946265,0.150324374345718,0.145184495659013,FALSE,"stable",23,0.001,"epsilon_fraction"
0.1,0.12,1800,923,0.415406958688532,0.596358180790198,0.0329052503578162,0.100421101360217,0.0110354443761943,0.0258678134631337,0.00109430873470779,2.34406631770406,2.13259191894714,0.573390909443437,0.53108703492898,0.152830300247451,0.0565286879860016,0.0963016122614493,0.156245017654335,0.15037083989219,FALSE,"stable",24,0.001,"epsilon_fraction"
0.1,0.12,1800,911,0.419476004366716,0.581438491514426,0.0326147304348802,0.101458122955105,0.010926188406199,0.0271658443058816,0.00106143899441744,2.48630568098836,2.26615687975794,0.597796840651356,0.558724283860341,0.091572488866309,0.00525142796726175,0.0863210608990472,0.155705210911192,0.15053071108067,FALSE,"stable",25,0.001,"epsilon_fraction"
0.1,0.12,1800,888,0.408605893059041,0.56997561652123,0.0338864018093017,0.0984196282617497,0.00914967391386311,0.0222661947446947,0.000944587460125454,2.43355063298574,2.20582704565898,0.589077791747816,0.54665530012066,0.0885201638558933,0.00191284042620743,0.0866073234296859,0.137223950918058,0.132190539729151,FALSE,"stable",26,0.001,"epsilon_fraction"
0.1,0.12,1800,870,0.414219564554975,0.586728462041238,0.0338910775099915,0.0975495042414458,0.00831600780385615,0.0199828555837555,0.000873906068227256,2.40293853193469,2.17443339098729,0.583842871255277,0.540110079184374,0.0919642070521387,0.00917487580097553,0.0827893312511632,0.131152624651567,0.126145027631196,FALSE,"stable",27,0.001,"epsilon_fraction"
0.1,0.12,1800,947,0.418396102422155,0.579088634233648,0.0324263789016602,0.102965121708359,0.0131807453812375,0.032407067946075,0.00124325351644112,2.45866732181974,2.24674642420353,0.59327559644797,0.554911943231644,0.0673471134712413,-0.0282408351160108,0.0955879485872522,0.173558549668013,0.167853269916227,FALSE,"stable",28,0.001,"epsilon_fraction"
0.1,0.12,1800,930,0.410187078938041,0.568434572052001,0.0352138570001356,0.102217166453867,0.0119679203330955,0.0295602318726152,0.00114543648935322,2.46995560213338,2.25420784874938,0.595134423008953,0.55638518402161,-0.0289498873684557,-0.127384491738333,0.0984346043698769,0.164411733813334,0.158969223217359,FALSE,"stable",29,0.001,"epsilon_fraction"
0.1,0.12,1800,895,0.408989590187729,0.579864532884451,0.0337603745509611,0.099742077468073,0.00964136644261005,0.02430671307295,0.00096912940341127,2.52108590806448,2.2908178303528,0.603345527892886,0.563474674087903,0.081640531424785,-0.00750989473145691,0.0891504261562419,0.147779653784318,0.142813346605358,FALSE,"stable",30,0.001,"epsilon_fraction"
0,0.12,1800,910,0.5,0.5,0,0,0,0.0155690364049816,0.0104544880696882,Inf,1.48922035217799,0.999999999999,0.32850769965808,0.0860929285657075,-0.00469983842618493,0.0907927669918924,NA,0.0916676177653175,TRUE,"degenerate_or_near_degenerate_observed_weight_variance",1,0.01,"epsilon_fraction"
0,0.12,1800,872,0.5,0.5,0,0,0,0.0132865610142388,0.00882951843043995,Inf,1.50478886463763,0.999999999999,0.335454944211852,0.0538064560345849,-0.0386876153506128,0.0924940713851977,NA,0.0883009251710723,TRUE,"degenerate_or_near_degenerate_observed_weight_variance",2,0.01,"epsilon_fraction"
0,0.12,1800,863,0.5,0.5,0,0,0,0.0118171943819892,0.00848286215116935,Inf,1.39306688843933,0.999999999999,0.282159379209484,0.193868010205969,0.108571323437295,0.0852966867686746,NA,0.0753871062714366,TRUE,"degenerate_or_near_degenerate_observed_weight_variance",3,0.01,"epsilon_fraction"
0,0.12,1800,903,0.5,0.5,0,0,0,0.0148580877661968,0.0101342266865024,Inf,1.46612940738596,0.999999999999,0.317931967695164,0.0692881591615596,-0.0174085148996788,0.0866966740612384,NA,0.0861442241730881,TRUE,"degenerate_or_near_degenerate_observed_weight_variance",4,0.01,"epsilon_fraction"
0,0.12,1800,893,0.5,0.5,0,0,0,0.0154436484061089,0.00969367251403697,Inf,1.59316795401801,0.999999999999,0.372319787453688,0.0458444299078276,-0.049877297975611,0.0957217278834386,NA,0.098680567344267,TRUE,"degenerate_or_near_degenerate_observed_weight_variance",5,0.01,"epsilon_fraction"
0,0.12,1800,913,0.5,0.5,0,0,0,0.0139621600013577,0.0105948378749036,Inf,1.31782667806842,0.999999999999,0.241174870229725,0.0437115468158334,-0.0359525384056611,0.0796640852214946,NA,0.0738871108124675,TRUE,"degenerate_or_near_degenerate_observed_weight_variance",6,0.01,"epsilon_fraction"
0,0.12,1800,929,0.5,0.5,0,0,0,0.0159121935806694,0.0113761449750277,Inf,1.39873336843008,0.999999999999,0.285067459910256,0.0535856674266354,-0.034314512624378,0.0879001800510134,NA,0.0884564655889952,TRUE,"degenerate_or_near_degenerate_observed_weight_variance",7,0.01,"epsilon_fraction"
0,0.12,1800,919,0.5,0.5,0,0,0,0.0143898030348918,0.0108812604601365,Inf,1.32243898467543,0.999999999999,0.243821445383784,0.1111648057572,0.0267497300469255,0.0844150757102746,NA,0.0783757782304843,TRUE,"degenerate_or_near_degenerate_observed_weight_variance",8,0.01,"epsilon_fraction"
0,0.12,1800,899,0.5,0.5,0,0,0,0.0138836938166283,0.00995565415662213,Inf,1.3945536474259,0.999999999999,0.28292468214054,0.0504688503226915,-0.0288306870298536,0.0792995373525451,NA,0.0788451346894455,TRUE,"degenerate_or_near_degenerate_observed_weight_variance",9,0.01,"epsilon_fraction"
0,0.12,1800,911,0.5,0.5,0,0,0,0.0153942935585986,0.0105010622266143,Inf,1.46597489152885,0.999999999999,0.317860076745852,0.0150053561005735,-0.0732493052351835,0.088254661335757,NA,0.0902722761557117,TRUE,"degenerate_or_near_degenerate_observed_weight_variance",10,0.01,"epsilon_fraction"
0,0.12,1800,879,0.5,0.5,0,0,0,0.0124897049866543,0.00910874385935129,Inf,1.37117753880322,0.999999999999,0.27069983886054,0.100379541436457,0.0153455582871574,0.0850339831492999,NA,0.0731933909262628,TRUE,"degenerate_or_near_degenerate_observed_weight_variance",11,0.01,"epsilon_fraction"
0,0.12,1800,923,0.5,0.5,0,0,0,0.0159185555996249,0.011076542426563,Inf,1.43714121127276,0.999999999999,0.304174153412257,0.116653853662796,0.0311135510936797,0.0855403025691167,NA,0.0895722874247597,TRUE,"degenerate_or_near_degenerate_observed_weight_variance",12,0.01,"epsilon_fraction"
0,0.12,1800,896,0.5,0.5,0,0,0,0.0146044339209402,0.0098237919962409,Inf,1.48663916403448,0.999999999999,0.327341816230529,0.0886416410425165,-0.00119093072913601,0.0898325717716525,NA,0.0872641894830561,TRUE,"degenerate_or_near_degenerate_observed_weight_variance",13,0.01,"epsilon_fraction"
0,0.12,1800,865,0.5,0.5,0,0,0,0.012434267989652,0.00855872344076181,Inf,1.45281806051035,0.999999999999,0.311682565641619,0.165752893096762,0.0727339679410202,0.0930189251557418,NA,0.0812886036945949,TRUE,"degenerate_or_near_degenerate_observed_weight_variance",14,0.01,"epsilon_fraction"
0,0.12,1800,913,0.5,0.5,0,0,0,0.0152663631302722,0.0105948378749036,Inf,1.44092465694395,0.999999999999,0.306001188069823,0.115805071794125,0.0246286809185287,0.0911763908755963,NA,0.0886115743334241,TRUE,"degenerate_or_near_degenerate_observed_weight_variance",15,0.01,"epsilon_fraction"
0,0.12,1800,914,0.5,0.5,0,0,0,0.0148351780281121,0.0106420414881095,Inf,1.3940161805127,0.999999999999,0.282648211707118,0.0354132647574366,-0.0557508135129932,0.0911640782704297,NA,0.0834437437289771,TRUE,"degenerate_or_near_degenerate_observed_weight_variance",16,0.01,"epsilon_fraction"
0,0.12,1800,882,0.5,0.5,0,0,0,0.0136332602355773,0.00923106497500961,Inf,1.47688920752755,0.999999999999,0.32290113916257,0.079594953631106,-0.0147615318272003,0.0943564854583063,NA,0.0872888934304332,TRUE,"degenerate_or_near_degenerate_observed_weight_variance",17,0.01,"epsilon_fraction"
0,0.12,1800,861,0.5,0.5,0,0,0,0.0125982215071538,0.00840765956578102,Inf,1.49842193402172,0.999999999999,0.33263123203487,0.143538460443054,0.0522687867656919,0.0912696736773624,NA,0.0841829958677204,TRUE,"degenerate_or_near_degenerate_observed_weight_variance",18,0.01,"epsilon_fraction"
0,0.12,1800,927,0.5,0.5,0,0,0,0.0159501211118476,0.0112753746413009,Inf,1.41459788426217,0.999999999999,0.293085327551172,0.190629323859648,0.0961856534236216,0.0944436704360265,NA,0.089325603709136,TRUE,"degenerate_or_near_degenerate_observed_weight_variance",19,0.01,"epsilon_fraction"
0,0.12,1800,907,0.5,0.5,0,0,0,0.0150924046828334,0.010316007669456,Inf,1.46300828444705,0.999999999999,0.316476871231146,0.0235995937178697,-0.0630226560400962,0.0866222497579658,NA,0.0874812928994166,TRUE,"degenerate_or_near_degenerate_observed_weight_variance",20,0.01,"epsilon_fraction"
0,0.12,1800,884,0.5,0.5,0,0,0,0.0135576134179099,0.0093135142350451,Inf,1.45569256413385,0.999999999999,0.313041761262956,0.0439710219898208,-0.0397982551502882,0.0837692771401091,NA,0.0818990641417009,TRUE,"degenerate_or_near_degenerate_observed_weight_variance",21,0.01,"epsilon_fraction"
0,0.12,1800,903,0.5,0.5,0,0,0,0.0146413467558471,0.0101342266865024,Inf,1.44474237736833,0.999999999999,0.307835074498509,0.0404150555424689,-0.0486114362704071,0.089026491812876,NA,0.0868264178355877,TRUE,"degenerate_or_near_degenerate_observed_weight_variance",22,0.01,"epsilon_fraction"
0,0.12,1800,945,0.5,0.5,0,0,0,0.0162814820236881,0.0122160664819945,Inf,1.33279251939941,0.999999999999,0.24969566872222,0.0720722030600582,-0.0154195589523847,0.0874917620124429,NA,0.0833166333864759,TRUE,"degenerate_or_near_degenerate_observed_weight_variance",23,0.01,"epsilon_fraction"
0,0.12,1800,917,0.5,0.5,0,0,0,0.0156443249918611,0.0107849283496368,Inf,1.45057291849212,0.999999999999,0.310617213894005,0.140117864662763,0.0483826661771836,0.0917351984855791,NA,0.0910225310293126,TRUE,"degenerate_or_near_degenerate_observed_weight_variance",24,0.01,"epsilon_fraction"
0,0.12,1800,931,0.5,0.5,0,0,0,0.0176297621581265,0.0114778305553385,Inf,1.53598383188595,0.999999999999,0.348951480321147,0.0593938639285829,-0.0355339911200661,0.094927855048649,NA,0.101579130682565,TRUE,"degenerate_or_near_degenerate_observed_weight_variance",25,0.01,"epsilon_fraction"
0,0.12,1800,905,0.5,0.5,0,0,0,0.0153286092760963,0.0102247120876377,Inf,1.4991727047874,0.999999999999,0.332965443669941,0.0110181980811053,-0.078768116646605,0.0897863147277103,NA,0.0932921310423739,TRUE,"degenerate_or_near_degenerate_observed_weight_variance",26,0.01,"epsilon_fraction"
0,0.12,1800,906,0.5,0.5,0,0,0,0.0145519129649912,0.0102702580964821,Inf,1.41689846820653,0.999999999999,0.294233127892521,0.19589052961103,0.111792322584278,0.0840982070267522,NA,0.084735522989668,TRUE,"degenerate_or_near_degenerate_observed_weight_variance",27,0.01,"epsilon_fraction"
0,0.12,1800,923,0.5,0.5,0,0,0,0.0153285359419862,0.011076542426563,Inf,1.38387371723746,0.999999999999,0.277390713080209,0.155797018437586,0.0727428185385224,0.0830541998990638,NA,0.0833055636009736,TRUE,"degenerate_or_near_degenerate_observed_weight_variance",28,0.01,"epsilon_fraction"
0,0.12,1800,910,0.5,0.5,0,0,0,0.0153579415207533,0.0104544880696882,Inf,1.46902855676714,0.999999999999,0.319278038950667,0.0653355218079652,-0.0257219626277363,0.0910574844357015,NA,0.0909950218704944,TRUE,"degenerate_or_near_degenerate_observed_weight_variance",29,0.01,"epsilon_fraction"
0,0.12,1800,855,0.5,0.5,0,0,0,0.0118378088919914,0.0081859410430839,Inf,1.44611460425712,0.999999999999,0.308491873979996,0.228990892069775,0.13968480249906,0.0893060895707154,NA,0.0781036471950226,TRUE,"degenerate_or_near_degenerate_observed_weight_variance",30,0.01,"epsilon_fraction"
0.001,0.12,1800,936,0.499128709639935,0.500920996376724,0.00032618955090391,0.00100390996472807,1.18287199150237e-06,0.0179086935538594,0.0117367598514208,15140.0098087652,1.52570974112346,0.999933949844641,0.344567336075571,-0.011756213406625,-0.0980907372155686,0.0863345238089436,0.164444443562869,0.0965318433263111,TRUE,"unstable_good_overlap_warning",1,0.01,"epsilon_fraction"
0.001,0.12,1800,922,0.499077631932063,0.500809903115686,0.000324208604495058,0.000978640646304836,1.0560811966186e-06,0.0163580822175872,0.0110268333496337,15489.4171678874,1.48333752529795,0.999935439791623,0.325844601821735,-0.000685841842764656,-0.0875887674603326,0.086902925617568,0.158001786059614,0.0901947545552243,TRUE,"unstable_good_overlap_warning",2,0.01,"epsilon_fraction"
0.001,0.12,1800,897,0.49924082413536,0.500855550403979,0.000339442050689864,0.00100905734669079,1.00473774741144e-06,0.0139710849774264,0.00986781551033243,13905.2056254688,1.41567934426049,0.999928084486707,0.293625350928343,0.125178081814261,0.0394595080708349,0.0857185737434257,0.146250816787884,0.0792520840520068,TRUE,"unstable_good_overlap_warning",3,0.01,"epsilon_fraction"
0.001,0.12,1800,908,0.499262829881224,0.500838917498785,0.00033426313295154,0.00100010258910804,1.03636975912472e-06,0.0140335325747978,0.0103615715134378,13541.047923523,1.35424718690296,0.999926150471836,0.261582368661285,0.0106988174201681,-0.0728602723644101,0.0835590897845782,0.145551966452888,0.0744454823411955,TRUE,"unstable_good_overlap_warning",4,0.01,"epsilon_fraction"
0.001,0.12,1800,926,0.499067700510083,0.500803540203604,0.000346461819883126,0.000979228139918647,1.07627854769363e-06,0.0163097529749423,0.0112242392051004,15153.8400629583,1.45294383919104,0.999934010125761,0.311742152018226,0.0972907091196541,0.00261499399240406,0.09467571512725,0.16151820036906,0.0901848446700874,TRUE,"unstable_good_overlap_warning",5,0.01,"epsilon_fraction"
0.001,0.12,1800,921,0.499089536787421,0.50078220794919,0.0003494713535383,0.0010220584281083,1.14675772767942e-06,0.0149628549190454,0.0109779241981477,13047.9651960351,1.36285255639395,0.999923359697472,0.26624491012736,0.0684382477859711,-0.0179375416531484,0.0863757894391195,0.153315373545892,0.0791121168517946,TRUE,"unstable_good_overlap_warning",6,0.01,"epsilon_fraction"
0.001,0.12,1800,883,0.499051765783119,0.500843056777383,0.000347365740951289,0.000996059394588722,9.20008684933731e-07,0.0138537526925877,0.00927302552347003,15058.2846873729,1.49383589159042,0.999933591373735,0.330582424997603,0.0274369481708286,-0.0659913703052077,0.0934283184760364,0.148956624689616,0.0856473882952876,TRUE,"unstable_good_overlap_warning",7,0.01,"epsilon_fraction"
0.001,0.12,1800,905,0.499231100686502,0.500884589596758,0.00034328929161842,0.000996003876883149,1.01435088255279e-06,0.0149587040050019,0.0102250667930024,14747.0705278588,1.46279926733683,0.999932189922188,0.316379203675294,0.136146367737639,0.0435204094836792,0.0926259582539594,0.154297196298678,0.0867914060683069,TRUE,"unstable_good_overlap_warning",8,0.01,"epsilon_fraction"
0.001,0.12,1800,903,0.499113514147483,0.50084408391601,0.000324097235129994,0.000990517083914123,9.94319812646153e-07,0.0152349764887419,0.0101344959236807,15322.0083669031,1.50313168112635,0.999934734404521,0.334722291761781,0.115006309871694,0.0202041793337817,0.0948021305379122,0.159526472568,0.0922973545018283,TRUE,"unstable_good_overlap_warning",9,0.01,"epsilon_fraction"
0.001,0.12,1800,865,0.499070731569774,0.501063795479725,0.000333760826810525,0.00101672464873774,8.84859410923716e-07,0.0118638478614706,0.00855987789069962,13407.6077114733,1.38584004810989,0.999925415478919,0.278416003806591,0.082088775034192,-0.00413201652325301,0.086220791557445,0.138406835031292,0.0730332844103953,TRUE,"unstable_good_overlap_warning",10,0.01,"epsilon_fraction"
0.001,0.12,1800,901,0.499183186274995,0.500825998365924,0.000353352683120589,0.000976989546152131,9.58688353699595e-07,0.0137753957669,0.0100437898676451,14369.0029337902,1.37140274742599,0.999930405748777,0.270819602865083,0.139199602234607,0.0558675206041581,0.0833320816304489,0.141783643095976,0.0737872445008232,TRUE,"unstable_good_overlap_warning",11,0.01,"epsilon_fraction"
0.001,0.12,1800,888,0.499111018796878,0.500756162544802,0.000341276427502035,0.000984136777238858,9.18244633190182e-07,0.0138692907154095,0.00948085436171142,15104.1347960015,1.46273184258068,0.999933792963748,0.316347692113059,0.0682159871559072,-0.0212793225647978,0.089495309720705,0.1477349088147,0.0830959468491757,TRUE,"unstable_good_overlap_warning",12,0.01,"epsilon_fraction"
0.001,0.12,1800,881,0.499239605808069,0.500810502146184,0.000351049507159029,0.00102914438682768,9.73352390701888e-07,0.0143139914494968,0.00919004167017244,14705.8676654351,1.55738962610302,0.999931999932085,0.357899922255003,0.0628157259113848,-0.0361168356287722,0.0989325615401571,0.152772932542081,0.0913991135617142,TRUE,"unstable_good_overlap_warning",13,0.01,"epsilon_fraction"
0.001,0.12,1800,898,0.499111593002849,0.500939830603669,0.000338658695664185,0.000992423675520641,9.76204729933734e-07,0.0138250229541459,0.00991166636383011,14162.0118508178,1.3946859133199,0.999929388563536,0.282992686418115,0.182304654962675,0.0932428539290482,0.0890618010336268,0.150802212092776,0.0802251710500283,TRUE,"unstable_good_overlap_warning",14,0.01,"epsilon_fraction"
0.001,0.12,1800,913,0.499153173915153,0.500714160152474,0.00034062149635522,0.000955708186918992,9.67731337487576e-07,0.0160396442462713,0.0105950788249676,16574.4805659735,1.5137385590975,0.9999396662842,0.339383941837218,0.0365505092063749,-0.0579397551596668,0.0944902643660417,0.159649673636833,0.0930093868882163,TRUE,"unstable_good_overlap_warning",15,0.01,"epsilon_fraction"
0.001,0.12,1800,897,0.499162135944743,0.500752114516031,0.000332463601647626,0.000974416164891371,9.36962307184529e-07,0.0132848214779688,0.00986809132687314,14178.6082279961,1.34611241235708,0.999929471215798,0.257119991747959,0.134657554059952,0.0593016201868666,0.0753559338730856,0.134444312897314,0.0681750828439223,TRUE,"unstable_good_overlap_warning",16,0.01,"epsilon_fraction"
0.001,0.12,1800,873,0.499077747039655,0.500795036346461,0.000318760704994925,0.00100590289088009,8.97425864505009e-07,0.0131110784190009,0.00886924127723875,14609.6507105158,1.47811425027817,0.999931552093899,0.323462310297188,-0.04067234878889,-0.126622575920239,0.0859502271313488,0.142667734463279,0.0811432635046311,TRUE,"unstable_good_overlap_warning",17,0.01,"epsilon_fraction"
0.001,0.12,1800,889,0.499173459159273,0.500939197090273,0.000349374817050163,0.00101523765414624,9.81494713605703e-07,0.0136875809896644,0.00952253397730957,13945.6492224808,1.43724037934036,0.999928293047957,0.304222164660472,0.0930429473787483,0.00432846029290235,0.088714487085846,0.146290814046096,0.0806915493145867,TRUE,"unstable_good_overlap_warning",18,0.01,"epsilon_fraction"
0.001,0.12,1800,887,0.499101909707011,0.500781458379379,0.000343996571898542,0.00100411774466446,9.51679515932555e-07,0.013601141354182,0.00943890114534693,14291.7243951124,1.4408213355148,0.999930029437152,0.305951421351832,0.103728807636954,0.0151305494273557,0.088598258209598,0.142928831425453,0.0790608128184745,TRUE,"unstable_good_overlap_warning",19,0.01,"epsilon_fraction"
0.001,0.12,1800,911,0.499184017173052,0.501038772605829,0.000342441124484116,0.00102468317063235,1.10264957866048e-06,0.0153767643365678,0.0105016685956743,13945.2865481051,1.46406733780075,0.999928291183078,0.316971307137997,-0.0274624850022958,-0.110465808605304,0.0830033236030081,0.150490768312024,0.0847296488957631,TRUE,"unstable_good_overlap_warning",20,0.01,"epsilon_fraction"
0.001,0.12,1800,894,0.499038588987487,0.500881370816574,0.000342671730042765,0.00101185268783881,9.96843143716322e-07,0.0148003604092774,0.0097362618810556,14847.2309837035,1.51997197861192,0.999932647373702,0.342093134563422,0.0452927787010928,-0.0497830263488023,0.0950758050498951,0.150757480011891,0.0881791025696044,TRUE,"unstable_good_overlap_warning",21,0.01,"epsilon_fraction"
0.001,0.12,1800,891,0.499087161334754,0.501027790003847,0.000337334320573424,0.00102603223983836,1.01147060010027e-06,0.0139261438237911,0.00960796139106177,13768.2141452362,1.44928537360678,0.999927368939105,0.310004766341265,0.00566306372144343,-0.0816424265471447,0.0873054902685881,0.146073261474602,0.0813337289263186,TRUE,"unstable_good_overlap_warning",22,0.01,"epsilon_fraction"
0.001,0.12,1800,903,0.499056685769427,0.500985917327286,0.000336188152237404,0.00102235095686614,1.05918008544794e-06,0.0135950632281656,0.0101337407832232,12835.4596304708,1.34142393311997,0.999922090830497,0.254523513924387,0.0854459149225448,-0.00126669976944815,0.086712614691993,0.147984937314455,0.0746617880525018,TRUE,"unstable_good_overlap_warning",23,0.01,"epsilon_fraction"
0.001,0.12,1800,929,0.49904172520664,0.500828834026101,0.000352181545518637,0.00105696648871986,1.27085516788614e-06,0.0174003800428971,0.0113755819380356,13691.867084933,1.52945461800227,0.999926963941894,0.346172166058662,0.0778054095268225,-0.0120218139509713,0.0898272234777938,0.165954096637776,0.0976449776888484,TRUE,"unstable_good_overlap_warning",24,0.01,"epsilon_fraction"
0.001,0.12,1800,941,0.499146188564917,0.500902354480177,0.00033052869890976,0.000982791574280596,1.15908106911894e-06,0.0160673794044163,0.0120002685112642,13862.1705008346,1.33878901329041,0.999927861224911,0.253056314271472,-0.0414726666612069,-0.130615686634454,0.089143019973247,0.160890179573633,0.0809382464170497,TRUE,"unstable_good_overlap_warning",25,0.01,"epsilon_fraction"
0.001,0.12,1800,898,0.499007812068709,0.500845041483189,0.000350372024757462,0.000995925223675666,9.83178252033831e-07,0.0142650753564221,0.00991239955889762,14509.1445288918,1.43897151301995,0.999931077948944,0.305059210031674,0.100316820145007,0.00698916241563063,0.0933276577293761,0.15420613200476,0.0851743212082121,TRUE,"unstable_good_overlap_warning",26,0.01,"epsilon_fraction"
0.001,0.12,1800,892,0.499211170041184,0.500931116090206,0.000339902244877954,0.00100925999158521,9.82945168282802e-07,0.0142142891975371,0.00964990809240532,14460.9177156538,1.47284734043695,0.999930848095559,0.32104300795809,0.0713471032219199,-0.0162341103390788,0.0875812135609988,0.148466040353867,0.0841247429954422,TRUE,"unstable_good_overlap_warning",27,0.01,"epsilon_fraction"
0.001,0.12,1800,949,0.499225179328181,0.500784671255115,0.000335780184196277,0.00100078366401992,1.24556580015346e-06,0.0180506750410826,0.0124361588236929,14491.9481884126,1.45132171277888,0.999930996165112,0.310972893745744,0.213994062168289,0.120601488991405,0.0933925731768842,0.169724617733276,0.0946501030624259,TRUE,"unstable_good_overlap_warning",28,0.01,"epsilon_fraction"
0.001,0.12,1800,910,0.49923738486726,0.500772336027813,0.000343071285662022,0.00100076072552458,1.04701393113469e-06,0.0151861307597408,0.0104542276658003,14504.2298943272,1.45248510679308,0.999931054595295,0.311524782372548,0.129357746046316,0.0360958663625026,0.0932618796838132,0.156897369110861,0.0875743522625717,TRUE,"unstable_good_overlap_warning",29,0.01,"epsilon_fraction"
0.001,0.12,1800,913,0.499181510386167,0.50098603210939,0.000342400039545165,0.00101993931836454,1.10218481125304e-06,0.0160999556755135,0.0105951169249551,14607.3104175786,1.51940569638415,0.999931541127599,0.341847932793869,0.0450803381582516,-0.0430972505887448,0.0881775887469964,0.153296918310182,0.0896323472333207,TRUE,"unstable_good_overlap_warning",30,0.01,"epsilon_fraction"
0.005,0.12,1800,925,0.496149013518828,0.504291364981955,0.00171564572867267,0.00493918855895811,2.72600383457429e-05,0.018095925537464,0.011174169378076,663.826121884011,1.61550145653149,0.998493581425868,0.380997153572974,0.157559718064384,0.0607533939819684,0.0968063240824151,0.160490240720944,0.099137247160679,TRUE,"unstable_good_overlap_warning",1,0.01,"epsilon_fraction"
0.005,0.12,1800,895,0.496460267244436,0.504060284805802,0.0016681659648195,0.00500479532128533,2.4483668699418e-05,0.0135854256941351,0.00977470934024515,554.877043180138,1.38638209102878,0.99819779893169,0.27869812624459,0.098004494434816,0.0122990096956768,0.0857054847391392,0.145454707310914,0.0768575438004224,TRUE,"unstable_good_overlap_warning",2,0.01,"epsilon_fraction"
0.005,0.12,1800,891,0.496494898603208,0.504820401432363,0.0016012108249342,0.00486461444805744,2.27393690179925e-05,0.0128198531762868,0.00960907446289317,563.773478769051,1.33099054861436,0.998226237952549,0.248679863999742,0.0755983585128506,0.0025547067735826,0.073043651739268,0.134783362102709,0.0672732029733895,TRUE,"unstable_good_overlap_warning",3,0.01,"epsilon_fraction"
0.005,0.12,1800,909,0.496376742316956,0.504968059646599,0.0017845235975435,0.00521851743385272,2.83401853580516e-05,0.0141853049492335,0.0104065891500278,500.536773843062,1.35940594260948,0.998002144792835,0.264384560449675,0.0972910142343328,0.0109402781052328,0.0863507361291,0.146697185090281,0.0755047176596782,TRUE,"unstable_good_overlap_warning",4,0.01,"epsilon_fraction"
0.005,0.12,1800,934,0.495405548195187,0.503960730466095,0.00170125088888073,0.00509509670071259,3.0203225604131e-05,0.0182421646488296,0.0116345198444977,603.980677028568,1.56387464487576,0.998344317892884,0.360562559616509,0.0688581572326264,-0.0278026139904031,0.0966607712230295,0.175645466819501,0.105557011114533,TRUE,"unstable_good_overlap_warning",5,0.01,"epsilon_fraction"
0.005,0.12,1800,926,0.495883392505045,0.503806271067181,0.0016600830924301,0.00499784123748875,2.80426827230761e-05,0.0161189790554584,0.0112267653645232,574.801605632197,1.4321860477578,0.998260269299526,0.301766693254989,0.0836782606385248,0.00397774836953468,0.0797005122689901,0.152411500024915,0.0837975837258062,TRUE,"unstable_good_overlap_warning",6,0.01,"epsilon_fraction"
0.005,0.12,1800,878,0.496099204363752,0.503536856646317,0.00170146409909233,0.00490663967101913,2.18439026093697e-05,0.0126735319819597,0.00907322957748492,580.186251907364,1.39345020243072,0.99827641555326,0.282356844718521,0.0427438525601314,-0.0461447143932325,0.0888885669533639,0.141942396315058,0.0754893850278661,TRUE,"unstable_good_overlap_warning",7,0.01,"epsilon_fraction"
0.005,0.12,1800,914,0.49498169959585,0.503902282443426,0.00164918341593911,0.00473004767274825,2.38106425568484e-05,0.0160183673347225,0.0106424122927524,672.73981777175,1.50178441158357,0.998513541233055,0.334125462824891,0.0741074175403821,-0.0236829495530064,0.0977903670933885,0.159590969004074,0.0923179429596859,TRUE,"unstable_good_overlap_warning",8,0.01,"epsilon_fraction"
0.005,0.12,1800,909,0.495902938944214,0.504565272956549,0.00168756102409251,0.00495862842929662,2.55759696992512e-05,0.0139642304789159,0.0104018114381699,545.990265202916,1.33918784568967,0.998168465513523,0.25327876651613,0.18069844914352,0.0940003479202239,0.0866981012232964,0.144543571200144,0.0728108748129483,TRUE,"unstable_good_overlap_warning",9,0.01,"epsilon_fraction"
0.005,0.12,1800,890,0.495513602917006,0.504291886002561,0.00170295992524522,0.0051187458846947,2.5059500072185e-05,0.0132069825506299,0.00956412542434566,527.02498104857,1.37727895068534,0.998102556736475,0.273930673592018,0.0904983152803481,0.000844998194279856,0.0896533170860683,0.138078133921566,0.0723365276724603,TRUE,"unstable_good_overlap_warning",10,0.01,"epsilon_fraction"
0.005,0.12,1800,918,0.495409883351321,0.503841209158812,0.00175441353970562,0.00533746787319342,3.08539647256807e-05,0.0156753508061328,0.0108302986021507,508.049806418742,1.4432492969428,0.99803168904433,0.307119011165795,-0.0043056056548757,-0.0937423620096536,0.0894367563547779,0.155742820203348,0.0863951214664838,TRUE,"unstable_good_overlap_warning",11,0.01,"epsilon_fraction"
0.005,0.12,1800,873,0.495665747454438,0.504160603308502,0.00162770424408387,0.00493324824724294,2.15865822878225e-05,0.0135366492647845,0.00886988414454139,627.086265175979,1.52243084194597,0.998405323070313,0.343155713581182,0.108447474593788,0.0213918363958898,0.0870556381978981,0.138143321388063,0.0809882597015368,TRUE,"unstable_good_overlap_warning",12,0.01,"epsilon_fraction"
0.005,0.12,1800,907,0.495657482290605,0.504057642171156,0.00166531814054627,0.00507344104398539,2.6551576682801e-05,0.014249748870893,0.0103153763933713,536.68183404428,1.37786193368919,0.998136698623718,0.274237878593156,0.183618203143687,0.0943966245977459,0.0892215785459407,0.1491277548437,0.0781676738164429,TRUE,"unstable_good_overlap_warning",13,0.01,"epsilon_fraction"
0.005,0.12,1800,908,0.495743616982777,0.504132168289991,0.00167173607243953,0.00473927259988488,2.32867735102934e-05,0.0142965167883586,0.0103677839776229,613.932916985649,1.37584635219614,0.998371157544525,0.273174654710686,0.0495567330361344,-0.0311500783890275,0.0807068114251619,0.143988677414897,0.0753186506623652,TRUE,"unstable_good_overlap_warning",14,0.01,"epsilon_fraction"
0.005,0.12,1800,885,0.495757772253536,0.504341951150037,0.00173349445040882,0.00496575735057561,2.30546466275764e-05,0.013364508220816,0.00934948053197667,579.68827007872,1.42592243892822,0.998274934906197,0.298699583722354,0.0977196368232367,0.015888444860755,0.0818311919624817,0.139853946377163,0.0765009716119961,TRUE,"unstable_good_overlap_warning",15,0.01,"epsilon_fraction"
0.005,0.12,1800,918,0.496196532725826,0.50438470214081,0.00160307598085241,0.00481990802463071,2.51637844547349e-05,0.016692238258992,0.0108317456802756,663.343714814372,1.53747604815331,0.998492485904868,0.349583363460448,0.17104907855045,0.07449611142204,0.0965529671284097,0.168178027343787,0.099511261516107,TRUE,"unstable_good_overlap_warning",16,0.01,"epsilon_fraction"
0.005,0.12,1800,909,0.49609259256785,0.503870051333108,0.00165467800741748,0.00483633388522792,2.43386729184577e-05,0.0157259946894069,0.0104055332969914,646.131970386964,1.50778405859404,0.998452328555417,0.336775054557569,0.104733951828666,0.01086348732576,0.0938704645029057,0.156569764688324,0.0909314652697901,TRUE,"unstable_good_overlap_warning",17,0.01,"epsilon_fraction"
0.005,0.12,1800,916,0.495615638521664,0.50404168722076,0.00172052768281628,0.00521951787773726,2.92505164207176e-05,0.0162850505417422,0.010736747977529,556.744035131217,1.51263726730912,0.998203842453805,0.338902973229708,0.0921966264283918,-0.00068242488014425,0.092879051308536,0.161406060573694,0.0940476414509252,TRUE,"unstable_good_overlap_warning",18,0.01,"epsilon_fraction"
0.005,0.12,1800,907,0.495071379061186,0.504295657780684,0.00162149337111395,0.0047381608887273,2.31668383992287e-05,0.0161849223884848,0.0103192269084007,698.624564542377,1.56491067587642,0.998568616033914,0.360985891773054,0.0316622822198084,-0.0659432226738674,0.0976055048936758,0.160510224097544,0.096507009748142,TRUE,"unstable_good_overlap_warning",19,0.01,"epsilon_fraction"
0.005,0.12,1800,865,0.495501011980536,0.505122577906262,0.00163964932169292,0.00503450872516819,2.16896127777365e-05,0.0131003154058162,0.00855731665569049,603.990285122247,1.52702014614045,0.998344344230971,0.345129792473593,0.0954108196409356,0.00443530285738358,0.090975516783552,0.146055350174154,0.0858753488875115,TRUE,"unstable_good_overlap_warning",20,0.01,"epsilon_fraction"
0.005,0.12,1800,906,0.495236121070158,0.503898154268474,0.0016124537935176,0.00480195831266596,2.36726967373843e-05,0.0140441722685761,0.0102662293805342,593.264570757471,1.36484994347973,0.998314411395369,0.267318722635205,0.067677224074593,-0.0193849901234986,0.0870622141980916,0.14914752623423,0.0771786313775704,TRUE,"unstable_good_overlap_warning",21,0.01,"epsilon_fraction"
0.005,0.12,1800,918,0.495769037580282,0.504730198487539,0.00167331625454192,0.00499008023507758,2.69674651500822e-05,0.0152139953081699,0.0108299155191652,564.161118722109,1.40132258311609,0.998227456719695,0.286388436146998,0.082865069223045,-0.00613519949243146,0.0890002687154765,0.158234902999004,0.0847549883558007,TRUE,"unstable_good_overlap_warning",22,0.01,"epsilon_fraction"
0.005,0.12,1800,919,0.495324491430768,0.504326421405437,0.00170646364241117,0.00512941091290537,2.8626792087617e-05,0.0154426141168836,0.0108802206004226,539.446196752292,1.41560456033936,0.998146247010322,0.293588034387038,0.201754668635951,0.109087750043313,0.0926669185926384,0.157267376762169,0.0852924774471066,TRUE,"unstable_good_overlap_warning",23,0.01,"epsilon_fraction"
0.005,0.12,1800,937,0.495992934425831,0.503752969859918,0.00174600406867875,0.00523854386815019,3.23456614362866e-05,0.0175974749436612,0.0117867715528906,544.044368309614,1.48889926587156,0.99816191461901,0.328362890007455,-0.000944035985017688,-0.096276499174605,0.0953324631895873,0.164454638057447,0.0943240985499717,TRUE,"unstable_good_overlap_warning",24,0.01,"epsilon_fraction"
0.005,0.12,1800,866,0.49594136674797,0.504066375307295,0.00164027128469513,0.00499251830555768,2.14283928285373e-05,0.0128593176060126,0.00859706613108262,600.106489969104,1.4920607735302,0.998333629086312,0.329786012915537,0.168007305671208,0.0662853643711769,0.101721941300031,0.149844298150638,0.0861228687315171,TRUE,"unstable_good_overlap_warning",25,0.01,"epsilon_fraction"
0.005,0.12,1800,900,0.496071055606127,0.504318042585696,0.00168585491437628,0.00488906192396135,2.39074257354506e-05,0.0147818163692476,0.0100018822963467,618.29393648722,1.47437925380483,0.998382646277139,0.321748459618264,0.0497235758825822,-0.0374590638355976,0.0871826397181799,0.147068457056537,0.0834890006260419,TRUE,"unstable_good_overlap_warning",26,0.01,"epsilon_fraction"
0.005,0.12,1800,932,0.496240572802626,0.503973592324565,0.00170937255975157,0.00501597165058549,2.90067669838779e-05,0.018439036722158,0.0115289347085274,635.680520080245,1.59535647080634,0.998426882736829,0.373180841837455,0.0940969639995831,-0.00247462246624597,0.0965715864658291,0.171389383520194,0.104781703249254,TRUE,"unstable_good_overlap_warning",27,0.01,"epsilon_fraction"
0.005,0.12,1800,904,0.494033401125177,0.503458823165026,0.00161801621026481,0.00511693397009612,2.66574487975209e-05,0.0153339810147959,0.010181199749085,575.223125486111,1.50217432684861,0.998261544163137,0.334298302050012,0.0405122624117082,-0.0488805215193504,0.0893927839310587,0.154616656494778,0.0894748939720945,TRUE,"unstable_good_overlap_warning",28,0.01,"epsilon_fraction"
0.005,0.12,1800,899,0.495539987741407,0.50432482554182,0.00168005873563903,0.00517560322673714,2.66652319069446e-05,0.01400124366701,0.00995459086511591,525.074888374159,1.40275367457871,0.998095509760338,0.287116463765223,0.22375432334975,0.135734810363237,0.088019512986513,0.143881149708333,0.0771697150805419,TRUE,"unstable_good_overlap_warning",29,0.01,"epsilon_fraction"
0.005,0.12,1800,925,0.495860269053926,0.503925876941268,0.00171183996777374,0.0050609067397736,2.86184411005162e-05,0.0151683345482544,0.0111735018301467,530.019594532729,1.35405924780037,0.998113277300848,0.26147987865046,0.055290224357782,-0.0285499544680712,0.0838401788258532,0.14947950722798,0.0765087098251842,TRUE,"unstable_good_overlap_warning",30,0.01,"epsilon_fraction"
0.02,0.12,1800,876,0.48341776267394,0.518655633128133,0.0066205078818159,0.0201048708617961,0.000363582741858965,0.0136626597064833,0.00899498999625031,37.5778554191746,1.45990848057923,0.973388582481752,0.315025555846319,0.131522354436196,0.0378259433907127,0.0936964110454832,0.148034094278675,0.0842154008669274,TRUE,"unstable_good_overlap_warning",1,0.01,"epsilon_fraction"
0.02,0.12,1800,852,0.484663578927786,0.518371394344079,0.00698224308617823,0.0200629883487606,0.000324858698269551,0.0119057909720053,0.00807055232981644,36.649137103069,1.41813080171723,0.972714227972471,0.294846428277923,0.117469608458243,0.0271698207395694,0.0902997877186731,0.133062390088456,0.0732589384773089,TRUE,"unstable_good_overlap_warning",2,0.01,"epsilon_fraction"
0.02,0.12,1800,895,0.48169864075438,0.515890249207994,0.00671717469871991,0.020025273821958,0.000392618571488035,0.0140947313204318,0.00979070380180425,35.8992985660672,1.38409949167453,0.972144302536729,0.277508585173915,0.0680793685308445,-0.0117225004551182,0.0798018689859628,0.144279093225191,0.077086130906267,TRUE,"unstable_good_overlap_warning",3,0.01,"epsilon_fraction"
0.02,0.12,1800,883,0.482823362672358,0.516406011287031,0.00699662821830704,0.0199280673921838,0.000368436303228735,0.0129437369957543,0.00927752321287368,35.1315461650327,1.34188174583843,0.971535553963312,0.254777849761131,0.110673122620578,0.0259400724886771,0.0847330501319006,0.139157974133342,0.0712622585247391,TRUE,"unstable_good_overlap_warning",4,0.01,"epsilon_fraction"
0.02,0.12,1800,828,0.483629462403098,0.518575421352235,0.00651937379541034,0.0203281669466387,0.000300084311692523,0.0105108131156607,0.00726184297468535,35.0261999915225,1.38996484859025,0.971449943178477,0.280557345738467,0.115253024514749,0.027821567273975,0.0874314572407742,0.124274144683823,0.0667853784438159,TRUE,"unstable_good_overlap_warning",5,0.01,"epsilon_fraction"
0.02,0.12,1800,909,0.483471539360706,0.51757001757757,0.00664597928313682,0.0204221843675264,0.000434593554872509,0.0153646862258998,0.0104202681767221,35.3541511456772,1.41546586274597,0.971714778389686,0.293518815028133,0.147464891181832,0.0561475964835223,0.0913172946983102,0.151438075662001,0.0832307199284847,TRUE,"unstable_good_overlap_warning",6,0.01,"epsilon_fraction"
0.02,0.12,1800,912,0.48359353055797,0.515856500529349,0.006588448821083,0.0201877732864083,0.000430413040565339,0.0162563235373617,0.0105610861013604,37.7691240860391,1.47899056602333,0.973523346802484,0.323863165206813,0.162700756535455,0.0747804343031064,0.0879203222323482,0.149899373689356,0.0864584431054363,TRUE,"unstable_good_overlap_warning",7,0.01,"epsilon_fraction"
0.02,0.12,1800,913,0.48202793176448,0.517319668103775,0.006531807685971,0.020380434649459,0.000439189825656076,0.0159114969377897,0.0105736611069863,36.2292020631868,1.44481179624684,0.97239795681241,0.307868330949621,0.200870694421333,0.109111660470915,0.0917590339504176,0.155817849531819,0.0876753879190482,TRUE,"unstable_good_overlap_warning",8,0.01,"epsilon_fraction"
0.02,0.12,1800,923,0.483787818021686,0.518199045224165,0.00676553023990312,0.0203763161782138,0.000460857143401346,0.0156108916772871,0.0110997956064574,33.8736024835619,1.35034690644764,0.970478486884137,0.25944955683225,0.0646938134940636,-0.0228685624235114,0.087562375917575,0.153925731535269,0.0795874768543958,TRUE,"unstable_good_overlap_warning",9,0.01,"epsilon_fraction"
0.02,0.12,1800,904,0.483981659463829,0.519441951252597,0.00650289122931491,0.0199543867375935,0.000405292431442305,0.0146827644769878,0.0101786861506267,36.2275812176817,1.38726324539837,0.972396721879077,0.279156278869884,0.165684518552827,0.0872326398279487,0.078451878724878,0.144733919721427,0.077548299903698,TRUE,"unstable_good_overlap_warning",10,0.01,"epsilon_fraction"
0.02,0.12,1800,932,0.484278475898188,0.517152526183526,0.00674383844738519,0.020313039935271,0.00047530718049029,0.0165250482324508,0.0115192586678657,34.7670914952407,1.37771124368922,0.971237168339581,0.2741584968689,0.107251191016941,0.0136038251594852,0.0936473658574559,0.158644036146278,0.084287264364886,TRUE,"unstable_good_overlap_warning",11,0.01,"epsilon_fraction"
0.02,0.12,1800,895,0.484716781193219,0.51606498355971,0.00662462715428486,0.0194474228641712,0.000369919729822469,0.015404978194106,0.00978100272796493,41.6441107412658,1.51759391899284,0.975987000749926,0.341062198863017,0.0325648491650407,-0.0558690175806859,0.0884338667457265,0.152398853267613,0.090089977059842,TRUE,"unstable_good_overlap_warning",12,0.01,"epsilon_fraction"
0.02,0.12,1800,901,0.481936425977251,0.514814973126453,0.00666393174810298,0.0201896318893644,0.000409170583970196,0.014671001159999,0.0100380095050497,35.8554640405617,1.40430250411959,0.97211024799822,0.287902715357661,0.127886773575105,0.0372810879143504,0.0906056856607547,0.149374918082489,0.0812910624806402,TRUE,"unstable_good_overlap_warning",13,0.01,"epsilon_fraction"
0.02,0.12,1800,913,0.483679230356133,0.515145927499333,0.00712285183813144,0.0207342113528267,0.00045472300030238,0.015104038447543,0.0105772283270187,33.215910427885,1.36911757488788,0.96989394578929,0.269602539371468,0.0650006974561963,-0.0179865810566168,0.0829872785128131,0.145713619100191,0.0768245473304575,TRUE,"unstable_good_overlap_warning",14,0.01,"epsilon_fraction"
0.02,0.12,1800,897,0.483630069982082,0.515889751646611,0.00678026320281505,0.020177510075107,0.000401551287721787,0.0153716138269252,0.00986292833026886,38.2805741058296,1.49755412831481,0.973877089794019,0.332244503826188,0.112432732927038,0.0149916095886662,0.0974411233383716,0.156756506529991,0.0915592874705094,TRUE,"unstable_good_overlap_warning",15,0.01,"epsilon_fraction"
0.02,0.12,1800,927,0.479687552066457,0.517579372127585,0.00655769855964827,0.0205759082969912,0.000477546711341344,0.0161857901627901,0.0112797072241573,33.8936271120518,1.37666416423315,0.970495928432386,0.273606427783323,0.141523508342807,0.052771222360924,0.0887522859818833,0.160161353750553,0.0850401505011204,TRUE,"unstable_good_overlap_warning",16,0.01,"epsilon_fraction"
0.02,0.12,1800,935,0.483549204572298,0.515230214692862,0.0068713277901451,0.0201927022969081,0.000476809733169124,0.0166515161614509,0.0116938152234511,34.9227689853904,1.36817264691024,0.97136538627798,0.269098090611362,0.146181987689518,0.0563057139637861,0.0898762737257323,0.164560648253512,0.0866143769645379,TRUE,"unstable_good_overlap_warning",17,0.01,"epsilon_fraction"
0.02,0.12,1800,884,0.482754241607872,0.515103563359647,0.00709260273589907,0.0195930480705518,0.000357387801682646,0.0139059644250873,0.00930970066086089,38.9100141628101,1.43848527702709,0.974299675250291,0.304824306532568,0.0431127848777573,-0.0491374219861469,0.0922502068639042,0.144295723884204,0.0807108608713388,TRUE,"unstable_good_overlap_warning",18,0.01,"epsilon_fraction"
0.02,0.12,1800,887,0.483948188668286,0.515484729255082,0.00650857392555981,0.0191610803009705,0.000346296673035649,0.0132549635039314,0.00943209871356378,38.2763235573068,1.35553564566395,0.973874188870234,0.262284246674903,0.0781686207472451,-0.00297316120749613,0.0811417819547412,0.137966111369042,0.0715990235032847,TRUE,"unstable_good_overlap_warning",19,0.01,"epsilon_fraction"
0.02,0.12,1800,952,0.481416380012193,0.522741136635026,0.00727063875006556,0.0200505189888656,0.000506789817913286,0.0202245602518487,0.0126059808756226,39.907195324333,1.54235597682026,0.974941862191196,0.351641245582222,0.122549663980605,0.0234896042275727,0.0990600597530327,0.180019028348701,0.108113258948333,TRUE,"unstable_good_overlap_warning",20,0.01,"epsilon_fraction"
0.02,0.12,1800,913,0.477464483630127,0.51472289118108,0.00703052419352257,0.0205621214117289,0.000448135265967546,0.0153984560037755,0.0105992047981641,34.3611788073172,1.39386095787628,0.970897389591679,0.28256832623849,0.0927285320822533,0.00803137195943182,0.0846971601228215,0.148170731353764,0.079935095354996,TRUE,"unstable_good_overlap_warning",21,0.01,"epsilon_fraction"
0.02,0.12,1800,911,0.483211244233385,0.515849124795075,0.00682957311453025,0.0194937846501595,0.000398851035754673,0.0157777971518186,0.01049586886644,39.5581200434021,1.44820585508034,0.974720740042681,0.309490431562629,0.190878810392517,0.0960815858567299,0.094797224535787,0.156942402738383,0.088434924015699,TRUE,"unstable_good_overlap_warning",22,0.01,"epsilon_fraction"
0.02,0.12,1800,890,0.48274825262617,0.517805904189106,0.00648467247383133,0.019343048344361,0.000357777536100463,0.0138172923802335,0.0095623191468425,38.619787398708,1.39285864058074,0.974106537934141,0.282052054052623,0.115631009667932,0.0277227717110455,0.087908237956887,0.143875304771698,0.0774190184606713,TRUE,"unstable_good_overlap_warning",23,0.01,"epsilon_fraction"
0.02,0.12,1800,902,0.483179320460074,0.515811388279464,0.00701008892893851,0.0201934625978364,0.000412144267258324,0.0150457062856244,0.0101071258803824,36.5059215446858,1.43029944800865,0.972607183774941,0.300845706546096,0.0279061851977078,-0.0623209942010747,0.0902271793987826,0.154642596129958,0.0860067039541694,TRUE,"unstable_good_overlap_warning",24,0.01,"epsilon_fraction"
0.02,0.12,1800,883,0.483969712330686,0.517167572984723,0.00659392277700471,0.019580701981743,0.000354680721237084,0.0144593269875134,0.00925083783439394,40.7671635973925,1.50531456513994,0.975470454361854,0.335687023059507,0.123031856022666,0.0224251348167661,0.1006067212059,0.154182707843722,0.0904473579387407,TRUE,"unstable_good_overlap_warning",25,0.01,"epsilon_fraction"
0.02,0.12,1800,911,0.485219623566636,0.518508306111323,0.00656512744786919,0.0197124643010583,0.000408581035811582,0.0166779073799691,0.0105146873929659,40.8190931985893,1.52682390703052,0.975501660579894,0.345045623535674,0.0757167193765714,-0.0211257326975081,0.0968424520740795,0.163083844687211,0.0969918396046116,TRUE,"unstable_good_overlap_warning",26,0.01,"epsilon_fraction"
0.02,0.12,1800,901,0.48373136780703,0.515932260114088,0.0065202498478078,0.0206319489619907,0.000427998290200026,0.0149994733828218,0.0100545242166274,35.0456385604058,1.43090304581292,0.971465778879264,0.301140630788242,-0.0368388014843108,-0.124534819366196,0.0876960178818853,0.154548745570118,0.0860471338449337,TRUE,"unstable_good_overlap_warning",27,0.01,"epsilon_fraction"
0.02,0.12,1800,890,0.485489038976948,0.515398297131185,0.00666759332342909,0.0191214042916291,0.00034998173943757,0.0131244982974556,0.00957206892585162,37.5005230802814,1.32276066109698,0.973333705296345,0.244005337163042,0.144223631899813,0.0605348334993081,0.0836887984005049,0.14354542803322,0.0718717378551255,TRUE,"unstable_good_overlap_warning",28,0.01,"epsilon_fraction"
0.02,0.12,1800,925,0.484374520727542,0.517423679753245,0.00663161505750004,0.0199378392726481,0.000444036814058808,0.0164740124043905,0.0111702475191563,37.1005553656835,1.41842682095162,0.973046225584942,0.294993590625208,0.101238427141367,0.0149206260599046,0.0863178010814623,0.154832053382296,0.0852511855605467,TRUE,"unstable_good_overlap_warning",29,0.01,"epsilon_fraction"
0.02,0.12,1800,876,0.481453469324668,0.515296606964897,0.00630927003318449,0.0202935176896091,0.000370183660688618,0.0133857082437936,0.00898881778843259,36.1596409168719,1.43024961760749,0.972344858116846,0.300821347763902,-0.0257747487838426,-0.119566033551537,0.0937912847676945,0.145498824825191,0.0809289025244691,TRUE,"unstable_good_overlap_warning",30,0.01,"epsilon_fraction"
0.1,0.12,1800,886,0.415442362064953,0.593104863964445,0.0332391252093421,0.10249259254858,0.00992362802105626,0.0240436299741846,0.00944681736533559,2.42286691149326,1.24125333695609,0.587265815032457,0.194362689527757,-0.0688141176309257,-0.156735715849419,0.0879215982184929,0.144032285842364,0.0828607657764991,FALSE,"stable",1,0.01,"epsilon_fraction"
0.1,0.12,1800,914,0.411938379668382,0.587294513680667,0.0335202009696465,0.0983806279792198,0.0103155535967151,0.0259850477953671,0.0106579421611731,2.51901631373829,1.23894691163222,0.603019641220198,0.192862913970565,0.129201385266944,0.0375210780663804,0.0916803072005633,0.153797209252941,0.0869775335603313,TRUE,"unstable_good_overlap_warning",2,0.01,"epsilon_fraction"
0.1,0.12,1800,909,0.426327188999512,0.580806239223415,0.0322093250833121,0.100412911482384,0.0104749605806515,0.0261603040663524,0.0103889887973641,2.49741312770891,1.25385197176128,0.599585671707674,0.202457688370259,0.10332558464379,0.0146221255831387,0.0887034590606516,0.158209243361369,0.0919334096102428,FALSE,"stable",3,0.01,"epsilon_fraction"
0.1,0.12,1800,845,0.416599362445874,0.586730922791994,0.0348821079716006,0.102701952809185,0.0083024051328621,0.0197714652739604,0.00787130097538151,2.38141417547816,1.22244494500138,0.580081444757834,0.181967250067963,0.0759023984476287,-0.0150700021058157,0.0909724005534444,0.133299994345832,0.0746590157296452,FALSE,"stable",4,0.01,"epsilon_fraction"
0.1,0.12,1800,916,0.420545776172416,0.581904858762507,0.0332981946122065,0.0975883936617395,0.0101340574486557,0.0255581673541638,0.0106411122159097,2.52200734835523,1.23022664877469,0.603490449521423,0.187141653128709,0.0756031756051921,-0.0138848489194507,0.0894880245246429,0.156216450762623,0.0869914953727303,TRUE,"unstable_good_overlap_warning",5,0.01,"epsilon_fraction"
0.1,0.12,1800,882,0.409985073393365,0.587347024651379,0.0342973114630039,0.0997698713548179,0.00921179504604319,0.0215680518124515,0.00925433980945417,2.34135168060603,1.16797867995807,0.57289628538795,0.143819988190281,0.122792645221811,0.0389998459592893,0.0837927992625215,0.136275294429926,0.0682792512865658,TRUE,"unstable_good_overlap_warning",6,0.01,"epsilon_fraction"
0.1,0.12,1800,915,0.418923358954565,0.602193544965318,0.0330282269935169,0.0999131515491924,0.0106885966270566,0.0274313504831004,0.0107071866023753,2.56641273314235,1.28209143778228,0.610351060417477,0.220024429981556,0.141603090546779,0.0443367654002205,0.0972663251465586,0.168861730315728,0.101385730738806,TRUE,"unstable_good_overlap_warning",7,0.01,"epsilon_fraction"
0.1,0.12,1800,881,0.419987801752848,0.583528590548527,0.0343695019788176,0.100573573918518,0.00929592273024025,0.0217703223850353,0.00919019525859838,2.34192161626031,1.17765787269017,0.573000226371007,0.150856948193572,0.0442755848780813,-0.0391795869542015,0.0834551718322828,0.136821510391883,0.0702036419319685,FALSE,"stable",8,0.01,"epsilon_fraction"
0.1,0.12,1800,873,0.407971980625075,0.571498228965989,0.0352948634047924,0.0993945188312336,0.00869728946553301,0.0222366538096799,0.00880357469382867,2.55673378445121,1.27060318891652,0.608875978374634,0.212972225535869,0.0823583442334904,-0.00822227254495367,0.0905806167784441,0.14466613662175,0.0855586548487871,TRUE,"unstable_good_overlap_warning",9,0.01,"epsilon_fraction"
0.1,0.12,1800,894,0.409863493781335,0.583062712250658,0.0340311595519587,0.0966513275426172,0.00901784690021559,0.0218807903765911,0.0096535535630658,2.4263874313577,1.17188801234386,0.587864663706883,0.146676141861094,0.0563862269876884,-0.0227062361721109,0.0790924631597992,0.137168000665834,0.0685162948394526,TRUE,"unstable_good_overlap_warning",10,0.01,"epsilon_fraction"
0.1,0.12,1800,916,0.411646042431747,0.582876088515342,0.0331174068465459,0.0999562912118904,0.010845071024068,0.0265838675189712,0.0108545577416372,2.45123959630829,1.22508397751878,0.592043143597199,0.183729427246821,0.0859039556752206,-0.00272546104860494,0.0886294167238255,0.156067037891147,0.0869408476796737,TRUE,"unstable_good_overlap_warning",11,0.01,"epsilon_fraction"
0.1,0.12,1800,916,0.41790860820801,0.582799116568026,0.0317931599615486,0.0966522886276732,0.0101465556601609,0.027312562589609,0.0108616138258772,2.69180631382609,1.30009245249857,0.628502245921767,0.230823932499448,-0.0515506693028571,-0.14965829069088,0.0981076213880232,0.165826735854184,0.100494328600056,TRUE,"unstable_good_overlap_warning",12,0.01,"epsilon_fraction"
0.1,0.12,1800,854,0.405043764739685,0.583539302550143,0.0342677629502593,0.0998979839573727,0.00811068478357856,0.02202924792792,0.00812725854039276,2.71607743559729,1.35665259376779,0.631821984567207,0.262891616767759,0.189180790991501,0.0846162889443232,0.104564502047178,0.150597377097349,0.0971423062816333,TRUE,"unstable_good_overlap_warning",13,0.01,"epsilon_fraction"
0.1,0.12,1800,900,0.409500498722987,0.573796646389839,0.0329839252876012,0.0999112300740159,0.00994781666278057,0.0228284661560129,0.00996550154655959,2.29482176138457,1.14639187281733,0.564236309404415,0.127697933218561,0.0675933828664905,-0.0130789424875855,0.080672325354076,0.138992671325013,0.0661231174730293,TRUE,"unstable_good_overlap_warning",14,0.01,"epsilon_fraction"
0.1,0.12,1800,878,0.423081560042027,0.588745326467341,0.0338364985690034,0.101726967007712,0.00937090652908774,0.0235766086480419,0.00905543700303814,2.51593680663221,1.27950554090868,0.602533737189296,0.218448089494151,0.0573382420212366,-0.0413927996421983,0.0987310416634349,0.15044573663614,0.090586467858394,FALSE,"stable",15,0.01,"epsilon_fraction"
0.1,0.12,1800,919,0.413900306132674,0.577355597031735,0.0337375443397949,0.0942835042141561,0.00961891296654941,0.0253188548106661,0.0108206802589375,2.63219502023925,1.2387161785145,0.620088940100985,0.192712570203753,0.024682797405661,-0.0659257197073793,0.0906085171130403,0.156479528024731,0.0872339537467074,TRUE,"unstable_good_overlap_warning",16,0.01,"epsilon_fraction"
0.1,0.12,1800,928,0.417120787480234,0.578159607291823,0.0331346958385219,0.0973566986460081,0.0107947129478934,0.0285593958059356,0.0113888381445518,2.64568367346063,1.28741316874474,0.622025864228896,0.223248585397782,0.140599877126433,0.0502289524696997,0.0903709246567337,0.164912132056571,0.0987967691800283,TRUE,"unstable_good_overlap_warning",17,0.01,"epsilon_fraction"
0.1,0.12,1800,886,0.401517019528237,0.581945065882303,0.0330316248965278,0.0992398855614742,0.00926782788615556,0.0223368586895502,0.00941034293172347,2.41015035712061,1.19588041609347,0.585088126537178,0.163795989513188,0.0459468488420918,-0.0528755222265169,0.0988223710686087,0.145702024790208,0.0770915143231578,TRUE,"unstable_good_overlap_warning",18,0.01,"epsilon_fraction"
0.1,0.12,1800,906,0.421247096759449,0.578033567846876,0.034406087964946,0.100586988728811,0.010378140445607,0.0268909885666074,0.0102573678359427,2.59111819767192,1.30314156548549,0.614066235612685,0.232623663855393,0.0782194712215729,-0.0204386687987685,0.0986581400203415,0.16082886040996,0.0989881758783675,FALSE,"stable",19,0.01,"epsilon_fraction"
0.1,0.12,1800,935,0.419558661118726,0.585236574916488,0.0339753032307099,0.099446658159983,0.0114924566285269,0.0282269249650865,0.0116207052661003,2.45612629896908,1.22124896168568,0.592854813524967,0.181166141079285,0.0433008910964369,-0.0433282292575794,0.0866291203540163,0.159931545280519,0.0884094065115267,TRUE,"unstable_good_overlap_warning",20,0.01,"epsilon_fraction"
0.1,0.12,1800,944,0.409628475471036,0.577677908227393,0.0333768065393303,0.102885695348975,0.012862056337795,0.0302618401113045,0.012150675241158,2.3527995303815,1.20985746861684,0.57497441363487,0.173456356687003,0.0342825291129625,-0.0548704946422529,0.0891530237552154,0.165761904884626,0.0910448908179602,FALSE,"stable",21,0.01,"epsilon_fraction"
0.1,0.12,1800,902,0.424414098787691,0.575135493916931,0.032745272625144,0.0980533088389193,0.00967864472446345,0.0238353973890676,0.0100667675644757,2.46267923532951,1.2071359686128,0.593938185024653,0.171592905852049,0.13799006815013,0.0468427378315213,0.0911473303186089,0.151581804727657,0.0814753273700837,TRUE,"unstable_good_overlap_warning",22,0.01,"epsilon_fraction"
0.1,0.12,1800,849,0.418368798810786,0.582112384982071,0.0345758671938354,0.100248420759624,0.00800786037926745,0.0205969773649106,0.00796822177097707,2.57209496537136,1.2892383233392,0.611211866799941,0.22434822026548,0.120803423353954,0.0159776927552424,0.104825730598712,0.145925764294486,0.0884091880811206,FALSE,"stable",23,0.01,"epsilon_fraction"
0.1,0.12,1800,911,0.396287397077427,0.574124594556949,0.0353056371833616,0.0965600345064568,0.00980859754938503,0.0270138002758953,0.0105199116155758,2.75409406287538,1.32886283281696,0.636904195292458,0.247476883765214,0.19730936414177,0.0943261393049881,0.102983224836782,0.169648926858244,0.105750244792294,TRUE,"unstable_good_overlap_warning",24,0.01,"epsilon_fraction"
0.1,0.12,1800,932,0.410146051468462,0.582359277977735,0.0323261133732033,0.0966971399619526,0.0107851174444796,0.0285562459254422,0.0115344693849639,2.6477454763424,1.27942538290053,0.622320193185108,0.218399124040399,0.0503993178456135,-0.0402014787018845,0.090600796547498,0.164831728574963,0.0976470916111777,TRUE,"unstable_good_overlap_warning",25,0.01,"epsilon_fraction"
0.1,0.12,1800,907,0.423981479715489,0.569448922928015,0.0335808138167752,0.0999383055476722,0.0105648858975353,0.0264772270966921,0.0105779338680914,2.5061536256505,1.25230349547499,0.600982162559792,0.201471525382344,0.0733467650301782,-0.0140817630225039,0.0874285280526821,0.154175462528378,0.0892670753429153,TRUE,"unstable_good_overlap_warning",26,0.01,"epsilon_fraction"
0.1,0.12,1800,911,0.407154640061958,0.587224122004089,0.0330125656515469,0.103917853688324,0.0113750947978984,0.0272107676133353,0.0105335482306505,2.39213545880625,1.24201063378856,0.581963472712774,0.194853914455098,0.0741942958277341,-0.0153425213672742,0.0895368171950083,0.154762427762442,0.0895513707531132,FALSE,"stable",27,0.01,"epsilon_fraction"
0.1,0.12,1800,913,0.431398556363315,0.592895802342822,0.0330175751131712,0.100318505038158,0.0106375984901022,0.0251332412987451,0.0105701582872734,2.36268000922674,1.18509663999717,0.576751825852507,0.15618695872567,0.0525555705858475,-0.0283908399530488,0.0809464105388963,0.14559804773984,0.0757675853598074,FALSE,"stable",28,0.01,"epsilon_fraction"
0.1,0.12,1800,876,0.418240287350515,0.582572698591544,0.0327140374951067,0.0972622357359653,0.00852770752481393,0.0209011092239676,0.00901454477602878,2.45096459548473,1.19147238709841,0.591997370405822,0.160702328624419,0.121827180372481,0.0328638822952827,0.0889632980771987,0.137745989522175,0.0717678869118176,TRUE,"unstable_good_overlap_warning",29,0.01,"epsilon_fraction"
0.1,0.12,1800,893,0.41811580597188,0.581106821263224,0.0333871755789042,0.0999889437291309,0.00961790759651265,0.025230129039834,0.00962003471310742,2.62324510676129,1.31147752882165,0.618792770289536,0.237501231989473,0.0838614965075004,-0.0138528724948102,0.0977143690023106,0.159226852477294,0.0986453522989436,TRUE,"unstable_good_overlap_warning",30,0.01,"epsilon_fraction"
