"observed_strength","hidden_strength","n_total","n_control","ps_observed_min","ps_observed_max","ps_observed_iqr","weight_cv_control","var_observed_control","var_ideal_control","epsilon_added_to_denominator","original_variance_ratio","stabilized_variance_ratio","original_R2","stabilized_R2","tau_observed","tau_ideal","tau_gap_observed_minus_ideal","original_bound","stabilized_bound","flag_good_overlap_instability","diagnostic_status","replicate","grid_type"
0,0.03,1800,865,0.5,0.5,0,0,0,0.000811086946706903,8.55872344076181e-05,Inf,9.47672806956253,0.999999999999,0.894478348153535,0.0322986715601081,0.00952790906127854,0.0227707624988296,NA,0.0356585840528925,TRUE,"degenerate_or_near_degenerate_observed_weight_variance",1,"alpha_by_hidden_strength"
0,0.03,1800,887,0.5,0.5,0,0,0,0.000871516555824789,9.43855877557826e-05,Inf,9.23357661425798,0.999999999999,0.891699604413759,-0.054112197968743,-0.0783632773347459,0.0242510793660029,NA,0.0365051412766094,TRUE,"degenerate_or_near_degenerate_observed_weight_variance",2,"alpha_by_hidden_strength"
0,0.03,1800,860,0.5,0.5,0,0,0,0.000819192360334763,8.37030330466274e-05,Inf,9.78688979978092,0.999999999999,0.897822493104767,-0.0616363603761905,-0.0848790197785281,0.0232426594023376,NA,0.0353625661291811,TRUE,"degenerate_or_near_degenerate_observed_weight_variance",3,"alpha_by_hidden_strength"
0,0.03,1800,904,0.5,0.5,0,0,0,0.000813093864909354,0.00010179368622449,Inf,7.98766500228908,0.999999999999,0.874806968029653,0.0131114971024822,-0.00563851167553509,0.0187500087780172,NA,0.0332548294106976,TRUE,"degenerate_or_near_degenerate_observed_weight_variance",4,"alpha_by_hidden_strength"
0,0.03,1800,895,0.5,0.5,0,0,0,0.000906347027940541,9.78022648881292e-05,Inf,9.26713741217816,0.999999999999,0.892091812657717,0.0309717988005562,0.00732001290809103,0.0236517858924652,NA,0.0384354271667347,TRUE,"degenerate_or_near_degenerate_observed_weight_variance",5,"alpha_by_hidden_strength"
0,0.03,1800,891,0.5,0.5,0,0,0,0.00100326821240604,9.60788158023723e-05,Inf,10.4421375724456,0.999999999999,0.904234167280197,0.042048281406742,0.0149240785976552,0.0271242028090868,NA,0.0408048640540854,TRUE,"degenerate_or_near_degenerate_observed_weight_variance",6,"alpha_by_hidden_strength"
0,0.03,1800,891,0.5,0.5,0,0,0,0.000975040110095841,9.60788158023723e-05,Inf,10.1483360504925,0.999999999999,0.901461678542713,0.0495598859302655,0.0245236029436995,0.025036282986566,NA,0.0390858763152344,TRUE,"degenerate_or_near_degenerate_observed_weight_variance",7,"alpha_by_hidden_strength"
0,0.03,1800,900,0.5,0.5,0,0,0,0.000912342889624509,1e-04,Inf,9.12342889624509,0.999999999999,0.890392087079062,0.100764002852199,0.0795853624116665,0.0211786404405322,NA,0.0360003722995191,TRUE,"degenerate_or_near_degenerate_observed_weight_variance",8,"alpha_by_hidden_strength"
0,0.03,1800,905,0.5,0.5,0,0,0,0.000933606260770967,0.000102247120876377,Inf,9.1308806817138,0.999999999999,0.890481538982031,0.115588653775513,0.0921160728100772,0.0234725809654355,NA,0.0378671323904339,TRUE,"degenerate_or_near_degenerate_observed_weight_variance",9,"alpha_by_hidden_strength"
0,0.03,1800,895,0.5,0.5,0,0,0,0.000810993429720963,9.78022648881292e-05,Inf,8.29217432386269,0.999999999999,0.879404368390777,-0.0160170284022956,-0.0387372178650254,0.0227201894627298,NA,0.0349687613479138,TRUE,"degenerate_or_near_degenerate_observed_weight_variance",10,"alpha_by_hidden_strength"
0,0.03,1800,892,0.5,0.5,0,0,0,0.000897554684318121,9.65068214015409e-05,Inf,9.30042738205644,0.999999999999,0.892478059456781,-0.0241436537446434,-0.0466924396540774,0.022548785909434,NA,0.03651172140507,TRUE,"degenerate_or_near_degenerate_observed_weight_variance",11,"alpha_by_hidden_strength"
0,0.03,1800,882,0.5,0.5,0,0,0,0.000884087954450913,9.23106497500961e-05,Inf,9.57731265942035,0.999999999999,0.895586576781913,0.162584244127193,0.139166876441657,0.0234173676855366,NA,0.0375016283525096,TRUE,"degenerate_or_near_degenerate_observed_weight_variance",12,"alpha_by_hidden_strength"
0,0.03,1800,921,0.5,0.5,0,0,0,0.0009971735798298,0.000109784621836014,Inf,9.08299872198204,0.999999999999,0.88990420117754,0.0303065844567634,0.00646944533582539,0.023837139120938,NA,0.039580634579224,TRUE,"degenerate_or_near_degenerate_observed_weight_variance",13,"alpha_by_hidden_strength"
0,0.03,1800,894,0.5,0.5,0,0,0,0.000843082116313201,9.73685364676988e-05,Inf,8.65867093106494,0.999999999999,0.884508834212388,-0.0586118896331459,-0.0804952403828988,0.0218833507497529,NA,0.0354639804578693,TRUE,"degenerate_or_near_degenerate_observed_weight_variance",14,"alpha_by_hidden_strength"
0,0.03,1800,937,0.5,0.5,0,0,0,0.000975056444778797,0.000117884740100622,Inf,8.2712694106678,0.999999999999,0.879099573433038,0.0134132768038535,-0.0061785364147231,0.0195918132185766,NA,0.037858420702494,TRUE,"degenerate_or_near_degenerate_observed_weight_variance",15,"alpha_by_hidden_strength"
0,0.03,1800,902,0.5,0.5,0,0,0,0.000917902511601824,0.000100892852714024,Inf,9.09779520461745,0.999999999999,0.890083258909536,0.000133271040675287,-0.0219835890647126,0.0221168601053879,NA,0.0362748454743612,TRUE,"degenerate_or_near_degenerate_observed_weight_variance",16,"alpha_by_hidden_strength"
0,0.03,1800,932,0.5,0.5,0,0,0,0.000951138781563071,0.000115290195162352,Inf,8.24995378161753,0.999999999999,0.878787199726114,-0.00765420486006207,-0.0268707325895365,0.0192165277294745,NA,0.0354713985454013,TRUE,"degenerate_or_near_degenerate_observed_weight_variance",17,"alpha_by_hidden_strength"
0,0.03,1800,884,0.5,0.5,0,0,0,0.000830435322821773,9.3135142350451e-05,Inf,8.91645518398406,0.999999999999,0.88784780729945,0.0574892865310748,0.0347866046659828,0.0227026818650919,NA,0.03529763687398,TRUE,"degenerate_or_near_degenerate_observed_weight_variance",18,"alpha_by_hidden_strength"
0,0.03,1800,890,0.5,0.5,0,0,0,0.000844109510208518,9.56526989494023e-05,Inf,8.82473280398528,0.999999999999,0.886682121463395,-0.0447143330549393,-0.0655970658936835,0.0208827328387442,NA,0.0359822083226777,TRUE,"degenerate_or_near_degenerate_observed_weight_variance",19,"alpha_by_hidden_strength"
0,0.03,1800,916,0.5,0.5,0,0,0,0.000898668308717167,0.000107370856452571,Inf,8.36976008582123,0.999999999999,0.880522262317405,0.0552630734097348,0.0322085456479023,0.0230545277618325,NA,0.0372471900102137,TRUE,"degenerate_or_near_degenerate_observed_weight_variance",20,"alpha_by_hidden_strength"
0,0.03,1800,884,0.5,0.5,0,0,0,0.000843013134027071,9.3135142350451e-05,Inf,9.05150422012522,0.999999999999,0.88952112536427,0.010764242238243,-0.0115575708840148,0.0223218131222578,NA,0.0350432051103073,TRUE,"degenerate_or_near_degenerate_observed_weight_variance",21,"alpha_by_hidden_strength"
0,0.03,1800,887,0.5,0.5,0,0,0,0.000845548625852652,9.43855877557826e-05,Inf,8.95845060625634,0.999999999999,0.888373554317347,-0.0180160888086575,-0.0412726366803989,0.0232565478717415,NA,0.0358909518913319,TRUE,"degenerate_or_near_degenerate_observed_weight_variance",22,"alpha_by_hidden_strength"
0,0.03,1800,866,0.5,0.5,0,0,0,0.000769792019388005,8.59690309919345e-05,Inf,8.95429447681254,0.999999999999,0.88832174298159,0.00329537215040365,-0.0204956709248905,0.0237910430752941,NA,0.034238442044363,TRUE,"degenerate_or_near_degenerate_observed_weight_variance",23,"alpha_by_hidden_strength"
0,0.03,1800,915,0.5,0.5,0,0,0,0.000940935824560985,0.000106894570525711,Inf,8.80246601799729,0.999999999999,0.886395471683114,0.0512017815157472,0.0281246905899275,0.0230770909258197,NA,0.037262985613521,TRUE,"degenerate_or_near_degenerate_observed_weight_variance",24,"alpha_by_hidden_strength"
0,0.03,1800,848,0.5,0.5,0,0,0,0.000765090534030081,7.93446790480899e-05,Inf,9.64261930615875,0.999999999999,0.896293738428385,0.0828325952649192,0.057881431729797,0.0249511635351222,NA,0.0354650532862102,TRUE,"degenerate_or_near_degenerate_observed_weight_variance",25,"alpha_by_hidden_strength"
0,0.03,1800,869,0.5,0.5,0,0,0,0.000756983224942021,8.71244783740846e-05,Inf,8.68852518911823,0.999999999999,0.88490566831153,-0.11210934018501,-0.133834628926721,0.0217252887417114,NA,0.0326149003920396,TRUE,"degenerate_or_near_degenerate_observed_weight_variance",26,"alpha_by_hidden_strength"
0,0.03,1800,904,0.5,0.5,0,0,0,0.000879688463048932,0.00010179368622449,Inf,8.64187648248555,0.999999999999,0.884284391008516,-0.0383655436026945,-0.0584286451911512,0.0200631015884567,NA,0.0358256132745999,TRUE,"degenerate_or_near_degenerate_observed_weight_variance",27,"alpha_by_hidden_strength"
0,0.03,1800,941,0.5,0.5,0,0,0,0.00108410229296004,0.000120003225452343,Inf,9.03394295339645,0.999999999999,0.889306363217178,0.0209038865727159,-0.0028255715144172,0.0237294580871331,NA,0.0405125885426518,TRUE,"degenerate_or_near_degenerate_observed_weight_variance",28,"alpha_by_hidden_strength"
0,0.03,1800,880,0.5,0.5,0,0,0,0.000776362471196479,9.14933837429112e-05,Inf,8.48544932361441,0.999999999999,0.882151202386293,0.0309917473407499,0.0112749081485861,0.0197168391921638,NA,0.0324949448661205,TRUE,"degenerate_or_near_degenerate_observed_weight_variance",29,"alpha_by_hidden_strength"
0,0.03,1800,895,0.5,0.5,0,0,0,0.000809914095197234,9.78022648881292e-05,Inf,8.28113843911132,0.999999999999,0.879243656249356,0.0254739419975795,0.00521680929658497,0.0202571327009945,NA,0.033923049091939,TRUE,"degenerate_or_near_degenerate_observed_weight_variance",30,"alpha_by_hidden_strength"
0,0.03,1800,896,0.5,0.5,0,0,0,0.000903217524127051,9.8237919962409e-05,Inf,9.19418412434496,0.999999999999,0.891235591274256,-0.0235282428021263,-0.0453453709045991,0.0218171281024728,NA,0.0365174814654178,TRUE,"degenerate_or_near_degenerate_observed_weight_variance",31,"alpha_by_hidden_strength"
0,0.03,1800,860,0.5,0.5,0,0,0,0.00077810846381276,8.37030330466274e-05,Inf,9.29606055469112,0.999999999999,0.89242755099144,0.124820001888145,0.102883190532485,0.0219368113556599,NA,0.0339253233923627,TRUE,"degenerate_or_near_degenerate_observed_weight_variance",32,"alpha_by_hidden_strength"
0,0.03,1800,915,0.5,0.5,0,0,0,0.00096261025902889,0.000106894570525711,Inf,9.00523061456481,0.999999999999,0.888953426869199,-0.00676989826962782,-0.0279860005251871,0.0212161022555593,NA,0.0372926958251584,TRUE,"degenerate_or_near_degenerate_observed_weight_variance",33,"alpha_by_hidden_strength"
0,0.03,1800,858,0.5,0.5,0,0,0,0.000834995709126803,8.29607691995619e-05,Inf,10.0649465667106,0.999999999999,0.900645274828636,0.0187488793629751,-0.00661873480682929,0.0253676141698044,NA,0.0369008973356572,TRUE,"degenerate_or_near_degenerate_observed_weight_variance",34,"alpha_by_hidden_strength"
0,0.03,1800,902,0.5,0.5,0,0,0,0.00093491175506392,0.000100892852714024,Inf,9.26638240385452,0.999999999999,0.892083020490927,0.0392890377523929,0.0152322158312338,0.0240568219211591,NA,0.0381902484282178,TRUE,"degenerate_or_near_degenerate_observed_weight_variance",35,"alpha_by_hidden_strength"
0.001,0.03,1800,881,0.499172213478709,0.500875665257231,0.000343006162681792,0.000987674191383301,8.96506874291092e-07,0.000824288476993039,9.1902264575474e-05,919.444680939944,8.88253652624327,0.9989123869867,0.887419545414137,0.04859942603435,0.027795661795234,0.020803764239116,0.0351167559643049,0.0330990238003745,TRUE,"unstable_good_overlap_warning",1,"alpha_by_hidden_strength"
0.001,0.03,1800,895,0.499119216493006,0.500693282655888,0.00033893572126481,0.00102200603471843,1.02149106975435e-06,0.000873091649211988,9.77974776477778e-05,854.722743118991,8.83526372054809,0.998830029962288,0.88681718716847,0.0438035603632985,0.0207314785253062,0.0230720818379923,0.0369034713278891,0.0347727049282929,TRUE,"unstable_good_overlap_warning",2,"alpha_by_hidden_strength"
0.001,0.03,1800,933,0.499142105335382,0.500788987059538,0.000336493748762434,0.00100272773112011,1.16440841551286e-06,0.00104750011019875,0.000115808192656308,899.598539690543,8.95508948762783,0.998888393037694,0.888331657502521,0.1444201783847,0.122582930014608,0.0218372483700918,0.0400201346924821,0.037740498499484,TRUE,"unstable_good_overlap_warning",3,"alpha_by_hidden_strength"
0.001,0.03,1800,887,0.499179408331848,0.500758236674837,0.000348241661737636,0.00100902475165629,9.61021566520482e-07,0.000837005244647091,9.43907625079924e-05,870.953653701644,8.77807639123995,0.998851833279819,0.886079824846598,-0.00863904652233027,-0.0312796138003297,0.0226405672779995,0.0362099793586746,0.0341046946754748,TRUE,"unstable_good_overlap_warning",4,"alpha_by_hidden_strength"
0.001,0.03,1800,926,0.499169226358831,0.500984230857278,0.000336083543488019,0.0010033015780187,1.13012911480633e-06,0.000982828397727313,0.000112270349053789,869.660275848867,8.66688054230351,0.998850125701069,0.88461823200182,0.00879196494621293,-0.0141902915298042,0.0229822564760171,0.0403099328189501,0.0379349794402609,TRUE,"unstable_good_overlap_warning",5,"alpha_by_hidden_strength"
0.001,0.03,1800,927,0.499023782111105,0.500873306661342,0.000313187517772207,0.000976726354260875,1.07557057898633e-06,0.0011323673339278,0.000112743912496823,1052.80616265554,9.94880053332859,0.999050157535669,0.899485370457475,0.0259090837897037,-0.000610216568694311,0.026519300358398,0.0433850366348719,0.0411664459431364,TRUE,"unstable_good_overlap_warning",6,"alpha_by_hidden_strength"
0.001,0.03,1800,920,0.499094767150684,0.500798765457366,0.000317031273510293,0.000969084907719775,1.02642478636273e-06,0.0010197126983554,0.000109295799397046,993.460711299546,9.24303970395075,0.998993417667527,0.891810483127908,0.0496768508591658,0.0273081514965596,0.0223686993626062,0.0397310162523802,0.0375391683491253,TRUE,"unstable_good_overlap_warning",7,"alpha_by_hidden_strength"
0.001,0.03,1800,866,0.499219017818401,0.500902181330715,0.000343449670413609,0.000997009785645758,8.54551250914875e-07,0.000753207097036576,8.59684848090115e-05,881.406581793894,8.67519878614591,0.998865449815493,0.884728866202239,0.035750657152777,0.0153905853413305,0.0203600718114465,0.0339621556436487,0.0319629496681088,TRUE,"unstable_good_overlap_warning",8,"alpha_by_hidden_strength"
0.001,0.03,1800,876,0.499164410050477,0.501034993299892,0.000329337243415329,0.00100161947169823,9.01740804760229e-07,0.000847522302754767,8.98827197002107e-05,939.873518289018,9.33554374879345,0.998936027049873,0.892882511516349,0.0491504314180788,0.0266198865228604,0.0225305448952184,0.0362785629216228,0.0342987581158582,TRUE,"unstable_good_overlap_warning",9,"alpha_by_hidden_strength"
0.001,0.03,1800,854,0.499286110264145,0.500791069217624,0.000339970558843772,0.00101498927417756,8.39479615501537e-07,0.000750162955384235,8.14867973374796e-05,893.604730278125,9.11207190643,0.998880936989122,0.890255475344269,0.0172688741118874,-0.00551384294376212,0.0227827170556495,0.0338115764720599,0.0319202206320165,TRUE,"unstable_good_overlap_warning",10,"alpha_by_hidden_strength"
0.001,0.03,1800,926,0.499203117036454,0.500851660974701,0.000312535467046293,0.000958111439503645,1.03042559076825e-06,0.0009759322382173,0.000112249543863922,947.11568400556,8.61522335250673,0.998944162770306,0.88392639876144,0.0225432611177621,0.00184122471934556,0.0207020363984165,0.0389574504433068,0.0366461177200485,TRUE,"unstable_good_overlap_warning",11,"alpha_by_hidden_strength"
0.001,0.03,1800,913,0.499215716852156,0.500832691386019,0.000354767553857605,0.00100654969144056,1.07343082458231e-06,0.000950259359731823,0.000105950649218146,885.254399231164,8.87893041783159,0.99887038121373,0.887373821739644,0.017101548868556,-0.00497086247139822,0.0220724113399542,0.0392298371785026,0.0369756012040435,TRUE,"unstable_good_overlap_warning",12,"alpha_by_hidden_strength"
0.001,0.03,1800,920,0.499044245481688,0.500863656176082,0.000330953518395349,0.000973844125414028,1.03648681314692e-06,0.000940094912155444,0.000109291121751927,907.001324311289,8.52093981173314,0.998897465777396,0.882642053330429,0.053697714991285,0.0349856861304273,0.0187120288608577,0.0374031707196896,0.0351593041817207,TRUE,"unstable_good_overlap_warning",13,"alpha_by_hidden_strength"
0.001,0.03,1800,884,0.49923582759037,0.500748269418495,0.00034499932866966,0.00100476847942825,9.40347849525473e-07,0.000860115440355466,9.31443531357848e-05,914.677946878387,9.14192670378746,0.998906719022348,0.890613868126321,0.0239528445117959,0.000530603726123346,0.0234222407856726,0.0377042764641741,0.0356018749758426,TRUE,"unstable_good_overlap_warning",14,"alpha_by_hidden_strength"
0.001,0.03,1800,883,0.499273195065445,0.500914628951506,0.000344297352530387,0.00101347562023384,9.52469867162822e-07,0.000912635527365014,9.27309337934994e-05,958.177847750224,9.74169908120269,0.998956352411666,0.897348502385013,0.144553747580102,0.121256278026333,0.0232974695537697,0.0369647704245815,0.0350344519383173,TRUE,"unstable_good_overlap_warning",15,"alpha_by_hidden_strength"
0.001,0.03,1800,918,0.499205780744236,0.50089423591336,0.000352816603608641,0.00102616837695394,1.14079635322039e-06,0.000886967634250141,0.000108335519474603,777.498658499648,8.10191343710455,0.998713824147389,0.876572366791742,0.052217110055644,0.0311776845582482,0.0210394254973958,0.0373495562140196,0.034991197302048,TRUE,"unstable_good_overlap_warning",16,"alpha_by_hidden_strength"
0.001,0.03,1800,906,0.499173601886674,0.500749316973251,0.000336657679278207,0.000997261006988789,1.02153307927425e-06,0.000918511304998401,0.000102715209833181,899.149840209737,8.85425240094098,0.998887838316507,0.887059917120306,0.00236367101977275,-0.0200644509485614,0.0224281219683341,0.0388447634463338,0.0366058584550242,TRUE,"unstable_good_overlap_warning",17,"alpha_by_hidden_strength"
0.001,0.03,1800,898,0.49916899304716,0.500999760932819,0.000336941196150908,0.00102248118278432,1.03626534051668e-06,0.000933542570894237,9.91197788298301e-05,900.872136115998,9.32088101748962,0.998889964557777,0.892714004381817,-0.0780291555560596,-0.0997303617054159,0.0217012061493563,0.0377428265682327,0.0356805689082915,TRUE,"unstable_good_overlap_warning",18,"alpha_by_hidden_strength"
0.001,0.03,1800,904,0.499122819183121,0.500752380452504,0.000338996335195074,0.000996308538645529,1.01034645174224e-06,0.000979930647155442,0.000101784726937187,969.895668427053,9.53285614620692,0.998968961268152,0.895099644360217,0.0751303713819259,0.0517062607039943,0.0234241106779316,0.0388985340344926,0.0368207753533314,TRUE,"unstable_good_overlap_warning",19,"alpha_by_hidden_strength"
0.001,0.03,1800,908,0.499254032600885,0.500834630350287,0.000345893360197302,0.00100086164164291,1.03802265434891e-06,0.000945962704646236,0.000103623615657112,911.31219601328,9.03829444969281,0.998902681205876,0.889359656784142,-0.0025156814863101,-0.0266000858750524,0.0240844043887423,0.0396880028442894,0.0374486674164383,TRUE,"unstable_good_overlap_warning",20,"alpha_by_hidden_strength"
0.001,0.03,1800,891,0.499125310036798,0.500826978172802,0.000345741699021851,0.000982757238020482,9.27975305622071e-07,0.000855153473527203,9.6082416502351e-05,921.526109958226,8.81507081447453,0.99891484355224,0.886557916431258,0.0703348580232858,0.0479074466120759,0.0224274114112099,0.036608410951137,0.0344881739847432,TRUE,"unstable_good_overlap_warning",21,"alpha_by_hidden_strength"
0.001,0.03,1800,883,0.499292938553864,0.500873982193328,0.00033086976012725,0.000974632795653201,8.80796897126596e-07,0.000852442630418089,9.27243364414157e-05,967.808393965729,9.10679361285726,0.998966737624684,0.890191867466046,0.0849127439843583,0.063281758421998,0.0216309855623603,0.036460887972875,0.0344186267427159,TRUE,"unstable_good_overlap_warning",22,"alpha_by_hidden_strength"
0.001,0.03,1800,939,0.499044494076186,0.500756194703941,0.0003362063461545,0.00101558118129217,1.22678542903997e-06,0.00112680677939224,0.000118943118127351,918.503556301634,9.3767802589895,0.998911272587744,0.89335358487885,0.0583789554723471,0.0350092650803142,0.0233696903920328,0.0426249628615827,0.0403099490104633,TRUE,"unstable_good_overlap_warning",23,"alpha_by_hidden_strength"
0.001,0.03,1800,885,0.499002132855247,0.500760536078199,0.000331937147591443,0.000994507472591772,9.25322168345341e-07,0.000921751581085893,9.3557124558291e-05,996.141249630026,9.75579711385728,0.998996126301996,0.897496843330251,-0.161597139356428,-0.186638600664439,0.0250414613080112,0.0390012591521791,0.0369669134912837,TRUE,"unstable_good_overlap_warning",24,"alpha_by_hidden_strength"
0.001,0.03,1800,868,0.499096186221827,0.500794333820993,0.00034409934642976,0.00104968031529568,9.55597651354277e-07,0.000789039413022632,8.67283267872106e-05,825.70254531748,8.9986781280013,0.998788910115791,0.888872567084238,0.0309247876971321,0.00775713592144367,0.0231676517756885,0.0350022698202945,0.0330201547287332,TRUE,"unstable_good_overlap_warning",25,"alpha_by_hidden_strength"
0.001,0.03,1800,900,0.499023202718427,0.500805482164241,0.00034158756379743,0.00102838287990738,1.05757563187318e-06,0.00088311391204517,0.000100000405096695,835.036176543701,8.73868551180662,0.998802447093803,0.885566313303194,-0.0110069502492931,-0.0329674407263905,0.0219604904770974,0.0368081003693124,0.0346588500826151,TRUE,"unstable_good_overlap_warning",26,"alpha_by_hidden_strength"
0.001,0.03,1800,883,0.499113809048968,0.500791330197407,0.000330074111701273,0.000971879229178847,8.75770451647531e-07,0.000841345722092986,9.271834841082e-05,960.692063211559,8.98930116890471,0.998959083729018,0.88875664735106,-0.043450958919551,-0.0643526043782031,0.0209016454586521,0.0353993142362463,0.0333896932846194,TRUE,"unstable_good_overlap_warning",27,"alpha_by_hidden_strength"
0.001,0.03,1800,886,0.499139372522791,0.500869027591745,0.000337048276654095,0.00100890527588922,9.56439988472481e-07,0.000902355514442296,9.39630140825663e-05,943.452307847811,9.50653923659277,0.998940063009352,0.894809249179683,0.0306423164231004,0.00542716962800327,0.0252151467950972,0.0388934317519198,0.0368105054988909,TRUE,"unstable_good_overlap_warning",28,"alpha_by_hidden_strength"
0.001,0.03,1800,903,0.499164154370515,0.500827488918642,0.000327298815279486,0.00098660398348597,9.86460461398746e-07,0.00089041824061811,0.00010134304603662,902.639563835682,8.70148084448496,0.998892138080287,0.885077032533629,-0.0407348948555999,-0.0615062224566891,0.0207713276010892,0.0358498995809592,0.0337457575199025,TRUE,"unstable_good_overlap_warning",29,"alpha_by_hidden_strength"
0.001,0.03,1800,905,0.499207457258601,0.500901659778817,0.000348059264437095,0.000994986254064319,1.01224376053309e-06,0.000848651345153769,0.000102247087642182,838.386343529383,8.21864071387409,0.99880723247973,0.878325378269441,0.091540373375159,0.0704933268920009,0.021047046483158,0.0374746689747123,0.0351418549426865,TRUE,"unstable_good_overlap_warning",30,"alpha_by_hidden_strength"
0.001,0.03,1800,913,0.499221096434523,0.500877615066685,0.00032941020059718,0.000960535557298941,9.77512481277798e-07,0.000985206805720892,0.000105948647918557,1007.87133114969,9.21389865713737,0.999007809857178,0.891468309212912,0.0399239925643615,0.0167257439158259,0.0231982486485356,0.0397932246149227,0.0375904605084682,TRUE,"unstable_good_overlap_warning",31,"alpha_by_hidden_strength"
0.001,0.03,1800,863,0.499079478970714,0.500824118631203,0.000352711014140028,0.0010143176355541,8.72691721848941e-07,0.000717662832438723,8.48228584029713e-05,822.355494467435,8.37456357294407,0.998783980885727,0.880590792428787,-0.00745769212617264,-0.0280548716255998,0.0205971794994272,0.0325008577160148,0.0305173000912772,TRUE,"unstable_good_overlap_warning",32,"alpha_by_hidden_strength"
0.001,0.03,1800,899,0.499052554546402,0.500883200219482,0.000326854056158177,0.00101247391667147,1.02051092381582e-06,0.000890213481779589,9.95519956346695e-05,872.321364724808,8.85145963088738,0.998853633488255,0.887024282807496,0.0627792928468754,0.0399988480314308,0.0227804448154446,0.0377458438847048,0.035570172144754,TRUE,"unstable_good_overlap_warning",33,"alpha_by_hidden_strength"
0.001,0.03,1800,892,0.499180543702462,0.500906882215932,0.000335555608591998,0.000988295218982345,9.42578223201468e-07,0.000923035134130986,9.65037107315558e-05,979.266347779494,9.47224511094042,0.99897882736166,0.894428407596315,0.115537496257712,0.0917182815710973,0.0238192146866152,0.0386889266803399,0.0366084492015133,TRUE,"unstable_good_overlap_warning",34,"alpha_by_hidden_strength"
0.001,0.03,1800,926,0.499168369711528,0.500818524951813,0.000339901272960241,0.00100806780211225,1.14074082792344e-06,0.0010067595490085,0.000112255466370528,882.548887849632,8.87824711144525,0.998866918293403,0.887365153566083,-0.0525321777871633,-0.0741647319686795,0.0216325541815161,0.0395531785243443,0.0372802451563737,TRUE,"unstable_good_overlap_warning",35,"alpha_by_hidden_strength"
0.002,0.03,1800,934,0.49801241200542,0.501775673667302,0.000643963428444305,0.00190050036863669,4.20208369989676e-06,0.000950653855146404,0.000116339925770526,226.233917037341,7.88649417180712,0.99557979628742,0.873200946045858,0.0605348351296302,0.0422330324498339,0.0183018026797963,0.0364939626504279,0.0341774836854551,TRUE,"unstable_good_overlap_warning",1,"alpha_by_hidden_strength"
0.002,0.03,1800,898,0.498358039922948,0.501759264694835,0.000664610989041192,0.00197609746470998,3.86945131062037e-06,0.000833997453223493,9.90906470593489e-05,215.533776309433,8.10020062555368,0.995360355963121,0.876546267651038,0.124039143463599,0.102833189693683,0.0212059537699166,0.0353457935274025,0.0331691993861348,TRUE,"unstable_good_overlap_warning",2,"alpha_by_hidden_strength"
0.002,0.03,1800,904,0.49840954893343,0.501498858241008,0.000661193267112115,0.00195491015181066,3.89032374537781e-06,0.000933651127137954,0.000101796334514266,239.993169783684,8.83414370851069,0.995833214749814,0.886802837604214,0.0630814937712255,0.0405033244254878,0.0225781693457378,0.038596940649957,0.0364227820767927,TRUE,"unstable_good_overlap_warning",3,"alpha_by_hidden_strength"
0.002,0.03,1800,913,0.498278777042519,0.501536532852778,0.000687906743032374,0.00197150090136497,4.11773384597619e-06,0.000976594340088141,0.000105941059559621,237.167912404649,8.8733876673454,0.995783578014998,0.887303469938538,0.0944201981812798,0.0709699859210984,0.0234502122601814,0.0401500067075216,0.0379000019407234,TRUE,"unstable_good_overlap_warning",4,"alpha_by_hidden_strength"
0.002,0.03,1800,878,0.498124376757399,0.501452580084918,0.000679872647720237,0.00203851460889978,3.76841371002029e-06,0.00073898227625173,9.06840523254771e-05,196.099030816803,7.82385370408438,0.994900535735262,0.872185749143295,0.0031477220304863,-0.0177711371202018,0.0209188591506881,0.0332747681856204,0.0311551394422393,TRUE,"unstable_good_overlap_warning",5,"alpha_by_hidden_strength"
0.002,0.03,1800,913,0.498327915780532,0.501757477220909,0.000696054023952897,0.00197753764885976,4.14227443132143e-06,0.000993957802691382,0.000105922774308193,239.954599621807,9.0306397359959,0.995832544983192,0.889265873821317,0.0609748759333835,0.0373493652242849,0.0236255107090986,0.0391176271077529,0.0369653785359183,TRUE,"unstable_good_overlap_warning",6,"alpha_by_hidden_strength"
0.002,0.03,1800,889,0.49842278917679,0.501830194217258,0.000666673080680635,0.0019520684235278,3.62833881214973e-06,0.000907916753342434,9.52177164062507e-05,250.229319903151,9.18515919867912,0.996003665755927,0.891128724242057,0.10366217956119,0.0797728536647797,0.0238893258964106,0.0387718075868254,0.0366737906699328,TRUE,"unstable_good_overlap_warning",7,"alpha_by_hidden_strength"
0.002,0.03,1800,890,0.498255548382993,0.501632882644549,0.000700836210117295,0.00203448710054238,3.95924573749618e-06,0.000917929533812666,9.56538768432205e-05,231.844546833601,9.21494588294696,0.995686765060221,0.89148064321782,0.0499720083421161,0.025710808627196,0.0242611997149201,0.0381354816667796,0.0360847605483556,TRUE,"unstable_good_overlap_warning",8,"alpha_by_hidden_strength"
0.002,0.03,1800,864,0.49833192855584,0.501595435564466,0.000644095977000492,0.00194415467938052,3.22075090989816e-06,0.000716198383150932,8.5210969817849e-05,222.370001029846,8.09888552724058,0.995502990532137,0.876526221214449,-0.0337740982200156,-0.0551114567188604,0.0213373584988448,0.0341822141321058,0.0320746083591229,TRUE,"unstable_good_overlap_warning",9,"alpha_by_hidden_strength"
0.002,0.03,1800,885,0.498498100392345,0.501548345546772,0.0006750309603199,0.00199637930622965,3.72805294028956e-06,0.000849148148919595,9.35396955372834e-05,227.772556484576,8.73000724505701,0.995609655458788,0.885452557835366,0.0363463680004129,0.0146592816134121,0.0216870863870008,0.0362860412526525,0.0342198174578519,TRUE,"unstable_good_overlap_warning",10,"alpha_by_hidden_strength"
0.002,0.03,1800,922,0.498460141236326,0.501562020163706,0.000651182054506871,0.00197289479696894,4.29187563916749e-06,0.00104273618028854,0.000110265404373553,242.955823503498,9.10231266116613,0.995884025393672,0.890137810331832,0.0126002683540271,-0.0107731814721462,0.0233734498261733,0.0405927578473314,0.0383771570552975,TRUE,"unstable_good_overlap_warning",11,"alpha_by_hidden_strength"
0.002,0.03,1800,913,0.498534280217199,0.501585693288209,0.000643268168707078,0.00203083326380737,4.37036708092121e-06,0.000903858137087392,0.000105966692660513,206.815153132828,8.19179103744024,0.995164764356712,0.877926573635785,-0.154354396586816,-0.175462773619911,0.0211083770330953,0.0365542563956163,0.0343336168088113,TRUE,"unstable_good_overlap_warning",12,"alpha_by_hidden_strength"
0.002,0.03,1800,907,0.498197454285729,0.50171886192283,0.000670714548136719,0.00197199977088011,4.01190637530456e-06,0.000904078502168786,0.000103166113303385,225.348853536033,8.43529769330628,0.995562435822022,0.881450538397295,-0.0621989083516917,-0.0847421002814254,0.0225431919297336,0.0376286930559966,0.0354065700495461,TRUE,"unstable_good_overlap_warning",13,"alpha_by_hidden_strength"
0.002,0.03,1800,936,0.498209066215625,0.502306547311875,0.00068534569290235,0.00205059211888777,4.93418473065178e-06,0.00104264492045773,0.000117342905419762,211.310475260622,8.52690327497297,0.995267626941984,0.882724129997456,0.00588729885243411,-0.0168006803820273,0.0226879792344614,0.0417929530110814,0.0393591416701401,TRUE,"unstable_good_overlap_warning",14,"alpha_by_hidden_strength"
0.002,0.03,1800,912,0.498235680002424,0.501722215076699,0.000688478083229471,0.00207071863767694,4.52297524204397e-06,0.000993276978960236,0.000105482891374721,219.606990046527,9.02930915876138,0.995446410882513,0.889249555816829,-0.0759283880510628,-0.0998239751032632,0.0238955870522004,0.0399894710507657,0.0377962354368383,TRUE,"unstable_good_overlap_warning",15,"alpha_by_hidden_strength"
0.002,0.03,1800,886,0.498369687465336,0.50191838901556,0.000688698345067185,0.00203007313967113,3.87321150000853e-06,0.000865484961827225,9.39826837865543e-05,223.454092766511,8.84448463010557,0.995524807858208,0.886935187088672,0.013363942121525,-0.0101879709697179,0.0235519130912429,0.0368789506553877,0.0348095536286591,TRUE,"unstable_good_overlap_warning",16,"alpha_by_hidden_strength"
0.002,0.03,1800,920,0.498355847878068,0.501699650612195,0.00069691855022691,0.00202913033553991,4.50067341415283e-06,0.00103540649315442,0.000109309425752886,230.055904500531,9.09766796384879,0.995653230452089,0.890081721604517,0.019533122571002,-0.00408320170001253,0.0236163242710146,0.0398283872130574,0.0376576841419287,TRUE,"unstable_good_overlap_warning",17,"alpha_by_hidden_strength"
0.002,0.03,1800,898,0.498135683006852,0.501964103076651,0.000673305240112443,0.00193946496816233,3.72844454667992e-06,0.000897633949936323,9.91205741912302e-05,240.752930263008,8.72768608734869,0.99584636415886,0.885422093554721,0.0866847532182144,0.0636100648794766,0.0230746883387378,0.0376408598217327,0.0354926594103138,TRUE,"unstable_good_overlap_warning",18,"alpha_by_hidden_strength"
0.002,0.03,1800,893,0.498444179885762,0.501855171054189,0.000679398905520601,0.00193754740901969,3.63920156728014e-06,0.000878982137624756,9.69396472627027e-05,241.531589106697,8.7392344200576,0.995859754810133,0.885573500842948,0.110404977278376,0.087592146415165,0.0228128308632107,0.0376561771605797,0.0355098995622854,TRUE,"unstable_good_overlap_warning",19,"alpha_by_hidden_strength"
0.002,0.03,1800,895,0.498325999130863,0.50168972807578,0.000710285667330834,0.00211754670699504,4.38509837498237e-06,0.00093112369751385,9.77942553110742e-05,212.338154789422,9.11264031258902,0.995290530799838,0.890262320721854,-0.0426766007065592,-0.0659963469614969,0.0233197462549377,0.0384493394087864,0.0363641083363097,TRUE,"unstable_good_overlap_warning",20,"alpha_by_hidden_strength"
0.002,0.03,1800,858,0.498112791306119,0.501724288961775,0.000665995448169199,0.00204241386252893,3.46119301921476e-06,0.000809694687623109,8.29732917841602e-05,233.935144075497,9.36772735401893,0.995725310944826,0.893250522543124,-0.0617388362694321,-0.0857948129383689,0.0240559766689368,0.0361324052628102,0.0342226581150631,TRUE,"unstable_good_overlap_warning",21,"alpha_by_hidden_strength"
0.002,0.03,1800,894,0.498319845169592,0.501788118488259,0.000663171269249307,0.0020124937907856,3.94373706874464e-06,0.000879458195951041,9.73730681197771e-05,223.001224630573,8.6802795875237,0.995515719693214,0.884796337500774,-0.0257409497585882,-0.0462581747841144,0.0205172250255262,0.0364151864204939,0.0343305004717963,TRUE,"unstable_good_overlap_warning",22,"alpha_by_hidden_strength"
0.002,0.03,1800,880,0.498548326731384,0.501514682743491,0.0006454065717304,0.00196053055287305,3.5166989628868e-06,0.000846500971904726,9.14930201859969e-05,240.708966231744,8.90962503086898,0.995845605522491,0.887761830993412,0.075546421352777,0.052113926356143,0.023432494996634,0.03646534293359,0.0344296439034526,TRUE,"unstable_good_overlap_warning",23,"alpha_by_hidden_strength"
0.002,0.03,1800,910,0.49850050158785,0.50147121092547,0.000689994484479761,0.00199418358749937,4.15858896161714e-06,0.000943356985326445,0.000104572073922988,226.845450231658,8.67608970918922,0.995591712335518,0.884740703068013,0.00677573875394377,-0.0156169123834859,0.0223926511374297,0.0380573970272794,0.0358762009955279,TRUE,"unstable_good_overlap_warning",24,"alpha_by_hidden_strength"
0.002,0.03,1800,913,0.498436686395411,0.50150909460323,0.000681981723656078,0.00199599152530347,4.22188592596246e-06,0.000931318401570223,0.000105971506567609,220.59298093373,8.45167192419955,0.995466764192735,0.881680215587082,0.0719240523877117,0.0501200710684548,0.0218039813192569,0.0384262160381491,0.0361634441673895,TRUE,"unstable_good_overlap_warning",25,"alpha_by_hidden_strength"
0.002,0.03,1800,839,0.498256504403981,0.501803788612038,0.000676076110005641,0.00203141564696951,3.14486416153607e-06,0.000654271906085425,7.62086563954595e-05,208.044568057227,8.24502683047937,0.995193337613482,0.878714767027403,-0.0501590073058661,-0.0714917025678209,0.0213326952619548,0.0316576793569455,0.0297474202248019,TRUE,"unstable_good_overlap_warning",26,"alpha_by_hidden_strength"
0.002,0.03,1800,861,0.498414091459998,0.501635714860168,0.000698787139275847,0.00203923607671012,3.49701017792165e-06,0.000762651704789906,8.40933947521075e-05,218.086784420847,8.70702339370555,0.995414669427789,0.885150187982392,0.0299880773395402,0.00878573172081665,0.0212023456187236,0.0340979823740816,0.0321540103017467,TRUE,"unstable_good_overlap_warning",27,"alpha_by_hidden_strength"
0.002,0.03,1800,930,0.498048159400887,0.50158416491715,0.000683542589168862,0.00204452284611869,4.77691045460618e-06,0.00101932978037111,0.000114278140378982,213.386830265619,8.5618356653839,0.995313675175009,0.883202616929093,0.00674300223182245,-0.0147561654293662,0.0214991676611886,0.0396605945199979,0.0373602185508816,TRUE,"unstable_good_overlap_warning",28,"alpha_by_hidden_strength"
0.002,0.03,1800,909,0.497932138709478,0.501623461416215,0.000656250382227941,0.00194342917005104,3.9313414390596e-06,0.000999889435697196,0.000104088639028822,254.337978829021,9.25652301885486,0.996068223846851,0.891968075057657,0.0107263991679093,-0.0133578497306465,0.0240842488985558,0.0409813546179016,0.0387807694927983,TRUE,"unstable_good_overlap_warning",29,"alpha_by_hidden_strength"
0.002,0.03,1800,927,0.498127242395972,0.501714512869649,0.000682930851709729,0.00202331623044704,4.61739124034148e-06,0.0010207643911362,0.0001127896227487,221.069503969672,8.69423688120949,0.995476535740827,0.884981279707106,0.0244317327067662,0.0028171159710213,0.0216146167357449,0.0398535326700477,0.0375766752946254,TRUE,"unstable_good_overlap_warning",30,"alpha_by_hidden_strength"
0.002,0.03,1800,896,0.498244728251335,0.501929686880146,0.000657025425575442,0.00201355061637014,3.98297091077848e-06,0.000880754173332734,9.82385699730011e-05,221.129953761221,8.61613086359268,0.995477772309943,0.883938624443892,0.0942864880046962,0.0725125118878991,0.0217739761167971,0.0356325181813722,0.0335769920125727,TRUE,"unstable_good_overlap_warning",31,"alpha_by_hidden_strength"
0.002,0.03,1800,903,0.498294386884033,0.501904489701921,0.000673069489337708,0.0019439863252177,3.8295079274501e-06,0.000855441303787878,0.000101334320972836,223.381520548902,8.13436818279972,0.995523353957199,0.877064822057782,0.0705286968738181,0.048814486864603,0.0217142100092151,0.0361580868981036,0.0339387282202792,TRUE,"unstable_good_overlap_warning",32,"alpha_by_hidden_strength"
0.002,0.03,1800,943,0.498319309975798,0.50183893230183,0.000718043124111001,0.00205954974487267,5.13576497421016e-06,0.0010857878118923,0.000121076698166716,211.416958786998,8.6028573159208,0.995270010477222,0.883759550661225,0.000858862301035934,-0.0230059653107597,0.0238648276117956,0.0431056309780709,0.0406191291083858,TRUE,"unstable_good_overlap_warning",33,"alpha_by_hidden_strength"
0.002,0.03,1800,852,0.498511927148751,0.501567708725753,0.000694352504850726,0.00198403586611364,3.17952879794027e-06,0.000742009332373982,8.07725372552054e-05,233.370848175573,8.83848804750385,0.995714974651643,0.88685847685426,0.0346976364975577,0.0120323848898878,0.02266525160767,0.0336662822077135,0.031772749667885,TRUE,"unstable_good_overlap_warning",34,"alpha_by_hidden_strength"
0.002,0.03,1800,906,0.49846781815005,0.501916006880161,0.000665640750368734,0.00198277134662463,4.03803806923206e-06,0.000897819599105048,0.000102712935310229,222.340548482197,8.41041135909484,0.995502394831593,0.88109975156939,0.13828695558158,0.1172062935242,0.0210806620573797,0.037156114729164,0.0349559959242813,TRUE,"unstable_good_overlap_warning",35,"alpha_by_hidden_strength"
0.005,0.03,1800,904,0.496192729522518,0.503765934759394,0.00167145275750419,0.00506212156478235,2.61029432532058e-05,0.000943705459676528,0.000101864847308672,36.1532203676161,7.37455460888189,0.972339946764584,0.864398590418518,0.0239961155045234,0.000407035409268897,0.0235890800952545,0.0396152310602666,0.0373516812000908,TRUE,"unstable_good_overlap_warning",1,"alpha_by_hidden_strength"
0.005,0.03,1800,944,0.495849255547649,0.504584949894664,0.00165298775132866,0.00503257128629924,3.08017428375274e-05,0.00109585103600001,0.000121617317466185,35.577565911786,7.18972439415651,0.971892399764518,0.860912610111626,0.0141896427178642,-0.00667143758477973,0.0208610803026439,0.0392047065635054,0.0368984947048472,TRUE,"unstable_good_overlap_warning",2,"alpha_by_hidden_strength"
0.005,0.03,1800,848,0.495626409181797,0.503859309262483,0.0016921952575204,0.00519911293248334,2.14456577016339e-05,0.000759273758352863,7.93379304727538e-05,35.4045452425092,7.53370436701537,0.971755038988629,0.867263174756594,-0.0091615786479633,-0.0343624846371537,0.0252009059891904,0.0348312421705196,0.0329053121587643,TRUE,"unstable_good_overlap_warning",3,"alpha_by_hidden_strength"
0.005,0.03,1800,892,0.495655355496688,0.505065066478521,0.00170682924968163,0.00517931746085547,2.58988431104919e-05,0.000867330982716498,9.65462260038424e-05,33.489178609879,7.08342923884194,0.970139608031324,0.858825440858997,0.0667332301670573,0.0449116099135417,0.0218216202535156,0.035974685763517,0.0338479477263701,TRUE,"unstable_good_overlap_warning",4,"alpha_by_hidden_strength"
0.005,0.03,1800,898,0.495768730575614,0.504363699261456,0.00171082195248412,0.00492574520215751,2.40344966860512e-05,0.000866095330533439,9.90583628050995e-05,36.0355093700002,7.03611350092735,0.972249594428308,0.857876084592978,0.0137698418956159,-0.00598082761890117,0.0197506695145171,0.0341530812888576,0.0320813981357386,TRUE,"unstable_good_overlap_warning",5,"alpha_by_hidden_strength"
0.005,0.03,1800,901,0.495179447531724,0.504004154868052,0.00174894231484546,0.00525182814003575,2.76976755780774e-05,0.0009981654313358,0.000100420484490076,36.0378772046072,7.79097538401126,0.972251417742437,0.871646366377667,0.0377386044897011,0.0138307938302261,0.023907810659475,0.0374809551265121,0.0354888166997995,TRUE,"unstable_good_overlap_warning",6,"alpha_by_hidden_strength"
0.005,0.03,1800,914,0.496216945351727,0.503842504208524,0.00168359199004176,0.00492291703714736,2.57811986491912e-05,0.000990224049716517,0.000106379531007286,38.4087669154041,7.49257402172633,0.973964277421285,0.866534518431145,-0.0912174628169028,-0.112883004780036,0.0216655419631335,0.038616621820552,0.0364246761066547,TRUE,"unstable_good_overlap_warning",7,"alpha_by_hidden_strength"
0.005,0.03,1800,918,0.495855070337954,0.504993480333482,0.00165159462055159,0.00485267760300911,2.55045320204416e-05,0.00105538892659728,0.00010830648988149,41.3804466496933,7.88715990354485,0.975833996948716,0.873211648777331,-0.042459929469192,-0.0665317362237584,0.0240718067545664,0.040313302710613,0.0381346853866,TRUE,"unstable_good_overlap_warning",8,"alpha_by_hidden_strength"
0.005,0.03,1800,901,0.496344800653846,0.503862357733644,0.00170060308290243,0.00496628417728435,2.47677339775501e-05,0.000913731246469398,0.000100420676039273,36.8920001844989,7.29884856231188,0.972893852461267,0.86299208820915,0.0761743302709995,0.0536124902532137,0.0225618400177858,0.0367020723938599,0.0345669662032407,TRUE,"unstable_good_overlap_warning",9,"alpha_by_hidden_strength"
0.005,0.03,1800,880,0.494839604945827,0.50410653228865,0.00169654395798402,0.00482707804298372,2.13187114986568e-05,0.000817959543304052,9.14939361106993e-05,38.3681510655834,7.25060142313525,0.973936716463332,0.862080406625415,0.00790281104710444,-0.0136642010379053,0.0215670120850098,0.0355914042340493,0.0334852573540218,TRUE,"unstable_good_overlap_warning",10,"alpha_by_hidden_strength"
0.005,0.03,1800,875,0.496039845862082,0.504501369253538,0.00167534614648684,0.00504416915180883,2.27705056840144e-05,0.000785946766249318,8.94938912336024e-05,34.515999651298,7.00085501573639,0.971027928783677,0.857160304312513,0.00432589236447389,-0.0179224320723654,0.0222483244368393,0.0353553781280722,0.0332177835554851,TRUE,"unstable_good_overlap_warning",11,"alpha_by_hidden_strength"
0.005,0.03,1800,906,0.496161932316871,0.504716238420621,0.00180482679157834,0.00511259635390666,2.68449089579026e-05,0.000965447359659428,0.000102702005307039,35.9638902547003,7.45249213489528,0.972194331788973,0.865816698374275,-0.0213267811424378,-0.0459041379208021,0.0245773567783643,0.0388395447124506,0.0366530877632776,TRUE,"unstable_good_overlap_warning",12,"alpha_by_hidden_strength"
0.005,0.03,1800,888,0.494008100388227,0.504536500193296,0.00163436855764781,0.00491853191009661,2.29377214303386e-05,0.000828936687045542,9.48154886174142e-05,36.138580266702,7.03961010242847,0.972328741399911,0.857946678090165,5.41019355444483e-05,-0.021540743436393,0.0215948453719375,0.0350607622228573,0.0329340348143335,TRUE,"unstable_good_overlap_warning",13,"alpha_by_hidden_strength"
0.005,0.03,1800,917,0.494443052272302,0.504693402498966,0.00174497394680112,0.00493280872454127,2.62504399718013e-05,0.00100897229966135,0.000107881763182397,38.4363957611835,7.52222267236926,0.973982992416529,0.867060569255253,-0.0296988619026166,-0.0535197912858401,0.0238209293832234,0.0402626842483706,0.037988466002721,TRUE,"unstable_good_overlap_warning",14,"alpha_by_hidden_strength"
0.005,0.03,1800,911,0.495625117285759,0.504341294805508,0.00157701300691315,0.0048207593689655,2.43947593987353e-05,0.000970398566338287,0.000104970104893089,39.7789767251649,7.50125292250325,0.974861092910734,0.866688937124081,0.154027522595978,0.131579150662472,0.022448371933506,0.0394545783119323,0.03720126119961,TRUE,"unstable_good_overlap_warning",15,"alpha_by_hidden_strength"
0.005,0.03,1800,903,0.495392326571636,0.504032001843373,0.00170244375171591,0.00503853910026487,2.57372927273981e-05,0.000956728576629548,0.000101380305551749,37.172852124073,7.52632672093594,0.973098647457498,0.867133060113069,0.0141309349308207,-0.00671575999752971,0.0208466949283505,0.0364451005909979,0.0344035763417321,TRUE,"unstable_good_overlap_warning",16,"alpha_by_hidden_strength"
0.005,0.03,1800,878,0.496199132866424,0.504822864216198,0.00173336867396817,0.00502348326877586,2.28886379747857e-05,0.000808988713720829,9.07005728037238e-05,35.3445545607396,7.12205594330871,0.971707098521174,0.859591105720039,-0.0705594831519697,-0.0929970904592666,0.0224376073072969,0.0351595569552794,0.0330690457374416,TRUE,"unstable_good_overlap_warning",17,"alpha_by_hidden_strength"
0.005,0.03,1800,897,0.495890502213216,0.503997121813776,0.00181281281816159,0.00511170108488541,2.57870165093706e-05,0.000868742893275191,9.86893295724192e-05,33.6891587655944,6.97918054812088,0.970316860478533,0.856716702898703,-0.0546169171086549,-0.0744398530525282,0.0198229359438733,0.0345975891914159,0.0325093035566053,TRUE,"unstable_good_overlap_warning",18,"alpha_by_hidden_strength"
0.005,0.03,1800,897,0.495524590094894,0.504463650016936,0.001665591736566,0.00490139609975641,2.37209731384378e-05,0.00097542449022764,9.87399493278667e-05,41.1207619744339,7.96518979755384,0.975681384488407,0.874453713544013,-0.0534869844899041,-0.0779645356492494,0.0244775511593454,0.038404318750868,0.0363575382217415,TRUE,"unstable_good_overlap_warning",19,"alpha_by_hidden_strength"
0.005,0.03,1800,888,0.495372528887595,0.504480496761228,0.00165255102845641,0.00506095574289203,2.42956427433551e-05,0.000864877834685247,9.48556739057298e-05,35.598063563138,7.25865109180806,0.971908584346832,0.862233356121969,-0.149578852544769,-0.171150428656208,0.0215715761114392,0.0362148406647792,0.0341103581702426,TRUE,"unstable_good_overlap_warning",20,"alpha_by_hidden_strength"
0.005,0.03,1800,899,0.495827609688509,0.50372397609487,0.00164757411296662,0.00495534345026672,2.44409983884699e-05,0.000984706821126064,9.95339917580655e-05,40.2891406265385,7.94278604065356,0.975179415980362,0.874099592399732,0.114798257652451,0.0912326453682739,0.0235656122841773,0.0383197387740879,0.0362794534561391,TRUE,"unstable_good_overlap_warning",21,"alpha_by_hidden_strength"
0.005,0.03,1800,919,0.495677761883876,0.505453104861285,0.00179061102538375,0.00512890890078575,2.86151856365559e-05,0.00095832239660161,0.000108779384514512,33.4899940462854,6.97496557213226,0.970140335091791,0.856630116714068,-0.0471351683680616,-0.0681010644964455,0.0209658961283838,0.0382171928052109,0.0359118825543318,TRUE,"unstable_good_overlap_warning",22,"alpha_by_hidden_strength"
0.005,0.03,1800,869,0.495715230695917,0.504297818649236,0.00169487838020854,0.00512594158265653,2.29031871472533e-05,0.000730170692555151,8.71663010533059e-05,31.8807460228397,6.63372479051321,0.9686331054084,0.849255127160221,0.0213344115071106,0.000727887253309079,0.0206065242538015,0.0339676065728541,0.0318056577541038,TRUE,"unstable_good_overlap_warning",23,"alpha_by_hidden_strength"
0.005,0.03,1800,922,0.496141997222571,0.504500899837146,0.0016637871607984,0.00496436021162452,2.71751354027343e-05,0.00100935897144029,0.000110266894711679,37.1427393638207,7.34388869692956,0.973076837704274,0.863832358949272,0.153015408158332,0.129068260575895,0.0239471475824365,0.039934084544235,0.0376257269748812,TRUE,"unstable_good_overlap_warning",24,"alpha_by_hidden_strength"
0.005,0.03,1800,919,0.49537312329233,0.504129913243333,0.00165314357845686,0.00508399078391254,2.81192369698155e-05,0.00106329752820149,0.000108791263953316,37.8138826932923,7.7663694240552,0.973554686036581,0.871239707333179,0.0554389871267876,0.0317255330096781,0.0237134541171096,0.0404455638815218,0.0382612847735599,TRUE,"unstable_good_overlap_warning",25,"alpha_by_hidden_strength"
0.005,0.03,1800,902,0.495184640403637,0.503596651690717,0.00176822422351341,0.00511494096024457,2.64034011081256e-05,0.00101099051334718,0.000100920320946022,38.2901622865568,7.94031541834154,0.97388363119184,0.874060418596209,0.0313353739111818,0.00952430142436933,0.0218110724868125,0.0378341410420027,0.035842729299228,TRUE,"unstable_good_overlap_warning",26,"alpha_by_hidden_strength"
0.005,0.03,1800,893,0.495689471999078,0.504130197535005,0.00164022754019122,0.00498036240791833,2.40473779585125e-05,0.000941350022591187,9.694955870276e-05,39.1456409183255,7.77994921661917,0.974454371507509,0.871464456623464,-0.127816665735799,-0.152840525308335,0.0250238595725352,0.0393259846622554,0.0371897869795236,TRUE,"unstable_good_overlap_warning",27,"alpha_by_hidden_strength"
0.005,0.03,1800,896,0.495372835426899,0.504233661443686,0.00176653761371304,0.00495527888181899,2.41184636612465e-05,0.000890825204134478,9.82230548225481e-05,36.9354042051134,7.28146270517704,0.972925705795808,0.862664956137314,-0.0483314340187877,-0.0722920283799384,0.0239605943611507,0.0376169667038974,0.0354213420436338,TRUE,"unstable_good_overlap_warning",28,"alpha_by_hidden_strength"
0.005,0.03,1800,869,0.49467960498119,0.50404046526271,0.00169106356642929,0.00508032940714791,2.24846236066185e-05,0.000843996327860391,8.71167923757174e-05,37.5366002396392,7.70059693386092,0.973359334792819,0.870139937385527,-0.000155248280863773,-0.0257274228566837,0.02557217457582,0.0371316582522695,0.0351076933780281,TRUE,"unstable_good_overlap_warning",29,"alpha_by_hidden_strength"
0.005,0.03,1800,898,0.495608542094892,0.504387916198797,0.0017197997675138,0.00502486525592203,2.50309483360239e-05,0.000849310248328141,9.91353314496468e-05,33.9304063484416,6.840103849404,0.970527909694606,0.853803389244283,0.0803971606596734,0.0596569943473692,0.0207401663123042,0.0370069569608676,0.0347102944425935,TRUE,"unstable_good_overlap_warning",30,"alpha_by_hidden_strength"
0.005,0.03,1800,871,0.49603889911363,0.504199000312003,0.00165927821051154,0.00501984483106199,2.21392606631507e-05,0.0008175217636263,8.78582458302848e-05,36.9263353489943,7.43218450751962,0.972919056533802,0.86545005724922,-0.0201232241817688,-0.0424501426505253,0.0223269184687565,0.0360297497670854,0.0339816057052804,TRUE,"unstable_good_overlap_warning",31,"alpha_by_hidden_strength"
0.005,0.03,1800,891,0.495590673536186,0.504237592667556,0.00167553092294609,0.00501791126076165,2.41811213910002e-05,0.000899741879889311,9.60352085243879e-05,37.2084431214253,7.48435658052926,0.973124379412043,0.866387980150288,0.0228996516588815,0.000455938292800662,0.0224437133660809,0.0368034760849271,0.0347264886789326,TRUE,"unstable_good_overlap_warning",32,"alpha_by_hidden_strength"
0.005,0.03,1800,859,0.495936741711885,0.504180871236297,0.00172891775341549,0.00478779670134309,1.90903893952283e-05,0.000787179645641403,8.32805116372973e-05,41.2343420212351,7.68948634525839,0.975748370145327,0.869952301740332,0.0737445754088588,0.0503303226255802,0.0234142527832786,0.0351714476990557,0.0332100132035307,TRUE,"unstable_good_overlap_warning",33,"alpha_by_hidden_strength"
0.005,0.03,1800,888,0.49572083070391,0.504131615438186,0.00164942409093827,0.00502903917568527,2.39724174927433e-05,0.000876248400300151,9.47854759317232e-05,36.5523585831676,7.37844344517167,0.972641984299735,0.864470059649995,0.0530103498291505,0.0307120202274187,0.0222983296017318,0.0360633235431999,0.0339988494451299,TRUE,"unstable_good_overlap_warning",34,"alpha_by_hidden_strength"
0.005,0.03,1800,887,0.49584608819363,0.504699815800638,0.00170835776356393,0.00498406842429649,2.34453862975281e-05,0.000911562636720685,9.43820488691738e-05,38.8802566591446,7.73642093991955,0.974280005176746,0.870741262947567,0.0857150388197881,0.0621010039056471,0.023614034914141,0.0372079914714748,0.0351753878539874,TRUE,"unstable_good_overlap_warning",35,"alpha_by_hidden_strength"
0.01,0.03,1800,889,0.492653096947765,0.508404355174012,0.00346369975600647,0.0104743125022553,0.000104574564314909,0.00100012298977521,9.53180194624901e-05,9.5637308778405,5.00330212795164,0.895438295705598,0.800131997943246,0.0811929585600234,0.0578823690595137,0.0233105895005097,0.0373260581853331,0.0352837808450753,TRUE,"unstable_good_overlap_warning",1,"alpha_by_hidden_strength"
0.01,0.03,1800,883,0.491828278046199,0.508515520181179,0.00323000432435877,0.00995073532765276,9.18254333325676e-05,0.000892388732710243,9.27369133302583e-05,9.71831768523483,4.83516139042453,0.897101532138704,0.793181670837217,-0.0744645248758902,-0.0968497995535249,0.0223852746776347,0.0354989698262998,0.033379612122703,TRUE,"unstable_good_overlap_warning",2,"alpha_by_hidden_strength"
0.01,0.03,1800,908,0.491339160298337,0.508474824282153,0.00343123875077223,0.00986161825406682,0.000100741849072431,0.00100154890860795,0.000103588976992533,9.94173640676236,4.9016045591159,0.899413949526986,0.795985174254781,0.0607098140543676,0.0380260891890142,0.0226837248653534,0.0378724217152588,0.0356283538086177,TRUE,"unstable_good_overlap_warning",3,"alpha_by_hidden_strength"
0.01,0.03,1800,922,0.490764427030905,0.508346092869022,0.00339860635937972,0.00970166979377067,0.000103813016935204,0.00112216858903547,0.000110295764322422,10.809517170047,5.24111427118544,0.907488929961554,0.809200878237326,0.0175331850554414,-0.00570344278834423,0.0232366278437857,0.0404895177619496,0.0382340328537221,TRUE,"unstable_good_overlap_warning",4,"alpha_by_hidden_strength"
0.01,0.03,1800,866,0.491768221941987,0.508384023810361,0.00353730225153237,0.00991279986680881,8.44443762994571e-05,0.000843194462920908,8.5936578009283e-05,9.98520564508366,4.94887745136696,0.899851837253611,0.797933973951248,0.00301252556838327,-0.0188423389417054,0.0218548645100887,0.03391176302841,0.0319336339850978,TRUE,"unstable_good_overlap_warning",5,"alpha_by_hidden_strength"
0.01,0.03,1800,923,0.492310687993283,0.509163570854482,0.00344060691180326,0.0104322883041643,0.000120577137778711,0.00116654287571646,0.00011079133851502,9.67466053023552,5.04192660298066,0.896637200150354,0.801663118338767,-0.0201441511243907,-0.0420507281302309,0.0219065770058402,0.0395306139441193,0.0373784367838769,TRUE,"unstable_good_overlap_warning",6,"alpha_by_hidden_strength"
0.01,0.03,1800,894,0.492255664344278,0.508075205952779,0.00347318809430003,0.00999805546628746,9.72443407721874e-05,0.00102996127436313,9.72821707858872e-05,10.5914777783933,5.29470901479481,0.905584468860426,0.811132208171264,0.0262701480714695,0.00249526727667848,0.0237748807947911,0.0379517754194221,0.0359181068362173,TRUE,"unstable_good_overlap_warning",7,"alpha_by_hidden_strength"
0.01,0.03,1800,910,0.490756239899424,0.508926838933897,0.00340607840898655,0.00973097629228793,9.90405865599064e-05,0.00098899725438971,0.00010459245930978,9.98577743470348,4.85676207496603,0.899857571777565,0.794101505372385,0.0421132205833877,0.0193907135311453,0.0227225070522424,0.0380606907918964,0.0357542595383019,TRUE,"unstable_good_overlap_warning",8,"alpha_by_hidden_strength"
0.01,0.03,1800,922,0.492295685808974,0.509950476348181,0.00315071044298881,0.00979126988174835,0.00010580876230585,0.00101713322180905,0.000110368106420667,9.61293941676522,4.70509739455896,0.895973546004464,0.787464548309581,0.0229752249327444,0.00263748504629269,0.0203377398864517,0.0365547603927778,0.0342698223780563,TRUE,"unstable_good_overlap_warning",9,"alpha_by_hidden_strength"
0.01,0.03,1800,929,0.491848868751707,0.507732723365732,0.00318064160952436,0.00980147507052166,0.000109226879175414,0.00106350810079941,0.000113696382242737,9.73668852235041,4.77073632439155,0.897295677302964,0.790388750917284,0.0442510015602972,0.0231629151695278,0.0210880863907693,0.0382718225407697,0.0359196198523292,TRUE,"unstable_good_overlap_warning",10,"alpha_by_hidden_strength"
0.01,0.03,1800,863,0.491768971776189,0.509286601928267,0.00337587209249479,0.00989655815309677,8.30888276940587e-05,0.000851786994341341,8.48348447880096e-05,10.2515225931181,5.07246525609603,0.902453514498295,0.802857200687928,0.0500056992020378,0.0277667878834509,0.0222389113185869,0.0352296204315382,0.0332288030154237,TRUE,"unstable_good_overlap_warning",11,"alpha_by_hidden_strength"
0.01,0.03,1800,885,0.492124277963343,0.507798980346308,0.00322948106349952,0.00986004494758404,9.09594675697576e-05,0.000969841883901043,9.35599799666747e-05,10.662352252197,5.25604155469604,0.906212064997764,0.809742752298725,0.0659278505541843,0.0411008906644506,0.0248269598897337,0.038362440254202,0.036263092673372,TRUE,"unstable_good_overlap_warning",12,"alpha_by_hidden_strength"
0.01,0.03,1800,876,0.491598067536775,0.50785648040476,0.00339856485504442,0.010407110158089,9.71938185793964e-05,0.000880044068378048,8.9738404151974e-05,9.0545271421675,4.70782434146043,0.889558009568171,0.787587656745539,0.00982686898100249,-0.0117831593421328,0.0216100283231353,0.0344192774976168,0.0323865034771495,TRUE,"unstable_good_overlap_warning",13,"alpha_by_hidden_strength"
0.01,0.03,1800,906,0.49090986174495,0.5086160078587,0.00345939533866912,0.0100009654355585,0.000102630503037382,0.000975755072246524,0.000102610689279362,9.50745678301033,4.75418731119366,0.894819400937274,0.789659107951949,0.0536307738525422,0.0338963888543762,0.019734384998166,0.0364709350737274,0.0342609204829354,TRUE,"unstable_good_overlap_warning",14,"alpha_by_hidden_strength"
0.01,0.03,1800,896,0.492536821634627,0.508701337311898,0.00332767121655769,0.00978562065629529,9.41384758502292e-05,0.000938679372371853,9.83083507466466e-05,9.97126163233466,4.87760379825921,0.899711788049246,0.794981297915814,-0.107733605347005,-0.129224508178406,0.0214909028314012,0.0357844055012772,0.0336372557432679,TRUE,"unstable_good_overlap_warning",15,"alpha_by_hidden_strength"
0.01,0.03,1800,860,0.490899583751169,0.507921458314631,0.00341542800561134,0.0100645382019868,8.47737619751465e-05,0.000876669098468103,8.36900352550276e-05,10.3412786933429,5.20390204234979,0.90330015952053,0.80783650578702,-0.0193639299749617,-0.0408652774141574,0.0215013474391956,0.0343649878707913,0.0324983931997674,TRUE,"unstable_good_overlap_warning",16,"alpha_by_hidden_strength"
0.01,0.03,1800,923,0.49026789594819,0.508609812352083,0.00334011269951318,0.00994013909113012,0.00010940138979358,0.00113482059121587,0.000110723018326171,10.3729997704514,5.1553601025403,0.903595871770034,0.806027129024944,-0.064935965927488,-0.0860451074923607,0.0211091415648728,0.039043057571117,0.0368749577845125,TRUE,"unstable_good_overlap_warning",17,"alpha_by_hidden_strength"
0.01,0.03,1800,914,0.48968057664235,0.508111712577526,0.0033915096585192,0.00979704907912411,0.000102160746594505,0.00102754497050514,0.0001064372121336,10.0581192361842,4.92595889610061,0.900577834034569,0.796993839962489,0.0486585579155447,0.0266663326792038,0.0219922252363409,0.0384217495925616,0.0361446474341066,TRUE,"unstable_good_overlap_warning",18,"alpha_by_hidden_strength"
0.01,0.03,1800,908,0.490892377432095,0.508024947180832,0.00356816169565699,0.010349691278308,0.000111049249090084,0.00102694323923867,0.00010367184688661,9.24763785125281,4.78268441471689,0.891864277550129,0.790912401219097,-0.0438701474715955,-0.0660200411625298,0.0221498936909343,0.0369523199634701,0.0347981789967828,TRUE,"unstable_good_overlap_warning",19,"alpha_by_hidden_strength"
0.01,0.03,1800,896,0.492028009994922,0.509242521718076,0.00341208234281276,0.0103155852186211,0.000104551140563547,0.00097714090897299,9.82519169796715e-05,9.34605690292851,4.81817641612605,0.893003005397211,0.792452597490395,-0.0126770212113674,-0.0355841054598811,0.0229070842485137,0.0375718137537911,0.0353934051263423,TRUE,"unstable_good_overlap_warning",20,"alpha_by_hidden_strength"
0.01,0.03,1800,885,0.492578803944037,0.507761741621369,0.00335234664406026,0.00976615714374208,8.92552123958136e-05,0.000859842218485203,9.35806746090288e-05,9.63352386269749,4.70280880067287,0.896195824679258,0.787361119198186,0.0504092796602387,0.0303357402740309,0.0200735393862078,0.0327995718475521,0.0307435276586017,TRUE,"unstable_good_overlap_warning",21,"alpha_by_hidden_strength"
0.01,0.03,1800,872,0.489823708525582,0.50774899402565,0.00341398683815841,0.0100641263710972,8.94074358202827e-05,0.000918809476889844,8.82716971967161e-05,10.2766561691439,5.17117267114277,0.902692083539533,0.80662026515177,-0.022161642423972,-0.0474024123642173,0.0252407699402453,0.0376259039742982,0.0355673648801365,TRUE,"unstable_good_overlap_warning",22,"alpha_by_hidden_strength"
0.01,0.03,1800,892,0.491474395104966,0.509095356937327,0.0034761729529838,0.0102796758636916,0.000101967015582972,0.000943541768375607,9.64941237603881e-05,9.25340182784726,4.75428978941399,0.89193163567256,0.789663641827929,0.0196965444802275,-0.00314369216115029,0.0228402366413778,0.037222290949069,0.0350234066483146,TRUE,"unstable_good_overlap_warning",23,"alpha_by_hidden_strength"
0.01,0.03,1800,921,0.491813941976281,0.507616110032707,0.00333879531805248,0.00977115780679655,0.000104806487383309,0.00103449171955019,0.000109773146059365,9.87049318585353,4.82101541023727,0.89868793978469,0.792574817770436,-0.0574886556098372,-0.0789580711865906,0.0214694155767534,0.0390079113677613,0.0366326532495844,TRUE,"unstable_good_overlap_warning",24,"alpha_by_hidden_strength"
0.01,0.03,1800,862,0.492041389247406,0.509569497272525,0.00330939275789666,0.0100317924841987,8.48823215309924e-05,0.000804313964720217,8.43451605652165e-05,9.47563580040096,4.75285665636123,0.894466184532157,0.789600218920636,0.12210665993967,0.100820342103636,0.0212863178360336,0.0328600767925931,0.0308738109671659,TRUE,"unstable_good_overlap_warning",25,"alpha_by_hidden_strength"
0.01,0.03,1800,910,0.491830498456002,0.507687468691201,0.00342524868912719,0.00991991602913891,0.000102980471980282,0.00102273143748711,0.00010464991649075,9.9313143338761,4.92573098291819,0.899308392989943,0.796984446883544,-0.0194697851143742,-0.0416837550577056,0.0222139699433314,0.0370883198375584,0.0349146553467341,TRUE,"unstable_good_overlap_warning",26,"alpha_by_hidden_strength"
0.01,0.03,1800,906,0.491573471763285,0.509081607984937,0.0033312396363131,0.0100176110725293,0.000103122538410838,0.000939352483025864,0.000102760275965339,9.10908999624796,4.56255897740708,0.890219549876892,0.780824750989125,0.0380816022194476,0.0165317408985375,0.0215498613209101,0.0363900226062627,0.0340808601616211,TRUE,"unstable_good_overlap_warning",27,"alpha_by_hidden_strength"
0.01,0.03,1800,881,0.492167523254626,0.508174123722111,0.00323269051169439,0.00990785816594825,9.02218240976469e-05,0.000978221965146868,9.19077303916331e-05,10.8424095270801,5.37102266510209,0.90776957856993,0.813815717722168,0.103297081783911,0.078381688712827,0.0249153930710838,0.0375526489654112,0.0355562377955164,TRUE,"unstable_good_overlap_warning",28,"alpha_by_hidden_strength"
0.01,0.03,1800,879,0.492004474481236,0.510182409372553,0.00338153237244665,0.00990183240942057,8.93674078803531e-05,0.000924922311814724,9.1148183556153e-05,10.3496602816659,5.12378074632989,0.903378471100982,0.804831617606532,0.014940372234532,-0.00625419858786214,0.0211945708223942,0.0349472848694932,0.0329861087533005,TRUE,"unstable_good_overlap_warning",29,"alpha_by_hidden_strength"
0.01,0.03,1800,909,0.491091762122781,0.508931906332452,0.0033871895501742,0.00987621398615022,0.000101539438168342,0.00101861464857754,0.000104100729711198,10.0317144446749,4.95338366565727,0.900316141820521,0.798117798358083,0.0994105410039703,0.0776710334646942,0.0217395075392761,0.0375598498453771,0.0353638733853551,TRUE,"unstable_good_overlap_warning",30,"alpha_by_hidden_strength"
0.01,0.03,1800,932,0.491947775929351,0.509475465933871,0.003392363834612,0.0103381107828111,0.000123263789832086,0.0011610222777913,0.000115332884194114,9.41900520317348,4.86604552443932,0.893831675593185,0.7944943188514,-0.017766917583494,-0.0404005431152625,0.0226336255317685,0.0396791361081128,0.0374093132511913,TRUE,"unstable_good_overlap_warning",31,"alpha_by_hidden_strength"
0.01,0.03,1800,929,0.489990903720774,0.509601801155958,0.00329719178981724,0.00978204010078232,0.000108790733218102,0.00114897159423794,0.00011369281669372,10.5613002160258,5.16429908949816,0.905314688575693,0.806362880485844,0.00305257508899848,-0.0198169734576312,0.0228695485466297,0.0406197969499089,0.0383356850599996,TRUE,"unstable_good_overlap_warning",32,"alpha_by_hidden_strength"
0.01,0.03,1800,922,0.490922279469337,0.508193015424917,0.00343297814610249,0.0100773783022663,0.000112001678187621,0.00105027061626654,0.000110288290646657,9.37727570927262,4.72477737872889,0.89335921956404,0.788349816331657,-0.0724780332813383,-0.0944352576848156,0.0219572244034774,0.0390638453149295,0.0366962271215346,TRUE,"unstable_good_overlap_warning",33,"alpha_by_hidden_strength"
0.01,0.03,1800,923,0.492696799611649,0.508175106020264,0.00326293941030215,0.00967740319772773,0.000103611134207332,0.00102976485428237,0.000110634036058754,9.93874704837946,4.80647873183527,0.899383695436433,0.79194748259748,0.0789868498033142,0.0585303324879551,0.020456517315359,0.0375959176767558,0.0352790089234228,TRUE,"unstable_good_overlap_warning",34,"alpha_by_hidden_strength"
0.01,0.03,1800,901,0.492403958066082,0.508014385433666,0.00327121391909152,0.00991325687223609,9.88198195547857e-05,0.0011018105104744,0.000100556775129262,11.1496915845263,5.52627810812218,0.91031142050711,0.819046385209919,0.0316023100194762,0.00688867082867639,0.0247136391907998,0.0398913400444638,0.0378388456453866,TRUE,"unstable_good_overlap_warning",35,"alpha_by_hidden_strength"
0.02,0.03,1800,900,0.486141935014965,0.51449463905218,0.00707764483405515,0.0198243339457941,0.000393352555583024,0.00142255972858209,0.000100088634974926,3.61650053721803,2.88293672235501,0.723489602805577,0.653131477966287,0.117190722912583,0.0925941542758776,0.0245965686367059,0.0405874262469991,0.0385634315943908,TRUE,"unstable_good_overlap_warning",1,"alpha_by_hidden_strength"
0.02,0.03,1800,891,0.482895766380502,0.51926839250159,0.00656981902090648,0.0197244819696478,0.000373780978138132,0.00121092552753958,9.60740246459046e-05,3.23966600326056,2.57723238097812,0.691326204925584,0.611986871117739,0.176240741304347,0.153774859051895,0.0224658822524527,0.0363777333505941,0.0342267118266982,TRUE,"unstable_good_overlap_warning",2,"alpha_by_hidden_strength"
0.02,0.03,1800,910,0.484034955393095,0.516836877755378,0.00668558579614592,0.0197891689206951,0.000409249398548608,0.00133684780222445,0.000104504005932621,3.26658464732153,2.60211959777543,0.693869864716361,0.615697909944299,0.0440684556931554,0.0207175922177549,0.0233508634754005,0.0394099545643004,0.0371236577991455,TRUE,"unstable_good_overlap_warning",3,"alpha_by_hidden_strength"
0.02,0.03,1800,912,0.483689349782257,0.515328614796232,0.00666889924994241,0.0195851222863672,0.000405335546508318,0.00124819162523586,0.000105672532682374,3.07940331408918,2.44260644022044,0.67526176404867,0.590601259566911,0.0345499758731715,0.0130841740715082,0.0214658018016634,0.0356526368161655,0.0333428531807376,TRUE,"unstable_good_overlap_warning",4,"alpha_by_hidden_strength"
0.02,0.03,1800,894,0.481607026911523,0.518305713212764,0.00667140904080543,0.0193984361153349,0.00036644354165209,0.00128994274513602,9.73808663881747e-05,3.52016777078507,2.78110147455638,0.715922630648658,0.640430236311492,0.0429963577727263,0.0193495822194046,0.0236467755533216,0.0381295972615654,0.0360632686076363,TRUE,"unstable_good_overlap_warning",5,"alpha_by_hidden_strength"
0.02,0.03,1800,884,0.480683027531391,0.517816289969166,0.00670925061364147,0.020019926356083,0.00037270335136787,0.00119072819195744,9.29904494542607e-05,3.19484165513219,2.5568907935973,0.686995442045273,0.608899995844915,0.133098417926077,0.110592446019576,0.0225059719065002,0.0362551573459904,0.0341323234091985,FALSE,"stable",6,"alpha_by_hidden_strength"
0.02,0.03,1800,880,0.483213496823896,0.517388478710075,0.00676523983495547,0.0194697402667505,0.000346299184275597,0.00112810472087678,9.13547540499738e-05,3.25760143858436,2.57761811807936,0.693025675837568,0.612044936763122,0.0229577824012523,-0.000311434414264733,0.0232692168155171,0.0344237553152455,0.0323500710134167,TRUE,"unstable_good_overlap_warning",7,"alpha_by_hidden_strength"
0.02,0.03,1800,916,0.482081397368652,0.51787585981315,0.00686552621386166,0.0202946600597899,0.00044228301991932,0.00137134005626839,0.000107383289562819,3.10059395117304,2.49485921296573,0.677481148532308,0.599175779217111,0.013672369237272,-0.00646752517750604,0.020139894414778,0.0370967547259893,0.0348870651066543,FALSE,"stable",8,"alpha_by_hidden_strength"
0.02,0.03,1800,917,0.483071581500442,0.516015770838898,0.00685135184395058,0.0205123709691176,0.000453335467262307,0.00137401181279575,0.000107742729508706,3.03089414356527,2.44887757304266,0.670064359679784,0.591649655741047,0.0687266880842757,0.0469555833877038,0.021771104696572,0.0379848266461219,0.0356930941424517,FALSE,"stable",9,"alpha_by_hidden_strength"
0.02,0.03,1800,887,0.483415701590235,0.513610120546791,0.00671593697627126,0.020174394139394,0.000384358425725823,0.00116999869779796,9.44355259599579e-05,3.04403030996011,2.44363717143569,0.67148815938922,0.590773944802747,-0.000721591431604551,-0.0223689844130812,0.0216473929814767,0.0354536748353117,0.0332546777958839,FALSE,"stable",10,"alpha_by_hidden_strength"
0.02,0.03,1800,894,0.4822466966581,0.513636775217579,0.0068418638033681,0.0201209030442294,0.000394181083187653,0.00127249462663088,9.73645457222897e-05,3.22819810717577,2.58876196184019,0.690229667820832,0.613714966945373,0.0241096113837631,0.0019529651334429,0.0221566462503202,0.0363848607984198,0.034308937114531,FALSE,"stable",11,"alpha_by_hidden_strength"
0.02,0.03,1800,902,0.483893916727823,0.51549770166361,0.0064526995514137,0.0200480611471207,0.000405792709344591,0.00134060026599005,0.000100962357637961,3.30365784085992,2.64546001280774,0.6973052149554,0.621993908371853,0.133357130372223,0.111379225139808,0.0219779052324145,0.0383959594528083,0.0362632841877309,FALSE,"stable",12,"alpha_by_hidden_strength"
0.02,0.03,1800,907,0.484105200489395,0.515520879164792,0.00680615561947928,0.0212293136583225,0.000465257037652575,0.0014352733003455,0.000103233593174239,3.08490400830276,2.52470880348201,0.675840804994715,0.603914717364304,-0.0573556650114804,-0.0817036463961091,0.0243479813846287,0.0401279643734034,0.0379326104661862,FALSE,"stable",13,"alpha_by_hidden_strength"
0.02,0.03,1800,868,0.485043516728022,0.516060414863886,0.00659789560574853,0.0197546305077496,0.000338438035396087,0.00111979873572352,8.67244078767115e-05,3.30872602546866,2.63381385971812,0.697768871673696,0.620322447499376,0.0977202617393704,0.0759278991793855,0.021792362559985,0.0351032051785344,0.0330978455916711,TRUE,"unstable_good_overlap_warning",14,"alpha_by_hidden_strength"
0.02,0.03,1800,873,0.480683123730727,0.516032117685392,0.00661338824758062,0.0198834318237652,0.000350384429549608,0.00115212432587461,8.86261961295089e-05,3.28817215809382,2.62436546744707,0.695879670552375,0.618955510425619,-0.0629858331436826,-0.0844443736257234,0.0214585404820409,0.0346217509456304,0.0326521415233669,TRUE,"unstable_good_overlap_warning",15,"alpha_by_hidden_strength"
0.02,0.03,1800,934,0.484766622211262,0.516892079486932,0.00676629400233614,0.0191260538503078,0.000425505999055335,0.00135156526951284,0.000116320146097697,3.17637183145113,2.49446299630134,0.685175397257207,0.599112112914584,0.129749954161859,0.110309152713888,0.0194408014479719,0.0367437728553225,0.0343587153666875,TRUE,"unstable_good_overlap_warning",16,"alpha_by_hidden_strength"
0.02,0.03,1800,906,0.485965707358691,0.517618297954543,0.00675539673407688,0.0195014354787576,0.000390146196076195,0.00130227327189877,0.000102587445560476,3.33791098054033,2.64295587281827,0.700411423243491,0.621635756281596,0.0987454740129935,0.0738091912855661,0.0249362827274274,0.0386758497675594,0.0364360465140547,TRUE,"unstable_good_overlap_warning",17,"alpha_by_hidden_strength"
0.02,0.03,1800,893,0.483793897730665,0.518022333163187,0.00703680268346429,0.0209861172894614,0.000427394841698771,0.00129833105976491,9.704319459217e-05,3.03777896477275,2.47566150797772,0.670812125702237,0.596067557387171,0.0612109513750629,0.0387919622521906,0.0224189891228723,0.0369644616854766,0.0348442945368209,FALSE,"stable",18,"alpha_by_hidden_strength"
0.02,0.03,1800,919,0.483347305778375,0.517310336002424,0.00660325768910397,0.0197205686572338,0.000423360507691432,0.00129205746686561,0.000108860788414719,3.05190834617793,2.42766961096557,0.67233616263334,0.588082333986845,-0.0220908542548428,-0.041549080047699,0.0194582257928562,0.0353943715120903,0.033102442224464,TRUE,"unstable_good_overlap_warning",19,"alpha_by_hidden_strength"
0.02,0.03,1800,885,0.479987933884159,0.516962007312632,0.00714811801426768,0.0204488968277348,0.000390131522099147,0.00127029191253753,9.32977724144001e-05,3.25606068872,2.62766846559385,0.692880417289423,0.61943448608765,0.123067968902757,0.10060353837018,0.0224644305325773,0.0361457572032659,0.0341763653467727,FALSE,"stable",20,"alpha_by_hidden_strength"
0.02,0.03,1800,900,0.481697397011879,0.51629495007022,0.0065206355140946,0.0200316589260876,0.000401033160055623,0.00135959577064879,9.9941635104367e-05,3.39023279386725,2.71390054706163,0.705035004732139,0.631526659632863,0.0059329946790696,-0.0145901555811461,0.0205231502602157,0.0370668660701282,0.0350813561141104,FALSE,"stable",21,"alpha_by_hidden_strength"
0.02,0.03,1800,898,0.484276351567162,0.517919840732763,0.0069548139998562,0.0200488527509201,0.000397849867995144,0.00125677619545844,9.89783400274954e-05,3.15892073005231,2.52959911527641,0.68343618423643,0.604680443647796,0.16531856992953,0.143442835780751,0.0218757341487792,0.0363430287101537,0.0341849614424084,FALSE,"stable",22,"alpha_by_hidden_strength"
0.02,0.03,1800,872,0.483639705270403,0.516634032981217,0.00713369746498232,0.0207141955689502,0.00037932819304208,0.00122776793456909,8.84054375090025e-05,3.23669043611766,2.62492977706679,0.691042433702903,0.619037427691706,0.0172064460912214,-0.00525374997368666,0.022460196064908,0.0358803371686057,0.0339596035238108,FALSE,"stable",23,"alpha_by_hidden_strength"
0.02,0.03,1800,930,0.482171065985941,0.517465679542743,0.00638093384362148,0.0200490818739401,0.000458905129928098,0.00149465510563711,0.000114165250469951,3.25700239147751,2.60815277976667,0.692969215307712,0.616586877978267,0.0492575446532202,0.0255740809516776,0.0236834637015426,0.0399229681272804,0.0376584976368993,FALSE,"stable",24,"alpha_by_hidden_strength"
0.02,0.03,1800,933,0.481798558949426,0.516438341374951,0.0066133478013195,0.0197019583043449,0.000450582087475213,0.00156530208142462,0.000116079393806542,3.47395541219939,2.76232306788172,0.712143685987354,0.637985863555472,-0.00960087604647097,-0.0311906858060274,0.0215898097595564,0.0415556190999364,0.0393324926964273,TRUE,"unstable_good_overlap_warning",25,"alpha_by_hidden_strength"
0.02,0.03,1800,863,0.482556659737868,0.522306147588589,0.00682484952876072,0.0197853281297098,0.000331307325517541,0.00115848760638191,8.46339331738724e-05,3.49671594062164,2.78521926395715,0.714017376023337,0.640961839902244,0.0625832309349406,0.0375195224178083,0.0250637085171322,0.0374200517649361,0.0354540686037309,TRUE,"unstable_good_overlap_warning",26,"alpha_by_hidden_strength"
0.02,0.03,1800,888,0.483316503922006,0.518520209425028,0.00667449078680632,0.0202226887430575,0.000387560787682451,0.00122884110990222,9.47680697502417e-05,3.1707054711352,2.54772463012686,0.684612774947535,0.607492902421637,0.00556090762409744,-0.019796599933273,0.0253575075573704,0.0375927387282172,0.0354121317266247,FALSE,"stable",27,"alpha_by_hidden_strength"
0.02,0.03,1800,894,0.483755300991238,0.516449577137581,0.00706379254647854,0.0200206297829883,0.000391272827990666,0.00125195097002615,9.76167219574154e-05,3.19968799381085,2.56080533969095,0.687469527674481,0.609497846438932,-0.0356803271911098,-0.0554376338866024,0.0197573066954926,0.034976537772143,0.032933370431414,FALSE,"stable",28,"alpha_by_hidden_strength"
0.02,0.03,1800,876,0.483773050617977,0.517442514578643,0.00679692894803841,0.019936373548905,0.000358011350452401,0.00114626572503431,9.00750415027369e-05,3.20175805483775,2.55813554174856,0.687671590772128,0.609090298899303,-0.0282654439017669,-0.050527664077032,0.0222622201752651,0.0348422848669249,0.0327911710695192,TRUE,"unstable_good_overlap_warning",29,"alpha_by_hidden_strength"
0.02,0.03,1800,890,0.482557033230524,0.516709352268892,0.00666175105518318,0.020063619807773,0.000384922633188202,0.00111497155928921,9.56213495456066e-05,2.89661210631919,2.32022790701935,0.654769101524357,0.569007856092622,0.0222675046371645,0.00150553980289114,0.0207619648342734,0.0338585912988855,0.0315634108178866,FALSE,"stable",30,"alpha_by_hidden_strength"
0.02,0.03,1800,872,0.482543645300901,0.516526801427523,0.00682083527469579,0.0202368738212041,0.00036124767871899,0.00115493926531212,8.82100803064794e-05,3.19708425368329,2.56962805095701,0.687214999464614,0.610838619376229,0.104783645467984,0.0822012044360688,0.0225824410319152,0.0357663784759916,0.0337203362251489,FALSE,"stable",31,"alpha_by_hidden_strength"
0.02,0.03,1800,914,0.481799636444624,0.518834143766,0.00705711888478455,0.0199098365062543,0.000422058788038767,0.00134541949877968,0.000106472526599107,3.18775378432851,2.5455814282291,0.686299486203686,0.607162438839886,-0.104552045171673,-0.125526956108234,0.0209749109365618,0.0372610672849784,0.0350470043056798,TRUE,"unstable_good_overlap_warning",32,"alpha_by_hidden_strength"
0.02,0.03,1800,895,0.48329479921648,0.518199167467538,0.00696820312517921,0.0200306233387737,0.000392353495377816,0.00124956773187121,9.77886829848779e-05,3.18480081506077,2.54939849503537,0.686008620925036,0.607750611782594,0.01700100592756,-0.0058988176500574,0.0228998235776174,0.0372489666190905,0.0350600187850574,FALSE,"stable",33,"alpha_by_hidden_strength"
0.02,0.03,1800,909,0.483878566023803,0.518476857963595,0.00668865802570917,0.0202522298538661,0.000427226981100325,0.00134798467101589,0.000104162879410175,3.15519555329617,2.53671507717685,0.683062433656348,0.605789389199786,-0.0394992955783071,-0.0602990922212276,0.0207997966429205,0.0376951269528069,0.035498977240584,FALSE,"stable",34,"alpha_by_hidden_strength"
0.02,0.03,1800,892,0.483525987059023,0.517825346986071,0.00659885475286259,0.0205034699204246,0.000406099455286968,0.00122431404495518,9.6600122263819e-05,3.01481331485665,2.43547856340001,0.6683045032765,0.589403078709933,0.0273321511707643,0.00622214854070413,0.0211100026300601,0.0354246340583733,0.0332678227454172,FALSE,"stable",35,"alpha_by_hidden_strength"
0.05,0.03,1800,911,0.455224453435405,0.543058170642709,0.016350451814423,0.048207451229948,0.002421344182936,0.00333114994461232,0.000104190515233498,1.375744087969,1.31898799372138,0.27312062705187,0.241842985106628,0.159945628566864,0.135645457132372,0.0243001714344921,0.0385338399908873,0.0362603328719277,FALSE,"stable",1,"alpha_by_hidden_strength"
0.05,0.03,1800,897,0.458415919678178,0.534650404177773,0.0165582479311657,0.0478156101786448,0.00225353861435924,0.00328506678739076,9.8565652139576e-05,1.45773707468723,1.39665015457869,0.314005236359543,0.284001081644057,0.0177158486893589,-0.00658150543242941,0.0242973541217884,0.0410652337600059,0.0390540296084015,FALSE,"stable",2,"alpha_by_hidden_strength"
0.05,0.03,1800,920,0.454429498838032,0.538432336835295,0.0161753326089819,0.0502363534713824,0.00276572313663666,0.00365853396438544,0.000109590393847163,1.32281279927191,1.27239479298448,0.244035134411757,0.214080405300592,0.000923525101820033,-0.0226257134356499,0.0235492385374699,0.037736358377579,0.0353445346561655,FALSE,"stable",3,"alpha_by_hidden_strength"
0.05,0.03,1800,920,0.455549061902214,0.53537840068531,0.0173936184678242,0.0491908679669926,0.00264478314382932,0.00364360330253089,0.000109300235305633,1.3776567319071,1.3229822053083,0.274129776424281,0.244131934664254,-0.0969863108773604,-0.117715344275665,0.0207290333983048,0.0387751534537134,0.0365921321483567,FALSE,"stable",4,"alpha_by_hidden_strength"
0.05,0.03,1800,881,0.460964371694264,0.543724579276415,0.0160001660026199,0.0481734293497447,0.00212842269377072,0.00292082116038632,9.1715503217861e-05,1.37229375017224,1.31560330989672,0.271293045039016,0.239892456580622,0.131275791076031,0.108074749900274,0.0232010411757576,0.0358545057705279,0.0337157407866554,FALSE,"stable",5,"alpha_by_hidden_strength"
0.05,0.03,1800,908,0.454544677273948,0.541650741866667,0.0165342960332099,0.0511319870293546,0.00270614966833651,0.00371429030508979,0.000103506225610653,1.37253691048544,1.32197338225349,0.271422143651992,0.243555117353908,0.103671315932339,0.0801605914548469,0.0235107244774921,0.0406932043466556,0.0385476476595074,FALSE,"stable",6,"alpha_by_hidden_strength"
0.05,0.03,1800,889,0.455529991953722,0.540317268214953,0.0162820764110636,0.0488081970426219,0.00227254883572302,0.00301037030862552,9.53954572884953e-05,1.32466693841929,1.27130115244265,0.245093260051247,0.213404315666179,0.0160036077363503,-0.00602043321114665,0.022024040947497,0.0338815627606587,0.0316154485845893,FALSE,"stable",7,"alpha_by_hidden_strength"
0.05,0.03,1800,912,0.460074903243823,0.538198999976311,0.0163981302699793,0.0489989298889574,0.00253255417761069,0.00338299280184713,0.000105483748360692,1.33580273691865,1.28238975207357,0.251386471698105,0.220205870810306,0.0696741447896725,0.0504813006490886,0.0191928441405839,0.0356862679061519,0.0333998585009138,FALSE,"stable",8,"alpha_by_hidden_strength"
0.05,0.03,1800,900,0.453654891939913,0.541145652640304,0.016733486023627,0.0500663735639859,0.00250809395291435,0.00358834392232176,0.000100057933729816,1.430705543607,1.37581861727339,0.301044156522338,0.273160002746722,0.0510575588246136,0.0272048287391642,0.0238527300854494,0.0409826228950078,0.0390385072897377,FALSE,"stable",9,"alpha_by_hidden_strength"
0.05,0.03,1800,910,0.458043436211558,0.540985644064597,0.0166071537758309,0.0489375465114943,0.00249956996045179,0.00340535130960067,0.00010437125662682,1.36237487387037,1.30776811982767,0.265987637338687,0.235338448125061,0.0364223038490643,0.0120925736610806,0.0243297301879837,0.0386554100720946,0.0363601780761025,FALSE,"stable",10,"alpha_by_hidden_strength"
0.05,0.03,1800,888,0.464105014647992,0.546253111689805,0.0180680280009793,0.0495826763320476,0.0023340501400612,0.00311964086623263,9.49402238206492e-05,1.33657834195063,1.28433645214098,0.251820885754755,0.221387823780124,0.00722334554551041,-0.0148692284077199,0.0220925739532303,0.0356461411283555,0.0334228526438486,FALSE,"stable",11,"alpha_by_hidden_strength"
0.05,0.03,1800,879,0.459177461576749,0.540659998433817,0.0163834395114748,0.048762983605496,0.00216701886869377,0.00297416117045936,9.11343608170052e-05,1.37246666996126,1.31707677388381,0.271384856268878,0.240742817860808,0.0545903987645134,0.0305965088882656,0.0239938898762478,0.0371479271371583,0.0349879461967263,FALSE,"stable",12,"alpha_by_hidden_strength"
0.05,0.03,1800,896,0.454082691925942,0.542565449989396,0.0169766148778839,0.0501439000467957,0.00247131270246745,0.00335443557602868,9.82859598381615e-05,1.35734970838757,1.30543171010949,0.263270184668969,0.233969887313275,0.0840929805254585,0.0603356133890555,0.0237573671364031,0.0373452908332931,0.035205862612345,FALSE,"stable",13,"alpha_by_hidden_strength"
0.05,0.03,1800,880,0.455947464778543,0.548818846577994,0.0168469461864736,0.0507146026598805,0.00235037846814549,0.00319504501022008,9.13843328154758e-05,1.35937469370244,1.30849933865921,0.26436765033755,0.235765758181677,0.0756446624623872,0.0522003400507344,0.0234443224116528,0.0370440430786617,0.0349828018355807,FALSE,"stable",14,"alpha_by_hidden_strength"
0.05,0.03,1800,896,0.46067505770575,0.538436317248754,0.0178348619072922,0.0492038689737758,0.00237440533073968,0.00332065617092891,9.80745562883692e-05,1.39852119094361,1.34304678810568,0.284958993488484,0.255424301776956,-0.0325808250746281,-0.0536610317137601,0.021080206639132,0.0365708768320876,0.0346238451342533,FALSE,"stable",15,"alpha_by_hidden_strength"
0.05,0.03,1800,900,0.457546923422248,0.536573514631838,0.016976175666702,0.050257770680868,0.00251505413278367,0.00344361567722967,9.95728404800988e-05,1.3692014149287,1.31705811668083,0.269647263655455,0.240732062363247,0.129881187147074,0.108148939745603,0.0217322474014711,0.0374070024933117,0.0353445020992581,FALSE,"stable",16,"alpha_by_hidden_strength"
0.05,0.03,1800,927,0.462125989839156,0.538366004629613,0.0167424583394385,0.0493510287925972,0.00276420142912874,0.0035747994970692,0.000113495140284112,1.29324855251086,1.24224337446341,0.226753435711575,0.195004762708471,-0.0100757961320559,-0.0300264133801045,0.0199506172480486,0.0351649778727034,0.0326103920232034,FALSE,"stable",17,"alpha_by_hidden_strength"
0.05,0.03,1800,914,0.455872559936676,0.543386801703876,0.0164969994144886,0.0498030161203378,0.00263844026889711,0.00335184421796852,0.000106374119184552,1.27038851607947,1.2211551471468,0.212839231980713,0.181103234641009,0.0620640234434031,0.0402840949421839,0.0217799285012192,0.0332850876523033,0.0307034350955441,FALSE,"stable",18,"alpha_by_hidden_strength"
0.05,0.03,1800,860,0.459138635132534,0.538802593152825,0.0168230373282177,0.049793047894081,0.00208584507750053,0.00275082750754952,8.4128787019114e-05,1.31880720060276,1.26767771378595,0.241739050603491,0.211155967226497,-0.0195982238439056,-0.0407690202986868,0.0211707964547811,0.0309815636944385,0.0289555358928221,FALSE,"stable",19,"alpha_by_hidden_strength"
0.05,0.03,1800,912,0.447077946659612,0.544101155364655,0.0172141874633835,0.0518024536869598,0.00284084232843947,0.00385786698751679,0.000105863553570616,1.35800109316028,1.30921345461365,0.263623567730092,0.23618261294519,0.0361925001721182,0.0135248917886435,0.0226676083834747,0.0385804984069379,0.0365173857105739,FALSE,"stable",20,"alpha_by_hidden_strength"
0.05,0.03,1800,912,0.460051441981305,0.539191634557116,0.0170523489608772,0.0509680127982341,0.00273780728642772,0.00373032994983184,0.000105391957930659,1.36252466282941,1.3120184796172,0.266068330885546,0.237815613472329,0.0309665556536418,0.00792775305716065,0.0230388025964812,0.0399858068566421,0.0378032774239141,FALSE,"stable",21,"alpha_by_hidden_strength"
0.05,0.03,1800,886,0.459422491638494,0.542219157612891,0.0162241335621948,0.0506921105405487,0.00241228934107259,0.00332993873898813,9.38747192995931e-05,1.3804060243899,1.32869942221325,0.275575459443555,0.247384334423604,-0.0851964259237536,-0.107146863776361,0.0219504378526076,0.0374714535593531,0.0355031074940019,FALSE,"stable",22,"alpha_by_hidden_strength"
0.05,0.03,1800,875,0.457901563464305,0.53733292811273,0.0163434667079447,0.0479301532580813,0.00205104943599882,0.00292739567407443,8.92808862948361e-05,1.42726724314611,1.36773078602994,0.299360365199927,0.268861964493277,0.0160525084663199,-0.00547766679097328,0.0215301752572932,0.0363196435800829,0.0344198609683698,FALSE,"stable",23,"alpha_by_hidden_strength"
0.05,0.03,1800,866,0.461035006802144,0.543506225987216,0.0171143613574809,0.0496836036805108,0.00211958852399464,0.00285208028603502,8.58668204629705e-05,1.34558205696449,1.29319339573227,0.256827188781106,0.226720455501748,0.0256680933103596,0.00383144722979833,0.0218366460805612,0.0332373681079943,0.0312285256306228,FALSE,"stable",24,"alpha_by_hidden_strength"
0.05,0.03,1800,904,0.458942262954445,0.547657572344434,0.0169021076712083,0.0495259799871314,0.00249624899231353,0.00356485286199604,0.000101770462200125,1.42808384619201,1.37214248176728,0.299761003062599,0.271212710569219,0.00740092961481698,-0.0162019722851285,0.0236029018999455,0.0398103721052484,0.037867243283985,FALSE,"stable",25,"alpha_by_hidden_strength"
0.05,0.03,1800,897,0.461262642796645,0.546857459953668,0.016991906906661,0.0514580062361655,0.00261878064478604,0.003322929675215,9.88992986756975e-05,1.26888431141834,1.2227082453949,0.211906088678631,0.18214340684598,0.117239382303539,0.0977326469268616,0.0195067353766776,0.0312470522607325,0.0289697043989313,FALSE,"stable",26,"alpha_by_hidden_strength"
0.05,0.03,1800,933,0.460341091847763,0.541835511124635,0.0169344351695533,0.0491396343551695,0.00280261640302028,0.00394424897367912,0.000116064610500819,1.40734528258257,1.35138062549726,0.289442319254495,0.260016030175042,-0.026341285305775,-0.0482154798830465,0.0218741945772716,0.0419170551768282,0.0397291991956041,FALSE,"stable",27,"alpha_by_hidden_strength"
0.05,0.03,1800,908,0.461194106181799,0.535267683827261,0.0163763831086825,0.048862107810932,0.00247005088068599,0.00352218609215672,0.000103457386724444,1.42595689817472,1.36863212633114,0.298716531137763,0.269343470198472,0.0501747429732142,0.0254739264055237,0.0247008165676905,0.041641229094141,0.0395409534029948,FALSE,"stable",28,"alpha_by_hidden_strength"
0.05,0.03,1800,946,0.456527481904308,0.539433654439606,0.0175238693069448,0.0497668874178135,0.00304066446198381,0.00429134985989139,0.00012276866674378,1.41131976696028,1.35654830851995,0.291443354361984,0.262834951236612,0.0584332302661347,0.0366827457378933,0.0217504845282414,0.0428016214147824,0.0406466446820134,FALSE,"stable",29,"alpha_by_hidden_strength"
0.05,0.03,1800,911,0.462170297910134,0.547190264009798,0.0170194479865793,0.049244794782025,0.00254153315502598,0.00356251169823383,0.000104803338111731,1.40171757790719,1.3462051056137,0.28658952719061,0.257171142918724,0.0213138572023459,0.00131240096683172,0.0200014562355142,0.0383833265377831,0.036359974517766,FALSE,"stable",30,"alpha_by_hidden_strength"
0.05,0.03,1800,881,0.459876881821897,0.536906318311188,0.0166542100210846,0.0512844697669953,0.00242668619235296,0.00322766083250339,9.22660396419307e-05,1.33006931125849,1.28135055183132,0.248159481964277,0.219573442590875,-0.0343981083567098,-0.0550576777773772,0.0206595694206675,0.0345180933141602,0.0324691759819535,FALSE,"stable",31,"alpha_by_hidden_strength"
0.05,0.03,1800,960,0.461721039778555,0.551689775523547,0.016855396422703,0.05134700385548,0.00346731955968456,0.00458287436598335,0.000131511476938984,1.32173406203156,1.27343415663189,0.243418151407131,0.214721864658549,-0.0245037259299522,-0.044987519215944,0.0204837932859918,0.0417646078878198,0.0392256422702875,FALSE,"stable",32,"alpha_by_hidden_strength"
0.05,0.03,1800,918,0.455459812366165,0.552499462833491,0.0165060629914549,0.0488914851054138,0.0025718336060892,0.00342132094104472,0.000107591114970675,1.33030415845887,1.27688638316787,0.248292209235456,0.216844965078987,-0.0806051710927067,-0.102243297443764,0.0216381263510574,0.0355190098777036,0.0331935709354978,FALSE,"stable",33,"alpha_by_hidden_strength"
0.05,0.03,1800,888,0.451515367284497,0.54204346270143,0.0164552410547587,0.0502702960980678,0.00239085262332882,0.0031677084996114,9.4608448319591e-05,1.32492838274613,1.27449531829139,0.24524222363828,0.215375697620751,0.0446317803562906,0.0219657806178579,0.0226659997384326,0.0357816274587566,0.0335321048671548,FALSE,"stable",34,"alpha_by_hidden_strength"
0.05,0.03,1800,905,0.456876468314893,0.541207180533713,0.0166471733828162,0.0496298763860162,0.00251989595812974,0.003432357266216,0.000102304850000074,1.36210277060942,1.30896049439631,0.265841005849662,0.236035003133382,-0.0331178920682416,-0.0539851409214038,0.0208672488531623,0.0367049779745401,0.0345861474035665,FALSE,"stable",35,"alpha_by_hidden_strength"
0.1,0.03,1800,881,0.417598173633493,0.58881162248828,0.0335325973940632,0.0967565163397008,0.00862495688739701,0.00968606470469953,9.21290273160663e-05,1.12302760827165,1.11115856829528,0.109549941039283,0.100038438677404,-0.00517167174241573,-0.0275822664780321,0.0224105947356164,0.0404709986646487,0.0386741965091269,FALSE,"stable",1,"alpha_by_hidden_strength"
0.1,0.03,1800,890,0.410736348398288,0.575618888280089,0.0338322802427799,0.0994719331449014,0.00939384274045223,0.0100925470803701,9.49384570507975e-05,1.07437896920597,1.06362944516266,0.0692297330251559,0.059822944402346,0.0840089709369259,0.0625343281644247,0.0214746427725012,0.0319955405359045,0.0297424688540205,FALSE,"stable",2,"alpha_by_hidden_strength"
0.1,0.03,1800,883,0.415916750412748,0.580383906173532,0.0333428806549391,0.0979394204944569,0.00883070992768127,0.00958559090279487,9.20620326015243e-05,1.08548361131729,1.07428397200583,0.0787516369902139,0.0691474265106408,0.0304447504107385,0.00732779863853517,0.0231169517722033,0.0343388651485117,0.0321768965239256,FALSE,"stable",3,"alpha_by_hidden_strength"
0.1,0.03,1800,914,0.416133618783647,0.580715983832363,0.0342427119702214,0.101746674328094,0.0110753457972589,0.0118440772470037,0.000106983511615683,1.06940925040328,1.05917800485485,0.0649042921380205,0.0558716330811279,0.100827123897544,0.0753849073809454,0.0254422165165989,0.0354665429228077,0.0329062074960418,FALSE,"stable",4,"alpha_by_hidden_strength"
0.1,0.03,1800,885,0.418253243242171,0.584119918311306,0.0343813792456824,0.103291640830898,0.00999245073625962,0.0107377305691976,9.36573063405009e-05,1.07458428894061,1.06460594352601,0.0694075743598838,0.0606853117051318,0.0517252332892787,0.0262033797432547,0.025521853546024,0.0357089281399524,0.0333899043016275,FALSE,"stable",5,"alpha_by_hidden_strength"
0.1,0.03,1800,900,0.425547148590696,0.589245535847622,0.0327877579182801,0.0988788560427025,0.00972883861516353,0.0106872000887103,9.95071144697485e-05,1.09850728452346,1.08738544437723,0.0896737654008332,0.0803628969185572,-0.0865655848789095,-0.110439833084493,0.0238742482055838,0.0382701467465218,0.0362289057034244,FALSE,"stable",6,"alpha_by_hidden_strength"
0.1,0.03,1800,907,0.407724271337381,0.608843742608675,0.032325949000614,0.104918113218688,0.0114054220516252,0.0123414106577886,0.000103612085899633,1.08206523195079,1.07232375109131,0.0758412982208498,0.0674458166367212,-0.0487621698740536,-0.0707052165994005,0.021943046725347,0.0379727769299709,0.035809395320099,FALSE,"stable",7,"alpha_by_hidden_strength"
0.1,0.03,1800,880,0.412180559667643,0.594795464714146,0.0328287426583312,0.10135988495192,0.00936490837607757,0.00988128381414734,9.11530730923265e-05,1.05513940097789,1.04496823199206,0.0522579300202328,0.043033109156185,0.0823016607560401,0.0610324165729037,0.0212692441831364,0.0282055729759386,0.0255952978414797,FALSE,"stable",8,"alpha_by_hidden_strength"
0.1,0.03,1800,932,0.421446533093981,0.596924008413871,0.032026246963137,0.0987115641992712,0.0112568856640532,0.0124105895046005,0.000115526651930151,1.1024887233448,1.09128909151122,0.0929612441149216,0.083652528208451,-0.0256190381769135,-0.0448325791537582,0.0192135409768447,0.041197532914202,0.0390804702838699,FALSE,"stable",9,"alpha_by_hidden_strength"
0.1,0.03,1800,892,0.416671525207031,0.591628224176045,0.0335717488990031,0.100740996185032,0.00985703312317486,0.0106718148766523,9.71256042597621e-05,1.08265993867483,1.07209611267698,0.0763489399783341,0.0672478071923586,0.030236655024281,0.00832597114872335,0.0219106838755576,0.035374332381511,0.0331990617447903,FALSE,"stable",10,"alpha_by_hidden_strength"
0.1,0.03,1800,899,0.418358354487639,0.574872410800007,0.0345555687742288,0.100774994103647,0.0101825559583347,0.011471702198422,0.000100265435062825,1.1266034034443,1.1156181518224,0.112376194725887,0.103635954321405,-0.0102093800614423,-0.032621071993842,0.0224116919323997,0.0431586484521351,0.0414463128073236,FALSE,"stable",11,"alpha_by_hidden_strength"
0.1,0.03,1800,869,0.412021907007603,0.58124294776649,0.033032642250814,0.0998697007248929,0.00853774361307935,0.00912421872819441,8.56003641071833e-05,1.06869205046362,1.05808358710182,0.0642767487919612,0.054895083724828,0.0329989115944072,0.0102186653670557,0.0227802462273514,0.0309956143176337,0.0286444193732091,FALSE,"stable",12,"alpha_by_hidden_strength"
0.1,0.03,1800,902,0.419137825892757,0.57663874449602,0.0333009814979618,0.102127777534207,0.0104625203066459,0.0110856157765133,0.000100310998126701,1.05955500697777,1.04949283545828,0.056207565049069,0.0471588121291612,0.0637344993255962,0.0413766793181591,0.022357820007437,0.030908852988995,0.0283117641428374,FALSE,"stable",13,"alpha_by_hidden_strength"
0.1,0.03,1800,888,0.425020490050562,0.593595591540552,0.0324493921187115,0.0976862104036036,0.00902910734579417,0.00990673400249537,9.46189865608517e-05,1.09719971455539,1.08582103864335,0.0885888988722354,0.0790379220783678,0.0039852237464586,-0.0179528085093481,0.0219380322558067,0.0373272840333165,0.0352577420950106,FALSE,"stable",14,"alpha_by_hidden_strength"
0.1,0.03,1800,912,0.422397000953422,0.619188459339733,0.0337183816078106,0.0987112388837783,0.0102433579776648,0.0113041219508235,0.000105125759199885,1.10355627280347,1.09234572312797,0.0938386880266626,0.0845389158146134,0.00591309856473077,-0.0143785442814874,0.0202916428462182,0.0397760046152267,0.0377536139535122,FALSE,"stable",15,"alpha_by_hidden_strength"
0.1,0.03,1800,888,0.418461797004185,0.579183977313779,0.0343189323001142,0.100931668934247,0.00981036587336904,0.0104793706997959,9.63008888200213e-05,1.06819366729664,1.05780995276763,0.0638401718568703,0.0546506039354017,-0.000464249852123455,-0.019717451423235,0.0192532015711115,0.0321642626252605,0.0297593923093688,FALSE,"stable",16,"alpha_by_hidden_strength"
0.1,0.03,1800,884,0.41417620400909,0.582952639112749,0.0333389508277933,0.102495417889567,0.00977007200774103,0.0110292641947823,9.30012666695251e-05,1.12888259022489,1.11823808745266,0.114168285826085,0.105736058160931,0.0676269232258774,0.0411724481532161,0.0264544750726613,0.0458891882432508,0.0441620467387268,FALSE,"stable",17,"alpha_by_hidden_strength"
0.1,0.03,1800,933,0.409176537433322,0.586629918441226,0.0327092767657697,0.0957669484545375,0.0104453658855732,0.0114809472185334,0.000113891774340677,1.09914265754832,1.08728734427218,0.09019999075412,0.0802799229955271,0.125795109032587,0.104134110827703,0.0216609982048841,0.0402147356079219,0.0379389620306465,FALSE,"stable",18,"alpha_by_hidden_strength"
0.1,0.03,1800,923,0.414017153940398,0.582018365730963,0.0345039978670344,0.0979671822820951,0.0106264410909711,0.0118180115993378,0.000110720134522168,1.1121326037726,1.1006644448328,0.100826649081433,0.0914578873746527,0.0764550153389427,0.0554643754839848,0.020990639854958,0.0421992012985608,0.0401908458921389,FALSE,"stable",19,"alpha_by_hidden_strength"
0.1,0.03,1800,931,0.415933184683118,0.580487464365207,0.0325054960271585,0.100925329219643,0.0116730273723637,0.01283689282568,0.000114599613887374,1.09970553620664,1.08901417059199,0.0906656672390376,0.0817383033166624,0.0902133022976471,0.068619601010776,0.0215937012868711,0.0417328032390986,0.0396249690516898,FALSE,"stable",20,"alpha_by_hidden_strength"
0.1,0.03,1800,897,0.419491338033023,0.574013145712214,0.0351675102192565,0.100625928294408,0.00995483073216146,0.0105848581135694,9.83137088835135e-05,1.06328860815006,1.05289028479026,0.0595215707804623,0.0502334246543014,0.0307087003301389,0.00861920808925665,0.0220894922408823,0.0309434534289554,0.0284268005876852,FALSE,"stable",21,"alpha_by_hidden_strength"
0.1,0.03,1800,921,0.417533562099937,0.580713240430413,0.0317727363435867,0.0980678785148973,0.0106072365366267,0.0117469450901217,0.000110293188678556,1.10744632209903,1.09604968600048,0.0970216975350799,0.0876326020866552,-0.00253468461034445,-0.0260187696453256,0.0234840850349811,0.0421350641332577,0.0400444265256685,FALSE,"stable",22,"alpha_by_hidden_strength"
0.1,0.03,1800,912,0.414702214012407,0.602532664448728,0.034556221222776,0.10132570335623,0.0110479076904481,0.0115513351738762,0.000107607064155052,1.0455676764808,1.03548203986819,0.0435817570739869,0.0342662050156923,-0.0253144629453128,-0.0466782790537674,0.0213638161084546,0.0272571887412195,0.0241691678670544,FALSE,"stable",23,"alpha_by_hidden_strength"
0.1,0.03,1800,898,0.41596551467816,0.584219889413122,0.0315888019836834,0.0981609274651687,0.00956266261124592,0.0104854703475451,9.92433754606768e-05,1.09650112879795,1.08523829169644,0.0880082347965659,0.0785433875201715,0.087776292368496,0.0667422520100289,0.0210340403584671,0.0368989190904644,0.034858348149232,FALSE,"stable",24,"alpha_by_hidden_strength"
0.1,0.03,1800,886,0.415481164814723,0.580032376300438,0.033614023467483,0.098258587449098,0.00905057295670463,0.00963689024653495,9.37421781991396e-05,1.06478233948669,1.05386681280821,0.0608409222094377,0.0511134919076507,0.000590526736151231,-0.0218278269802359,0.0224183537163871,0.0310448630566143,0.0284550681483141,FALSE,"stable",25,"alpha_by_hidden_strength"
0.1,0.03,1800,916,0.42039337714215,0.580117953870513,0.0326274561629162,0.0971484782122175,0.0100321143192409,0.0110868307332653,0.000106296868036379,1.10513401068421,1.09354715728813,0.095132363738515,0.0855446943139747,-0.0793731030183447,-0.10343005402611,0.0240569510077657,0.0409398172112054,0.0388220348207128,FALSE,"stable",26,"alpha_by_hidden_strength"
0.1,0.03,1800,893,0.410617923167086,0.588622915851946,0.0346545770447063,0.100950905887526,0.00988358131750599,0.0106567953637379,9.69826169642262e-05,1.07823217327735,1.06775483166158,0.0725559626360958,0.0634554203385274,0.0870789106302231,0.0660022930228973,0.0210766176073258,0.0342938022500104,0.032071069846597,FALSE,"stable",27,"alpha_by_hidden_strength"
0.1,0.03,1800,944,0.424380342258887,0.581448761196697,0.0336712011948943,0.100693301285392,0.0122946763549639,0.0136270174328011,0.000121259547011166,1.1083673160131,1.09754250830446,0.0977720241723742,0.0888735584876319,0.0505815006705072,0.0273861861421232,0.023195314528384,0.0466255708147402,0.0444532116493986,FALSE,"stable",28,"alpha_by_hidden_strength"
0.1,0.03,1800,912,0.405144104807299,0.581925168208237,0.0325584343300293,0.0988089380765646,0.0101991311982123,0.0112320618369229,0.000104464977421427,1.10127633605612,1.09011083562115,0.0919626915972891,0.0826620859793588,0.0822654666706079,0.0575288807043337,0.0247365859662741,0.04128901937821,0.0391455060504554,FALSE,"stable",29,"alpha_by_hidden_strength"
0.1,0.03,1800,880,0.408190314774825,0.590221575793394,0.0324418838408481,0.100912671845273,0.00937216222307651,0.0103376453272259,9.20340189165879e-05,1.1030160470091,1.09228983242732,0.0933948760658876,0.0844920731544547,-0.0270498242903522,-0.0493256340015321,0.0222758097111799,0.0389433086322995,0.0370407101658525,FALSE,"stable",30,"alpha_by_hidden_strength"
0.1,0.03,1800,905,0.412230098822119,0.578131120017276,0.0337720054612866,0.101026043209901,0.0104461069416332,0.0112876377901922,0.000102349984244262,1.08055927947713,1.07007478624683,0.0745533179041405,0.0654858773867638,0.0483784943305685,0.024561178402704,0.0238173159278645,0.0355442252628341,0.0333126659554541,FALSE,"stable",31,"alpha_by_hidden_strength"
0.1,0.03,1800,893,0.421999037078227,0.587544138384825,0.0348640389710507,0.104509599137064,0.0106803216679688,0.0116779434237692,9.77849389639403e-05,1.09340746344675,1.08348746673721,0.0854278634172698,0.0770543908446155,-0.0311915424418326,-0.0516035389353147,0.020411996493482,0.0393841201247044,0.0374041741894264,FALSE,"stable",32,"alpha_by_hidden_strength"
0.1,0.03,1800,924,0.423390550343255,0.57656659232393,0.0332264936331224,0.0992183846782158,0.0109551896180456,0.0114773895216025,0.000111284734618675,1.0476668977684,1.03713153402278,0.0454981424629695,0.0358021454412409,0.103256501710841,0.0849335519233614,0.0183229497874795,0.0268426899993614,0.0238113341142354,FALSE,"stable",33,"alpha_by_hidden_strength"
0.1,0.03,1800,871,0.41135458571802,0.589729561276065,0.0340503263597229,0.101065154574554,0.00898802001305351,0.00981277228485885,8.79956374328879e-05,1.09176128564551,1.08117621903098,0.0840488546827834,0.0750813952453863,0.0386685039881242,0.0147819096323982,0.0238865943557259,0.0358564082021525,0.0338896474369434,FALSE,"stable",34,"alpha_by_hidden_strength"
0.1,0.03,1800,934,0.407707551780442,0.59677162421745,0.0341949391730024,0.10272858466706,0.0123007439867578,0.0135226674476816,0.000116559793749266,1.09933736221478,1.08901800960284,0.0903611262830657,0.0817415403766437,-0.0266461989698554,-0.0491359560871312,0.0224897571172757,0.0437415714458624,0.0416030309926412,FALSE,"stable",35,"alpha_by_hidden_strength"
0.2,0.03,1800,896,0.34207776976068,0.647223145452285,0.0693023403097053,0.200078951347615,0.0401936283680334,0.040928915838238,0.000100404784343407,1.01829363259947,1.01575624568184,0.0179649877145704,0.0155118373614013,-0.01966195116897,-0.0392220475426177,0.0195600963736478,0.033321944519188,0.0309633895015755,FALSE,"stable",1,"alpha_by_hidden_strength"
0.2,0.03,1800,858,0.330911686029321,0.658237418438182,0.068288957551774,0.207704845418533,0.0366357771038862,0.0373285057100855,8.49204236250102e-05,1.01890852770053,1.0165521959957,0.0185576302351715,0.0162826818543134,0.00224003774108583,-0.0215083518055732,0.023748389546659,0.0333577698849435,0.031246308661245,FALSE,"stable",2,"alpha_by_hidden_strength"
0.2,0.03,1800,874,0.333055569395589,0.654404635318355,0.0676389962051389,0.207404193856385,0.0380957519642095,0.0391536668181143,8.8560790144661e-05,1.02776989032527,1.0253861859449,0.0270195601045303,0.0247576828056285,-0.0059369534311442,-0.032290326867338,0.0263533734361938,0.0427233852554478,0.0408960645432807,FALSE,"stable",3,"alpha_by_hidden_strength"
0.2,0.03,1800,941,0.324690184715537,0.66358251227513,0.0680116287200676,0.202418851492782,0.0498217031612867,0.0509635848982728,0.000121595263195776,1.02291936374173,1.02042889648815,0.0224058362312112,0.020019911782637,0.0191492055361908,-0.0026858366318101,0.0218350421680009,0.0426949123870793,0.0403577204522406,FALSE,"stable",4,"alpha_by_hidden_strength"
0.2,0.03,1800,941,0.343153448143329,0.672250860971857,0.068477269570192,0.197508588419637,0.0465709810078,0.0481929329649853,0.000119383255071809,1.03482752396634,1.03218155878275,0.0336553900623499,0.0311781958405632,-0.0312548559087613,-0.0545659820921098,0.0233111261833485,0.0497864328840049,0.047919158961945,FALSE,"stable",5,"alpha_by_hidden_strength"
0.2,0.03,1800,897,0.35272840908579,0.678538307983818,0.0666152526197035,0.198107300336994,0.0382335112175253,0.0386924878845987,9.74189006251973e-05,1.01200456490805,1.00943253308317,0.0118621647809859,0.00934439179839175,0.00274891581077696,-0.0194790993967078,0.0222280152074847,0.0268645609604072,0.0238436803419402,FALSE,"stable",6,"alpha_by_hidden_strength"
0.2,0.03,1800,942,0.318187957643854,0.679412813650484,0.0674901875087023,0.202181278407404,0.0478671234196922,0.0494697237857081,0.000117099611090374,1.03348018956486,1.03095810791752,0.0323955794246601,0.0300284829032075,0.0265958468945158,0.00567694134677743,0.0209189055477383,0.0479270303919451,0.0461428420347227,FALSE,"stable",7,"alpha_by_hidden_strength"
0.2,0.03,1800,875,0.334490046646032,0.671186131210548,0.066708012184955,0.195844563355393,0.0346159020682502,0.0352617808872526,9.02511227700126e-05,1.01865844251954,1.01600948665138,0.0183166817656643,0.0157572216221569,0.019904087142012,-0.00246881379523245,0.0223729009372444,0.0320189637648917,0.029697760074779,FALSE,"stable",8,"alpha_by_hidden_strength"
0.2,0.03,1800,884,0.332372576379847,0.640904983362912,0.0677394433498847,0.19963627100378,0.0368428530538793,0.0378886318786403,9.24430691294798e-05,1.02838484911121,1.02581096825261,0.0276013878809539,0.0251615249314132,0.0275653539257512,0.00574991696000482,0.0218154369657464,0.0414041473151626,0.0395318249989642,FALSE,"stable",9,"alpha_by_hidden_strength"
0.2,0.03,1800,929,0.324991788162915,0.65066573152346,0.063571757601915,0.191850696689411,0.0419994665943799,0.0428797256843022,0.000114108241734132,1.02095881593982,1.01819249140377,0.0205285615958251,0.0178674381881279,0.00174176891317313,-0.0210368274088508,0.0227785963220239,0.0378228734581794,0.0352863228912864,FALSE,"stable",10,"alpha_by_hidden_strength"
0.2,0.03,1800,918,0.312978343475886,0.676568864526418,0.0650829262012881,0.201886148942406,0.0445044323066986,0.0451814917060383,0.000109191848463857,1.01521330268127,1.01272856804686,0.0149853263753407,0.0125685879202608,0.0878194459264543,0.0654079924806279,0.0224114534458264,0.0322293232063344,0.0295162599398509,FALSE,"stable",11,"alpha_by_hidden_strength"
0.2,0.03,1800,899,0.318249769353947,0.648460681110282,0.0679491197311424,0.203233552503406,0.0400597743256696,0.0401879750632026,9.69879279332372e-05,1.00320023613939,1.00077727405916,0.00319002729874773,0.000776670373430988,0.148408180183934,0.127683618379545,0.0207245618043896,0.014042822248559,0.00692907988631248,FALSE,"stable",12,"alpha_by_hidden_strength"
0.2,0.03,1800,883,0.320396660148048,0.668063509968966,0.0690196834194626,0.205530511221021,0.0392043237125688,0.0407575772751062,9.28071340571966e-05,1.03961944539396,1.03716419995598,0.0381095655429465,0.0358325132679606,-0.023183259038541,-0.0449534537385932,0.0217701947000521,0.0501451433119854,0.0486239810118059,FALSE,"stable",13,"alpha_by_hidden_strength"
0.2,0.03,1800,880,0.311860575203225,0.680013318594641,0.0713925225963772,0.204915626352245,0.0382468935904203,0.0397880974273512,9.10848215505867e-05,1.04029618335636,1.03782460827218,0.038735298659227,0.0364460506820675,0.0616426780916062,0.0375565293437758,0.0240861487478303,0.0496263283687605,0.0481375439154992,FALSE,"stable",14,"alpha_by_hidden_strength"
0.2,0.03,1800,864,0.346270202889369,0.659184967285491,0.066565392415996,0.198774276438715,0.033426012036286,0.0345293859138522,8.45987999875025e-05,1.03300943816954,1.03040156691134,0.0319546336653371,0.029504581405544,-0.0326518158469551,-0.0557577448990501,0.023105929052095,0.0425253420636735,0.0408625648542081,FALSE,"stable",15,"alpha_by_hidden_strength"
0.2,0.03,1800,914,0.328179957686964,0.652069367244826,0.0668186405360502,0.201213303244231,0.0442943340735488,0.0451607689465756,0.000109404401660674,1.01956085109188,1.01704880033443,0.0191855651096577,0.0167630111050948,0.128745966213182,0.108657879914969,0.0200880862982138,0.0354312275317004,0.0331188247729518,FALSE,"stable",16,"alpha_by_hidden_strength"
0.2,0.03,1800,871,0.354597691558274,0.661129754572861,0.0684297354826011,0.201660787745765,0.035868113063413,0.0362445181198882,8.819939607223e-05,1.01049414157388,1.00801543986825,0.0103851582529023,0.00795170346725749,0.102106172210814,0.0807939755747452,0.0213121966360684,0.0238171870580828,0.0208407813004623,FALSE,"stable",17,"alpha_by_hidden_strength"
0.2,0.03,1800,894,0.3294988598602,0.677409229883681,0.0637188211308392,0.202382467225874,0.0395942853512267,0.0407145149201238,9.6668891052771e-05,1.02829270837849,1.02578826076079,0.0275142555694162,0.0251399452959811,-0.0724505003321776,-0.0941757446860616,0.021725244353884,0.0402240899965958,0.0384493948048905,FALSE,"stable",18,"alpha_by_hidden_strength"
0.2,0.03,1800,882,0.342501929567057,0.686790327770231,0.066418504094649,0.193908509677377,0.0352564542504572,0.0359844391213777,9.37658934226351e-05,1.02064827239146,1.01794101917658,0.0202305465555525,0.0176248120849843,0.110772662351265,0.0873292100461049,0.0234434523051601,0.0339611705769928,0.0316986736586464,FALSE,"stable",19,"alpha_by_hidden_strength"
0.2,0.03,1800,914,0.319086013979986,0.66100700201881,0.0666637064405655,0.198897315782037,0.0434080176413242,0.0441716040776688,0.000109726647073488,1.01759090780542,1.01502513055222,0.0172868170013025,0.0148027177849701,-0.00147464830783273,-0.0240324541851831,0.0225578058773503,0.0347900749472823,0.0321935283189985,FALSE,"stable",20,"alpha_by_hidden_strength"
0.2,0.03,1800,922,0.360895818057461,0.64163097955227,0.0679670474993299,0.197931603452798,0.043529402365632,0.0441339720713831,0.000111109813532131,1.01388876650943,1.01130738086192,0.0136985110874065,0.011180953561598,0.0133864802951453,-0.00756049401837311,0.0209469743135184,0.0300351558464533,0.027135175127835,FALSE,"stable",21,"alpha_by_hidden_strength"
0.2,0.03,1800,869,0.298373603193142,0.654931727292161,0.0663239619594811,0.205845723237088,0.0373399035893246,0.0382610052567013,8.81230450748921e-05,1.02466802478944,1.02225547797212,0.0240741627460352,0.0217709549634991,0.0332049319326715,0.00958213426177901,0.0236227976708925,0.0385242448054157,0.0366350912490138,FALSE,"stable",22,"alpha_by_hidden_strength"
0.2,0.03,1800,941,0.339985734605728,0.645055880534982,0.0698350639938031,0.199617221910156,0.0471492905771626,0.0483444416632218,0.000118325717941495,1.02534823051268,1.02278146123119,0.0247215821497088,0.0222740263631349,0.0357864499661082,0.0127127214990064,0.0230737284671019,0.0437048147268706,0.0414849448801051,FALSE,"stable",23,"alpha_by_hidden_strength"
0.2,0.03,1800,868,0.319751113252103,0.659297837180531,0.0686385808145065,0.203318682487064,0.0354379596279813,0.0364687091105116,8.57263110028714e-05,1.02908602790203,1.02660262150585,0.0282639420936677,0.0259132608358503,-0.0110302922843566,-0.0326698907857199,0.0216395985013633,0.0400076985892232,0.0383078903455309,FALSE,"stable",24,"alpha_by_hidden_strength"
0.2,0.03,1800,897,0.333058532476076,0.652463193142637,0.0646099726295002,0.196378860412188,0.0383518964906309,0.0392127709979694,9.9448302296142e-05,1.0224467258757,1.01980232964914,0.0219539319825964,0.0194178117400027,-0.0180867536559777,-0.0382166512248963,0.0201298975689186,0.0349634469938292,0.032882000259938,FALSE,"stable",25,"alpha_by_hidden_strength"
0.2,0.03,1800,856,0.344269193400927,0.646595782741164,0.0690918672939473,0.199890920248687,0.03215701167005,0.0329892891295024,8.04802929388668e-05,1.02588167918064,1.02332058484502,0.0252287176054405,0.0227891290279804,0.0172042000030551,-0.00617993148490892,0.023384131487964,0.0363793804171832,0.0345757471928633,FALSE,"stable",26,"alpha_by_hidden_strength"
0.2,0.03,1800,900,0.312025080784881,0.658029464687807,0.0648382332844404,0.199175509966909,0.0390079745821317,0.0396425480825722,9.83289780175295e-05,1.01626778901592,1.01371248299134,0.0160073842659828,0.0135269943119183,0.0431161820734958,0.0204055502539748,0.0227106318195209,0.0315950402772811,0.0290441975321475,FALSE,"stable",27,"alpha_by_hidden_strength"
0.2,0.03,1800,928,0.337197925966813,0.666312415033236,0.0682454251066439,0.207622459400909,0.0492943365467636,0.0500778555113807,0.000114353210861088,1.01589470554845,1.01354348308038,0.0156460167196852,0.01336250817697,0.0794382244549232,0.0595145109099213,0.0199237135450019,0.0337890621666179,0.0312261351358053,FALSE,"stable",28,"alpha_by_hidden_strength"
0.2,0.03,1800,929,0.323056825250611,0.632026742537028,0.0655481940114916,0.191882881464021,0.0414161521993363,0.0433900430148537,0.000112485692118975,1.04765992760547,1.04482220505916,0.0454917920879135,0.0428993610990697,-0.0194185640262126,-0.0456423348111274,0.0262237707849149,0.0576004016280704,0.0559350976959357,FALSE,"stable",29,"alpha_by_hidden_strength"
0.2,0.03,1800,906,0.337161542971909,0.690654637244395,0.0678948208109655,0.20277837159037,0.0428876941545447,0.0440502423318926,0.000104301231171763,1.02710680068643,1.024614976269,0.0263914138902771,0.0240236350620493,-0.0319928786235626,-0.0555041705573573,0.0235112919337948,0.0425466997462578,0.0405932581468762,FALSE,"stable",30,"alpha_by_hidden_strength"
0.2,0.03,1800,916,0.309906557176681,0.664011467848036,0.0691147683506501,0.207670391404696,0.0463093210153591,0.0473344340509555,0.000107378974143548,1.02213621390079,1.01977163524465,0.0216568140329495,0.0193882969101303,-0.00110706502893065,-0.0235080932893823,0.0224010282604516,0.0401904371951755,0.0380272813412495,FALSE,"stable",31,"alpha_by_hidden_strength"
0.2,0.03,1800,891,0.322564241027665,0.687035906536622,0.067410806992112,0.199045890271409,0.0377961000574688,0.037673540411266,9.53982833591612e-05,0.996757346762855,0.994247840832224,0,0,0.0776891473411484,0.0559809103384246,0.0217082370027238,NA,NA,FALSE,"stable",32,"alpha_by_hidden_strength"
0.2,0.03,1800,902,0.328651944414652,0.647529699756673,0.0675116386651862,0.200175300497948,0.0410846525524001,0.0414824978116479,0.000102531813830057,1.00968354931906,1.00717003237686,0.00959067752029286,0.00711898899527685,0.0538913798370263,0.0312032409936964,0.0226881388433299,0.0249976376995778,0.0215369146008168,FALSE,"stable",33,"alpha_by_hidden_strength"
0.2,0.03,1800,928,0.348057373278962,0.647727110615958,0.0667495919221986,0.205288199104478,0.0471879147000699,0.0480347815648075,0.000111970293330357,1.01794668974292,1.01553696317676,0.0176302844969748,0.0152992591506996,-0.0565591345947105,-0.0792814857309343,0.0227223511362238,0.0356963803116207,0.033252914851899,FALSE,"stable",34,"alpha_by_hidden_strength"
0.2,0.03,1800,864,0.336782292221693,0.668821671467077,0.0665393090958043,0.197650271036766,0.0338083301441203,0.0349639434772439,8.65423914957671e-05,1.03418131946172,1.03154078660436,0.0330515730834461,0.0305763834197831,0.0289938494391224,0.00238116048929538,0.026612688949827,0.0457196617304852,0.0439744077526212,FALSE,"stable",35,"alpha_by_hidden_strength"
0.4,0.03,1800,925,0.217532984573901,0.794210397185279,0.1303940696069,0.416839030667363,0.198791848980803,0.198399199225025,0.000114409429113319,0.998024819640288,0.997450763043131,0,0,-0.0123306553162008,-0.0335674732664655,0.0212368179502647,NA,NA,FALSE,"stable",1,"alpha_by_hidden_strength"
0.4,0.03,1800,905,0.193786094142567,0.794252087339091,0.134166743294239,0.416982369585809,0.175470294488894,0.176425367250991,0.000100917903321657,1.00544293132281,1.00486500518586,0.0054134661980787,0.00484145149920556,-0.1081296972756,-0.130152129571259,0.0220224322956588,0.0388800054279758,0.0367685408175584,FALSE,"stable",2,"alpha_by_hidden_strength"
0.4,0.03,1800,905,0.212613094352127,0.817846809132426,0.132893655927334,0.410551513162821,0.173615741334665,0.173454306135177,0.000103003927573788,0.999070158049913,0.998477774366474,0,0,0.0459864908811676,0.0207582082030024,0.0252282826781651,NA,NA,FALSE,"stable",3,"alpha_by_hidden_strength"
0.4,0.03,1800,900,0.202389522038746,0.823138016993993,0.12998917909588,0.417926148472382,0.181025385506675,0.179822238652152,0.00010364309938881,0.993353711960588,0.99278530910275,0,0,0.0640591272425579,0.0423211026754151,0.0217380245671428,NA,NA,FALSE,"stable",4,"alpha_by_hidden_strength"
0.4,0.03,1800,904,0.167205593214499,0.843778286570516,0.13643444139015,0.397161588445455,0.157265476218799,0.159953112945043,9.97008627408075e-05,1.01708980757166,1.01644541639707,0.0168026534573793,0.0161793404070414,0.0200353885333513,-0.00313821787252833,0.0231736064058796,0.0648697230261411,0.0636551454225763,FALSE,"stable",5,"alpha_by_hidden_strength"
0.4,0.03,1800,905,0.167690713975828,0.804892402494579,0.131783175426186,0.414219116684192,0.17258619765081,0.173056656112815,0.000100587909930843,1.00272593329252,1.00214185787797,0.0027185227807609,0.00213728012768855,0.0754766666238618,0.0524569985543963,0.0230196680694654,0.0270738842572558,0.0240057237168778,FALSE,"stable",6,"alpha_by_hidden_strength"
0.4,0.03,1800,901,0.22766430526529,0.799992412842604,0.130773736553058,0.376006357835613,0.141804527948311,0.14280742119547,0.000100299720239281,1.00707236406107,1.00636055546347,0.00702269699125824,0.00632035449813251,0.0296248557594059,0.0087783080694408,0.0208465476899651,0.0376243464804647,0.0356933835593304,FALSE,"stable",7,"alpha_by_hidden_strength"
0.4,0.03,1800,864,0.199118214034035,0.834395975498447,0.133037695102615,0.420172621342204,0.149707839034288,0.148879034190721,8.47986701019109e-05,0.99446385139941,0.993900878389818,0,0,0.167739023946251,0.144467149908497,0.0232718740377548,NA,NA,FALSE,"stable",8,"alpha_by_hidden_strength"
0.4,0.03,1800,929,0.202987745562619,0.837398315412576,0.126321607085941,0.394158350649355,0.175530164339111,0.174534536447232,0.000112982269821721,0.994327881503287,0.993688281136474,0,0,0.0380865867534941,0.0168339706375649,0.0212526161159292,NA,NA,FALSE,"stable",9,"alpha_by_hidden_strength"
0.4,0.03,1800,888,0.213870344741637,0.764157658985763,0.129052240153193,0.411391262910586,0.162413231265737,0.164935022183955,9.59646489566205e-05,1.01552700416441,1.01492731691648,0.015289602443596,0.0147077693817882,-0.0119968474175687,-0.0343230280446523,0.0223261806270836,0.062929215911127,0.0617202433482301,FALSE,"stable",10,"alpha_by_hidden_strength"
0.4,0.03,1800,892,0.204420690585025,0.789078950725633,0.132766992324686,0.40532048985792,0.156655375675311,0.157335686059998,9.53560350740904e-05,1.00434271969126,1.00373174876589,0.00432394202309283,0.00371787459197159,0.00861774656185088,-0.0163488799607789,0.0249666265226298,0.0336529161378683,0.0312054277744014,FALSE,"stable",11,"alpha_by_hidden_strength"
0.4,0.03,1800,920,0.209852213252937,0.81887709005142,0.13449483480691,0.41634726754438,0.190212425766523,0.189213610582236,0.000109730522358796,0.994748948812034,0.994175424825666,0,0,-0.0128102823287828,-0.0352307075895988,0.022420425260816,NA,NA,FALSE,"stable",12,"alpha_by_hidden_strength"
0.4,0.03,1800,879,0.188490819365408,0.776010601044947,0.140928173214494,0.417080648302276,0.159900132906322,0.160313538633643,9.19197310283084e-05,1.00258539952286,1.00200938728514,0.00257873246916485,0.00200535774478561,-0.0449697271878904,-0.0644552936375915,0.0194855664497011,0.0247789878590768,0.0218512531496419,FALSE,"stable",13,"alpha_by_hidden_strength"
0.4,0.03,1800,852,0.213913364140967,0.797597430179901,0.13545076874679,0.413832643454861,0.138592445839992,0.138283899394249,8.09263715803496e-05,0.997773713827815,0.99719143761263,0,0,-0.0273853583465631,-0.0510474803152847,0.0236621219687216,NA,NA,FALSE,"stable",14,"alpha_by_hidden_strength"
0.4,0.03,1800,914,0.191492828285666,0.818681902478029,0.13717728537232,0.412363713267863,0.183722892071438,0.184666969725024,0.000108044431773194,1.00513859564772,1.00454783747347,0.00511232547429097,0.00452724828407092,-0.0234132802669886,-0.0494189819408746,0.0260057016738859,0.0397676384264415,0.0374229233655739,FALSE,"stable",15,"alpha_by_hidden_strength"
0.4,0.03,1800,913,0.196436062098141,0.783028517582597,0.135913617356416,0.411135711377758,0.182297325360841,0.184156746715952,0.000107847453270085,1.01019993766464,1.00960265476476,0.0100969494100526,0.00951132083443262,0.0569299327616306,0.0349765252387753,0.0219534075228554,0.0533865908477837,0.0518152400194852,FALSE,"stable",16,"alpha_by_hidden_strength"
0.4,0.03,1800,901,0.150028249280789,0.788588674398726,0.135633238902296,0.405099015555618,0.167984322132937,0.171125075764973,0.000102363794343871,1.01869670688405,1.01807632663426,0.0183535558304116,0.0177553746819957,-0.0687489464487709,-0.0944790907258382,0.0257301442770672,0.0737473179373639,0.0725355723887897,FALSE,"stable",17,"alpha_by_hidden_strength"
0.4,0.03,1800,885,0.191033775938107,0.794217474081719,0.129233014582783,0.404501596262277,0.153336320609799,0.153753895070732,9.37140179207058e-05,1.00272325864656,1.00211080212423,0.00271586265011914,0.0021063560234571,-0.00479590285885911,-0.0270286123451833,0.0222327094863242,0.0257645973841817,0.0226900445454535,FALSE,"stable",18,"alpha_by_hidden_strength"
0.4,0.03,1800,873,0.209277854286947,0.777633775539817,0.133191725584522,0.397923073449576,0.13360700680917,0.13540792396297,8.43783425021327e-05,1.01347921188274,1.01283956187118,0.0132999391844502,0.0126767973473061,0.12068871259682,0.0994667842978418,0.0212219282989782,0.0518005001388011,0.0505724389989854,FALSE,"stable",19,"alpha_by_hidden_strength"
0.4,0.03,1800,897,0.230151722678827,0.768738710094236,0.133459217645956,0.400584116026466,0.164563132746099,0.167494987884306,0.00010255222728159,1.01781599006583,1.0171821039179,0.0175041365430699,0.0168918661188802,-0.0801483520677442,-0.105456777361312,0.0253084252935682,0.0700279891520299,0.0687923467313866,FALSE,"stable",20,"alpha_by_hidden_strength"
0.4,0.03,1800,888,0.19813434891775,0.853327831907358,0.132475071618767,0.418334634070772,0.162631609976833,0.161589023549625,9.29302955616817e-05,0.993589275618948,0.993021847098974,0,0,0.0507829820396359,0.0298592769222761,0.0209237051173599,NA,NA,FALSE,"stable",21,"alpha_by_hidden_strength"
0.4,0.03,1800,866,0.216154572984879,0.781440137417527,0.131912456032742,0.382548014559455,0.125988749538729,0.127046455773328,8.60914179650254e-05,1.00839524353144,1.00770665113881,0.00832535018911718,0.00764771288360555,0.0205917634751085,-0.00295972235436959,0.0235514858294781,0.0413242908598713,0.0396068170214537,FALSE,"stable",22,"alpha_by_hidden_strength"
0.4,0.03,1800,874,0.229501337510227,0.817447771932354,0.132303172302218,0.392370633651029,0.132465445585397,0.132673237246442,8.60418249062923e-05,1.00156864803592,1.00091850976943,0.00156619123312218,0.000917666883433754,0.0610845937412146,0.0382241236540408,0.0228604700871737,0.0177232098582289,0.0135663343172611,FALSE,"stable",23,"alpha_by_hidden_strength"
0.4,0.03,1800,893,0.142045174645792,0.794026663720627,0.13573802019668,0.402081392948443,0.153036447800223,0.155747880454038,9.46600925907291e-05,1.01771756135737,1.01708844530176,0.0174091143064702,0.0168013365806047,0.0333741880365808,0.00999239369418747,0.0233817943423933,0.0635630675358943,0.0624436708190993,FALSE,"stable",24,"alpha_by_hidden_strength"
0.4,0.03,1800,885,0.227913837522087,0.802878817382122,0.135537746873188,0.410256388562981,0.160632977750639,0.161513717728514,9.5438587889528e-05,1.00548293376745,1.00488589017347,0.00545303513696216,0.00486213431917548,-0.103397548920537,-0.125029767407832,0.0216322184872959,0.0387225915175432,0.0365644245551149,FALSE,"stable",25,"alpha_by_hidden_strength"
0.4,0.03,1800,928,0.20744163784647,0.781916228916864,0.130733403724379,0.406939588304451,0.184873955886827,0.189733609453317,0.000111638977847135,1.02628630703108,1.02566694229417,0.0256130349308858,0.0250246363958621,-0.0219204631741441,-0.0444622720065333,0.0225418088323892,0.084149980926888,0.0831777922617895,FALSE,"stable",26,"alpha_by_hidden_strength"
0.4,0.03,1800,886,0.183912875447416,0.829845842995866,0.133896558302754,0.401474628627382,0.154421157336201,0.15462303322686,9.5805533349637e-05,1.00130730719897,1.00068646416121,0.0013056003781986,0.000685993251431927,0.0201216784984048,-0.002172025416743,0.0222937039151478,0.0176905040709993,0.0128231580712537,FALSE,"stable",27,"alpha_by_hidden_strength"
0.4,0.03,1800,922,0.220195982415868,0.827504257009981,0.131478958492093,0.419765512946898,0.192290197512458,0.195389841236659,0.000109129869419941,1.01611961381443,1.0155432656417,0.0158638939700381,0.015305370206831,-0.0324350543042162,-0.0538256332698295,0.0213905789656132,0.0712542507792409,0.0699886792545561,FALSE,"stable",28,"alpha_by_hidden_strength"
0.4,0.03,1800,910,0.205462141910572,0.791166316683425,0.134295015415158,0.413074537811294,0.184064133782913,0.186719464953746,0.000107872891532082,1.01442611939795,1.01383195158319,0.0142209660438468,0.0136432389624266,0.0472138022040676,0.0263653533121322,0.0208484488919354,0.0613851185678051,0.0601253049749528,FALSE,"stable",29,"alpha_by_hidden_strength"
0.4,0.03,1800,910,0.192487329497901,0.778065881939172,0.13556437823548,0.409122639201194,0.173283980786426,0.174562905189951,0.000103526466626653,1.00738051144556,1.00677902321523,0.00732643858174908,0.00673337749288838,0.0363992646258042,0.0176269316341635,0.0187723329916407,0.041971423128924,0.0402368264662969,FALSE,"stable",30,"alpha_by_hidden_strength"
0.4,0.03,1800,900,0.156371704657471,0.792267525079961,0.133164687571429,0.384070034097135,0.135900134722992,0.13600944586126,9.21295689713297e-05,1.00080434900592,1.00012634225473,0.000803702548571428,0.000126326294386025,0.117965471145135,0.0978746361647478,0.0200908349803874,0.013029072311458,0.00516550397540454,FALSE,"stable",31,"alpha_by_hidden_strength"
0.4,0.03,1800,853,0.229239645728756,0.759713434741182,0.128454804886678,0.409542292960961,0.139951707444598,0.141779520833611,8.34412278792541e-05,1.01306031503572,1.0124566737542,0.0128919422090474,0.0123034141382186,-0.0699101751766726,-0.0914877362681581,0.0215775610914855,0.0528666052752562,0.0516458072816429,FALSE,"stable",32,"alpha_by_hidden_strength"
0.4,0.03,1800,910,0.230868062607553,0.76212991733852,0.131714352106746,0.423636618571997,0.183887295586234,0.185006671676645,0.000102462450894006,1.00608729432255,1.0055270122118,0.00605046337122406,0.00549663225818686,-0.047292607788733,-0.0710384080532978,0.0237458002645647,0.0419134283238024,0.039949119221286,FALSE,"stable",33,"alpha_by_hidden_strength"
0.4,0.03,1800,942,0.224586624540052,0.804432249586753,0.136349625080844,0.43101635427659,0.22514838979301,0.224036710635946,0.000121194063486637,0.995062460104262,0.994527120797026,0,0,-0.0134941677040952,-0.0329701006488732,0.019475932944778,NA,NA,FALSE,"stable",34,"alpha_by_hidden_strength"
0.4,0.03,1800,890,0.227939599546021,0.776994758295519,0.13479196263876,0.426905611733721,0.182579559883707,0.179582928681706,0.000100181707247663,0.983587258048438,0.983047858058706,0,0,0.132179582998231,0.109505454780307,0.0226741282179241,NA,NA,FALSE,"stable",35,"alpha_by_hidden_strength"
0,0.06,1800,898,0.5,0.5,0,0,0,0.00344336509214757,9.91150485985812e-05,Inf,34.7410927082657,0.999999999999,0.971215643434207,0.076178874165459,0.0345794125585168,0.0415994616069422,NA,0.0726762489935526,TRUE,"degenerate_or_near_degenerate_observed_weight_variance",1,"alpha_by_hidden_strength"
0,0.06,1800,932,0.5,0.5,0,0,0,0.00435552417880452,0.000115290195162352,Inf,37.7787909255514,0.999999999999,0.97353012165025,0.0399197823518623,-0.0064524960469956,0.0463722783988579,NA,0.0843197460466018,TRUE,"degenerate_or_near_degenerate_observed_weight_variance",2,"alpha_by_hidden_strength"
0,0.06,1800,899,0.5,0.5,0,0,0,0.00373674993796765,9.95565415662213e-05,Inf,37.533946832435,0.999999999999,0.973357451470149,0.00742415393587137,-0.0434624006757157,0.0508865546115871,NA,0.0815581125912374,TRUE,"degenerate_or_near_degenerate_observed_weight_variance",3,"alpha_by_hidden_strength"
0,0.06,1800,863,0.5,0.5,0,0,0,0.00310828670372178,8.48286215116935e-05,Inf,36.641957022646,0.999999999999,0.972708881259209,0.0443328714888337,-0.00187344903694608,0.0462063205257798,NA,0.0712616436311316,TRUE,"degenerate_or_near_degenerate_observed_weight_variance",4,"alpha_by_hidden_strength"
0,0.06,1800,925,0.5,0.5,0,0,0,0.00416956699115815,0.000111755102040816,Inf,37.30985802899,0.999999999999,0.973197432184733,-0.029766770360405,-0.0774884431690896,0.0477216728086847,NA,0.0819716584257935,TRUE,"degenerate_or_near_degenerate_observed_weight_variance",5,"alpha_by_hidden_strength"
0,0.06,1800,883,0.5,0.5,0,0,0,0.00356453027834632,9.27219882766929e-05,Inf,38.4432036520761,0.999999999999,0.973987599757545,0.0291380621490127,-0.0181831944301646,0.0473212565791773,NA,0.0765069144452651,TRUE,"degenerate_or_near_degenerate_observed_weight_variance",6,"alpha_by_hidden_strength"
0,0.06,1800,918,0.5,0.5,0,0,0,0.00376967570658826,0.000108329862557268,Inf,34.7981213822315,0.999999999999,0.971262816488978,0.05092783562155,0.00975803482215842,0.0411698007993916,NA,0.0767414266113094,TRUE,"degenerate_or_near_degenerate_observed_weight_variance",7,"alpha_by_hidden_strength"
0,0.06,1800,905,0.5,0.5,0,0,0,0.00361506012129218,0.000102247120876377,Inf,35.356106756913,0.999999999999,0.971716342897271,0.147187981550271,0.105286705300035,0.0419012762502367,NA,0.0748950171294179,TRUE,"degenerate_or_near_degenerate_observed_weight_variance",8,"alpha_by_hidden_strength"
0,0.06,1800,916,0.5,0.5,0,0,0,0.00392580126420798,0.000107370856452571,Inf,36.563005958159,0.999999999999,0.97264995112425,0.0646518581699419,0.0208112818963715,0.0438405762735704,NA,0.0813015528387372,TRUE,"degenerate_or_near_degenerate_observed_weight_variance",9,"alpha_by_hidden_strength"
0,0.06,1800,883,0.5,0.5,0,0,0,0.00306397347587414,9.27219882766929e-05,Inf,33.0447344024904,0.999999999999,0.969737992509795,0.00713848085937119,-0.0344005401052039,0.0415390209645751,NA,0.0670501116335815,TRUE,"degenerate_or_near_degenerate_observed_weight_variance",10,"alpha_by_hidden_strength"
0,0.06,1800,855,0.5,0.5,0,0,0,0.00282639419839019,8.1859410430839e-05,Inf,34.527419431858,0.999999999999,0.971037511159108,0.0762408485991272,0.032198085324339,0.0440427632747882,NA,0.068633036085188,TRUE,"degenerate_or_near_degenerate_observed_weight_variance",11,"alpha_by_hidden_strength"
0,0.06,1800,914,0.5,0.5,0,0,0,0.0039672536224217,0.000106420414881095,Inf,37.2790655519843,0.999999999999,0.973175293286106,0.0508364649767632,0.00285457361476582,0.0479818913619974,NA,0.0815222064093683,TRUE,"degenerate_or_near_degenerate_observed_weight_variance",12,"alpha_by_hidden_strength"
0,0.06,1800,930,0.5,0.5,0,0,0,0.00410882767723963,0.000114268727705113,Inf,35.9575866447298,0.999999999999,0.972189457265854,0.0363575915327462,-0.00740746410960869,0.0437650556423549,NA,0.0813295736332098,TRUE,"degenerate_or_near_degenerate_observed_weight_variance",13,"alpha_by_hidden_strength"
0,0.06,1800,920,0.5,0.5,0,0,0,0.0040899063044999,0.000109297520661157,Inf,37.4199366990161,0.999999999999,0.973276277615235,0.124159721656625,0.0757516131445346,0.0484081085120901,NA,0.083434596452955,TRUE,"degenerate_or_near_degenerate_observed_weight_variance",14,"alpha_by_hidden_strength"
0,0.06,1800,910,0.5,0.5,0,0,0,0.00380117801589348,0.000104544880696882,Inf,36.3592936407345,0.999999999999,0.972496715423545,-0.0997354341403005,-0.144902487373915,0.0451670532336146,NA,0.0777803181095132,TRUE,"degenerate_or_near_degenerate_observed_weight_variance",15,"alpha_by_hidden_strength"
0,0.06,1800,911,0.5,0.5,0,0,0,0.00361017856977227,0.000105010622266143,Inf,34.3791750954728,0.999999999999,0.970912623783935,-0.0501504283795312,-0.0936017445897327,0.0434513162102015,NA,0.0792728600130395,TRUE,"degenerate_or_near_degenerate_observed_weight_variance",16,"alpha_by_hidden_strength"
0,0.06,1800,890,0.5,0.5,0,0,0,0.00327279785638846,9.56526989494023e-05,Inf,34.2154261441142,0.999999999999,0.970773416768564,-0.0906243088777628,-0.132164654529663,0.0415403456519006,NA,0.0724709178363396,TRUE,"degenerate_or_near_degenerate_observed_weight_variance",17,"alpha_by_hidden_strength"
0,0.06,1800,851,0.5,0.5,0,0,0,0.00291039681806421,8.04130797101047e-05,Inf,36.193077401791,0.999999999999,0.972370406945542,0.0811623351649338,0.0396176855258907,0.041544649639043,NA,0.0680932456588736,TRUE,"degenerate_or_near_degenerate_observed_weight_variance",18,"alpha_by_hidden_strength"
0,0.06,1800,881,0.5,0.5,0,0,0,0.00336078359967829,9.1901117858864e-05,Inf,36.5695616982546,0.999999999999,0.972654854103769,0.130772738941248,0.0854650589250177,0.04530768001623,NA,0.0750045813102241,TRUE,"degenerate_or_near_degenerate_observed_weight_variance",19,"alpha_by_hidden_strength"
0,0.06,1800,876,0.5,0.5,0,0,0,0.00311796166118098,8.98802496205094e-05,Inf,34.6901758099869,0.999999999999,0.971173394868984,0.112439070229419,0.0671395248007182,0.045299545428701,NA,0.0702093102236626,TRUE,"degenerate_or_near_degenerate_observed_weight_variance",20,"alpha_by_hidden_strength"
0,0.06,1800,883,0.5,0.5,0,0,0,0.00338534928887794,9.27219882766929e-05,Inf,36.5107495190426,0.999999999999,0.972610806045534,-0.00130511751008966,-0.0397578722578759,0.0384527547477862,NA,0.0705860602222825,TRUE,"degenerate_or_near_degenerate_observed_weight_variance",21,"alpha_by_hidden_strength"
0,0.06,1800,937,0.5,0.5,0,0,0,0.00406520006393651,0.000117884740100622,Inf,34.4845317592982,0.999999999999,0.971001491132894,0.0322543083069798,-0.0105030328301121,0.042757341137092,NA,0.0808840884900886,TRUE,"degenerate_or_near_degenerate_observed_weight_variance",22,"alpha_by_hidden_strength"
0,0.06,1800,908,0.5,0.5,0,0,0,0.00399526748775522,0.000103619618331356,Inf,38.5570565892175,0.999999999999,0.974064410293195,-0.040987013282326,-0.0935511590780831,0.0525641457957571,NA,0.0853969321067877,TRUE,"degenerate_or_near_degenerate_observed_weight_variance",23,"alpha_by_hidden_strength"
0,0.06,1800,902,0.5,0.5,0,0,0,0.00333166402456862,0.000100892852714024,Inf,33.0218041709264,0.999999999999,0.969716978671915,-0.0131226165450719,-0.0553372275352008,0.0422146109901289,NA,0.073987697515216,TRUE,"degenerate_or_near_degenerate_observed_weight_variance",24,"alpha_by_hidden_strength"
0,0.06,1800,895,0.5,0.5,0,0,0,0.00355330359255203,9.78022648881292e-05,Inf,36.3315061938133,0.999999999999,0.972475680070476,-0.00755897058422605,-0.0492012998561807,0.0416423292719547,NA,0.0730036215774129,TRUE,"degenerate_or_near_degenerate_observed_weight_variance",25,"alpha_by_hidden_strength"
0,0.06,1800,883,0.5,0.5,0,0,0,0.00335540561026142,9.27219882766929e-05,Inf,36.1878090906389,0.999999999999,0.972366384560742,0.222451331604537,0.17712194641194,0.0453293851925979,NA,0.0732647243866697,TRUE,"degenerate_or_near_degenerate_observed_weight_variance",26,"alpha_by_hidden_strength"
0,0.06,1800,945,0.5,0.5,0,0,0,0.00442945925658331,0.000122160664819945,Inf,36.2592923271332,0.999999999999,0.972420862741116,0.048404572653707,0.00293306316559705,0.04547150948811,NA,0.0851588539478306,TRUE,"degenerate_or_near_degenerate_observed_weight_variance",27,"alpha_by_hidden_strength"
0,0.06,1800,925,0.5,0.5,0,0,0,0.00443246469538457,0.000111755102040816,Inf,39.6623027892337,0.999999999999,0.97478714220619,-0.0903015304631392,-0.141168286229685,0.0508667557665461,NA,0.0877725034503704,TRUE,"degenerate_or_near_degenerate_observed_weight_variance",28,"alpha_by_hidden_strength"
0,0.06,1800,883,0.5,0.5,0,0,0,0.00334009151940229,9.27219882766929e-05,Inf,36.0226477179833,0.999999999999,0.972239686326533,-0.104228229407649,-0.146440981605927,0.042212752198278,NA,0.0702526264140745,TRUE,"degenerate_or_near_degenerate_observed_weight_variance",29,"alpha_by_hidden_strength"
0,0.06,1800,918,0.5,0.5,0,0,0,0.00407830299778469,0.000108329862557268,Inf,37.647079960327,0.999999999999,0.973437514913406,-0.107499877954892,-0.158046588473474,0.0505467105185828,NA,0.084319026991486,TRUE,"degenerate_or_near_degenerate_observed_weight_variance",30,"alpha_by_hidden_strength"
0,0.06,1800,880,0.5,0.5,0,0,0,0.00327689867705593,9.14933837429112e-05,Inf,35.8156900860039,0.999999999999,0.972079275937481,0.0646691766221698,0.020605704759737,0.0440634718624328,NA,0.0724529152662344,TRUE,"degenerate_or_near_degenerate_observed_weight_variance",31,"alpha_by_hidden_strength"
0,0.06,1800,909,0.5,0.5,0,0,0,0.0039485944382703,0.000104081216202428,Inf,37.9376277712844,0.999999999999,0.973640945447914,0.0415642865270034,-0.0065903419497042,0.0481546284767076,NA,0.0820098242495622,TRUE,"degenerate_or_near_degenerate_observed_weight_variance",32,"alpha_by_hidden_strength"
0,0.06,1800,928,0.5,0.5,0,0,0,0.00422242220935096,0.000113256459893948,Inf,37.2819547185633,0.999999999999,0.973177372067831,-0.106516894128763,-0.153812810216722,0.0472959160879594,NA,0.0847452980793712,TRUE,"degenerate_or_near_degenerate_observed_weight_variance",33,"alpha_by_hidden_strength"
0,0.06,1800,897,0.5,0.5,0,0,0,0.00364612819417521,9.86755113078222e-05,Inf,36.9506896478192,0.999999999999,0.9729369056564,-0.0602586297723923,-0.104608690568936,0.0443500607965441,NA,0.0766412709500438,TRUE,"degenerate_or_near_degenerate_observed_weight_variance",34,"alpha_by_hidden_strength"
0,0.06,1800,882,0.5,0.5,0,0,0,0.00335345464660315,9.23106497500961e-05,Inf,36.3279280958551,0.999999999999,0.972472969078738,0.0774792045526445,0.034996155114934,0.0424830494377104,NA,0.0705487237971728,TRUE,"degenerate_or_near_degenerate_observed_weight_variance",35,"alpha_by_hidden_strength"
0.001,0.06,1800,904,0.499214602961892,0.50081990665233,0.00033707682252837,0.000946657348611635,9.12180089870438e-07,0.00346184348699933,0.00010178762182697,3795.13160333398,33.7083755020531,0.999736504526188,0.970333782476729,-0.0110626267192733,-0.05374018008098,0.0426775533617068,0.0714760181145421,0.0704171025095342,TRUE,"unstable_good_overlap_warning",1,"alpha_by_hidden_strength"
0.001,0.06,1800,910,0.499133702596997,0.500779187214479,0.000339817130163012,0.00101414260757149,1.07525618642965e-06,0.00381659793079986,0.000104547557577111,3549.47777001196,36.1342194437664,0.999718268414456,0.972325401921128,0.0720109390432044,0.0262420232419671,0.0457689158012373,0.0771623696209245,0.0760978799876273,TRUE,"unstable_good_overlap_warning",2,"alpha_by_hidden_strength"
0.001,0.06,1800,910,0.499097093741679,0.500919628266785,0.000356012399872707,0.00105542447776471,1.16460247015824e-06,0.00383667845182293,0.000104549842377243,3294.4103676009,36.2928496418929,0.999696455544872,0.972446363130282,-0.047744949186809,-0.093964546288947,0.046219597102138,0.0778956088943844,0.0768266203134401,TRUE,"unstable_good_overlap_warning",3,"alpha_by_hidden_strength"
0.001,0.06,1800,892,0.499161807615438,0.500780042128208,0.000343874898618091,0.00101338763677657,9.91077990270986e-07,0.00366608747083758,9.65065139674875e-05,3699.09079489817,37.6018258217694,0.999729663299593,0.973405546721589,0.161826194456041,0.114258199248725,0.0475679952073158,0.0785904980271072,0.0775489032364834,TRUE,"unstable_good_overlap_warning",4,"alpha_by_hidden_strength"
0.001,0.06,1800,940,0.499286474938822,0.50081047396312,0.000323084975400179,0.000994179922992999,1.18096680636293e-06,0.00436895284217348,0.000119483438970088,3699.4713302982,36.207469916751,0.999729691106994,0.97238138974363,0.11924024728364,0.0723037242327689,0.0469365230508714,0.0819955873546901,0.0808662874305875,TRUE,"unstable_good_overlap_warning",5,"alpha_by_hidden_strength"
0.001,0.06,1800,894,0.4991967594297,0.500829446986212,0.000332130897937377,0.00100417367893152,9.81868983423392e-07,0.00329644328842977,9.7372399886651e-05,3357.31481906717,33.5160163996985,0.999702142916619,0.970163518597365,0.0321121319113055,-0.00940347927369367,0.0415156111849991,0.0690654438625231,0.0680374401898634,TRUE,"unstable_good_overlap_warning",6,"alpha_by_hidden_strength"
0.001,0.06,1800,907,0.499228882419644,0.500743673280313,0.000332003295548278,0.0010208783466082,1.07517507749989e-06,0.0038653318223863,0.000103164720126736,3595.0720057373,37.0811176931156,0.999721841454523,0.973032096597626,0.0232404391306804,-0.0219076371290504,0.0451480762597308,0.0788196104612673,0.077760362599451,TRUE,"unstable_good_overlap_warning",7,"alpha_by_hidden_strength"
0.001,0.06,1800,893,0.499207372694353,0.500899269735617,0.000340315399503854,0.00103021056737685,1.02890532386034e-06,0.00336797651700569,9.69445532712467e-05,3273.35901457814,34.3764175043004,0.999694503415132,0.970910290466571,0.0745500322766988,0.0343875597381171,0.0401624725385816,0.0686831775688273,0.0676871579240547,TRUE,"unstable_good_overlap_warning",8,"alpha_by_hidden_strength"
0.001,0.06,1800,888,0.499025747098254,0.500830146098478,0.000352019753285582,0.00104105318372951,1.0275675689846e-06,0.00316324292247392,9.48122724373864e-05,3078.37948369635,33.0055113016011,0.999675153760186,0.96970202973491,0.0266874747128716,-0.0164356908685581,0.0431231655814297,0.0685235009202553,0.0674884177864457,TRUE,"unstable_good_overlap_warning",9,"alpha_by_hidden_strength"
0.001,0.06,1800,900,0.49907258468613,0.501006772732014,0.000342095162879974,0.000998978620430269,9.97872990786569e-07,0.00361269286629818,9.99914532208855e-05,3620.39347657911,35.7730168307691,0.999723786929109,0.972045969599638,0.0270349959782535,-0.0150553190824489,0.0420903150607025,0.0741502823034669,0.0731166353385779,TRUE,"unstable_good_overlap_warning",10,"alpha_by_hidden_strength"
0.001,0.06,1800,900,0.499158277222721,0.500729045619416,0.000334647481316175,0.00100554692281075,1.01117493101695e-06,0.00407568567196217,0.000100004976344369,4030.64350879744,40.346871470595,0.999751900658588,0.975214930834754,-0.0582721560766903,-0.112218320303462,0.0539461642267716,0.083172849102251,0.0821458504654356,TRUE,"unstable_good_overlap_warning",11,"alpha_by_hidden_strength"
0.001,0.06,1800,881,0.499204576021203,0.50087548965098,0.000343201222676282,0.0010034717146105,9.25195417459974e-07,0.00326352286791249,9.18804687969844e-05,3527.38762679148,35.1651259170078,0.999716504080129,0.971562735126839,0.0925250566867872,0.047626093636937,0.0448989630498502,0.0710970666929853,0.0700888084146563,TRUE,"unstable_good_overlap_warning",12,"alpha_by_hidden_strength"
0.001,0.06,1800,903,0.499073360685348,0.500823183058843,0.000329190137911883,0.000998093649163137,1.00958141009035e-06,0.00350084594314297,0.00010134416778488,3467.6212419855,34.203397244143,0.999711617869941,0.970763138150809,0.0238756623630785,-0.0174522178267927,0.0413278801898712,0.0720678528548095,0.0710167595819718,TRUE,"unstable_good_overlap_warning",13,"alpha_by_hidden_strength"
0.001,0.06,1800,908,0.499283336905436,0.500819895438772,0.000326862790925531,0.000952203757677787,9.39487981163772e-07,0.00365538326304555,0.000103617103180336,3890.8249347879,34.9608113887281,0.999742985095254,0.971396544866164,0.102945971005511,0.0573226012811627,0.0456233697243483,0.0777190521360768,0.0766093168736158,TRUE,"unstable_good_overlap_warning",14,"alpha_by_hidden_strength"
0.001,0.06,1800,921,0.499245294290539,0.500801878966574,0.000344828099428818,0.00100993902390019,1.11978800191707e-06,0.00371025452403755,0.000109785631083918,3313.35441859139,33.4542221166489,0.999698191055449,0.97010840675018,0.115035798698747,0.0733898122827007,0.0416459864160461,0.0756909345910407,0.0745623433559077,TRUE,"unstable_good_overlap_warning",15,"alpha_by_hidden_strength"
0.001,0.06,1800,936,0.499131258521339,0.500726521056279,0.000345130620533152,0.000982698057070629,1.1333138479695e-06,0.00394088843662682,0.00011735727064778,3477.31428825961,33.2590851281369,0.99971242173784,0.969933027437547,0.0958993894441518,0.0501332708037132,0.0457661186404386,0.0801584482686018,0.07895554417875,TRUE,"unstable_good_overlap_warning",16,"alpha_by_hidden_strength"
0.001,0.06,1800,919,0.499285462290154,0.500859755316167,0.000340455607304169,0.00100795104658607,1.10558881453477e-06,0.00384536726917122,0.000108821512027482,3478.11701657757,34.9810669044902,0.99971248810916,0.971413107475243,-0.0332003548897111,-0.0780940462465263,0.0448936913568152,0.0784996847335477,0.0773806428836226,TRUE,"unstable_good_overlap_warning",17,"alpha_by_hidden_strength"
0.001,0.06,1800,884,0.499227665887668,0.50099183847583,0.000344771954079781,0.00100176270453325,9.34629342758396e-07,0.00351592053784666,9.31343083605939e-05,3761.83410577506,37.3759991734377,0.99973417222241,0.973244862422014,-0.00552276207141,-0.0520593480131637,0.0465365859417537,0.0770855271279563,0.0760574285134521,TRUE,"unstable_good_overlap_warning",18,"alpha_by_hidden_strength"
0.001,0.06,1800,904,0.49925808684259,0.500776728189443,0.000351964421475115,0.00104134715824562,1.1038445450537e-06,0.00379438280894855,0.000101792749085097,3437.42497614458,36.8756892243391,0.999709084559826,0.972881862792683,0.0588370444153201,0.012005781342139,0.0468312630731811,0.0784247813519337,0.0773653599978409,TRUE,"unstable_good_overlap_warning",19,"alpha_by_hidden_strength"
0.001,0.06,1800,899,0.499110626300816,0.500732857383758,0.000347047157214564,0.00100625015476595,1.00798111749736e-06,0.00349566442723622,9.95498193367754e-05,3467.986023305,34.7627375643108,0.999711648203516,0.971233565879269,-0.00410946788746125,-0.0491420027850729,0.0450325348976116,0.0739490481914755,0.0728881712404842,TRUE,"unstable_good_overlap_warning",20,"alpha_by_hidden_strength"
0.001,0.06,1800,895,0.499003557054356,0.500799045918514,0.000333092395509715,0.0010016996677326,9.81260319078944e-07,0.00378975912219185,9.77933171045825e-05,3862.13428639312,38.3677583953299,0.999741075807871,0.973936449721761,0.0371744661664032,-0.0101401184081331,0.0473145845745363,0.0784869740663297,0.0774674263107106,TRUE,"unstable_good_overlap_warning",21,"alpha_by_hidden_strength"
0.001,0.06,1800,883,0.499185987533458,0.500760975290028,0.000331087711937572,0.00100786029797898,9.41887088508656e-07,0.00336227331365341,9.27252831737442e-05,3569.72014445712,35.8959633801213,0.999719865995223,0.972141714392494,0.0715969446073234,0.0271067978667781,0.0444901467405453,0.0707762947115312,0.0697932546311632,TRUE,"unstable_good_overlap_warning",22,"alpha_by_hidden_strength"
0.001,0.06,1800,910,0.499246075809386,0.500788426008495,0.00032392079104604,0.000987012153596319,1.01844726786064e-06,0.003441319318732,0.000104542660120416,3378.98625420327,32.6002578399834,0.999704053250067,0.969325395985871,-0.0239738261738403,-0.0634805741194129,0.0395067479455726,0.0702850291653756,0.0692088923317908,TRUE,"unstable_good_overlap_warning",23,"alpha_by_hidden_strength"
0.001,0.06,1800,945,0.49928441952018,0.500793687648072,0.00033169700924307,0.000992312343267433,1.20300792406973e-06,0.00458862286659459,0.000122172004905501,3814.29147288693,37.192481373301,0.999737828111169,0.973112845309701,-0.0132814650000073,-0.0603215864279122,0.0470401214279049,0.0829771176827827,0.0818647396563894,TRUE,"unstable_good_overlap_warning",24,"alpha_by_hidden_strength"
0.001,0.06,1800,903,0.499110046535263,0.500785909092323,0.000338591966756507,0.00101032758842564,1.03446016345031e-06,0.0039119156007105,0.000101341970970517,3781.601011742,38.2110956338326,0.999735561737768,0.973829591028147,0.0795016921646263,0.0327539568809059,0.0467477352837204,0.0791108326176444,0.0780791125506174,TRUE,"unstable_good_overlap_warning",25,"alpha_by_hidden_strength"
0.001,0.06,1800,875,0.499227236417424,0.50085608882473,0.000333123214742936,0.000986867065345383,8.71505854424926e-07,0.00335750437462233,8.94855677384104e-05,3852.53220913567,37.1581796656212,0.999740430463468,0.973088025059387,0.0996985146247752,0.0494089092327425,0.0502896053920326,0.0741967576926346,0.073201058948238,TRUE,"unstable_good_overlap_warning",26,"alpha_by_hidden_strength"
0.001,0.06,1800,892,0.499104895187274,0.500832502927968,0.000347681236239406,0.00101594580838599,9.96192672725445e-07,0.00332726837527298,9.65166539581259e-05,3339.9847904623,34.1213336522604,0.99970059743899,0.970692821969057,0.121047205409392,0.0789854073525253,0.0420617980568665,0.0703489598303308,0.0693208075942972,TRUE,"unstable_good_overlap_warning",27,"alpha_by_hidden_strength"
0.001,0.06,1800,904,0.499259912250619,0.50076645474499,0.000336359103277006,0.000983035710557253,9.83856314102712e-07,0.00364507801125089,0.000101810621322059,3704.88856858661,35.4598621936923,0.999730086349026,0.971799100782239,0.101706819711589,0.057613659016545,0.0440931606950444,0.0747485372237034,0.0736969583054151,TRUE,"unstable_good_overlap_warning",28,"alpha_by_hidden_strength"
0.001,0.06,1800,901,0.499151508807894,0.500909542191442,0.000321511180874701,0.000998551164212316,1.00159986128281e-06,0.00368845223288625,0.000100450848838781,3682.56064668601,36.3564633495528,0.999728449821757,0.972494574337845,0.068519974791922,0.0228542313622146,0.0456657434297073,0.0764084776281257,0.0753605596027126,TRUE,"unstable_good_overlap_warning",29,"alpha_by_hidden_strength"
0.001,0.06,1800,923,0.499156886790066,0.500870059170533,0.000329751302113768,0.00102178388967667,1.15649610637341e-06,0.00442677151066884,0.000110770999155659,3827.74441372785,39.5503490925565,0.999738749537087,0.974715773110883,0.0957355574623834,0.0455433151986455,0.0501922422637379,0.0864377610299014,0.0853491584297241,TRUE,"unstable_good_overlap_warning",30,"alpha_by_hidden_strength"
0.001,0.06,1800,876,0.498972315271358,0.500935999068223,0.000347540739910279,0.0010181772477394,9.31722629332462e-07,0.0034062110924075,8.98751995239296e-05,3655.8209333693,37.5104784044829,0.999726463626576,0.973340782561694,-0.0329656466269482,-0.0844379964919478,0.0514723498649996,0.0759705270768795,0.0749612820418859,TRUE,"unstable_good_overlap_warning",31,"alpha_by_hidden_strength"
0.001,0.06,1800,923,0.499022940470126,0.500768410591425,0.000346495291078441,0.00103003965913652,1.17513716117988e-06,0.00397983635954162,0.000110759418550856,3386.69943476703,35.5550288668691,0.999704727266396,0.971874583374848,0.126451725575319,0.0842589917227582,0.0421927338525611,0.0759929971164773,0.0749277709016142,TRUE,"unstable_good_overlap_warning",32,"alpha_by_hidden_strength"
0.001,0.06,1800,897,0.499192596704498,0.500859957044806,0.000339630187848661,0.001016272233434,1.01919515293327e-06,0.00369989601755755,9.86818379595871e-05,3630.21351397635,37.1099065080091,0.999724534109041,0.973053017533629,0.149697658478631,0.101290093647666,0.0484075648309652,0.0776357887161434,0.0765931703470101,TRUE,"unstable_good_overlap_warning",33,"alpha_by_hidden_strength"
0.001,0.06,1800,892,0.499082913631264,0.500926999746583,0.000331273828436063,0.000980380747697502,9.27663912611245e-07,0.00373071846581912,9.65163998449741e-05,4021.62724570978,38.2857438612181,0.999751344433757,0.973880617192005,0.0769775498115914,0.0298796977301021,0.0470978520814893,0.0759747783496049,0.07498532954937,TRUE,"unstable_good_overlap_warning",34,"alpha_by_hidden_strength"
0.001,0.06,1800,888,0.499177525363934,0.500713952809537,0.000332347954248691,0.000991444245278281,9.31875267847764e-07,0.00356185042570303,9.48028062446731e-05,3822.2394655128,37.2054345345807,0.999738373273307,0.973122206137102,0.116239696226364,0.0674450771109811,0.0487946191153831,0.0751481753095348,0.0741410872195709,TRUE,"unstable_good_overlap_warning",35,"alpha_by_hidden_strength"
0.002,0.06,1800,931,0.497748944691841,0.501820638387074,0.000640456568455683,0.00196112093305182,4.41489932896064e-06,0.00398892272956714,0.000114792114094048,903.513858945956,33.4621480316126,0.998893210115043,0.970115486936007,-0.00531967578333659,-0.0496162975673856,0.044296621784049,0.08008042121238,0.0789184482279328,TRUE,"unstable_good_overlap_warning",1,"alpha_by_hidden_strength"
0.002,0.06,1800,918,0.49843838569026,0.501621486513333,0.000655947135897617,0.00203308097079037,4.47777859243834e-06,0.00353018320248302,0.000108331127874584,788.378239255616,31.2934795047855,0.998731573310618,0.968044461152136,0.131654303205785,0.0909482383264235,0.0407060648793617,0.0727897924610608,0.0716627951564459,TRUE,"unstable_good_overlap_warning",2,"alpha_by_hidden_strength"
0.002,0.06,1800,898,0.498229324207635,0.501473350817281,0.000679570484924619,0.00201966073489096,4.04333838377158e-06,0.00370595409703697,9.91250099949469e-05,916.557988792445,35.921425081197,0.998908961558103,0.972161460806758,-0.0767740085614466,-0.126947192608859,0.0501731840474122,0.079174684687116,0.0781074731163838,TRUE,"unstable_good_overlap_warning",3,"alpha_by_hidden_strength"
0.002,0.06,1800,894,0.498571247943518,0.501562097929852,0.000676479157219245,0.00199017361421058,3.85657281040967e-06,0.00347847048384941,9.73687527591452e-05,901.95898142006,34.3636383906639,0.998891302131694,0.97089947261604,-0.0100401601926424,-0.0533155750902496,0.0432754148976072,0.0737209063093483,0.0726806298988522,TRUE,"unstable_good_overlap_warning",4,"alpha_by_hidden_strength"
0.002,0.06,1800,870,0.498140334975932,0.501833569120531,0.000697512724190552,0.002071506744491,3.75538081176945e-06,0.00333154792635145,8.75147546649214e-05,887.139838364807,36.5020596162288,0.9988727819936,0.972604285607067,0.0526098696521475,0.000332466098919237,0.0522774035532283,0.0734206311618291,0.0724487861404281,TRUE,"unstable_good_overlap_warning",5,"alpha_by_hidden_strength"
0.002,0.06,1800,904,0.498234601820927,0.501799529941838,0.000658052153154065,0.00194232261509958,3.84111139125061e-06,0.00369282482572554,0.000101815563243263,961.394880173785,34.9511740597526,0.998959844679203,0.971388657837634,0.017385365827173,-0.0289320939750393,0.0463174598022122,0.0750864188708504,0.0740429801566571,TRUE,"unstable_good_overlap_warning",6,"alpha_by_hidden_strength"
0.002,0.06,1800,879,0.498437238737681,0.501940337120948,0.000666444926512577,0.00200916722902538,3.67729084106993e-06,0.00317036620169129,9.10952659922739e-05,862.147254245696,33.4523654064365,0.998840105335747,0.970106747673885,0.0407057471928988,-0.00226892828393122,0.04297467547683,0.069026437102982,0.0680263601531876,TRUE,"unstable_good_overlap_warning",7,"alpha_by_hidden_strength"
0.002,0.06,1800,901,0.497937998754366,0.501733553816883,0.000664199656396414,0.00200900979096725,4.05387797628368e-06,0.00354108411962326,0.000100439967953991,873.505354709637,33.8879681200184,0.998855187327006,0.970491001512443,0.0633947022787624,0.0189319470832645,0.0444627551954979,0.0727787840134217,0.0717380036656923,TRUE,"unstable_good_overlap_warning",8,"alpha_by_hidden_strength"
0.002,0.06,1800,877,0.498177656242444,0.501553642619725,0.000676926330027472,0.00207222126431231,3.87676663845442e-06,0.00333711636114977,9.02812175843638e-05,860.798875033706,35.4416716616694,0.998838288444602,0.971784626595886,0.0132868953675556,-0.0339087266294045,0.04719562199696,0.07070058642221,0.0697365466474132,TRUE,"unstable_good_overlap_warning",9,"alpha_by_hidden_strength"
0.002,0.06,1800,924,0.498198639315505,0.501511974665654,0.000670540319419433,0.00204018968132424,4.63081849811354e-06,0.00438637836306246,0.000111254264262628,947.214485916332,37.8511043748284,0.998944272902422,0.973580691593638,-0.0179368612883393,-0.0686753120305443,0.0507384507422051,0.0854541575029116,0.0843623253844319,TRUE,"unstable_good_overlap_warning",10,"alpha_by_hidden_strength"
0.002,0.06,1800,920,0.49833694276508,0.501687569715332,0.000668813924716238,0.00203543491157435,4.52801721299172e-06,0.00395696033116549,0.000109293323013518,873.883676902162,34.7646612075641,0.998855682939925,0.971235157620854,0.0668176852995743,0.0189784942924456,0.0478391910071287,0.0812427854075951,0.0801116413609084,TRUE,"unstable_good_overlap_warning",11,"alpha_by_hidden_strength"
0.002,0.06,1800,909,0.498499705875354,0.501682844445011,0.000671707141538302,0.0020345981944029,4.30894257545792e-06,0.00367721264612276,0.000104091051781801,853.390961176123,33.9226276525772,0.998828204134455,0.970521151538093,0.00987145477778495,-0.0368920007034025,0.0467634554811874,0.0769847016535496,0.0758859778822669,TRUE,"unstable_good_overlap_warning",12,"alpha_by_hidden_strength"
0.002,0.06,1800,905,0.498535409467096,0.501676142528984,0.000666293463509882,0.00194893975358852,3.88431147736897e-06,0.00363390106500812,0.000102262691656371,935.532870157347,34.2346082105546,0.998931090470577,0.970789792777833,0.0123310875220357,-0.0330669582337639,0.0453980457557996,0.0766889802732712,0.0756010450007099,TRUE,"unstable_good_overlap_warning",13,"alpha_by_hidden_strength"
0.002,0.06,1800,889,0.498464185733352,0.501534082714779,0.000650142437371493,0.00193405845635227,3.56282202424903e-06,0.00350406509318676,9.52477961186715e-05,983.508317097412,35.4624346962232,0.998983231780946,0.971801146521209,0.126546603934213,0.0804272443123649,0.0461193596218482,0.0746987444036297,0.0736754684996454,TRUE,"unstable_good_overlap_warning",14,"alpha_by_hidden_strength"
0.002,0.06,1800,921,0.498334207285213,0.502068424416376,0.000667823528506029,0.00202194814835754,4.48877622333248e-06,0.00387055017766963,0.000109796356062782,862.272919186896,33.8674865246659,0.998840274375144,0.9704731557427,-0.0508233937311777,-0.0891875911714759,0.0383641974402982,0.0744586042368682,0.073393674537769,TRUE,"unstable_good_overlap_warning",15,"alpha_by_hidden_strength"
0.002,0.06,1800,932,0.498259386977318,0.501675010968545,0.000683832639490345,0.00198645673443049,4.549404167339e-06,0.00391161836535362,0.000115291237347806,859.8089379343,32.6401654388615,0.998836950913301,0.969362900385015,0.0639364527347033,0.0221342366621906,0.0418022160725127,0.0773600149674628,0.0762100843203796,TRUE,"unstable_good_overlap_warning",16,"alpha_by_hidden_strength"
0.002,0.06,1800,891,0.498174124143578,0.501463042474314,0.000669610575668833,0.00198560118765473,3.78722870212672e-06,0.00339870033131122,9.60588723598087e-05,897.410903493279,34.0393895721875,0.998885683251555,0.97062226988885,0.0357533194294509,-0.00909712305964705,0.044850442489098,0.0715857524693024,0.0705657279214079,TRUE,"unstable_good_overlap_warning",17,"alpha_by_hidden_strength"
0.002,0.06,1800,933,0.498097617217268,0.501665174659242,0.000659583289207899,0.00197219470738689,4.505292890212e-06,0.00423756276726892,0.000115830638903677,940.574313486979,35.2144426365269,0.998936819785889,0.971602560622024,-0.076106409146051,-0.120561069977585,0.0444546608315342,0.0821784842831508,0.0810463464245071,TRUE,"unstable_good_overlap_warning",18,"alpha_by_hidden_strength"
0.002,0.06,1800,910,0.49830197513618,0.50176216927773,0.000636353498929487,0.00205162624851616,4.40056630818866e-06,0.0035117584509751,0.000104547120515492,798.0242098478,32.2334374722291,0.998746905184505,0.968976315329026,0.00289480476243975,-0.0395732911156803,0.0424680958781201,0.0714152196038529,0.0703427971054819,TRUE,"unstable_good_overlap_warning",19,"alpha_by_hidden_strength"
0.002,0.06,1800,897,0.498437142016437,0.501676952938634,0.000679487339051099,0.002046682466542,4.1334946246994e-06,0.00355607274752361,9.86771139554761e-05,860.306609877887,34.588577936006,0.998837623716338,0.971088721778324,0.117605440600828,0.0732556410476771,0.044349799553151,0.074292145192653,0.0732529143315506,TRUE,"unstable_good_overlap_warning",20,"alpha_by_hidden_strength"
0.002,0.06,1800,895,0.498403190175568,0.50174868177037,0.000694301370690653,0.00196129758265847,3.76239797590668e-06,0.00371223103684758,9.78087584102704e-05,986.666232711067,36.5480828310505,0.998986486040723,0.972638783691537,0.00957146603306591,-0.0367580873133995,0.0463295533464654,0.0765266612546383,0.07551074427828,TRUE,"unstable_good_overlap_warning",21,"alpha_by_hidden_strength"
0.002,0.06,1800,927,0.498244278838569,0.501504452630169,0.00066551706912743,0.0019795666022914,4.41888882886939e-06,0.00381066870220873,0.000112764614460517,862.359034088604,32.5188153216263,0.99884039018498,0.969248572246266,0.0485373647834579,0.00771242481168188,0.0408249399717761,0.0748703729616795,0.0737529733699088,TRUE,"unstable_good_overlap_warning",22,"alpha_by_hidden_strength"
0.002,0.06,1800,888,0.498539693448686,0.50166069873153,0.000669160841312633,0.00200485496395422,3.81083407097251e-06,0.00347667579527759,9.48099939871172e-05,912.313611804766,35.2529568422378,0.998903885695598,0.971633585106771,0.032918772408284,-0.0100830450360503,0.0430018174443343,0.0706318235647112,0.0696610195945404,TRUE,"unstable_good_overlap_warning",23,"alpha_by_hidden_strength"
0.002,0.06,1800,862,0.498425276536031,0.501779754898554,0.000679918804847079,0.0020144976619748,3.42731965068715e-06,0.00318462179832797,8.44541656308584e-05,929.187272535107,36.2376874733672,0.998923790682936,0.972404420101726,0.0649163748618377,0.0193306820075023,0.0455856928543353,0.0696491032467778,0.0687183642263404,TRUE,"unstable_good_overlap_warning",24,"alpha_by_hidden_strength"
0.002,0.06,1800,901,0.498311181235878,0.501674881144282,0.000680851550791617,0.00200870280453383,4.05352848698054e-06,0.00372326507401182,0.000100462008731283,918.524462322274,35.6240342164285,0.998911297367659,0.971929063566337,0.0392268563018464,-0.00456168191804185,0.0437885382198883,0.0744636392544459,0.0734510620393996,TRUE,"unstable_good_overlap_warning",25,"alpha_by_hidden_strength"
0.002,0.06,1800,880,0.498344152165994,0.501794681778896,0.000654072102353409,0.001978498733045,3.58191173414107e-06,0.00328644137069326,9.15046842406357e-05,917.510428682113,34.5626146041135,0.998910094132187,0.971067003713284,-0.0117983291640034,-0.0599101051303992,0.0481117759663958,0.071828601173868,0.0708204703247515,TRUE,"unstable_good_overlap_warning",26,"alpha_by_hidden_strength"
0.002,0.06,1800,928,0.498414287819261,0.501611875404618,0.000678320485318573,0.00198457959583927,4.46086718916693e-06,0.00381526750311189,0.000113261484516311,855.274847091872,32.4090323361621,0.998830785210859,0.969144404262753,0.0806617029242177,0.0395889855581919,0.0410727173660258,0.0753821980712673,0.0742535263601263,TRUE,"unstable_good_overlap_warning",27,"alpha_by_hidden_strength"
0.002,0.06,1800,922,0.498276574207132,0.501616145477083,0.000695273415817321,0.00203483117074194,4.56619593391985e-06,0.00383294321251864,0.000110280259508625,839.41715773643,33.3745016139064,0.998808697212365,0.970037005748625,0.0266380940198001,-0.017991600790167,0.0446296948099671,0.0773320793758705,0.0762101263349379,TRUE,"unstable_good_overlap_warning",28,"alpha_by_hidden_strength"
0.002,0.06,1800,893,0.498360017771614,0.501543704328696,0.000657049760573292,0.00202327558646836,3.96807027496426e-06,0.00373410786424521,9.69324684607668e-05,941.038743140416,37.0078089872763,0.998937344495868,0.972978675923673,-0.0218186293588316,-0.073152708844842,0.0513340794860104,0.0777231629689509,0.0767066475798734,TRUE,"unstable_good_overlap_warning",29,"alpha_by_hidden_strength"
0.002,0.06,1800,911,0.498227842197075,0.501532219923386,0.000695473152337867,0.00202965667746638,4.32671125312503e-06,0.00370647418313752,0.000105029850988293,856.649303893452,33.8934775121683,0.998832661165479,0.970495798206573,-0.110840878926469,-0.158181445545809,0.0473405666193401,0.0775810215302472,0.0764726175912276,TRUE,"unstable_good_overlap_warning",30,"alpha_by_hidden_strength"
0.002,0.06,1800,941,0.498118122363681,0.501548921375873,0.000672352080308636,0.00201819019851797,4.88844769459801e-06,0.00425550859368072,0.000120018111100453,870.523499388831,34.0695367379646,0.998851265932853,0.970648265408151,-0.063605889099388,-0.10870902084912,0.0451031317497319,0.0828862305295228,0.0817076873826642,TRUE,"unstable_good_overlap_warning",31,"alpha_by_hidden_strength"
0.002,0.06,1800,896,0.498497081557831,0.502228576198835,0.000636190054602637,0.00194940755795155,3.73256136298855e-06,0.00339979027625489,9.82203924780388e-05,910.846452510235,33.346657925734,0.998902120113391,0.970011987341367,0.0320151661009274,-0.0100910378448658,0.0421062039457931,0.0712162559041325,0.0701788457045827,TRUE,"unstable_good_overlap_warning",32,"alpha_by_hidden_strength"
0.002,0.06,1800,899,0.498389907016033,0.501592680985259,0.000673116935987372,0.0019126391382504,3.64164700348873e-06,0.00358369523017122,9.95478234705556e-05,984.086383643997,34.7292724122723,0.998983829045274,0.971205846522525,0.0207274778145108,-0.0229550735227104,0.0436825513372212,0.0735219867623014,0.0724925954928713,TRUE,"unstable_good_overlap_warning",33,"alpha_by_hidden_strength"
0.002,0.06,1800,910,0.497955075778365,0.501591113657817,0.000671933404885139,0.00208093777621882,4.52657364252492e-06,0.00349836947483502,0.000104532515578333,772.851554201962,32.0777433575518,0.998706090458688,0.968825737245492,0.0659058025744955,0.0224564847676042,0.0434493178068913,0.074351009569342,0.0732303069467738,TRUE,"unstable_good_overlap_warning",34,"alpha_by_hidden_strength"
0.002,0.06,1800,864,0.498324763522176,0.501519013882849,0.00065756308349485,0.00195319967302896,3.25016648453027e-06,0.00284681655590465,8.51946497431703e-05,875.898686868677,32.1874890731361,0.998858315447903,0.96893202828814,-0.0469399670232704,-0.0875193299539345,0.0405793629306641,0.0644321932003989,0.0634596431624008,TRUE,"unstable_good_overlap_warning",35,"alpha_by_hidden_strength"
0.005,0.06,1800,889,0.4948281076655,0.504264015639354,0.00169996126708849,0.00505989750048104,2.43876090146536e-05,0.00320073066929965,9.525456215369e-05,131.244135797669,26.752529129516,0.992380611949462,0.962620356559235,-0.0129109739350766,-0.0566464274635183,0.0437354535284418,0.0705562121361492,0.0694902129569058,TRUE,"unstable_good_overlap_warning",1,"alpha_by_hidden_strength"
0.005,0.06,1800,896,0.496022982321448,0.504760042773548,0.00179180230297887,0.00530124004798872,2.76033993627431e-05,0.00348699298774084,9.82217411430336e-05,126.324766812862,27.713006905649,0.992083895935613,0.963915860757926,0.127285840498435,0.0844434986682631,0.0428423418301719,0.0719828170867959,0.0709535619183665,TRUE,"unstable_good_overlap_warning",2,"alpha_by_hidden_strength"
0.005,0.06,1800,916,0.495661392883128,0.504753893094748,0.00169777617264466,0.00481506017295854,2.48842189049092e-05,0.00364872330911079,0.000107329863134944,146.628002391948,27.597085369552,0.993180020298395,0.963764289358495,0.0692122675242582,0.028651214655053,0.0405610528692052,0.0735853045426243,0.072487399487905,TRUE,"unstable_good_overlap_warning",3,"alpha_by_hidden_strength"
0.005,0.06,1800,889,0.495775942925469,0.5047248266758,0.00171629465916145,0.00513332330617253,2.50972710049622e-05,0.00352426994362258,9.52421662471192e-05,140.42442873274,29.2860763196034,0.992878731934148,0.965854080652975,0.0763789812152903,0.0324873498412939,0.0438916313739964,0.0728919647131314,0.0718931167498323,TRUE,"unstable_good_overlap_warning",4,"alpha_by_hidden_strength"
0.005,0.06,1800,860,0.495167344865042,0.504041379247559,0.00161638401187325,0.00493132196219764,2.03584643457222e-05,0.00271542814123876,8.37178948858063e-05,133.380794107358,26.0907295498108,0.992502668718593,0.96167221012004,0.0344497154996535,-0.0067041850475742,0.0411539005472277,0.0647135257935721,0.0637004871600462,TRUE,"unstable_good_overlap_warning",5,"alpha_by_hidden_strength"
0.005,0.06,1800,873,0.495514188046202,0.503674628195167,0.00172798650898814,0.00496466341220243,2.18664441665361e-05,0.00278861361496233,8.87153040571715e-05,127.529359310736,25.217666204019,0.992158668361507,0.960345259870216,0.0982028415333247,0.0608756909391609,0.0373271505941638,0.0654952862573069,0.0644366832127459,TRUE,"unstable_good_overlap_warning",6,"alpha_by_hidden_strength"
0.005,0.06,1800,962,0.495776389495524,0.504604441935435,0.00163927257500601,0.00490808211047505,3.17383496442542e-05,0.00458006124387461,0.000131753057025323,144.306849449047,28.0140793768513,0.993070321999143,0.964303663648989,0.0792380035429877,0.0373787565679423,0.0418592469750454,0.0828795291370313,0.0816703058244199,TRUE,"unstable_good_overlap_warning",7,"alpha_by_hidden_strength"
0.005,0.06,1800,887,0.496178857266618,0.504171897937491,0.00160120697013721,0.00504343966481736,2.40173536719834e-05,0.00368421720920185,9.44216301404484e-05,153.398132846732,31.1064574400303,0.993481015828275,0.967852334135834,-0.00835550353499814,-0.0533887421825339,0.0450332386475357,0.0738822128572304,0.0729230221979204,TRUE,"unstable_good_overlap_warning",8,"alpha_by_hidden_strength"
0.005,0.06,1800,888,0.495677075117372,0.504060886143641,0.00166864920376664,0.00505422657910146,2.42170082216971e-05,0.00344829420257562,9.48005975174761e-05,142.391420567225,28.9729757304356,0.992977104968709,0.965485077911776,0.0927042128418353,0.048541284343711,0.0441629284981243,0.0727365982375376,0.0717226209282437,TRUE,"unstable_good_overlap_warning",9,"alpha_by_hidden_strength"
0.005,0.06,1800,910,0.496188382690528,0.504382209306561,0.00157622289407561,0.00491176423797062,2.5228435714756e-05,0.00372782666375635,0.000104571971898598,147.762893661138,28.7196837999208,0.993232401077003,0.965180675143688,0.0938446426814123,0.0505754335535378,0.0432692091278746,0.0739593196275465,0.0729074278846217,TRUE,"unstable_good_overlap_warning",10,"alpha_by_hidden_strength"
0.005,0.06,1800,900,0.495825142343058,0.504183435497597,0.00160256735751885,0.00496520603200949,2.46419267363629e-05,0.00392581955101853,9.99539849946567e-05,159.314634485354,31.5084138514406,0.993723112737067,0.96826244555772,0.0496225879198061,0.000391173472764406,0.0492314144470417,0.0796594306436865,0.0786323122091147,TRUE,"unstable_good_overlap_warning",11,"alpha_by_hidden_strength"
0.005,0.06,1800,881,0.496335785858728,0.503854203042932,0.00170338044199764,0.00485754332274148,2.16934090579214e-05,0.0033146388418043,9.19378705147678e-05,152.794742078306,29.1701268723631,0.993455272174958,0.965718352738896,0.0332220898949761,-0.0102952661988215,0.0435173560937976,0.0701415002569743,0.0691554057546254,TRUE,"unstable_good_overlap_warning",12,"alpha_by_hidden_strength"
0.005,0.06,1800,886,0.495805002819956,0.503507401656413,0.00164390907126233,0.00484433607003238,2.20472394187421e-05,0.00372814320492367,9.39475999790224e-05,169.097959799648,32.1405954288991,0.994086268094631,0.96888669961911,0.000213025759932095,-0.0490107487040767,0.0492237744640088,0.0769868356726593,0.0760047840313869,TRUE,"unstable_good_overlap_warning",13,"alpha_by_hidden_strength"
0.005,0.06,1800,909,0.496086599031429,0.504002014568449,0.00175359611160536,0.00505989079095872,2.66557684692097e-05,0.0038574921095512,0.000104113949286321,144.715096621845,29.4983592207689,0.993089870902598,0.966099809399028,0.0511946410275343,0.0093661803082965,0.0418284607192378,0.0751573871730245,0.0741290433709011,TRUE,"unstable_good_overlap_warning",14,"alpha_by_hidden_strength"
0.005,0.06,1800,932,0.495484905720724,0.503776503367326,0.00164789589672937,0.00495464612174618,2.82992692816237e-05,0.00427777279654971,0.00011527893073054,151.161952415765,29.7940272004196,0.993384578698418,0.966436225849122,0.101419152134726,0.0582682384357838,0.0431509136989422,0.0811243861190286,0.0800164568718322,TRUE,"unstable_good_overlap_warning",15,"alpha_by_hidden_strength"
0.005,0.06,1800,928,0.495023266856831,0.505226212969883,0.0016342410885426,0.00481164965993735,2.62229192107571e-05,0.00417692509148881,0.000113264298613941,159.28528238669,29.9448591536051,0.993721956071419,0.966605286240606,-0.0556542111292101,-0.10295253393606,0.0472983228068502,0.080164533035622,0.0790632035153257,TRUE,"unstable_good_overlap_warning",16,"alpha_by_hidden_strength"
0.005,0.06,1800,922,0.496351827856742,0.504474806582504,0.00170291567975045,0.00493039568183165,2.67959817067816e-05,0.00400265043955207,0.000110231603229106,149.375025082178,29.2105450258415,0.993305440454655,0.965765787693611,0.165740149212421,0.115224306788142,0.0505158424242796,0.0794938061472111,0.0783840668582745,TRUE,"unstable_good_overlap_warning",17,"alpha_by_hidden_strength"
0.005,0.06,1800,878,0.496063744674853,0.504675877225932,0.00169118550693198,0.00500358176401461,2.27035689893608e-05,0.00327302694923071,9.06843055088991e-05,144.163543219328,28.865758033774,0.993063433530635,0.96535687720967,0.0117666733879103,-0.0326644634125415,0.0444311368004517,0.0690056001532624,0.0680361593201313,TRUE,"unstable_good_overlap_warning",18,"alpha_by_hidden_strength"
0.005,0.06,1800,924,0.495202718636979,0.50425289553575,0.0016440281418395,0.0051306864650397,2.92823724952839e-05,0.00421348233137796,0.000111238547450986,143.891425875979,29.9847334687892,0.993050315584044,0.966649695217705,0.00579398434209544,-0.0404391743623888,0.0462331587044842,0.0808547279645711,0.0797727112160295,TRUE,"unstable_good_overlap_warning",19,"alpha_by_hidden_strength"
0.005,0.06,1800,911,0.49624424780486,0.504751395267416,0.00154709566417893,0.00473944722034294,2.35844904081231e-05,0.00369030371770319,0.00010499560356073,156.471632579017,28.700427910693,0.9936090652119,0.96515731392188,0.13940155945178,0.0966156146099839,0.0427859448417958,0.0751811582817126,0.0740969433606384,TRUE,"unstable_good_overlap_warning",20,"alpha_by_hidden_strength"
0.005,0.06,1800,918,0.495712079968569,0.503975777067563,0.00180110139573586,0.00523728118103235,2.96969435785469e-05,0.00401350915805574,0.000108267964453253,135.148896634437,29.0907971839523,0.992600753502969,0.965624867765685,0.0405502699005957,-0.00818800797045949,0.0487382778710552,0.0812356652159488,0.080124191761391,TRUE,"unstable_good_overlap_warning",21,"alpha_by_hidden_strength"
0.005,0.06,1800,868,0.496065006709859,0.504088701306055,0.00164640464172333,0.00489235230615158,2.07600104638663e-05,0.00311886913381533,8.6734548203966e-05,150.234468293928,29.014204741776,0.993343737882817,0.965534123409553,-0.0321129554847904,-0.0727739427056343,0.0406609872208439,0.0678398785557572,0.0668835161051142,TRUE,"unstable_good_overlap_warning",22,"alpha_by_hidden_strength"
0.005,0.06,1800,916,0.49571652307035,0.503790271574758,0.00170527432977752,0.00484506647831827,2.51960152969983e-05,0.00392820232185396,0.000107332781154552,155.905696815557,29.6403681843592,0.99358586619716,0.966262227453447,0.0749318124965679,0.0301449715650577,0.0447868409315102,0.0766935243365573,0.0756316359353207,TRUE,"unstable_good_overlap_warning",23,"alpha_by_hidden_strength"
0.005,0.06,1800,916,0.495476754721336,0.50427582965385,0.00165663082828299,0.00491891621499592,2.5987348877322e-05,0.00413896208758758,0.000107404660445572,159.268346576109,31.0285609205319,0.993721288495187,0.967771628127997,0.0578971147834475,0.0125567582559136,0.0453403565275339,0.0814047881815353,0.080334870255903,TRUE,"unstable_good_overlap_warning",24,"alpha_by_hidden_strength"
0.005,0.06,1800,896,0.495767391160972,0.50408314987161,0.00164542080060498,0.00492387197069175,2.38322003717788e-05,0.00371337685508343,9.82993480840518e-05,155.813428770961,30.4047308171679,0.993582067939279,0.967110381406983,0.10076329434849,0.0576237904741428,0.0431395038743472,0.0742547094860074,0.0732588595437876,TRUE,"unstable_good_overlap_warning",25,"alpha_by_hidden_strength"
0.005,0.06,1800,884,0.495945963747321,0.504113178105893,0.00172242559440539,0.00496335726387932,2.29458995055828e-05,0.00335075925851671,9.31438131579893e-05,146.028673127478,28.8635330524696,0.993152029813165,0.96535420670151,0.161361671599092,0.113077500870924,0.0482841707281677,0.0738964983781967,0.0728549960643484,TRUE,"unstable_good_overlap_warning",26,"alpha_by_hidden_strength"
0.005,0.06,1800,907,0.494972965110671,0.503835095018315,0.00166004196622027,0.00501526375004689,2.5951608819266e-05,0.00399582745539761,0.00010317553552103,153.972244388609,30.9449068653386,0.993505322962779,0.967684504453297,0.125719477411044,0.0790475407247802,0.0466719366862638,0.0773054999236102,0.0762943166062927,TRUE,"unstable_good_overlap_warning",27,"alpha_by_hidden_strength"
0.005,0.06,1800,897,0.496011979869086,0.504253287466885,0.00165913193699641,0.00500750923184546,2.47610085595389e-05,0.00349969816628476,9.87472052463213e-05,141.339079862987,28.335752404175,0.99292481597468,0.964708895471127,-0.0662929181192794,-0.105297876295461,0.0390049581761813,0.0684660920792446,0.0674862814567324,TRUE,"unstable_good_overlap_warning",28,"alpha_by_hidden_strength"
0.005,0.06,1800,866,0.495830172101613,0.503932761726381,0.00174735284017535,0.00529182326075171,2.40740388872925e-05,0.0031426047355931,8.5968291498171e-05,130.539156736675,28.5581441667491,0.992339463307418,0.964983719034365,0.0418216728053988,-0.00309344042749604,0.0449151132328949,0.0692665310013887,0.0683051264391866,TRUE,"unstable_good_overlap_warning",29,"alpha_by_hidden_strength"
0.005,0.06,1800,898,0.496522108588683,0.50422421220397,0.00162428585247809,0.00481642374016887,2.29835418280383e-05,0.00332213401808263,9.90757979433077e-05,144.544041250851,27.2173684070879,0.993081693362478,0.96325875503307,0.0858550764851191,0.0465500538189738,0.0393050226661453,0.0690394395477354,0.0679948862578465,TRUE,"unstable_good_overlap_warning",30,"alpha_by_hidden_strength"
0.005,0.06,1800,915,0.496157683437964,0.504225829650609,0.00166878511735646,0.00485179268565629,2.51621547024979e-05,0.00382991804419402,0.000106891545720243,152.20946256299,29.0027317063694,0.993430106228868,0.965520489237902,0.04846235496781,0.00593304654560378,0.0425293084222063,0.0765569441237629,0.0754738802041175,TRUE,"unstable_good_overlap_warning",31,"alpha_by_hidden_strength"
0.005,0.06,1800,902,0.49553618160424,0.503985252711493,0.00163461962500899,0.00485121446227278,2.37464970094923e-05,0.00352365455835739,0.000100901728179773,148.386288594434,28.2687904541528,0.993260832860823,0.964625299351883,0.0306676567473798,-0.0130117936212721,0.043679450368652,0.0733025440794982,0.0722381668572157,TRUE,"unstable_good_overlap_warning",32,"alpha_by_hidden_strength"
0.005,0.06,1800,865,0.49563076518136,0.503683321134591,0.00178475794569832,0.00504355440864478,2.17650283077262e-05,0.00339649397203819,8.55629630563048e-05,156.052816656916,31.6459287914751,0.993591913164896,0.968400358649945,0.187519313079292,0.135074212567621,0.0524451005116708,0.0736760402613693,0.0727360517916362,TRUE,"unstable_good_overlap_warning",33,"alpha_by_hidden_strength"
0.005,0.06,1800,951,0.496141437919747,0.503820867971313,0.00169129504683418,0.00494103863753403,3.06196977789864e-05,0.00431174707437813,0.00012541930790611,140.816121226944,27.6324951921297,0.992898540371039,0.963810723821828,0.103108222841868,0.0628021473452962,0.0403060754965716,0.080363804714595,0.0791778911806303,TRUE,"unstable_good_overlap_warning",34,"alpha_by_hidden_strength"
0.005,0.06,1800,878,0.496011878226254,0.505009931237879,0.00173225496964657,0.00525856933630601,2.5085659491489e-05,0.00329373421429153,9.07173413038499e-05,131.299486681186,28.4425635922217,0.992383823994467,0.964841425184561,0.0204233135991334,-0.0254134868821125,0.0458368004812459,0.0718068304086672,0.0708033635592724,TRUE,"unstable_good_overlap_warning",35,"alpha_by_hidden_strength"
0.01,0.06,1800,839,0.492372297778247,0.507657434411789,0.00340518065389644,0.0101863037973523,7.89953566304176e-05,0.00287148463984113,7.61321886595826e-05,36.3500433737576,18.5104755862222,0.972489716457342,0.945976536618847,0.105697204155544,0.0608501234632515,0.0448470806922928,0.0656445568146949,0.0647435328986857,TRUE,"unstable_good_overlap_warning",1,"alpha_by_hidden_strength"
0.01,0.06,1800,881,0.491837942252997,0.50920702051439,0.0031790481002853,0.0100781750776119,9.33955680693399e-05,0.00329481123194969,9.19522733299097e-05,35.2780255001342,17.7763668952178,0.971653742355955,0.94374553552509,0.0996558092954737,0.0570340818411662,0.0426217274543075,0.0695840486469904,0.0685774583692904,TRUE,"unstable_good_overlap_warning",2,"alpha_by_hidden_strength"
0.01,0.06,1800,915,0.491376713755414,0.511263288903604,0.00335145213305443,0.0100831733657188,0.000108747741201245,0.00418013305702714,0.00010696107924597,38.4388035176889,19.3785912340568,0.973984622087943,0.948396661660185,0.0753860860584039,0.0272202482406159,0.048165837817788,0.0805922584579434,0.0795265760348538,TRUE,"unstable_good_overlap_warning",3,"alpha_by_hidden_strength"
0.01,0.06,1800,870,0.491923980934623,0.510893293599568,0.00334705120024936,0.0104175435241177,9.50002330520044e-05,0.00313045116889739,8.75374766458184e-05,32.9520367300967,17.1496134912595,0.969652862182972,0.941689647961474,0.0336267160306529,-0.0125091223068614,0.0461358383375143,0.0704850688592709,0.0694612964067862,TRUE,"unstable_good_overlap_warning",4,"alpha_by_hidden_strength"
0.01,0.06,1800,917,0.492033176322792,0.50748321590472,0.00337646207537212,0.00991328579001497,0.000105876905633306,0.00375488569246035,0.000107737275023905,35.4646338594842,17.5778858917886,0.971802895133159,0.943110337263758,0.0800336736178647,0.0391711445662193,0.0408625290516454,0.0725243519827649,0.0714456867768122,TRUE,"unstable_good_overlap_warning",5,"alpha_by_hidden_strength"
0.01,0.06,1800,901,0.489411765084083,0.508602806101391,0.00330895290172778,0.00973691005032117,9.51998044639741e-05,0.00374484607287184,0.000100413878098347,39.3366992081268,19.1440906577625,0.974578446587267,0.947764559942965,0.0569682414317243,0.0143758218297495,0.0425924196019748,0.0741417892146654,0.0731147321972892,TRUE,"unstable_good_overlap_warning",6,"alpha_by_hidden_strength"
0.01,0.06,1800,886,0.491367796796134,0.50889478912015,0.00343702377198085,0.0099814955571417,9.36517486796776e-05,0.00354802978680215,9.39993077764003e-05,37.8853554452856,18.9075929217196,0.973604576537649,0.947111194738529,0.128498623094915,0.0837771783167944,0.0447214447781202,0.0722624009613316,0.07127243044074,TRUE,"unstable_good_overlap_warning",7,"alpha_by_hidden_strength"
0.01,0.06,1800,879,0.492176266824859,0.507254772646204,0.00339909795972643,0.0100870645634241,9.27080238070282e-05,0.00332719129195196,9.11145474482595e-05,35.888924769635,18.1000149722161,0.972136250767644,0.944751426916772,0.100771772068744,0.0555209672304001,0.0452508048383439,0.0702138120651846,0.0692177952169109,TRUE,"unstable_good_overlap_warning",8,"alpha_by_hidden_strength"
0.01,0.06,1800,883,0.489910285753377,0.508914331428205,0.00342558079903293,0.0103310944877274,9.88757923571031e-05,0.00338917513549113,9.26397361816549e-05,34.2770971002757,17.6966074832164,0.97082600089866,0.943491994104045,0.108217981744452,0.0673652244278272,0.0408527573166247,0.0684003799627525,0.06743058451128,TRUE,"unstable_good_overlap_warning",9,"alpha_by_hidden_strength"
0.01,0.06,1800,870,0.492104716023943,0.509166568065434,0.00318792364617726,0.0100433880441585,8.82636455830669e-05,0.00328204252865386,8.7502684259726e-05,37.1845339830776,18.6727602015093,0.973107098761676,0.94644605354493,0.123491542916426,0.0787180613583386,0.0447734815580874,0.0713655054552679,0.0703810850632034,TRUE,"unstable_good_overlap_warning",10,"alpha_by_hidden_strength"
0.01,0.06,1800,864,0.492277747261281,0.508829728077863,0.00326834984396773,0.0102114560500381,8.89450294324091e-05,0.00299914460710152,8.52994710713779e-05,33.7190804954494,17.2122769925605,0.97034320078405,0.941901934274459,-0.144968308433988,-0.18646040126334,0.0414920928293516,0.0656041169658083,0.0646355211862219,TRUE,"unstable_good_overlap_warning",11,"alpha_by_hidden_strength"
0.01,0.06,1800,866,0.491691849795987,0.507848434744893,0.00355547209315771,0.0103417653010121,9.19694452958599e-05,0.00322686164388118,8.59912400890199e-05,35.0862357982107,18.1324410888976,0.971498794976149,0.944850227550868,0.119089570971365,0.0757994068538872,0.0432901641174779,0.0683801794631659,0.0674358116727813,TRUE,"unstable_good_overlap_warning",12,"alpha_by_hidden_strength"
0.01,0.06,1800,866,0.490556694865311,0.507337106259174,0.00325236256645089,0.00968592521094989,8.07372829718159e-05,0.00341391905385032,8.60581305104977e-05,42.2842945438487,20.4677034132735,0.976350557321868,0.951142540039373,0.0490748324604505,0.00182628155451314,0.0472485509059374,0.0728636993138795,0.0719169284431679,TRUE,"unstable_good_overlap_warning",13,"alpha_by_hidden_strength"
0.01,0.06,1800,905,0.492790406673295,0.510867513971315,0.00338037445292866,0.00984026010852668,9.89260939071705e-05,0.00381219902344472,0.000102163956774538,38.5358288483722,18.957671006204,0.974050123485478,0.947250904413694,0.0401846684536362,-0.00246938311875256,0.0426540515723888,0.0735214998570086,0.0725030405022221,TRUE,"unstable_good_overlap_warning",14,"alpha_by_hidden_strength"
0.01,0.06,1800,870,0.491566434831974,0.508474554301041,0.00339900912467817,0.0100713582152489,8.86896943287546e-05,0.00324029039451111,8.74373671296069e-05,36.5351399509848,18.3974590144238,0.972629090750943,0.945644667602413,0.0794467174979751,0.0349453959372293,0.0445013215607457,0.0708806266951487,0.0698904618291289,TRUE,"unstable_good_overlap_warning",15,"alpha_by_hidden_strength"
0.01,0.06,1800,907,0.490309392934138,0.508474502659112,0.00339683083922959,0.00993365993639947,0.000101769466059208,0.0040483686149139,0.000103133301109448,39.7797961577062,19.7575107005835,0.974861610752465,0.949386336408743,0.0710626113859226,0.022513656087452,0.0485489552984706,0.0793513366327698,0.0783076607838615,TRUE,"unstable_good_overlap_warning",16,"alpha_by_hidden_strength"
0.01,0.06,1800,904,0.492435106727005,0.507176530749997,0.00354112387179217,0.00990548599264919,9.9888088660807e-05,0.0038434522352826,0.000101803363438689,38.4775831313974,19.0560987849232,0.974010841674097,0.94752336187556,0.0178846280979602,-0.0269436151907452,0.0448282432887054,0.0745130721762975,0.073492925847086,TRUE,"unstable_good_overlap_warning",17,"alpha_by_hidden_strength"
0.01,0.06,1800,910,0.492829696065415,0.509317948048467,0.00333841876923846,0.00989259983436445,0.000102537912444816,0.00394263673519481,0.000104776427838971,38.4505266509758,19.0176749461607,0.973992553884184,0.947417336618119,0.0376502368903389,-0.00867151009165013,0.046321746981989,0.0777443904777797,0.0766764342678324,TRUE,"unstable_good_overlap_warning",18,"alpha_by_hidden_strength"
0.01,0.06,1800,873,0.490677364058782,0.507994264134867,0.00333938043069365,0.0100907346750534,9.03068879257253e-05,0.00354223921240762,8.86901321960934e-05,39.2244633135958,19.7893753203093,0.974505705992582,0.949467833935429,-0.0193431891184495,-0.0653759458426748,0.0460327567242254,0.0719168617820641,0.0709869738755659,TRUE,"unstable_good_overlap_warning",19,"alpha_by_hidden_strength"
0.01,0.06,1800,881,0.492838561761741,0.507295134877088,0.00312335622488169,0.00970064107471683,8.6464417195416e-05,0.0034550635600032,9.18832919875129e-05,39.9593690916172,19.3726265161017,0.974974579861177,0.948380773295307,0.0778524815084656,0.0311252468505918,0.0467272346578738,0.0729103875091586,0.0719091459177421,TRUE,"unstable_good_overlap_warning",20,"alpha_by_hidden_strength"
0.01,0.06,1800,856,0.490338983341536,0.509473555538381,0.00330933069782219,0.0104237062355544,8.92638454581346e-05,0.00311032413839881,8.215448268302e-05,34.8441647616176,18.1446416618742,0.971300790050748,0.944887310610205,-0.0505750192008336,-0.0956907026783194,0.0451156834774857,0.0694703279769742,0.0685192320076828,TRUE,"unstable_good_overlap_warning",21,"alpha_by_hidden_strength"
0.01,0.06,1800,886,0.491352571334897,0.50764712127089,0.0032901770077019,0.01009726384978,9.5779768118725e-05,0.00337618232949028,9.39434210711738e-05,35.2494310208112,17.7953066459945,0.971630747758464,0.943805407802563,-0.00769903676936312,-0.0525056184567294,0.0448065816873663,0.0702847681570255,0.0692710582531476,TRUE,"unstable_good_overlap_warning",22,"alpha_by_hidden_strength"
0.01,0.06,1800,938,0.490888864556371,0.507958748666521,0.00345915601666347,0.00980566925323111,0.00011389062452924,0.0042017815646513,0.000118449571447697,36.8931295444124,18.0846088511881,0.972894682225421,0.944704361137769,0.0235562205093338,-0.0204683307962279,0.0440245513055617,0.0791631562662901,0.078007820968214,TRUE,"unstable_good_overlap_warning",23,"alpha_by_hidden_strength"
0.01,0.06,1800,894,0.49102303169825,0.510397170912102,0.0034281751481669,0.00997877201293081,9.69382800511032e-05,0.00362457873992187,9.73511551727252e-05,37.3905823170279,18.6555626956568,0.973255297509913,0.946396685197128,0.0299723752384123,-0.0140507790914997,0.044023154329912,0.0726063440107606,0.0715974881284605,TRUE,"unstable_good_overlap_warning",24,"alpha_by_hidden_strength"
0.01,0.06,1800,921,0.491285760374076,0.507836399563869,0.00340296879440594,0.0101589995652017,0.000113386230434402,0.00432615694818914,0.000109864765680072,38.1541650305763,19.3779961723926,0.973790541630288,0.948395077019126,0.125751059386689,0.0786508613748589,0.0471001980118302,0.0815520932213882,0.0804816705072584,TRUE,"unstable_good_overlap_warning",25,"alpha_by_hidden_strength"
0.01,0.06,1800,892,0.492608521200527,0.507619767166155,0.00341751584885697,0.0098983633847349,9.45809545522046e-05,0.0036605648332165,9.65332451254971e-05,38.7029804313935,19.1538087666418,0.974162196583991,0.947791062749797,0.0471759753914456,-0.000983369648122068,0.0481593450395676,0.0776056056352028,0.0765479846205077,TRUE,"unstable_good_overlap_warning",26,"alpha_by_hidden_strength"
0.01,0.06,1800,902,0.49254850749923,0.50769856904849,0.00334004572705499,0.00954772512469734,9.2029749510478e-05,0.00367710847795716,0.000100955137647224,39.9556501839495,19.0538675443136,0.974972250597947,0.94751721677112,0.0439902618656425,0.00369638909044467,0.0402938727751978,0.0723420615664974,0.0713162187384442,TRUE,"unstable_good_overlap_warning",27,"alpha_by_hidden_strength"
0.01,0.06,1800,904,0.490726624202506,0.508510070304476,0.00346908291173315,0.0100454960679117,0.000102836757874691,0.00374087417681358,0.000101907371562499,36.3768194770581,18.2709716126985,0.972509966116453,0.945268373176991,-0.0831402450915316,-0.128450763081037,0.0453105179895057,0.0736896796583484,0.0726502648744762,TRUE,"unstable_good_overlap_warning",28,"alpha_by_hidden_strength"
0.01,0.06,1800,886,0.492113116798046,0.509177262930895,0.00351696183655437,0.0103478728714579,0.000100624915865899,0.00337455153272533,9.39730583381278e-05,33.5359438930865,17.3411442052695,0.970181247822097,0.942333678322326,-0.000405370255355919,-0.0438250510852123,0.0434196808298564,0.070557479902747,0.0695374849677135,TRUE,"unstable_good_overlap_warning",29,"alpha_by_hidden_strength"
0.01,0.06,1800,903,0.491492949176841,0.507370929408608,0.00333458575679635,0.00971601817318127,9.5646156163961e-05,0.00385582923982763,0.00010131899757608,40.3134782878028,19.5761999856921,0.97519440042209,0.948917563126098,-0.0199334997900718,-0.064471195888095,0.0445376960980233,0.0754039013760282,0.074381076535618,TRUE,"unstable_good_overlap_warning",30,"alpha_by_hidden_strength"
0.01,0.06,1800,925,0.492080646132119,0.507887375203337,0.00337143459804135,0.009785092312884,0.000106933862266697,0.0042388021781206,0.000111682569877861,39.6394751696975,19.3892203643582,0.974772622601107,0.948424950503001,0.135662042596372,0.0895340032758594,0.0461280393205126,0.0797222749764898,0.0786374653949089,TRUE,"unstable_good_overlap_warning",31,"alpha_by_hidden_strength"
0.01,0.06,1800,914,0.492234385414688,0.507713318638767,0.00332941812627713,0.00938570440394817,9.3669527070239e-05,0.00395851194182581,0.00010633214698122,42.2604027760008,19.7923940416984,0.976337187193874,0.949475541064249,0.0870532265059046,0.0430312684427672,0.0440219580631375,0.076996862837062,0.0759302807717676,TRUE,"unstable_good_overlap_warning",32,"alpha_by_hidden_strength"
0.01,0.06,1800,923,0.491492319785486,0.508446097170586,0.00339670332486874,0.0101847148503332,0.00011486896125718,0.0038825179597886,0.000110740108681512,33.7995392079504,17.2090508632639,0.970413797837671,0.941891042803837,0.015104217965369,-0.0278511105746984,0.0429553285400673,0.0753956608783738,0.0742793687532474,TRUE,"unstable_good_overlap_warning",33,"alpha_by_hidden_strength"
0.01,0.06,1800,926,0.490736954740642,0.508622883425444,0.00345052653142514,0.0100497135930515,0.000113360085433548,0.00434294274409486,0.000112241327519016,38.311039793991,19.2505121632728,0.973897863243147,0.948053330139036,0.0188116207489889,-0.0294843294040499,0.0482959501530388,0.0825357856312758,0.0814332873641118,TRUE,"unstable_good_overlap_warning",34,"alpha_by_hidden_strength"
0.01,0.06,1800,933,0.491186556311095,0.508847086598202,0.00321120512404194,0.00986000637634725,0.000112559288723872,0.00431761303985062,0.000115778241365371,38.3585671942412,18.9089066443135,0.973930204563268,0.94711486926185,0.0236765959653003,-0.0201872235223679,0.0438638194876682,0.0805947360724045,0.0794774798171829,TRUE,"unstable_good_overlap_warning",35,"alpha_by_hidden_strength"
0.02,0.06,1800,894,0.485127845208323,0.516013514699652,0.00693691151437292,0.0204202355529228,0.000405562067450111,0.00405380312727736,9.72603511777849e-05,9.9955184486676,8.06209702888625,0.899955164393369,0.875962792755157,0.0473119656753386,0.000973927120683671,0.0463380385546549,0.0775348587564623,0.0764943560719674,FALSE,"stable",1,"alpha_by_hidden_strength"
0.02,0.06,1800,887,0.484097102335833,0.514862805720874,0.00649141521782226,0.019361499924656,0.000354200197876566,0.0038189313110883,9.44867262249193e-05,10.7818440926426,8.51134968716968,0.907251487648353,0.882509820797583,0.0515135356156251,0.00390696737696206,0.047606568238663,0.0770176905585638,0.0759602561897201,TRUE,"unstable_good_overlap_warning",2,"alpha_by_hidden_strength"
0.02,0.06,1800,913,0.484663832445998,0.519594746271149,0.00651455614828328,0.0196884349501863,0.000411184549165911,0.00462003527417481,0.000106075331311566,11.2359165332126,8.93174871770473,0.91099969485853,0.888039841736952,0.0955211575757113,0.0419084191946197,0.0536127383810916,0.0874086136399214,0.0863001084962482,TRUE,"unstable_good_overlap_warning",3,"alpha_by_hidden_strength"
0.02,0.06,1800,932,0.483384312617839,0.517706107321678,0.00662786678022143,0.0201952514399346,0.000470931751645554,0.00427710008344921,0.000115467415059121,9.08220791761003,7.29383724653766,0.889894614935974,0.8628979553287,0.0750257698615117,0.035027653389319,0.0399981164721926,0.0733356796496897,0.0722147233495871,FALSE,"stable",4,"alpha_by_hidden_strength"
0.02,0.06,1800,908,0.484318893522915,0.515699894230352,0.00658828354187613,0.0197779146002775,0.000405020371754525,0.00409650970062608,0.000103541838797404,10.1143300098221,8.05508080551294,0.901130376502557,0.875854752528914,0.0607589904632104,0.0184177883127483,0.0423412021504621,0.0738770488750034,0.0728335987413333,TRUE,"unstable_good_overlap_warning",5,"alpha_by_hidden_strength"
0.02,0.06,1800,910,0.48235062803203,0.515293231943172,0.00688792656493475,0.0208908123893548,0.000456273407643057,0.00402940913209365,0.000104547704177281,8.83112858342571,7.18483852901831,0.886764189814108,0.860818027299963,-0.00490069231622381,-0.047518911728847,0.0426182194126232,0.0737344687815138,0.0726477484870743,FALSE,"stable",6,"alpha_by_hidden_strength"
0.02,0.06,1800,924,0.48266360507853,0.517254833184819,0.00683080013011717,0.0201508805032426,0.000452149197273704,0.00473038823297234,0.000111350894186057,10.4620073672471,8.39465388677782,0.904416048957234,0.880876565789678,0.076405363206925,0.0310696871024532,0.0453356761044719,0.0820295562038149,0.080955015450385,FALSE,"stable",7,"alpha_by_hidden_strength"
0.02,0.06,1800,876,0.486018544664958,0.518630965552895,0.0064312948408014,0.0194890562830184,0.000341289834331641,0.00373499523935769,8.98548933229555e-05,10.9437635219111,8.66297324259501,0.90862375653514,0.884566190845067,0.0636385753030962,0.0191600435137542,0.044478531789342,0.0717117592186232,0.070756037095046,TRUE,"unstable_good_overlap_warning",8,"alpha_by_hidden_strength"
0.02,0.06,1800,889,0.483326087714416,0.518273994270585,0.00664967685265427,0.0201850904006715,0.000387315870884181,0.00370075943411529,9.50613320804752e-05,9.55488714073875,7.67192025529127,0.895341516307781,0.869654536709984,0.0258624429594808,-0.021904982790484,0.0477674257499648,0.0740818887451253,0.0730114659284673,FALSE,"stable",9,"alpha_by_hidden_strength"
0.02,0.06,1800,908,0.484282994106616,0.518196063018953,0.00669976455556454,0.0197629165047383,0.000405461116186242,0.0041297957088703,0.000103811900058432,10.1854297342124,8.1091979687496,0.901820539133362,0.87668324242993,0.0334310804916269,-0.0105866086946251,0.044017689186252,0.0767899535136848,0.0757121704217759,TRUE,"unstable_good_overlap_warning",10,"alpha_by_hidden_strength"
0.02,0.06,1800,861,0.482638065451913,0.516997999505128,0.0071258305985647,0.0201252552560631,0.000341716438260884,0.00304840466324039,8.43690339313854e-05,8.92086046183438,7.15444403104363,0.887903190025419,0.860226735206687,0.0142602438661266,-0.0275267630469195,0.041787006913046,0.0657113029373081,0.0646790657846599,FALSE,"stable",11,"alpha_by_hidden_strength"
0.02,0.06,1800,871,0.482057399562044,0.516627595185706,0.00679270659176689,0.0190612581874722,0.000319565139523572,0.00367935653895515,8.79541365133612e-05,11.513635512436,9.02866871657303,0.913146460219286,0.889241699812908,0.0186591990876684,-0.0284413033137603,0.0471005024014287,0.0726027813244175,0.0716461649231544,TRUE,"unstable_good_overlap_warning",12,"alpha_by_hidden_strength"
0.02,0.06,1800,904,0.48068486540469,0.518675994741777,0.00683812594654176,0.0197409643058911,0.000396897450443889,0.00433084883376003,0.000101845438555093,10.9117577573663,8.68352998967544,0.908355736789985,0.884839460312916,0.0736102642559415,0.0236241451179353,0.0499861191380062,0.0796061520828893,0.0785689395319392,TRUE,"unstable_good_overlap_warning",13,"alpha_by_hidden_strength"
0.02,0.06,1800,926,0.48265812337116,0.51719890190809,0.00667400338515617,0.0204493319378336,0.000469280649818444,0.00457214937652379,0.000112221068098203,9.74288920349191,7.86265841639209,0.897361041564386,0.872816552997495,0.130302315358813,0.0866297947375769,0.0436725206212364,0.0778173700874029,0.0767457670128424,FALSE,"stable",14,"alpha_by_hidden_strength"
0.02,0.06,1800,928,0.485287760048075,0.518690705086134,0.00678371244320386,0.020477635849649,0.000474830624624388,0.00449515566462886,0.000113234584255863,9.46686130066849,7.6439748462389,0.894368368962014,0.869178010117075,0.0766248628661228,0.0312668663300519,0.0453579965360709,0.0801340612450909,0.0789974919253236,FALSE,"stable",15,"alpha_by_hidden_strength"
0.02,0.06,1800,892,0.479030030783159,0.51441219053299,0.00668943944135769,0.0188143892325302,0.000340740636849406,0.00413342642897384,9.62595178033422e-05,12.130711696711,9.45863836652043,0.917564605853164,0.894276537356627,0.0464853967928583,-0.00441061766216544,0.0508960144550238,0.0803839582716698,0.0793573176507052,TRUE,"unstable_good_overlap_warning",16,"alpha_by_hidden_strength"
0.02,0.06,1800,915,0.482823717025779,0.515451590937607,0.00686268187909878,0.0200029582431081,0.000428326996557019,0.00423168938902372,0.000107050078781435,9.87957663896722,7.90412885413246,0.898781087839758,0.873483843892907,0.0772737132929663,0.0341393498730986,0.0431343634198676,0.0781614419327144,0.0770536184914489,FALSE,"stable",17,"alpha_by_hidden_strength"
0.02,0.06,1800,878,0.48057891205303,0.519218568687083,0.00657532736297151,0.0193238403994991,0.000338492607493235,0.00347939372829711,9.06488511944324e-05,10.2790833574309,8.10780142039234,0.902715060747408,0.876662001429284,0.0753694229867323,0.0330155368188203,0.042353886167912,0.0696817355677065,0.068668839254319,TRUE,"unstable_good_overlap_warning",18,"alpha_by_hidden_strength"
0.02,0.06,1800,881,0.482804512555433,0.518584943582597,0.00682647882529847,0.020065464211965,0.000369989940909805,0.00410060779361973,9.18949178358194e-05,11.083025077753,8.87798704801898,0.909771926618906,0.887361854146528,0.0180477691151446,-0.0340008087420551,0.0520485778571997,0.0783873904942539,0.077415927095253,FALSE,"stable",19,"alpha_by_hidden_strength"
0.02,0.06,1800,874,0.484314334419622,0.516260987511472,0.0068487841381053,0.0197574698183887,0.000348108904996645,0.00333035755314622,8.91769220957142e-05,9.56699902054594,7.61597414508204,0.895474014594084,0.868697033242196,-0.0537692313361956,-0.0978425377948745,0.0440733064586789,0.0671449424105365,0.066133419805928,TRUE,"unstable_good_overlap_warning",20,"alpha_by_hidden_strength"
0.02,0.06,1800,901,0.48151733951819,0.516238218210658,0.00682928862194204,0.0201818248617643,0.0004095255407101,0.00390109611915653,0.000100544918479184,9.52589211503681,7.64815144432596,0.895022955548543,0.869249451023635,0.0109333722607932,-0.0326029091308944,0.0435362813916875,0.0712358852416196,0.070202721916418,FALSE,"stable",21,"alpha_by_hidden_strength"
0.02,0.06,1800,895,0.482436218707126,0.517286037053194,0.00653618444571535,0.0207283980648503,0.000421052945158248,0.00392891033186759,9.79952960143301e-05,9.33115508879995,7.5694511997417,0.892832131661783,0.867890026157494,-0.0352729974441002,-0.0839731468541296,0.0487001494100294,0.0753540134580642,0.0742940153831162,FALSE,"stable",22,"alpha_by_hidden_strength"
0.02,0.06,1800,901,0.483002417873173,0.517489548363814,0.00671124213300617,0.0195643430542441,0.000384079082496675,0.0038335994551156,0.000100343701342141,9.98127633037342,7.91374721216906,0.899812412070292,0.873637611463974,0.0981492617801492,0.0555985030423045,0.0425507587378446,0.0718266321174929,0.0707742335530151,TRUE,"unstable_good_overlap_warning",23,"alpha_by_hidden_strength"
0.02,0.06,1800,903,0.486291213860038,0.519007493788325,0.00681534547600221,0.0204708160664576,0.000424604026061226,0.00451438356253039,0.00010132434281104,10.631984826916,8.58364718414118,0.905944184808429,0.883499405491926,0.118688077432381,0.0673236026890741,0.0513644747433069,0.0828659814766687,0.0818330406705472,FALSE,"stable",24,"alpha_by_hidden_strength"
0.02,0.06,1800,893,0.48560879652581,0.516330485797326,0.00673743971855456,0.0196784678098872,0.000375182571527228,0.00397123115589928,9.68857921278411e-05,10.5847964625166,8.41240689198349,0.905524872061428,0.881127956262679,0.0750206360302897,0.0284164336974246,0.0466042023328651,0.0761230190498668,0.0750905530012011,TRUE,"unstable_good_overlap_warning",25,"alpha_by_hidden_strength"
0.02,0.06,1800,924,0.483127764583026,0.516827310051464,0.00690921708983594,0.020087320639778,0.000450004005778848,0.00440952322716181,0.000111525031815372,9.79885327805026,7.8527073970274,0.897947242230881,0.87265538502319,0.10113656956716,0.0574205038976288,0.0437160656695315,0.0791352772812771,0.0780128428852844,FALSE,"stable",26,"alpha_by_hidden_strength"
0.02,0.06,1800,876,0.48407591467796,0.518453064805199,0.00688814957944334,0.020205331666736,0.000366321452036888,0.00370767905696832,8.97284952325781e-05,10.1213811977218,8.12998461937671,0.901199255273076,0.876998537289156,0.0967243448826179,0.0534987970209045,0.0432255478617134,0.0708995382868233,0.0699410953299103,FALSE,"stable",27,"alpha_by_hidden_strength"
0.02,0.06,1800,908,0.483047452063337,0.522449464141514,0.0067547511569212,0.0201211559810688,0.000419570138051001,0.00455176221439261,0.000103633153851608,10.848632449241,8.6997965892766,0.907822483185891,0.885054783782807,0.084990881190853,0.038069669111144,0.046921212079709,0.0802897062416389,0.0792765019338142,FALSE,"stable",28,"alpha_by_hidden_strength"
0.02,0.06,1800,942,0.482707884366671,0.51712716916895,0.00648749997597609,0.0201075341996524,0.000487257260191396,0.00477032282900118,0.000120514883922951,9.7901523871135,7.84886717036456,0.897856543957756,0.872593078938097,0.0756382671002318,0.0314354008668867,0.0442028662333451,0.0792023724475278,0.0780801423792427,FALSE,"stable",29,"alpha_by_hidden_strength"
0.02,0.06,1800,890,0.48149161730946,0.514012292424818,0.00661585563818567,0.0193492287143092,0.000358122534445054,0.00373181936132789,9.56542636951632e-05,10.42050974846,8.22390958864043,0.904035404779715,0.878403332475677,-0.0209145769136387,-0.0630713385966262,0.0421567616829874,0.0724494294196816,0.0714149665841499,TRUE,"unstable_good_overlap_warning",30,"alpha_by_hidden_strength"
0.02,0.06,1800,877,0.481836278382037,0.51514019977626,0.00670816215178888,0.0189151467236833,0.000322758021249036,0.00386096020862718,9.02106091404757e-05,11.9623989318242,9.34928206286642,0.916404727371226,0.893039915442084,0.0957223497321831,0.0503184756452133,0.0454038740869698,0.0732156268355051,0.0722762414097707,TRUE,"unstable_good_overlap_warning",31,"alpha_by_hidden_strength"
0.02,0.06,1800,903,0.483075639656279,0.516607622119727,0.00666985003193943,0.0205092225314475,0.000426344188480713,0.00391236630615168,0.000101358914955319,9.17654423786914,7.41395356721819,0.891026515638287,0.865119198423141,0.00784617553520017,-0.0338739121377905,0.0417200876729906,0.0728699097230711,0.0718027193380074,FALSE,"stable",32,"alpha_by_hidden_strength"
0.02,0.06,1800,910,0.481332407646613,0.516076366763254,0.00657022753764053,0.0197227123289124,0.000407312259599356,0.00426377129536351,0.000104711456742799,10.4680652125656,8.32729258289724,0.904471363170376,0.879912950092108,0.00447170411703635,-0.0381123017157472,0.0425840058327835,0.0787293503877131,0.0776531561929352,TRUE,"unstable_good_overlap_warning",33,"alpha_by_hidden_strength"
0.02,0.06,1800,891,0.480297479686458,0.518082724358943,0.00656322754388816,0.0196289192344125,0.000369921454741218,0.00396308235281878,9.60100606797035e-05,10.7133076549755,8.50571859093613,0.90665814590552,0.882432038009626,0.071319118487563,0.0230414612247687,0.0482776572627943,0.0788704254079648,0.0778095731944588,TRUE,"unstable_good_overlap_warning",34,"alpha_by_hidden_strength"
0.02,0.06,1800,908,0.483958609857996,0.516641242270299,0.0067121509384479,0.01925941299833,0.000384517184603993,0.00415655782909169,0.000103664405463466,10.8098103167286,8.5143682466955,0.907491438730201,0.882551474046462,0.0766580976318247,0.0330729518372661,0.0435851457945586,0.0747876878860927,0.0737528591204741,TRUE,"unstable_good_overlap_warning",35,"alpha_by_hidden_strength"
0.05,0.06,1800,913,0.456274323364057,0.541881562253241,0.0167786284820283,0.0485404727013454,0.00249285840861829,0.00617593917895488,0.00010580096020458,2.47745285396213,2.3765866558157,0.596359624603663,0.579228471407545,0.0545940553675831,0.0118159466194396,0.0427781087481435,0.07401929789486,0.072948404142083,FALSE,"stable",1,"alpha_by_hidden_strength"
0.05,0.06,1800,863,0.461127023186917,0.540278229261041,0.0169989210602354,0.0487751642132939,0.00200378147476824,0.00518755660440924,8.42272995354372e-05,2.58888340357036,2.48445153499856,0.613733087159936,0.597496676464417,-0.0121464205929256,-0.0567660419333151,0.0446196213403895,0.0708725556760554,0.0699287994193381,FALSE,"stable",2,"alpha_by_hidden_strength"
0.05,0.06,1800,924,0.462245077176858,0.542164826113586,0.0175919703993125,0.0499085807133014,0.00277137320598176,0.00706193931089433,0.000111261413856662,2.54817333719319,2.44982116786281,0.607562018876824,0.591806939576579,0.0134234570689205,-0.0368476703026592,0.0502711273715797,0.0844435997716113,0.0833415277119145,FALSE,"stable",3,"alpha_by_hidden_strength"
0.05,0.06,1800,940,0.461688439284137,0.543683869720941,0.0169436334767252,0.0512663753823017,0.00315151975092619,0.00749339505259236,0.000119909835412356,2.37770842159252,2.29055672904735,0.579426984857029,0.563424914424232,0.0364873364384186,-0.00857462751738791,0.0450619639558065,0.0824626706873117,0.0813160101037452,FALSE,"stable",4,"alpha_by_hidden_strength"
0.05,0.06,1800,899,0.455794881744115,0.546577189625563,0.0173030291693117,0.0504952149858786,0.00254030120044705,0.00632177923108998,9.96287685501712e-05,2.48859435643988,2.39467686845167,0.598166733195291,0.582407124245297,0.0528080498959741,0.00562990195657265,0.0471781479394014,0.0767741077515723,0.0757559919395893,FALSE,"stable",5,"alpha_by_hidden_strength"
0.05,0.06,1800,921,0.465247302727799,0.542360689652312,0.0172612394125962,0.0509152504411321,0.00284554328823696,0.00709876357837067,0.000109766401826011,2.49469533909953,2.40203712059003,0.599149449503138,0.583686700164583,0.0395523369211083,-0.00820998260550487,0.0477623195266131,0.0823704059918609,0.0813005573848613,FALSE,"stable",6,"alpha_by_hidden_strength"
0.05,0.06,1800,931,0.453122821821303,0.545907734110596,0.0163760312554558,0.0507319732340552,0.00294296850382418,0.00698326080751659,0.000114346296996526,2.37286290982807,2.28411572326213,0.578568152480222,0.562193811015924,0.0776794016011141,0.0327998505680018,0.0448795510331123,0.0791469041440842,0.0780188779499492,FALSE,"stable",7,"alpha_by_hidden_strength"
0.05,0.06,1800,918,0.465584628877123,0.545011832552473,0.0169574791809356,0.0498085222209243,0.00268281093209318,0.00690790065108478,0.000108139100764004,2.57487419946329,2.47510724655036,0.611631511858544,0.595977103055339,0.0288693361937153,-0.0186871606015975,0.0475564967953128,0.0816334298429799,0.0805819745478785,FALSE,"stable",8,"alpha_by_hidden_strength"
0.05,0.06,1800,886,0.466357031448845,0.541402945294097,0.0160454382396852,0.0474385913545374,0.00212257647775481,0.0055373593171906,9.43191282158307e-05,2.60879142646857,2.49779885993601,0.616680739650519,0.599647507235382,0.128729390149406,0.0854147382592854,0.0433146518901205,0.0707625315539758,0.069778428693279,FALSE,"stable",9,"alpha_by_hidden_strength"
0.05,0.06,1800,911,0.459316043031343,0.536615961629917,0.0164760212404786,0.0489575138183889,0.00252237869342597,0.00640985635015679,0.000105237755985413,2.54119508972332,2.43941856567106,0.606484364760489,0.590066250182486,0.0144243276794296,-0.0291899983099206,0.0436143259893502,0.0759788990734373,0.0749434323172667,FALSE,"stable",10,"alpha_by_hidden_strength"
0.05,0.06,1800,932,0.459179182844564,0.53976478035741,0.0171000050446379,0.0487134989455609,0.00274005554438956,0.00658416097893746,0.000115467753672593,2.40292974805527,2.30576335462074,0.583841349998137,0.566304149124408,0.00882579823829532,-0.0314561902517543,0.0402819884900496,0.0757096926031842,0.0745639539449183,FALSE,"stable",11,"alpha_by_hidden_strength"
0.05,0.06,1800,935,0.441513777144176,0.538179286605174,0.017018444326091,0.0509438646889372,0.00303821680879883,0.00718747115655898,0.000117067133863317,2.36568737811722,2.27791580319546,0.577289878092062,0.561002211496491,-0.0122326390408296,-0.0565570404449474,0.0443244014041178,0.0815307487291513,0.0803723646256846,FALSE,"stable",12,"alpha_by_hidden_strength"
0.05,0.06,1800,913,0.45960744430798,0.542024949441642,0.0162040743034138,0.0511313325545412,0.00277403931354377,0.00596298031089626,0.000106105620436947,2.1495658990062,2.07037508444226,0.534789791528455,0.516995733036754,-0.011674423287436,-0.051664220031806,0.0399897967443701,0.0711190885130648,0.0699259068006571,FALSE,"stable",13,"alpha_by_hidden_strength"
0.05,0.06,1800,903,0.460259936950558,0.540869893585479,0.017063280775561,0.0510700374741429,0.00264460315608365,0.00605974485696563,0.000101397712794802,2.29136263526941,2.20675270923734,0.56357846435668,0.546845464009603,-0.020323246011171,-0.0607517302537965,0.0404284842426256,0.0696675961432468,0.0686255657759837,FALSE,"stable",14,"alpha_by_hidden_strength"
0.05,0.06,1800,884,0.45988473114576,0.54527935087286,0.0171564754934965,0.0496692529140525,0.00230226452523259,0.00583800522098841,9.33211251221284e-05,2.53576648426123,2.43698455119898,0.605641920813013,0.589656816040131,0.178883841831612,0.13311773564263,0.0457661061889816,0.0763008286374988,0.0752871664204044,FALSE,"stable",15,"alpha_by_hidden_strength"
0.05,0.06,1800,906,0.457486684461194,0.538847730362419,0.0167863248598203,0.0484397250688067,0.00239202203668723,0.0063854916616419,0.000101944039232371,2.66949533227768,2.5603763111683,0.625397359602507,0.60943241208801,0.107831900270827,0.064094367202393,0.0437375330684341,0.0792012593053973,0.0781838116118937,FALSE,"stable",16,"alpha_by_hidden_strength"
0.05,0.06,1800,925,0.456277506021234,0.540869413578328,0.0169436413726524,0.0496094280052301,0.00273428460291707,0.00622372190593528,0.000111100311747096,2.27617926067224,2.18730403533816,0.560667291334224,0.542816186573077,0.0327107817215032,-0.00791222617606213,0.0406230078975653,0.0708674772520687,0.069730175379736,FALSE,"stable",17,"alpha_by_hidden_strength"
0.05,0.06,1800,874,0.456230926488365,0.542028353801652,0.0161782609370001,0.050561678575799,0.00229666621522885,0.00556775462939085,8.98369325914455e-05,2.42427680281614,2.33301792812473,0.58750584964623,0.571370632027763,0.077305602230233,0.0330254239031063,0.0442801783271267,0.0701805922615869,0.0692101656207906,FALSE,"stable",18,"alpha_by_hidden_strength"
0.05,0.06,1800,898,0.463224717029903,0.538850217301353,0.0162203468367264,0.0499276923966975,0.00249521038753258,0.0057220717364013,0.000100097719208238,2.29322215272582,2.20477550296988,0.563932347848918,0.546439082503875,-0.0242859919961798,-0.0690116531371439,0.0447256611409641,0.0723072065190395,0.0711768816007104,FALSE,"stable",19,"alpha_by_hidden_strength"
0.05,0.06,1800,879,0.459730401162762,0.552309980932284,0.0171370910187733,0.0499969344239703,0.00228216109686684,0.00572693778939405,9.129763872559e-05,2.5094362520054,2.41290809210744,0.601504123007367,0.585562333156835,0.0399207110271969,-0.00825806870813706,0.0481787797353339,0.0759614100389149,0.0749480399753147,FALSE,"stable",20,"alpha_by_hidden_strength"
0.05,0.06,1800,918,0.449583510745946,0.53398381021408,0.0170382579469597,0.0485929633622351,0.00254359956956154,0.00650055158207332,0.000107721396161152,2.55565052764727,2.4518161573476,0.608710193674016,0.592139077392405,0.205670765299526,0.160224971315244,0.0454457939842814,0.0796606350088706,0.078568839426653,FALSE,"stable",21,"alpha_by_hidden_strength"
0.05,0.06,1800,916,0.454039911512579,0.548555654633102,0.0172858669849093,0.0490569310785553,0.00257775517977026,0.00689168525360459,0.000107112687550073,2.67352202710685,2.56686198136183,0.625961563113752,0.610419256173073,0.0911507659376501,0.0415253894820262,0.0496253764556239,0.0833558681753937,0.08231452163311,FALSE,"stable",22,"alpha_by_hidden_strength"
0.05,0.06,1800,890,0.458998254802631,0.53911553781388,0.0167516825334122,0.0500813558075573,0.00239016608490942,0.00552797635522653,9.5296274882813e-05,2.31280009792124,2.22412394758158,0.567623677939652,0.550384770108088,0.0881884816349485,0.0469143147398128,0.0412741668951357,0.0702389696450974,0.0691641564343069,FALSE,"stable",23,"alpha_by_hidden_strength"
0.05,0.06,1800,882,0.457524200927099,0.540907287273888,0.0169313772876943,0.0507407627135909,0.0023900384176849,0.00579495929704147,9.2830544913618e-05,2.42463018759955,2.33397709840337,0.587565969806707,0.571546781378411,0.0741751067556864,0.0293863673607706,0.0447887393949158,0.0732776548271953,0.0722718440513869,FALSE,"stable",24,"alpha_by_hidden_strength"
0.05,0.06,1800,859,0.454141433912941,0.543565144522952,0.0169988262464148,0.0507473767492988,0.00214472457240479,0.00506081694546453,8.32806934331193e-05,2.35965821000038,2.27145645616831,0.576209810487834,0.559753832267212,-0.0896958912848367,-0.136589590744278,0.0468936994594409,0.0687330649114876,0.0677444816119625,FALSE,"stable",25,"alpha_by_hidden_strength"
0.05,0.06,1800,911,0.457273812649232,0.547560156777887,0.0175602159293722,0.0512040249858276,0.00275854703236758,0.0061642788595669,0.000105213675238246,2.23461075241348,2.15251185030763,0.552494769426866,0.53542648331665,0.105831234584443,0.0627467190024843,0.043084515581959,0.0727114775974127,0.0715795244948175,FALSE,"stable",26,"alpha_by_hidden_strength"
0.05,0.06,1800,906,0.456817329409898,0.538430435638789,0.0154865321439911,0.0499727066175389,0.00255271074818542,0.00637489497542167,0.000102219996647319,2.49730408349369,2.40115301984019,0.599568187707035,0.583533414265053,0.0171277306935251,-0.031284050335602,0.0484117810291271,0.0797915157719087,0.0787173181018968,FALSE,"stable",27,"alpha_by_hidden_strength"
0.05,0.06,1800,920,0.45679795156321,0.547747994693197,0.0166047091523718,0.0491496028773943,0.00262662965132731,0.00646817683938821,0.000108732360491439,2.46253857528779,2.3646511180023,0.593914990800446,0.577104634004183,0.145963441159658,0.101016616562055,0.0449468245976031,0.0760693179997311,0.0749850455727559,FALSE,"stable",28,"alpha_by_hidden_strength"
0.05,0.06,1800,923,0.452623027507909,0.551307133326098,0.0169486456181716,0.0514703138282471,0.0029434773928074,0.00718866671418679,0.000111108445643356,2.44223608842821,2.3534014411043,0.590539176479213,0.575083119040344,-0.0503250795894721,-0.095351617972929,0.0450265383834569,0.0800603898245639,0.0790057414411872,FALSE,"stable",29,"alpha_by_hidden_strength"
0.05,0.06,1800,900,0.462181002442194,0.539977838991382,0.0175671049026268,0.0516083989626926,0.00266125042809573,0.00603031285866897,9.99182851444917e-05,2.2659697092032,2.18397116762649,0.558687834202499,0.542118497339511,0.0516292142836768,0.00945166593366342,0.0421775483500134,0.0717859527780107,0.0707134415873662,FALSE,"stable",30,"alpha_by_hidden_strength"
0.05,0.06,1800,872,0.450532461574459,0.548015340269983,0.0169209386644728,0.0502974544213703,0.00223981814865969,0.00577525375653135,8.85361734550323e-05,2.57844761191316,2.48040158736922,0.612169742995857,0.596839477489358,0.0744351417772777,0.0303324419140611,0.0441026998632166,0.0728428439474095,0.0719249773528064,FALSE,"stable",31,"alpha_by_hidden_strength"
0.05,0.06,1800,903,0.458074655267209,0.55089227299445,0.0168592945597009,0.0492232731365255,0.00246198580252313,0.00550017678114781,0.000101611898580817,2.23404082002059,2.14549138454107,0.552380605117688,0.533906308267976,0.108318344352807,0.0696244680042004,0.0386938763486069,0.0673085664414123,0.0661734315333305,FALSE,"stable",32,"alpha_by_hidden_strength"
0.05,0.06,1800,906,0.456054640270421,0.539297773826801,0.0170312569676985,0.0502214609822327,0.00258692452568635,0.00660479430702101,0.000102566390735911,2.55314534360783,2.45577862586989,0.608326254318563,0.592797172568525,0.032400798188705,-0.0140251017261659,0.0464258999148709,0.0782449433234559,0.077239786015368,FALSE,"stable",33,"alpha_by_hidden_strength"
0.05,0.06,1800,892,0.459329303533145,0.535606316960799,0.0165302393265149,0.0503837234793177,0.00243832552618871,0.00579865226532638,9.60530513224481e-05,2.37812884417862,2.28799766411412,0.579501336755626,0.562936616726317,0.0682919465213144,0.0266698015471103,0.0416221449742041,0.0723690802102332,0.0713272665764544,FALSE,"stable",34,"alpha_by_hidden_strength"
0.05,0.06,1800,916,0.461446764061935,0.536741942484456,0.0161219999138112,0.0492351185953641,0.0026082542157186,0.00638970195798157,0.000107596945170944,2.44980029917104,2.35274379170643,0.591803462372677,0.574964344385876,0.0807616763827308,0.035074847687163,0.0456868286955678,0.0778078000482935,0.0766928438225104,FALSE,"stable",35,"alpha_by_hidden_strength"
0.1,0.06,1800,887,0.423290119474181,0.576097492859781,0.0352457689214106,0.102262085079985,0.00988654497465916,0.0136253252160628,9.45399262599091e-05,1.37816853622643,1.36511464949148,0.274399339620607,0.267460795052991,-0.0319791965317391,-0.0749502181634654,0.0429710216317263,0.0748889876539979,0.0739360925075069,FALSE,"stable",1,"alpha_by_hidden_strength"
0.1,0.06,1800,892,0.423422800620175,0.58744299710811,0.0336561151592867,0.0988885054947312,0.00943591987826419,0.0128051207733349,9.64922909556528e-05,1.35706120214434,1.34332428623708,0.263113558607481,0.255578113010077,0.118682643122419,0.0699123896666143,0.0487702534558047,0.0728482160722439,0.0717974692894884,FALSE,"stable",2,"alpha_by_hidden_strength"
0.1,0.06,1800,882,0.423256545916949,0.570697660597595,0.0358275339435218,0.105773829347605,0.010343713159872,0.0134285443501683,9.2452788315572e-05,1.29823247634745,1.28673158484035,0.229721934846768,0.22283713885513,0.137984884567927,0.0937760508396508,0.0442088337282763,0.0691833997594519,0.068138795789738,FALSE,"stable",3,"alpha_by_hidden_strength"
0.1,0.06,1800,859,0.424945340886294,0.584123006450118,0.0334804854401105,0.100226409072197,0.00824959909163492,0.0105711220127989,8.21236989318871e-05,1.28141039284176,1.26877985244151,0.219609887990437,0.211841204700957,0.20379873578461,0.160599139249397,0.0431995965352128,0.0572884807394441,0.056266069547657,FALSE,"stable",4,"alpha_by_hidden_strength"
0.1,0.06,1800,919,0.396995708953428,0.578762019973393,0.0344741347936807,0.0977032791686828,0.0102936577702937,0.0143385403778017,0.000107832939801834,1.39294900780373,1.37850821362413,0.282098630748368,0.274578134452331,0.0363181258392312,-0.00403044663974406,0.0403485724789753,0.0776190285723166,0.0765774127243369,FALSE,"stable",5,"alpha_by_hidden_strength"
0.1,0.06,1800,909,0.414797616902181,0.579091005539095,0.0347224469046736,0.101250062048956,0.010609672907104,0.0140983499233018,0.00010349310071788,1.3288204119716,1.31598352093194,0.24745286045367,0.240112065163377,-0.0182467318438606,-0.0604381639296852,0.0421914320858245,0.0730918507842566,0.0719995382574734,FALSE,"stable",6,"alpha_by_hidden_strength"
0.1,0.06,1800,914,0.411587820939723,0.570198489857217,0.0336105813015523,0.098848261294735,0.0103328776579674,0.0136934120585631,0.000105750692031165,1.32522734825999,1.31180185743129,0.24541249370307,0.237689751439937,0.131099025817812,0.0843810279424058,0.0467179978754059,0.0748840516746396,0.0736963923322499,FALSE,"stable",7,"alpha_by_hidden_strength"
0.1,0.06,1800,889,0.407638319829012,0.584765959259204,0.0342721187863657,0.102293422272022,0.00996114785587923,0.0140783862689133,9.5194963077927e-05,1.41332971587246,1.39995090883082,0.292451019199938,0.285689238321107,-0.0847934749321634,-0.131166700863694,0.0463732259315308,0.0799904748447002,0.079060334202963,FALSE,"stable",8,"alpha_by_hidden_strength"
0.1,0.06,1800,898,0.412694360737043,0.583427442605057,0.034040732218268,0.102813836302877,0.0104669341971995,0.0140992138950158,9.90185050566719e-05,1.34702422212497,1.33440062551153,0.25762285222869,0.250599871671478,-0.00356761024332086,-0.0477317777469983,0.0441641675036775,0.0751402490605701,0.0741089841666697,FALSE,"stable",9,"alpha_by_hidden_strength"
0.1,0.06,1800,862,0.413209077157747,0.592146183852162,0.0337509775553212,0.0986214465963161,0.00816630072498808,0.0116099303192751,8.39619722906391e-05,1.42168782540053,1.40721947230899,0.296610703043569,0.289378792947498,0.0938420753292994,0.0455313578154044,0.048310717513895,0.0730551740859664,0.0721590689946973,FALSE,"stable",10,"alpha_by_hidden_strength"
0.1,0.06,1800,886,0.400989221452899,0.596654696889693,0.034955076500597,0.102652257685214,0.00994730547186428,0.0133272242649781,9.43992282830422e-05,1.33978234635237,1.32718743111242,0.253610108595209,0.246526921098236,0.0335105382647389,-0.00849851128363599,0.0420090495483749,0.070495896771801,0.0695044699045436,FALSE,"stable",11,"alpha_by_hidden_strength"
0.1,0.06,1800,897,0.424676608933449,0.574964525088199,0.0329217862245594,0.0983000687950591,0.00960055579480072,0.0129050627646885,9.93547722985065e-05,1.3441995484967,1.33043110814451,0.256062835969287,0.24836393716421,0.0984539237157954,0.052945258510791,0.0455086652050044,0.0704627340352371,0.069395367921989,FALSE,"stable",12,"alpha_by_hidden_strength"
0.1,0.06,1800,862,0.417255350171326,0.587350368466178,0.034129381415019,0.1024000228905,0.00889633770372678,0.0112687744961204,8.4842049850014e-05,1.26667566715681,1.25470982713965,0.210531925473389,0.203002974576446,-0.028926453787339,-0.0707618550301963,0.0418354012428572,0.0592876099236597,0.0582178499566611,FALSE,"stable",13,"alpha_by_hidden_strength"
0.1,0.06,1800,899,0.406252201816262,0.576077803292454,0.0329971175829182,0.0978166347017753,0.00949800778277439,0.0126214823359491,9.92675004924954e-05,1.32885575845068,1.31511100426129,0.247472877593649,0.239607913887306,0.034688183764527,-0.00851387873727427,0.0432020625018013,0.0713056132890894,0.070163378733721,FALSE,"stable",14,"alpha_by_hidden_strength"
0.1,0.06,1800,923,0.426216828312347,0.580460238496182,0.0330816062280705,0.0969995040460196,0.0105546205674915,0.0145321570108805,0.000112176942271671,1.37685262278778,1.36237300816665,0.273705853880533,0.265986632144374,0.0131892123094195,-0.0317565985644834,0.0449458108739029,0.0799808803399295,0.0788449790927724,FALSE,"stable",15,"alpha_by_hidden_strength"
0.1,0.06,1800,924,0.398504843182274,0.578182000640717,0.0335440691605493,0.100398741442882,0.0112207174811049,0.0159631697296891,0.000111317665586851,1.42265142639677,1.40867633421957,0.297087127988368,0.290113721862151,0.0480519391370532,0.002434579927592,0.0456173592094612,0.0853384629806197,0.0843309580531767,FALSE,"stable",16,"alpha_by_hidden_strength"
0.1,0.06,1800,905,0.409735849927769,0.583086255756611,0.0314785231242521,0.100165029507967,0.0102732061736923,0.0139957787133341,0.000102393822826027,1.3623574253941,1.34891271040042,0.265978236430337,0.258662186003755,0.10410508615273,0.0604795306009491,0.0436255555517813,0.0769658672650115,0.0758999671927278,FALSE,"stable",17,"alpha_by_hidden_strength"
0.1,0.06,1800,863,0.413562720105863,0.595237593042645,0.0338971429808369,0.100586525775968,0.00863804620125612,0.0113274530352447,8.53760202404534e-05,1.31134434469655,1.29851023458789,0.237423790292547,0.229886701418746,-0.0332748505924615,-0.0790831411955767,0.0458082906031152,0.067103827772913,0.0660301222845627,FALSE,"stable",18,"alpha_by_hidden_strength"
0.1,0.06,1800,911,0.415687502090699,0.598697447836918,0.0334520731463293,0.0990319597481571,0.0102666837254547,0.0138510284218195,0.000104683789760485,1.34912390331826,1.33550647024122,0.25877823560873,0.251220400437763,0.00645382566668073,-0.0412502737394438,0.0477040994061245,0.0768465198939393,0.0757160209396899,FALSE,"stable",19,"alpha_by_hidden_strength"
0.1,0.06,1800,888,0.41457322092015,0.579397222388601,0.0349897920512509,0.100247682635724,0.00940684307118901,0.0120062065496834,9.36041739111035e-05,1.27632686745414,1.26375172030723,0.216501645856067,0.208705330381754,-0.00673722124082965,-0.0508216754345179,0.0440844541936882,0.0645575791277846,0.0633845491698252,FALSE,"stable",20,"alpha_by_hidden_strength"
0.1,0.06,1800,866,0.412016169228685,0.589378526433609,0.0341577258073541,0.102305280982836,0.00895589649480897,0.0128366577672617,8.55683111951951e-05,1.43331912943635,1.41975421490744,0.302318667585742,0.295652733761953,0.0298823541877629,-0.0118472145503845,0.0417295687381474,0.0755148503595765,0.074677682737747,FALSE,"stable",21,"alpha_by_hidden_strength"
0.1,0.06,1800,926,0.408763760807288,0.570433013347647,0.0329367350731059,0.0987776544279463,0.0108995033389408,0.0141296740892567,0.000111709289696205,1.29635944408361,1.28320781423378,0.228609006117979,0.220703000006971,0.109157764474735,0.067543453164305,0.0416143113104305,0.0726471595941413,0.0713799253017942,FALSE,"stable",22,"alpha_by_hidden_strength"
0.1,0.06,1800,913,0.415557280889021,0.585239644167655,0.0339210792869552,0.101727826594915,0.0110475842304462,0.0144864035104379,0.00010675489299646,1.31127341582195,1.29872360434088,0.237382541326697,0.230013224786568,-0.0239894689568265,-0.0677183700842856,0.0437289011274591,0.0723542593977401,0.0712223203592257,FALSE,"stable",23,"alpha_by_hidden_strength"
0.1,0.06,1800,918,0.424131653759445,0.588153802492072,0.0320958583302019,0.0978943451942934,0.0104895338823906,0.0142344345339572,0.000109456354226682,1.35701306593359,1.34299911748009,0.263087419639523,0.255397872579149,0.0281972706743461,-0.0141714891198668,0.0423687597942128,0.0759813664614079,0.0748627362581902,FALSE,"stable",24,"alpha_by_hidden_strength"
0.1,0.06,1800,872,0.420102370543043,0.592021125615756,0.0338183055311272,0.10653232493604,0.0100428939816187,0.0136541766104028,8.84903816011842e-05,1.35958585596878,1.34771084788489,0.264481904096123,0.258001075253338,-0.0946385372654177,-0.14080499341114,0.0461664561457227,0.0753950000701026,0.0744655364455095,FALSE,"stable",25,"alpha_by_hidden_strength"
0.1,0.06,1800,887,0.415623997752321,0.583384125344244,0.03228067592517,0.0937213118328827,0.00819290451656421,0.0118007231938676,9.32741233007196e-05,1.44035893131785,1.42414540003931,0.305728608156679,0.297824505859865,0.104830735512862,0.0630258001989479,0.0418049353139144,0.0728220864957246,0.0718745756352214,FALSE,"stable",26,"alpha_by_hidden_strength"
0.1,0.06,1800,872,0.411665656901916,0.572614480153485,0.0315551593476774,0.0947343636884963,0.00789569564547624,0.0110875374393099,8.79782490757746e-05,1.40425086492061,1.38877634354228,0.287876529058408,0.279941651764208,-0.0330427623933263,-0.0705097481232162,0.0374669857298899,0.068045932910715,0.0671015889307281,FALSE,"stable",27,"alpha_by_hidden_strength"
0.1,0.06,1800,836,0.419412599458336,0.570384074587701,0.0333813172353163,0.0969959685852372,0.0070666963878705,0.00973778111165944,7.51119547465504e-05,1.3779820975999,1.36348955957716,0.274301167089363,0.266587710205781,0.101304913031379,0.0547505480254671,0.0465543650059115,0.0661825094248817,0.065245334896122,FALSE,"stable",28,"alpha_by_hidden_strength"
0.1,0.06,1800,909,0.411142053860397,0.594705405704132,0.0326805601119224,0.1019137762405,0.0108099435626749,0.0150082082864084,0.000104077688609657,1.38837064221403,1.37513093852937,0.27973124063953,0.272796522875524,-0.0384158531174825,-0.0861159532528604,0.0477001001353778,0.0814205221489575,0.080404954894165,FALSE,"stable",29,"alpha_by_hidden_strength"
0.1,0.06,1800,890,0.420889475611228,0.584840151381034,0.0325662118898805,0.098922224659177,0.00943770079759943,0.0132275730071797,9.64447197749e-05,1.40156731929288,1.38738946065746,0.28651304419361,0.279221856330005,-0.0374818245727964,-0.0830862738859752,0.0456044493131789,0.0779536406880297,0.0769553660771499,FALSE,"stable",30,"alpha_by_hidden_strength"
0.1,0.06,1800,907,0.42706149536586,0.592924517495767,0.034782552164922,0.0981491178594502,0.0098634976129692,0.0134450445192887,0.000102390141356629,1.36311124581307,1.3491065573614,0.266384161181562,0.258768705449174,0.0788716372533804,0.0370848812964653,0.0417867559569152,0.0745648615744746,0.0734912938081872,FALSE,"stable",31,"alpha_by_hidden_strength"
0.1,0.06,1800,912,0.407005662696725,0.57889807039164,0.0335800348715724,0.0968801263696933,0.00976906049957221,0.0140713816502515,0.000104083863849948,1.44040275427383,1.42521785687474,0.305749730738231,0.298352883261772,0.00378044722946558,-0.0410455013097664,0.0448259485392319,0.0819260083349671,0.0809289439550688,FALSE,"stable",32,"alpha_by_hidden_strength"
0.1,0.06,1800,888,0.414065708599513,0.580201496257134,0.0318756176811508,0.0967641333659336,0.00881639279943062,0.012675309782426,9.41590587474595e-05,1.43769794186627,1.42250558485809,0.30444360329131,0.297015062264407,-0.000638602847271796,-0.0491912336001297,0.0485526307528579,0.0785670421075962,0.077602589496446,FALSE,"stable",33,"alpha_by_hidden_strength"
0.1,0.06,1800,898,0.416399126892372,0.585587746327138,0.0328019821530086,0.1014698698325,0.010216476901868,0.0133408384611851,9.92263350669938e-05,1.30581594705567,1.29325535591396,0.234195292028112,0.226757503514617,0.0376900158496598,-0.0103297238012547,0.0480197396509146,0.0711385678077098,0.0699998115568689,FALSE,"stable",34,"alpha_by_hidden_strength"
0.1,0.06,1800,885,0.420533866755542,0.589777107262491,0.0329436351293244,0.104035083257781,0.0102265509222556,0.0130174560249343,9.44864532422691e-05,1.27290775980051,1.26125461533912,0.214397121629049,0.207138679344989,-0.00130734945062194,-0.0436246717489954,0.0423173222983735,0.0654681481901685,0.0643503899592185,FALSE,"stable",35,"alpha_by_hidden_strength"
0.2,0.06,1800,911,0.361168023831458,0.633426371912852,0.0667484224064973,0.201600644281494,0.0425394549505958,0.045917949685157,0.000104666593475541,1.0794202638112,1.07677091290771,0.0735767767882997,0.0712973502417487,-0.0491780976050427,-0.0982875036109772,0.0491094060059345,0.0754664068250537,0.0742882260786606,FALSE,"stable",1,"alpha_by_hidden_strength"
0.2,0.06,1800,937,0.288309451312946,0.663415189788389,0.0660044067723777,0.202656793722594,0.0481693292419757,0.0536602671986946,0.000117286564194572,1.1139924105884,1.11128656052632,0.102327816154677,0.100142091589418,0.0473573379653047,-0.00241227825298074,0.0497696162182855,0.0969603282697728,0.0959192011864588,FALSE,"stable",2,"alpha_by_hidden_strength"
0.2,0.06,1800,889,0.346608071903283,0.642412122550178,0.0692405511159387,0.19742865673675,0.0374866344352391,0.0415882744913496,9.6173643555418e-05,1.1094160656966,1.10657709248754,0.0986249154665851,0.0963123972211981,0.151283825818616,0.100842044096397,0.0504417817222194,0.0822126659413323,0.0812431036145199,FALSE,"stable",3,"alpha_by_hidden_strength"
0.2,0.06,1800,958,0.323684070888569,0.666926112729236,0.0663599365921473,0.206295329763677,0.0551854450363104,0.0621283508869031,0.000129671864871246,1.12581045320962,1.12317128422404,0.111751008218959,0.109663847317049,0.0872579244484525,0.0392694206459949,0.0479885038024576,0.1042811470649,0.103302733526361,FALSE,"stable",4,"alpha_by_hidden_strength"
0.2,0.06,1800,890,0.32533559477043,0.6662319794013,0.0666173832202465,0.205407803459842,0.0412993551034437,0.044265188403922,9.78834781992717e-05,1.07181306567741,1.06927877125482,0.0670014837261029,0.0647901867288762,-0.0212393032288833,-0.0675338353528594,0.0462945321239761,0.0683160151585467,0.067179216119189,FALSE,"stable",5,"alpha_by_hidden_strength"
0.2,0.06,1800,883,0.355613913996839,0.659075433228349,0.0685938499503216,0.196352847183022,0.0361516878796473,0.0391124235601061,9.37678963044625e-05,1.08189757806926,1.07909868210449,0.0756980879977671,0.0733006938255456,-0.0414041517445611,-0.0818771426602654,0.0404729909157042,0.0660103812255778,0.0649566813469046,FALSE,"stable",6,"alpha_by_hidden_strength"
0.2,0.06,1800,913,0.340466030370488,0.6825168168797,0.0706316315387809,0.212177040038698,0.0479459771537906,0.0517547160023521,0.000106501420671419,1.07943813171947,1.07704571205735,0.0735921118451973,0.0715343009074159,-0.0108857781073681,-0.0551361188624142,0.0442503407550461,0.0795094185054509,0.0783899004478685,FALSE,"stable",7,"alpha_by_hidden_strength"
0.2,0.06,1800,879,0.339971192799935,0.644659172904987,0.0672686318180503,0.192814507703851,0.034224923104883,0.0369311282049801,9.2058324289053e-05,1.07907118130854,1.07617647785262,0.0732770763210041,0.0707843735858454,0.0628494812937701,0.0192098873708588,0.0436395939229113,0.066605597458786,0.0654629177419202,FALSE,"stable",8,"alpha_by_hidden_strength"
0.2,0.06,1800,893,0.333637261326776,0.683953614909396,0.0668347316326563,0.198025782575877,0.0368679385332829,0.0390937642151836,9.40167811675589e-05,1.06037293568479,1.05767576099795,0.0569355682826848,0.0545306634838003,0.0704293707615198,0.0275436612219617,0.0428857095395581,0.0583514423422757,0.0571057916570589,FALSE,"stable",9,"alpha_by_hidden_strength"
0.2,0.06,1800,908,0.351043168710729,0.641867708953247,0.0639383700881961,0.196947406253483,0.0398651066738895,0.0430347496485073,0.000102776162853505,1.07950920589644,1.07673328167748,0.0736531059319794,0.0712648925998944,-0.0207593357410856,-0.0659856439456044,0.0452263082045188,0.0697539265535717,0.0686137165979548,FALSE,"stable",10,"alpha_by_hidden_strength"
0.2,0.06,1800,907,0.331287263909926,0.663120932965104,0.0694438966869965,0.200928604530054,0.0413837891310756,0.0438834351309092,0.000102505393325371,1.06040157395729,1.05778150673587,0.0569610376301856,0.0546251814461931,0.072750405425801,0.03200698465739,0.040743420768411,0.0609607599668321,0.0596977376044784,FALSE,"stable",11,"alpha_by_hidden_strength"
0.2,0.06,1800,913,0.354491735377972,0.639503526278895,0.0654604178557192,0.190755344751939,0.0375501104359015,0.0413593814328336,0.000103194793926793,1.10144500116543,1.09842631823114,0.0921017400397596,0.089606664186307,0.0961187330971004,0.0496450265324384,0.046473706564662,0.0768465523806248,0.0757985024944812,FALSE,"stable",12,"alpha_by_hidden_strength"
0.2,0.06,1800,887,0.299259401525179,0.665648525674823,0.0690354571166116,0.204372450712908,0.0400480631527667,0.0439205584796195,9.58819397701648e-05,1.09669619507143,1.09407678738044,0.0881704482116218,0.0859873716959928,0.00355600552060675,-0.0464711078000353,0.050027113320642,0.0802843566871943,0.0792842175828156,FALSE,"stable",13,"alpha_by_hidden_strength"
0.2,0.06,1800,925,0.320424012914579,0.653032102922914,0.0693343271308945,0.205777252740464,0.0474679485654891,0.0520386561914713,0.000112100031203463,1.09629039729147,1.09370750401227,0.0878329296045749,0.0856787611573537,0.0677367377647106,0.0205684390495382,0.0471682987151724,0.0858671550126703,0.0848076401598149,FALSE,"stable",14,"alpha_by_hidden_strength"
0.2,0.06,1800,936,0.33412117725882,0.662585505081886,0.0645337474574409,0.203172657722203,0.0479636584522484,0.0502651944343918,0.000116193485166071,1.04798499648301,1.04545235496611,0.0457878658988878,0.0434762567133762,-0.0143062401362761,-0.0562207311231862,0.04191449098691,0.0594772498217512,0.0579564465574663,FALSE,"stable",15,"alpha_by_hidden_strength"
0.2,0.06,1800,926,0.31500412044788,0.690366696605721,0.0677059489934065,0.209205930217504,0.0498927422639762,0.0553405576298056,0.000113995942279299,1.10919053791443,1.10666201425797,0.0984416420642512,0.0963817433721949,-0.0548803793791306,-0.0983716811993196,0.043491301820189,0.092509492359776,0.0915364914120194,FALSE,"stable",16,"alpha_by_hidden_strength"
0.2,0.06,1800,925,0.348847208260306,0.667061322119472,0.0678787175544832,0.211945589247475,0.0518779702012064,0.0547733560726561,0.000115487295044597,1.0558114718101,1.05346631499945,0.0528612098847666,0.0507527523549521,-0.0105006910103584,-0.0552483840870276,0.0447476930766691,0.0669755698703139,0.0656262619489544,FALSE,"stable",17,"alpha_by_hidden_strength"
0.2,0.06,1800,882,0.325396698041195,0.670932152848312,0.0668673088592892,0.195290957901743,0.0348863109346703,0.0381701600459945,9.14725478524926e-05,1.09413001900584,1.09126869245637,0.0860318402481742,0.0836353989510387,0.0741926854503959,0.0319966389342663,0.0421960465161296,0.0697821312472399,0.0688033666447247,FALSE,"stable",18,"alpha_by_hidden_strength"
0.2,0.06,1800,926,0.341790027341725,0.663093588151885,0.0686678298668734,0.199493866072635,0.0450901045041723,0.0475144182062381,0.000113297975158772,1.05376598100014,1.05112481804802,0.0510226957119209,0.0486381989752253,0.0781735571774036,0.0344996579481687,0.0436738992292349,0.0614458241423758,0.0599928392427751,FALSE,"stable",19,"alpha_by_hidden_strength"
0.2,0.06,1800,899,0.305980403406598,0.693269406920502,0.0637202862697193,0.196009953615949,0.0381465157616687,0.0422390156720257,9.92884256824716e-05,1.10728371461043,1.10440913897674,0.0968890928267383,0.0945384597898934,0.00110263219770235,-0.0437413343502724,0.0448439665479747,0.0799478412148273,0.0789720765278701,FALSE,"stable",20,"alpha_by_hidden_strength"
0.2,0.06,1800,908,0.309119158732634,0.665049384469967,0.0667002161112282,0.196698718968469,0.0400066414649466,0.0434748606606897,0.000103402021938004,1.08669108599836,1.08388964162817,0.079775280312263,0.0773968478028404,0.0528893925802461,0.00792392524166874,0.0449654673385773,0.073936398555129,0.0728258830587684,FALSE,"stable",21,"alpha_by_hidden_strength"
0.2,0.06,1800,912,0.348577561788317,0.677984222391064,0.0681898902585025,0.20897019409217,0.0466544053410015,0.0512214214551368,0.000106837561283335,1.09789035099161,1.09538195043644,0.0891622290907205,0.0870764306445194,0.029049062388439,-0.0164355630840689,0.0454846254725079,0.0841436765139234,0.0831536532943497,FALSE,"stable",22,"alpha_by_hidden_strength"
0.2,0.06,1800,902,0.340628649319325,0.663606184307326,0.0674043756130157,0.20297732167487,0.0411695205346066,0.045293545036969,9.99265224958461e-05,1.10017178846899,1.09750792091541,0.0910510426816078,0.088844844813583,0.0981358621182492,0.0481873701064941,0.0499484920117551,0.0839805576922595,0.0829568798503327,FALSE,"stable",23,"alpha_by_hidden_strength"
0.2,0.06,1800,934,0.316444290549298,0.649105111664617,0.0661722647838614,0.192428144285454,0.0430212350676285,0.0452043422044769,0.000116183830491713,1.05074487362849,1.04791485812441,0.0482941910087591,0.0457239991903233,0.126909281562536,0.0780793280068927,0.0488299535556435,0.0608000032586363,0.059160012762316,FALSE,"stable",24,"alpha_by_hidden_strength"
0.2,0.06,1800,913,0.319380522066651,0.675350996872156,0.0672433060888783,0.208203179088112,0.0461043292135438,0.050918572905879,0.00010635722430155,1.10442064279987,1.10187873911732,0.094547891222995,0.0924591205008041,-0.0318564608035826,-0.0756448819519501,0.0437884211483675,0.0862615105969284,0.0853033358137391,FALSE,"stable",25,"alpha_by_hidden_strength"
0.2,0.06,1800,891,0.342892145306545,0.658278584952742,0.0676153610796785,0.192452057454547,0.0346980274213734,0.0391328631615206,9.36827582909554e-05,1.12781233025989,1.12477549851498,0.11332765818444,0.110933691816473,0.00747422610907655,-0.0344239905919166,0.0418982167009931,0.0848628196317038,0.0839617019374699,FALSE,"stable",26,"alpha_by_hidden_strength"
0.2,0.06,1800,920,0.33953582230883,0.643887432936677,0.0693085706920747,0.192903592441915,0.0406935604512063,0.0442712916840985,0.00010935661497328,1.08791885480707,1.08500310436858,0.0808137982153627,0.0783436508396411,0.0692537726780493,0.0254362304060434,0.043817542272006,0.0776128778719687,0.0764175185082734,FALSE,"stable",27,"alpha_by_hidden_strength"
0.2,0.06,1800,888,0.334998091732654,0.649403501196866,0.0675605033025651,0.196912868553432,0.035776390668014,0.0385264444172901,9.22674092890149e-05,1.07686783652368,1.07409773552886,0.0713809382326996,0.0689860271350224,0.0749179396926976,0.0295231300027686,0.0453948096899289,0.0652846859647095,0.0641801548832248,FALSE,"stable",28,"alpha_by_hidden_strength"
0.2,0.06,1800,931,0.332461235262455,0.66244151001547,0.0687503589299756,0.201561832247716,0.0458723766751893,0.0489234048202747,0.000112910582178478,1.06651122889683,1.06389255647057,0.0623633648617383,0.0600554596251083,0.143431842382866,0.0997314869939359,0.0437003553889304,0.069164728115621,0.0678728603155662,FALSE,"stable",29,"alpha_by_hidden_strength"
0.2,0.06,1800,898,0.326593515211244,0.655571601958221,0.0658218689247634,0.203784605412421,0.0421699906147944,0.0459591359066902,0.000101545517856299,1.08985407007813,1.08723600113484,0.0824459645975242,0.0802364905538332,-0.103848720014604,-0.149235017179105,0.0453862971645016,0.0788220980013739,0.0777587464967537,FALSE,"stable",30,"alpha_by_hidden_strength"
0.2,0.06,1800,876,0.334484287301927,0.661144496188197,0.0683746271660767,0.206073136342854,0.0379684302490792,0.0425061097431735,8.94087206053244e-05,1.11951190671635,1.1168818538812,0.106753582520523,0.104650150304648,0.0349363422121012,-0.0125196285780025,0.0474559707901037,0.0834148714887152,0.0825889955222035,FALSE,"stable",31,"alpha_by_hidden_strength"
0.2,0.06,1800,879,0.357636024592218,0.642109004201373,0.0678709114297869,0.203941288055576,0.0383026340031304,0.0422854834123298,9.20912408698318e-05,1.10398369493006,1.10133574712681,0.0941895205586797,0.0920116752690363,-0.0402412305987496,-0.0806438768352613,0.0404026462365117,0.075831697140051,0.074949881689923,FALSE,"stable",32,"alpha_by_hidden_strength"
0.2,0.06,1800,871,0.350518483526452,0.675842753918086,0.065367528554104,0.209634531308999,0.0379926121515795,0.0411593717866599,8.6451694577024e-05,1.0833519849187,1.08089242826316,0.0769389691245669,0.0748385557600207,0.0723109679996947,0.0256474427901223,0.0466635252095724,0.071755974519458,0.0707697374443298,FALSE,"stable",33,"alpha_by_hidden_strength"
0.2,0.06,1800,892,0.320453536423267,0.673622673613231,0.0692422457166885,0.199135124529961,0.0377398521806953,0.0418560342646349,9.51709610285124e-05,1.10906725506586,1.10627748548875,0.0983414257049545,0.0960676565172958,0.0836362190751392,0.0360394943719511,0.0475967247031881,0.0801118869600608,0.0791803303718049,FALSE,"stable",34,"alpha_by_hidden_strength"
0.2,0.06,1800,902,0.344969810844519,0.657999027325414,0.0699391091889917,0.203133416915232,0.0413738586313397,0.0460119677137809,0.000100268213816991,1.11210240562208,1.10941377706555,0.100802232829787,0.0986230560025597,-0.0632174896219193,-0.11347794699837,0.0502604573764502,0.086877669930104,0.0859334635507153,FALSE,"stable",35,"alpha_by_hidden_strength"
0.4,0.06,1800,914,0.138970735597193,0.808115666440705,0.14070454557476,0.395684908604645,0.156816590427653,0.159982308768866,0.000100159704314326,1.02018739428386,1.01953621034288,0.0197879275875849,0.0191618602112287,0.119573401800985,0.0711802564446438,0.0483931453563414,0.0706426494376747,0.0695161411844236,FALSE,"stable",1,"alpha_by_hidden_strength"
0.4,0.06,1800,934,0.232619782005422,0.770945907241472,0.132197275090262,0.392133509700246,0.178223437177703,0.181175525389837,0.000115903593793084,1.01656397306034,1.01590330325362,0.0162940783849324,0.0156543474193745,0.0839029564500171,0.0402614283984637,0.0436415280515534,0.0669923678689612,0.0656640872355679,FALSE,"stable",2,"alpha_by_hidden_strength"
0.4,0.06,1800,877,0.243049661258187,0.815253917320147,0.134963713330505,0.424724263195678,0.16409138590438,0.166920563078042,9.09644378199201e-05,1.01724147284191,1.01667787511956,0.0169492429302417,0.0164042864782472,0.102047028812091,0.0550054084827645,0.0470416203293265,0.0668615080477995,0.0657778521182191,FALSE,"stable",3,"alpha_by_hidden_strength"
0.4,0.06,1800,894,0.196379643659939,0.789433794435549,0.130459719693087,0.392475943975502,0.14910044745105,0.153159441994471,9.67949860106032e-05,1.02722322174622,1.02655678813288,0.0265017584979698,0.0258697701285288,0.0228121880070038,-0.0230453244812145,0.0458575124882183,0.0813998217099647,0.0804233931441274,FALSE,"stable",4,"alpha_by_hidden_strength"
0.4,0.06,1800,881,0.227365220228388,0.805411207088603,0.134144247397311,0.416507601427632,0.156513746573129,0.15865693741026,9.02207896365709e-05,1.01369330735514,1.01310931058814,0.0135083335914176,0.0129396803001766,0.00789436197613513,-0.0427405933316833,0.0506349553078185,0.0613857086929432,0.0600797557965412,FALSE,"stable",5,"alpha_by_hidden_strength"
0.4,0.06,1800,894,0.227795764793254,0.821350014984369,0.136883976648588,0.409717305022143,0.16843917361943,0.173975483847978,0.000100340090229502,1.03286830557039,1.03225338686857,0.0318223585651051,0.0312456101175068,-0.0399351528872542,-0.0871503192239411,0.0472151663366869,0.0932225710298444,0.0923739252639987,FALSE,"stable",6,"alpha_by_hidden_strength"
0.4,0.06,1800,887,0.200178512822404,0.785013554764774,0.136798660490623,0.392760256662032,0.149916296726857,0.14853342872404,9.71837773577435e-05,0.990775732638748,0.990133874801115,0,0,0.11600060761723,0.0721025337581638,0.0438980738590662,NA,NA,FALSE,"stable",7,"alpha_by_hidden_strength"
0.4,0.06,1800,904,0.210099823791427,0.775501376096661,0.136722988472794,0.405924610584667,0.168519498207133,0.17441616169782,0.00010227262237183,1.03499098652334,1.0343632428945,0.0338080108705899,0.0332216396227865,0.00487134271309164,-0.0385336736373671,0.0434050163504588,0.0934318282576648,0.0926180363187897,FALSE,"stable",8,"alpha_by_hidden_strength"
0.4,0.06,1800,874,0.221748477813523,0.773431474327985,0.131649869917564,0.394161312067756,0.136074108854635,0.137453110239296,8.75845512102105e-05,1.01013419375859,1.00948443575537,0.0100325222343791,0.00939532638586216,-0.00838881502457567,-0.0599083381086505,0.0515195230840748,0.04843211343471,0.0468688493139389,FALSE,"stable",9,"alpha_by_hidden_strength"
0.4,0.06,1800,929,0.205890588025054,0.780768206849688,0.132971653323134,0.402075336270215,0.179659177459551,0.180389590297743,0.000111130825233258,1.00406554704591,1.00344485148225,0.00404908529913839,0.00343302522022915,0.0328835037454769,-0.0103848847687533,0.0432683885142302,0.0341472489506449,0.0314424048134954,FALSE,"stable",10,"alpha_by_hidden_strength"
0.4,0.06,1800,913,0.208836775892393,0.777009860934701,0.130444261574127,0.401377714824203,0.17056883270837,0.177679294824013,0.000105874937084686,1.0416867607214,1.04104056936842,0.0400185183236224,0.0394226417067687,0.151100329243959,0.109468115133799,0.0416322141101597,0.10199215970624,0.101229979094633,FALSE,"stable",11,"alpha_by_hidden_strength"
0.4,0.06,1800,918,0.200107318612864,0.788889682138796,0.135717134149949,0.413686277382328,0.17651927728721,0.178933155761683,0.000103145411030532,1.01367487172829,1.01308289756273,0.0134903923434271,0.0129139457335662,0.13734366455451,0.0916607461137036,0.0456829184408067,0.0612190786141049,0.0598968491629026,FALSE,"stable",12,"alpha_by_hidden_strength"
0.4,0.06,1800,892,0.218536155265895,0.849406597925257,0.132411671073593,0.385086987558826,0.144671028441309,0.144426341911599,9.75582230739688e-05,0.998308669452714,0.997635918394524,0,0,0.125259293579292,0.0797859901616953,0.0454733034175969,NA,NA,FALSE,"stable",13,"alpha_by_hidden_strength"
0.4,0.06,1800,936,0.203131856280556,0.789118245099347,0.132380604327636,0.419620569347035,0.203222030440246,0.207121894456911,0.000115413669357657,1.01919016362654,1.01861167461743,0.0188288351981866,0.0182716093691149,-0.00287693821576718,-0.0461877848998369,0.0433108466840697,0.0767241671024736,0.0755803426226825,FALSE,"stable",14,"alpha_by_hidden_strength"
0.4,0.06,1800,890,0.201963632240683,0.79449123966318,0.133345657269096,0.398191344087791,0.155201708878398,0.163140392731307,9.78842615247146e-05,1.05115075027382,1.050488217212,0.0486616693756776,0.0480616692170051,0.0612230982918669,0.0163935661040973,0.0448295321877696,0.113231530965018,0.11253129132116,FALSE,"stable",15,"alpha_by_hidden_strength"
0.4,0.06,1800,911,0.185554998521589,0.787036873588377,0.1377560615813,0.400696641579454,0.16407838514064,0.168627550894561,0.000102192722246366,1.02772556391277,1.02708586539017,0.0269775948816694,0.0263715686320782,-0.0206230718644187,-0.0682954965176497,0.047672424653231,0.0855816734516739,0.0846149576971255,FALSE,"stable",16,"alpha_by_hidden_strength"
0.4,0.06,1800,875,0.204448765766982,0.787441900139141,0.131941993045365,0.397624287544483,0.146404029220995,0.147430635935088,9.25991971510587e-05,1.00701214795491,1.00637562466131,0.00696332012394396,0.00633523358980015,0.000113099269452688,-0.0426216313619681,0.0427347306314207,0.0404028673089495,0.0385376583999321,FALSE,"stable",17,"alpha_by_hidden_strength"
0.4,0.06,1800,901,0.176576654446091,0.828516524431867,0.137110604434623,0.447355154147125,0.207567554394107,0.214179164778244,0.000103718106033935,1.03185281246597,1.03133747003018,0.0308695310815224,0.0303852724649508,0.0032306629535841,-0.0444436758376969,0.047674338791281,0.104039800176867,0.10322052429595,FALSE,"stable",18,"alpha_by_hidden_strength"
0.4,0.06,1800,875,0.197934217338495,0.778687391388501,0.134227094771782,0.412836449434566,0.148955938130199,0.149928724730793,8.73980519314652e-05,1.00653070037224,1.00594047725543,0.00648832705234315,0.00590539638253051,0.0906988271264626,0.0414326592351402,0.0492661678913224,0.0390119022883961,0.0372181933871683,FALSE,"stable",19,"alpha_by_hidden_strength"
0.4,0.06,1800,878,0.16945852243224,0.800261895894967,0.133097333503348,0.40325875938334,0.144369607357809,0.1498890823749,8.87785721658539e-05,1.03823155799968,1.03759350078546,0.0368237294513927,0.0362314343304992,0.0861494046591462,0.0444201348917332,0.041729269767413,0.088863911527861,0.0881463439517852,FALSE,"stable",20,"alpha_by_hidden_strength"
0.4,0.06,1800,890,0.184809720500563,0.776681421443389,0.1347580920829,0.405910891648393,0.156858475534622,0.156270641381643,9.52021114304094e-05,0.996252455272336,0.995648166550452,0,0,0.0691013841348589,0.0263579249385695,0.0427434591962894,NA,NA,FALSE,"stable",21,"alpha_by_hidden_strength"
0.4,0.06,1800,896,0.202713738917169,0.852496566487716,0.132180967713978,0.397490723987761,0.164760748091715,0.166642897956319,0.0001042796965531,1.01142353313155,1.01078379200187,0.0112945099232337,0.0106687425018075,0.111149155815805,0.0693699573275159,0.0417791984882894,0.0538139643635209,0.0523019531993615,FALSE,"stable",22,"alpha_by_hidden_strength"
0.4,0.06,1800,907,0.216214623616251,0.798727969842007,0.130774852775024,0.426276634145611,0.195510168992211,0.202027576517196,0.000107593564392343,1.03333538893951,1.03276703442888,0.0322599896377525,0.0317274209347705,-0.0524896680162426,-0.100702818851486,0.0482131508352435,0.102487606016475,0.101638119728673,FALSE,"stable",23,"alpha_by_hidden_strength"
0.4,0.06,1800,898,0.229746831943935,0.778460053446111,0.133922902250965,0.411384042464936,0.163248206203183,0.166319286168301,9.64613942617344e-05,1.018812335134,1.01821068673137,0.0184649660052668,0.0178849888030792,0.0249684787376605,-0.018213913619594,0.0431823923572545,0.0670053874417032,0.0659446857170811,FALSE,"stable",24,"alpha_by_hidden_strength"
0.4,0.06,1800,868,0.193954954039322,0.807871893972967,0.128841497714689,0.436642500897846,0.171146873422389,0.175251957562368,8.97670510029677e-05,1.02398573843559,1.02344893638345,0.023423898922886,0.0229116818141498,0.0167331421869528,-0.0256012847718936,0.0423344269588464,0.0788874931044476,0.0780201978419474,FALSE,"stable",25,"alpha_by_hidden_strength"
0.4,0.06,1800,900,0.205211815862855,0.801080899608463,0.135927272869001,0.401928934053286,0.165508739353839,0.167330654081784,0.000102452459384055,1.01100796692101,1.01038252457298,0.0108881109557766,0.0102758354588196,-0.0392684241225412,-0.0831363215337468,0.0438678974112057,0.0544091736395433,0.0528572338580846,FALSE,"stable",26,"alpha_by_hidden_strength"
0.4,0.06,1800,878,0.224357736810936,0.779910032556144,0.136855880706852,0.414246098607567,0.15359065046614,0.156104792902614,8.95051296244033e-05,1.01636911119813,1.01577716587708,0.0161054788243592,0.0155321131514662,0.00260364247586198,-0.0373805804523029,0.0399842229281648,0.0604302549566478,0.0593448284617541,FALSE,"stable",27,"alpha_by_hidden_strength"
0.4,0.06,1800,871,0.223773114271699,0.778856866842807,0.131952031414058,0.406965805119169,0.150932062479787,0.15622367026501,9.11309017055576e-05,1.03505953405978,1.03443495510243,0.0338719976060353,0.0332886615369814,-0.0296636168963891,-0.0721956119620175,0.0425319950656284,0.091545611698324,0.090753899056854,FALSE,"stable",28,"alpha_by_hidden_strength"
0.4,0.06,1800,911,0.17737286854871,0.784569321760452,0.138020185694321,0.411407566932743,0.178894368118902,0.185777857431601,0.000105694434105945,1.03847795425356,1.03786476262591,0.0370522591220719,0.0364833299958176,-0.0946961243292179,-0.139859008234401,0.0451628839051834,0.104851797065114,0.10404369509849,FALSE,"stable",29,"alpha_by_hidden_strength"
0.4,0.06,1800,886,0.174898086096226,0.799528157825495,0.135220692361163,0.414053296912422,0.165549755656115,0.174888364052997,9.65641784477697e-05,1.05640967792353,1.05579383971623,0.0533975398960874,0.0528453923648857,0.0411583856448137,-0.00415573379294698,0.0453141194377606,0.114470096314258,0.113876729842798,FALSE,"stable",30,"alpha_by_hidden_strength"
0.4,0.06,1800,889,0.205603000406429,0.775834715029313,0.130054917041627,0.387248796139507,0.14481138525501,0.147634120372199,9.65656249184157e-05,1.01949249440725,1.01881311188045,0.0191198017780214,0.0184657143307907,0.0558955636867449,0.0162291219418145,0.0396664417449304,0.0668175503643696,0.0656646922589523,FALSE,"stable",31,"alpha_by_hidden_strength"
0.4,0.06,1800,916,0.199569461398667,0.784602879529634,0.1377076459276,0.40903582539464,0.183759543655624,0.184287162149989,0.000109831574364876,1.00287124403918,1.00227219415673,0.00286302359973922,0.00226704299488578,0.00287977607761802,-0.0447197158170496,0.0475994918946676,0.0296814484034351,0.0264120739359788,FALSE,"stable",32,"alpha_by_hidden_strength"
0.4,0.06,1800,877,0.185371969417189,0.814147847435952,0.142552687553138,0.411484253217519,0.160915487742154,0.161072391742384,9.50367126676686e-05,1.00097507084266,1.00038424374911,0.00097412100567229,0.000384096162559078,0.0837786285505591,0.0392367285154007,0.0445419000351583,0.0153860835922322,0.00966143458002763,FALSE,"stable",33,"alpha_by_hidden_strength"
0.4,0.06,1800,922,0.21582598560576,0.808148444259866,0.136563318519778,0.406114374633335,0.17637131313499,0.182009355589536,0.000106937794935965,1.03196689050124,1.031341565493,0.0309766629099051,0.0303891228101693,0.0766547085653748,0.0329967778668072,0.0436579306985676,0.0940971569698632,0.0932005057805826,FALSE,"stable",34,"alpha_by_hidden_strength"
0.4,0.06,1800,936,0.224495952231176,0.809789082069289,0.131962226182084,0.41672806583241,0.197592947137813,0.200791296338857,0.000113780002294067,1.01618655547869,1.01560174124254,0.0159287242991162,0.0153620662598053,0.0802179512214596,0.0340513102945152,0.0461666409269443,0.0720230496954451,0.0707303531038605,FALSE,"stable",35,"alpha_by_hidden_strength"
0,0.12,1800,891,0.5,0.5,0,0,0,0.0145715609524564,9.60788158023723e-05,Inf,151.662578589947,0.999999999999,0.993406415680801,0.114588723505399,0.0116144552256061,0.102974268279793,NA,0.164170013357029,TRUE,"degenerate_or_near_degenerate_observed_weight_variance",1,"alpha_by_hidden_strength"
0,0.12,1800,885,0.5,0.5,0,0,0,0.0137329705152581,9.35501209352325e-05,Inf,146.797998527077,0.999999999999,0.993187918023177,0.127715165900612,0.0394844664179523,0.0882306994826593,NA,0.151831687538049,TRUE,"degenerate_or_near_degenerate_observed_weight_variance",2,"alpha_by_hidden_strength"
0,0.12,1800,910,0.5,0.5,0,0,0,0.0152955016581056,0.000104544880696882,Inf,146.305601538286,0.999999999999,0.993164991705814,0.0818266258736416,-0.007300317966214,0.0891269438398556,NA,0.158643758522651,TRUE,"degenerate_or_near_degenerate_observed_weight_variance",3,"alpha_by_hidden_strength"
0,0.12,1800,890,0.5,0.5,0,0,0,0.0124644232131128,9.56526989494023e-05,Inf,130.309163777033,0.999999999999,0.99232594261973,0.114115983646832,0.0369824703352661,0.0771335133115659,NA,0.138778009129859,TRUE,"degenerate_or_near_degenerate_observed_weight_variance",4,"alpha_by_hidden_strength"
0,0.12,1800,918,0.5,0.5,0,0,0,0.0161475551815337,0.000108329862557268,Inf,149.059131068291,0.999999999999,0.993291252989112,0.0243283112275733,-0.0731652148292328,0.0974935260568061,NA,0.1630617079293,TRUE,"degenerate_or_near_degenerate_observed_weight_variance",5,"alpha_by_hidden_strength"
0,0.12,1800,885,0.5,0.5,0,0,0,0.0129279322252799,9.35501209352325e-05,Inf,138.192576300679,0.999999999999,0.992763721273824,0.0255713910180805,-0.0519543630433488,0.0775257540614293,NA,0.141755947551775,TRUE,"degenerate_or_near_degenerate_observed_weight_variance",6,"alpha_by_hidden_strength"
0,0.12,1800,876,0.5,0.5,0,0,0,0.012905931390172,8.98802496205094e-05,Inf,143.590293136292,0.999999999999,0.993035740939321,0.0706507139938932,-0.0197194269678727,0.0903701409617659,NA,0.144671393340095,TRUE,"degenerate_or_near_degenerate_observed_weight_variance",7,"alpha_by_hidden_strength"
0,0.12,1800,880,0.5,0.5,0,0,0,0.0133553892614867,9.14933837429112e-05,Inf,145.971093374514,0.999999999999,0.993149328563058,0.0951970161130631,0.00255019149352398,0.0926468246195391,NA,0.15206916359972,TRUE,"degenerate_or_near_degenerate_observed_weight_variance",8,"alpha_by_hidden_strength"
0,0.12,1800,898,0.5,0.5,0,0,0,0.0145347810265332,9.91150485985812e-05,Inf,146.645552134061,0.999999999999,0.993180836476473,0.0389852173605135,-0.0465507910881403,0.0855360084486538,NA,0.154814747970113,TRUE,"degenerate_or_near_degenerate_observed_weight_variance",9,"alpha_by_hidden_strength"
0,0.12,1800,911,0.5,0.5,0,0,0,0.0160299135823887,0.000105010622266143,Inf,152.650400849563,0.999999999999,0.993449083694281,0.156378544190825,0.0676087001651244,0.0887698440257008,NA,0.160349276177455,TRUE,"degenerate_or_near_degenerate_observed_weight_variance",10,"alpha_by_hidden_strength"
0,0.12,1800,866,0.5,0.5,0,0,0,0.0125175743445655,8.59690309919345e-05,Inf,145.605623328939,0.999999999999,0.993132133380997,0.0704241926013055,-0.0226344786179662,0.0930586712192717,NA,0.142130624666584,TRUE,"degenerate_or_near_degenerate_observed_weight_variance",11,"alpha_by_hidden_strength"
0,0.12,1800,934,0.5,0.5,0,0,0,0.01684828248486,0.000116320957496173,Inf,144.84305191018,0.999999999999,0.99309597535531,0.0433488273833192,-0.043042387678071,0.0863912150613902,NA,0.165739293584977,TRUE,"degenerate_or_near_degenerate_observed_weight_variance",12,"alpha_by_hidden_strength"
0,0.12,1800,856,0.5,0.5,0,0,0,0.0123265188253952,8.22249353634013e-05,Inf,149.912174098002,0.999999999999,0.993329427673124,0.18889418825379,0.0989760258537459,0.0899181624000444,NA,0.141407704016127,TRUE,"degenerate_or_near_degenerate_observed_weight_variance",13,"alpha_by_hidden_strength"
0,0.12,1800,918,0.5,0.5,0,0,0,0.0159898874228229,0.000108329862557268,Inf,147.603689743167,0.999999999999,0.993225101609993,0.0612191808370238,-0.0259220439454275,0.0871412247824513,NA,0.164555133081245,TRUE,"degenerate_or_near_degenerate_observed_weight_variance",14,"alpha_by_hidden_strength"
0,0.12,1800,931,0.5,0.5,0,0,0,0.0164564301119633,0.000114778305553385,Inf,143.375788940438,0.999999999999,0.99302532172698,0.152039907233845,0.057913087300101,0.0941268199337436,NA,0.167384387667564,TRUE,"degenerate_or_near_degenerate_observed_weight_variance",15,"alpha_by_hidden_strength"
0,0.12,1800,899,0.5,0.5,0,0,0,0.0145374741396267,9.95565415662213e-05,Inf,146.022289554493,0.999999999999,0.993151730444366,-0.0488772602166315,-0.137719596708394,0.0888423364917623,NA,0.156499537742112,TRUE,"degenerate_or_near_degenerate_observed_weight_variance",16,"alpha_by_hidden_strength"
0,0.12,1800,864,0.5,0.5,0,0,0,0.012129924213525,8.5207100591716e-05,Inf,142.358138339286,0.999999999999,0.992975463070354,0.0945686646816705,0.00553836986599754,0.0890302948156729,NA,0.139120497817134,TRUE,"degenerate_or_near_degenerate_observed_weight_variance",17,"alpha_by_hidden_strength"
0,0.12,1800,862,0.5,0.5,0,0,0,0.0117043805967667,8.44517891808093e-05,Inf,138.592452691652,0.999999999999,0.99278459987843,0.157532567224171,0.0762906008557148,0.0812419663684557,NA,0.138586585819208,TRUE,"degenerate_or_near_degenerate_observed_weight_variance",18,"alpha_by_hidden_strength"
0,0.12,1800,895,0.5,0.5,0,0,0,0.0144582649219078,9.78022648881292e-05,Inf,147.831596113299,0.999999999999,0.993235546214129,0.15864191837377,0.0631838587701352,0.0954580596036346,NA,0.161828126351624,TRUE,"degenerate_or_near_degenerate_observed_weight_variance",19,"alpha_by_hidden_strength"
0,0.12,1800,925,0.5,0.5,0,0,0,0.0154947266638832,0.000111755102040816,Inf,138.648942025252,0.999999999999,0.992787539627833,0.0840542700946509,-0.000970040143762341,0.0850243102384133,NA,0.161058132687084,TRUE,"degenerate_or_near_degenerate_observed_weight_variance",20,"alpha_by_hidden_strength"
0,0.12,1800,887,0.5,0.5,0,0,0,0.0137985876929821,9.43855877557826e-05,Inf,146.193799509785,0.999999999999,0.993159764618245,0.107139471409484,0.0194668076696476,0.0876726637398366,NA,0.14995028836856,TRUE,"degenerate_or_near_degenerate_observed_weight_variance",21,"alpha_by_hidden_strength"
0,0.12,1800,901,0.5,0.5,0,0,0,0.0145534481099504,0.000100445433747298,Inf,144.889096169012,0.999999999999,0.99309816938306,0.100098165849822,0.00486184944524437,0.095236316404578,NA,0.156808151942751,TRUE,"degenerate_or_near_degenerate_observed_weight_variance",22,"alpha_by_hidden_strength"
0,0.12,1800,906,0.5,0.5,0,0,0,0.015682689313373,0.000102702580964821,Inf,152.700050632075,0.999999999999,0.993451213697306,0.132384480417148,0.0372636249950893,0.0951208554220589,NA,0.162919526795906,TRUE,"degenerate_or_near_degenerate_observed_weight_variance",23,"alpha_by_hidden_strength"
0,0.12,1800,874,0.5,0.5,0,0,0,0.0128073638825043,8.90842425910463e-05,Inf,143.766883008686,0.999999999999,0.99304429518765,-0.00183177221151132,-0.0944022966434378,0.0925705244319265,NA,0.14584217769089,TRUE,"degenerate_or_near_degenerate_observed_weight_variance",24,"alpha_by_hidden_strength"
0,0.12,1800,882,0.5,0.5,0,0,0,0.0137118423370831,9.23106497500961e-05,Inf,148.540199578314,0.999999999999,0.993267815696768,0.053394180232917,-0.0372408651039158,0.0906350453368328,NA,0.148782258125127,TRUE,"degenerate_or_near_degenerate_observed_weight_variance",25,"alpha_by_hidden_strength"
0,0.12,1800,871,0.5,0.5,0,0,0,0.0123415933861387,8.79032398229053e-05,Inf,140.399755583557,0.999999999999,0.992877480478199,0.0186711955379592,-0.0600013667013215,0.0786725622392807,NA,0.140649929800535,TRUE,"degenerate_or_near_degenerate_observed_weight_variance",26,"alpha_by_hidden_strength"
0,0.12,1800,913,0.5,0.5,0,0,0,0.0151785389011599,0.000105948378749036,Inf,143.263531545998,0.999999999999,0.993019856559386,0.114658732806145,0.0305692049839787,0.0840895278221663,NA,0.159555557916345,TRUE,"degenerate_or_near_degenerate_observed_weight_variance",27,"alpha_by_hidden_strength"
0,0.12,1800,895,0.5,0.5,0,0,0,0.0149969412628523,9.78022648881292e-05,Inf,153.339406607879,0.999999999999,0.993478519174414,0.0790279044891231,-0.0240106052311575,0.103038509720281,NA,0.164556865835558,TRUE,"degenerate_or_near_degenerate_observed_weight_variance",28,"alpha_by_hidden_strength"
0,0.12,1800,889,0.5,0.5,0,0,0,0.0144151032178556,9.52284615041673e-05,Inf,151.373895893769,0.999999999999,0.993393841163329,0.123362144075713,0.0270759347745668,0.0962862093011462,NA,0.161014567609264,TRUE,"degenerate_or_near_degenerate_observed_weight_variance",29,"alpha_by_hidden_strength"
0,0.12,1800,912,0.5,0.5,0,0,0,0.0144806780793365,0.000105478451424397,Inf,137.285652982076,0.999999999999,0.992715917663075,0.0531845419181196,-0.0351963337058578,0.0883808756239775,NA,0.155092652050475,TRUE,"degenerate_or_near_degenerate_observed_weight_variance",30,"alpha_by_hidden_strength"
0,0.12,1800,914,0.5,0.5,0,0,0,0.0163084672203029,0.000106420414881095,Inf,153.245664739464,0.999999999999,0.99347452992096,0.0221648582693368,-0.0725157122221465,0.0946805704914833,NA,0.164916464824176,TRUE,"degenerate_or_near_degenerate_observed_weight_variance",31,"alpha_by_hidden_strength"
0,0.12,1800,890,0.5,0.5,0,0,0,0.0138813036323296,9.56526989494023e-05,Inf,145.121923215909,0.999999999999,0.993109242367797,-0.019771957813196,-0.111864898068331,0.0920929402551349,NA,0.152054782165201,TRUE,"degenerate_or_near_degenerate_observed_weight_variance",32,"alpha_by_hidden_strength"
0,0.12,1800,884,0.5,0.5,0,0,0,0.0134067864922325,9.3135142350451e-05,Inf,143.949814794775,0.999999999999,0.993053134514791,0.058469747513203,-0.0377854580256511,0.0962552055388541,NA,0.152711384560857,TRUE,"degenerate_or_near_degenerate_observed_weight_variance",33,"alpha_by_hidden_strength"
0,0.12,1800,933,0.5,0.5,0,0,0,0.0156447624204095,0.000115804408472121,Inf,135.096432224132,0.999999999999,0.992597880021428,0.017122641583288,-0.0615983756003395,0.0787210171836276,NA,0.157449558849074,TRUE,"degenerate_or_near_degenerate_observed_weight_variance",34,"alpha_by_hidden_strength"
0,0.12,1800,910,0.5,0.5,0,0,0,0.0154402890676851,0.000104544880696882,Inf,147.690532188303,0.999999999999,0.993229085269156,0.0786291264871329,-0.0100208340131156,0.0886499605002485,NA,0.158293670182957,TRUE,"degenerate_or_near_degenerate_observed_weight_variance",35,"alpha_by_hidden_strength"
0.001,0.12,1800,893,0.499169820780786,0.500763797805147,0.000331999745415812,0.000962398315234958,8.97834666807789e-07,0.0142630422462113,9.69363498002497e-05,15886.0453639231,145.78791987594,0.999937051671634,0.993140721118382,0.0746535847459228,-0.0164573175772766,0.0911109023231994,0.149869713729777,0.149359531237208,TRUE,"unstable_good_overlap_warning",1,"alpha_by_hidden_strength"
0.001,0.12,1800,905,0.49903114513338,0.500789300289379,0.000336627963562153,0.000967083443946504,9.56222358129862e-07,0.0156749648843729,0.000102242391006033,16392.5939935448,151.891235486466,0.999938996842087,0.993416341655282,-0.0347210024291409,-0.124755667058319,0.0900346646291785,0.150605630025098,0.150113622101949,TRUE,"unstable_good_overlap_warning",2,"alpha_by_hidden_strength"
0.001,0.12,1800,904,0.499020918756381,0.500908816289404,0.000348652308010955,0.000999967025931489,1.01797048531326e-06,0.0147999667735566,0.000101803762189094,14538.6992914654,143.938118806281,0.999931218056034,0.993052570032919,0.144255951260377,0.0570002445351214,0.0872557067252554,0.151996052715016,0.151472350875739,TRUE,"unstable_good_overlap_warning",3,"alpha_by_hidden_strength"
0.001,0.12,1800,904,0.499131445918612,0.500873317787555,0.000338359783277453,0.000971148915262351,9.60039824178172e-07,0.0143694561804184,0.000101792924061064,14967.5626141021,139.844688046825,0.99993318885474,0.992849209977392,0.126170256720192,0.0359571428285654,0.0902131138916262,0.152343925495217,0.151803329708288,TRUE,"unstable_good_overlap_warning",4,"alpha_by_hidden_strength"
0.001,0.12,1800,938,0.499223649862036,0.500901299049704,0.000329137301331328,0.000992832067321653,1.16735799978593e-06,0.0164370711832325,0.000118427475607507,14080.5744135447,137.439642561868,0.999928980170082,0.992724078865748,-0.01566580033541,-0.0942060695504867,0.0785402692150767,0.155373053092391,0.154812277600684,TRUE,"unstable_good_overlap_warning",5,"alpha_by_hidden_strength"
0.001,0.12,1800,913,0.499165229818525,0.50086778790914,0.000328004961601736,0.000963959563120287,9.84465791299547e-07,0.0145047027483052,0.000105945617673142,14733.5772116147,135.646604569692,0.999932127820309,0.99262790245895,0.165154954439719,0.0786835016358953,0.0864714528038235,0.148567031959045,0.148023417030469,TRUE,"unstable_good_overlap_warning",6,"alpha_by_hidden_strength"
0.001,0.12,1800,928,0.498980913545686,0.500761085368116,0.000349679536033043,0.00102351169249911,1.18648231631952e-06,0.0168621055998055,0.000113259764174501,14211.8473810144,147.336466829063,0.999929636170922,0.993212814033608,0.039697970426511,-0.0448674784297762,0.0845654488562873,0.158851491610067,0.158317066476421,TRUE,"unstable_good_overlap_warning",7,"alpha_by_hidden_strength"
0.001,0.12,1800,865,0.499257320204621,0.500778945711083,0.000342044986165024,0.000980593502112761,8.2300813034459e-07,0.0117362482490785,8.55906064164565e-05,14260.1850654435,135.814805463579,0.999929874682873,0.992637032490039,0.132748961843395,0.0478883974561513,0.0848605643872441,0.13020227816363,0.129726603630955,TRUE,"unstable_good_overlap_warning",8,"alpha_by_hidden_strength"
0.001,0.12,1800,905,0.499046680194573,0.500826515975147,0.000333634308175568,0.00099785411483093,1.01800893229054e-06,0.0138996480383768,0.000102239209642914,13653.7584273473,134.611877311545,0.999926760092811,0.992571235020476,0.0779580514438419,-0.00864580113414992,0.0866038525779919,0.146788836320051,0.146247945752882,TRUE,"unstable_good_overlap_warning",9,"alpha_by_hidden_strength"
0.001,0.12,1800,902,0.499186874110752,0.500919402610606,0.000322870921542651,0.000991320748807692,9.91450960239377e-07,0.0160389679128186,0.000100888774159821,16177.2680203428,157.429647352247,0.999938184865409,0.993647956297822,0.0741631461225565,-0.0332612765104612,0.107424422633018,0.165135841532825,0.164615618910784,TRUE,"unstable_good_overlap_warning",10,"alpha_by_hidden_strength"
0.001,0.12,1800,894,0.499122847559493,0.500786221742977,0.000354379728020549,0.00102556940317752,1.02416008550816e-06,0.0137654503490281,9.73728171118095e-05,13440.7213714036,139.897085673922,0.999925599231442,0.992851888263557,0.16260370370901,0.0721851786149844,0.0904185250940253,0.147218793270303,0.146697138716848,TRUE,"unstable_good_overlap_warning",11,"alpha_by_hidden_strength"
0.001,0.12,1800,939,0.49911447564303,0.50070631213429,0.000343584317355261,0.000982649648600737,1.14849426397796e-06,0.0162729169209829,0.000118940955801439,14168.9144050398,135.50663203236,0.999929422962733,0.992620287398471,0.0690167451281144,-0.0110758915449143,0.0800926366730287,0.154109272010733,0.153544996422601,TRUE,"unstable_good_overlap_warning",12,"alpha_by_hidden_strength"
0.001,0.12,1800,896,0.499261002793398,0.500902811673476,0.000327167145028839,0.000982098164708271,9.47537203239787e-07,0.0138259606979101,9.82395742828561e-05,14591.4700242237,139.392714343216,0.999931466809147,0.992826023908697,-0.0126073707663681,-0.0967907506964765,0.0841833799301084,0.14379504198323,0.143283232397921,TRUE,"unstable_good_overlap_warning",13,"alpha_by_hidden_strength"
0.001,0.12,1800,892,0.499071921511193,0.500730411485185,0.000326678506863631,0.00095418482002954,8.78648562855083e-07,0.0132544253760365,9.6505084805099e-05,15085.0134358242,136.105126776728,0.999933709041476,0.992652738190822,0.081240923428467,-0.00183766794849616,0.0830785913769632,0.138835009564676,0.13832862574171,TRUE,"unstable_good_overlap_warning",14,"alpha_by_hidden_strength"
0.001,0.12,1800,903,0.499198160068849,0.500826074816706,0.000326139342682719,0.000996446841111961,1.00627758493106e-06,0.0142129564692388,0.000101346680716258,14124.2900389284,138.862195144522,0.999929199981221,0.992798615930281,0.131380990201082,0.040939480937944,0.0904415092631379,0.146943987555221,0.146419114830851,TRUE,"unstable_good_overlap_warning",15,"alpha_by_hidden_strength"
0.001,0.12,1800,936,0.498955765686685,0.500831645472783,0.000326960474747895,0.000981121514479843,1.12980626311726e-06,0.0174221667899079,0.000117370344547827,15420.4905377655,147.022317445852,0.999935151219895,0.99319831153955,-0.0278587547504984,-0.116809593967626,0.0889508392171281,0.162852210373098,0.162302693054546,TRUE,"unstable_good_overlap_warning",16,"alpha_by_hidden_strength"
0.001,0.12,1800,910,0.499257913476798,0.500872681349279,0.000328848179226404,0.000958157942735038,9.59827348333711e-07,0.0159505823888185,0.000104548766194218,16618.1786927713,151.178040131731,0.999939824933978,0.993385282683063,0.0770201062164356,-0.0221965958781829,0.0992167020946185,0.166298543002736,0.165752608679736,TRUE,"unstable_good_overlap_warning",17,"alpha_by_hidden_strength"
0.001,0.12,1800,914,0.499131434666184,0.500873749761474,0.000332667446427348,0.00102769510552443,1.1240803816807e-06,0.016610856123099,0.000106431159096174,14777.2849644995,154.440231863545,0.999932328570343,0.993525003246022,0.101303991331318,0.00501764142977223,0.0962863499015458,0.159646218144422,0.159133908895676,TRUE,"unstable_good_overlap_warning",18,"alpha_by_hidden_strength"
0.001,0.12,1800,904,0.499120459986639,0.500906976151844,0.00033834390690235,0.00103384585297479,1.08797398846169e-06,0.0154334406171722,0.000101790426071833,14185.4867679271,150.0163358696,0.999929505415192,0.993334059292921,0.106533305256018,0.0131983534808122,0.0933349517752058,0.152961166069044,0.152455872345965,TRUE,"unstable_good_overlap_warning",19,"alpha_by_hidden_strength"
0.001,0.12,1800,892,0.49920367585629,0.500895793600679,0.000349792316694186,0.00101953961338431,1.00314865443041e-06,0.0133159533713592,9.6506615638598e-05,13274.1576361083,136.560204692354,0.999924665652811,0.992677222458382,0.101904302235937,0.00479237645985298,0.0971119257760836,0.146897002392682,0.146363680312378,TRUE,"unstable_good_overlap_warning",20,"alpha_by_hidden_strength"
0.001,0.12,1800,898,0.499215504316661,0.500895718920935,0.000328902314016166,0.00100286041535618,9.96861776500889e-07,0.0141765870864404,9.91183274942254e-05,14221.2164420648,141.602759678202,0.999929682527224,0.992937990740629,0.030676037246739,-0.0556714836198167,0.0863475208665556,0.142592137797207,0.142092748116136,TRUE,"unstable_good_overlap_warning",21,"alpha_by_hidden_strength"
0.001,0.12,1800,903,0.499013023767695,0.500866339721198,0.000322037020052179,0.00100722675171185,1.02806939732013e-06,0.0147029119174042,0.00010133697302672,14301.478047815,143.632157709644,0.999930077157294,0.993037770817162,0.114504908063818,0.0282220804151655,0.0862828276486529,0.148967997133509,0.148453706943566,TRUE,"unstable_good_overlap_warning",22,"alpha_by_hidden_strength"
0.001,0.12,1800,898,0.499176160448417,0.500784075648425,0.000327995632053546,0.000990579824183323,9.72502147211112e-07,0.0135417530168431,9.91086618868162e-05,13924.6510207483,135.307708973478,0.999928184914759,0.992609438090508,0.117795300215541,0.0293189510182736,0.0884763491972669,0.147983348960847,0.147440789126575,TRUE,"unstable_good_overlap_warning",23,"alpha_by_hidden_strength"
0.001,0.12,1800,904,0.499081065869028,0.500682099401847,0.000339432439518728,0.00101008368438162,1.03855000511842e-06,0.0141798293149334,0.000101791777930954,13653.4873092764,137.895401089732,0.999926758638482,0.992748126535784,0.188962923106394,0.100718707872243,0.0882442152341508,0.147654769929386,0.147123796772732,TRUE,"unstable_good_overlap_warning",24,"alpha_by_hidden_strength"
0.001,0.12,1800,873,0.499193038655626,0.500979842435947,0.000327249678246155,0.000999930223244478,8.86735067473011e-07,0.0134249014701995,8.86858827418244e-05,15139.6983864159,149.877292843908,0.999933948485995,0.993327875216952,0.0782650937120528,-0.0172928740240748,0.0955579677361276,0.151902761624527,0.151400156603242,TRUE,"unstable_good_overlap_warning",25,"alpha_by_hidden_strength"
0.001,0.12,1800,908,0.499082466407887,0.500800397792369,0.000331546554825368,0.00101379398209127,1.06492809464233e-06,0.0145240039230159,0.000103614579015181,13638.4831953316,138.747347250863,0.999926678063412,0.992792654996193,0.117505976929038,0.0366275742872669,0.0808784026417714,0.145359742976192,0.144840276879073,TRUE,"unstable_good_overlap_warning",26,"alpha_by_hidden_strength"
0.001,0.12,1800,904,0.499248795056376,0.500823190174103,0.000344882295693016,0.00100063525843282,1.01923588840886e-06,0.0147180126062269,0.000101794216492618,14440.2417277549,143.152595943203,0.999930749081708,0.993014447321677,0.0841905042293808,-0.00639405187234066,0.0905845561017214,0.152902423769262,0.152372709930242,TRUE,"unstable_good_overlap_warning",27,"alpha_by_hidden_strength"
0.001,0.12,1800,902,0.499246406248499,0.500792149017982,0.000337535369260344,0.000998435036129644,1.00577137757418e-06,0.0142208281734451,0.000100892677449945,14139.2253652558,139.55882878567,0.999929274767594,0.992834562967451,0.164260899002426,0.0763866095864506,0.0878742894159757,0.143721873224072,0.143211096898974,TRUE,"unstable_good_overlap_warning",28,"alpha_by_hidden_strength"
0.001,0.12,1800,931,0.499173703086273,0.500807613409607,0.00032050103969844,0.000973985770142132,1.08879251403469e-06,0.0165586055297102,0.000114773044603045,15208.2286719162,142.916821808871,0.999934246122834,0.993002923047524,0.160023841078497,0.0635460250371576,0.0964778160413393,0.164600212381015,0.164028734181952,TRUE,"unstable_good_overlap_warning",29,"alpha_by_hidden_strength"
0.001,0.12,1800,922,0.499106588335083,0.500834785425377,0.00033716948720186,0.000960760858468454,1.01802664665113e-06,0.0165672938392373,0.000110288071485963,16273.9294631792,148.844439947023,0.999938552025664,0.993281576387026,0.0346270538858255,-0.0596499861025632,0.0942770399883888,0.162600688217244,0.162058536713945,TRUE,"unstable_good_overlap_warning",30,"alpha_by_hidden_strength"
0.001,0.12,1800,914,0.499197081368318,0.500878493275804,0.000328442568126142,0.000986080273316923,1.03472228420966e-06,0.0160830367161902,0.000106414120700339,15543.3365663664,149.680873888079,0.999935663749174,0.993319119710994,0.16149100237393,0.0717501689702142,0.0897408334037161,0.157397535664321,0.156875923993986,TRUE,"unstable_good_overlap_warning",31,"alpha_by_hidden_strength"
0.001,0.12,1800,904,0.499154181068413,0.500763858233085,0.000343563392651736,0.000992697984833024,1.00317664430274e-06,0.0144757385276149,0.000101798910954366,14429.8998684088,140.811717599812,0.999930699449815,0.992898318285968,-0.0239740874441629,-0.11627908015396,0.0923049927097969,0.148981749696318,0.148456940809551,TRUE,"unstable_good_overlap_warning",32,"alpha_by_hidden_strength"
0.001,0.12,1800,902,0.499206051708486,0.500772310975207,0.000336733601242534,0.00097907101040094,9.67167361557092e-07,0.0155965455611583,0.000100895837359502,16126.0048478565,153.112954049095,0.99993798836045,0.993468873968173,0.104036540647544,0.0131416509012309,0.0908948897463131,0.152871736848834,0.152376431410904,TRUE,"unstable_good_overlap_warning",33,"alpha_by_hidden_strength"
0.001,0.12,1800,951,0.499210965726094,0.500778976138109,0.000320459349002489,0.000980535029803724,1.20638583893029e-06,0.018325635105239,0.000125475808737988,15190.5257123115,144.658333133881,0.999934169493608,0.993087159389052,0.0637337165964421,-0.0211520919606701,0.0848858085571123,0.168355969515463,0.167778573936914,TRUE,"unstable_good_overlap_warning",34,"alpha_by_hidden_strength"
0.001,0.12,1800,912,0.499146650062092,0.500939389707978,0.000334029530475788,0.00099564217961101,1.0455710142726e-06,0.0145673927295651,0.000105474375171017,13932.4756814338,136.757417284321,0.999928225247051,0.99268778235318,0.149193739528123,0.0652274725844886,0.0839662669436344,0.150394946187226,0.149849454831382,TRUE,"unstable_good_overlap_warning",35,"alpha_by_hidden_strength"
0.002,0.12,1800,888,0.498272587869734,0.501728875343489,0.000643926703636999,0.00196037835263563,3.64344974428135e-06,0.0132312884945549,9.48053808265054e-05,3631.52765186959,134.397619736492,0.999724633791654,0.99255939203417,0.262553849535805,0.167700999267553,0.0948528502682525,0.145415084704917,0.144893037000921,TRUE,"unstable_good_overlap_warning",1,"alpha_by_hidden_strength"
0.002,0.12,1800,923,0.49834129822686,0.501637720854355,0.0006687018760832,0.00197027002436432,4.29943594424597e-06,0.016341918984816,0.000110754143487188,3800.94486735794,142.037466939956,0.999736907523025,0.992959604099229,0.145211418640823,0.0509891116911785,0.0942223069496441,0.159257282018671,0.158716554569507,TRUE,"unstable_good_overlap_warning",2,"alpha_by_hidden_strength"
0.002,0.12,1800,873,0.49842481285734,0.50184243987362,0.000675688196308699,0.00198914770315829,3.50959736456792e-06,0.0136109066517991,8.86999203805596e-05,3878.19605439974,147.608478871134,0.999742148157037,0.993225321420235,0.0459283137848095,-0.0494590298494644,0.0953873436342739,0.148544209860482,0.148059275029161,TRUE,"unstable_good_overlap_warning",3,"alpha_by_hidden_strength"
0.002,0.12,1800,899,0.498398006411004,0.501626465755849,0.00066286067977267,0.00198035633140159,3.90348540719531e-06,0.0149843950215365,9.95327212046769e-05,3838.72192628559,144.866053313063,0.999739496629555,0.993097071555895,0.118534610312041,0.027525669417885,0.0910089408941563,0.153727188681882,0.15321564386618,TRUE,"unstable_good_overlap_warning",4,"alpha_by_hidden_strength"
0.002,0.12,1800,860,0.498285143135554,0.501710133997981,0.000673812557543063,0.00196799518955549,3.24223169454818e-06,0.0115161618866104,8.3713592913052e-05,3551.92440625847,132.436923444504,0.999718462476781,0.992449235651272,0.105304493822255,0.0185802923786382,0.0867242014436173,0.135142474182792,0.134650248797062,TRUE,"unstable_good_overlap_warning",5,"alpha_by_hidden_strength"
0.002,0.12,1800,884,0.498264348700425,0.50153812569787,0.000668276922135891,0.00190986940681185,3.39658693749453e-06,0.0143463624687938,9.3118375524493e-05,4223.75835884721,148.643921137555,0.999763244031727,0.993272513316743,0.108829713663008,0.0231265124008309,0.0857032012621769,0.146006508642938,0.145531780195021,TRUE,"unstable_good_overlap_warning",6,"alpha_by_hidden_strength"
0.002,0.12,1800,886,0.498019653524149,0.501703518999854,0.000664205991793843,0.00196173441658796,3.6150905565498e-06,0.0137273908953604,9.39374480771077e-05,3797.24675789634,140.717925823657,0.999736651299281,0.992893584849643,0.0899798697871242,-0.00315603761353811,0.0931359074006624,0.145948795205596,0.14544843731969,TRUE,"unstable_good_overlap_warning",7,"alpha_by_hidden_strength"
0.002,0.12,1800,884,0.498574433080977,0.501683025461845,0.00067998357072796,0.00197364712857966,3.62844470947044e-06,0.0133760584238873,9.31497074925753e-05,3686.44405383249,138.213616601832,0.999728735880595,0.992764822854749,-0.00109676582015505,-0.0851760116064513,0.0840792457862962,0.142879936624768,0.142381430266582,TRUE,"unstable_good_overlap_warning",8,"alpha_by_hidden_strength"
0.002,0.12,1800,910,0.498488221597911,0.501840428132453,0.000685153431021657,0.00194720667400268,3.96398614209964e-06,0.015208210933027,0.000104546146271464,3836.59538349737,140.154754166774,0.999739352238106,0.992865029759818,0.101242044799165,0.0173368591256795,0.0839051856734851,0.15238424969892,0.151859440188724,TRUE,"unstable_good_overlap_warning",9,"alpha_by_hidden_strength"
0.002,0.12,1800,886,0.497748329844483,0.501640608369754,0.000698698369377637,0.00199550635178796,3.74145558697338e-06,0.0127213015266641,9.39581301366528e-05,3400.09422294249,130.208346662291,0.999705890503489,0.992320000786174,0.197121745682608,0.112188894146485,0.0849328515361227,0.142157583881437,0.141631475784501,TRUE,"unstable_good_overlap_warning",10,"alpha_by_hidden_strength"
0.002,0.12,1800,910,0.498349708173866,0.501664336167575,0.000687767697072128,0.00207014397715219,4.47932077850191e-06,0.0148962851952932,0.000104522806425825,3325.56785546295,136.66049991272,0.999699299475018,0.992682596649078,0.0589819123033478,-0.0319216274629155,0.0909035397662633,0.153458129803223,0.152918634494145,TRUE,"unstable_good_overlap_warning",11,"alpha_by_hidden_strength"
0.002,0.12,1800,913,0.498514804971657,0.501645822347754,0.000688004494987737,0.00199819334555533,4.23176192966669e-06,0.0150501187708357,0.000105985440825278,3556.46631851548,136.54963467271,0.999718822024324,0.992676655617594,0.142278292144251,0.0475694480609661,0.0947088440832852,0.155989289430074,0.155438912735864,TRUE,"unstable_good_overlap_warning",12,"alpha_by_hidden_strength"
0.002,0.12,1800,907,0.498296408863963,0.50171572651251,0.000654995531754021,0.0019081148283123,3.75579820797217e-06,0.0138271052531954,0.000103155701628273,3681.53571825173,129.33225400798,0.999728374223006,0.992267976711066,0.0782336579998113,-0.0073886867041888,0.0856223447040001,0.143956000058212,0.143417863837204,TRUE,"unstable_good_overlap_warning",13,"alpha_by_hidden_strength"
0.002,0.12,1800,888,0.498228597912868,0.501626624193956,0.000659423266418435,0.00202484878317596,3.88796799739956e-06,0.0137373262353073,9.48281964401232e-05,3533.29200355955,139.159845943991,0.999716977821535,0.992814019064073,0.130687542661165,0.0435822256548495,0.0871053170063154,0.140342009966245,0.139856645981285,TRUE,"unstable_good_overlap_warning",14,"alpha_by_hidden_strength"
0.002,0.12,1800,900,0.498146774681236,0.501565546626436,0.000671906509638553,0.00193675896055139,3.75147820427275e-06,0.0139891651121343,0.000100011808286636,3728.97411377769,134.818061235559,0.999731829728636,0.992582596197903,0.159132158263052,0.0727905132218293,0.0863416450412229,0.147017843878387,0.146491227290944,TRUE,"unstable_good_overlap_warning",15,"alpha_by_hidden_strength"
0.002,0.12,1800,887,0.49819376580739,0.501544387527131,0.000673837043053682,0.00201003277092633,3.81311735734383e-06,0.0139236750194838,9.43786793070728e-05,3651.52019060407,141.800796934899,0.999726141456763,0.992947853456288,0.107960210753377,0.0205998819941242,0.0873603287592527,0.143919184788524,0.143430458514564,TRUE,"unstable_good_overlap_warning",16,"alpha_by_hidden_strength"
0.002,0.12,1800,916,0.498360198337517,0.501631561004278,0.000689883695251914,0.00200282196357199,4.30724429491434e-06,0.0148858831240063,0.000107377877139781,3456.01087488406,133.284388580894,0.999710649058639,0.992497245846665,0.0949342865528192,0.00914944770256998,0.0857848388502492,0.152208729102363,0.151658604592083,TRUE,"unstable_good_overlap_warning",17,"alpha_by_hidden_strength"
0.002,0.12,1800,886,0.498139785735953,0.501778852009171,0.000663852617512561,0.00199571226014125,3.74321158337821e-06,0.0126234328911637,9.39828315555058e-05,3372.35355522468,129.171636195521,0.999703471186035,0.992258362366129,0.0850756764055609,0.00393392106530244,0.0811417553402585,0.137012735427378,0.136501593341496,TRUE,"unstable_good_overlap_warning",18,"alpha_by_hidden_strength"
0.002,0.12,1800,894,0.498425256425427,0.501698040619058,0.000700138469505285,0.00204401462542677,4.06745150359043e-06,0.0147129444731331,9.73541312401451e-05,3617.23906484089,145.067194527113,0.999723546057622,0.99310664273022,0.0915272317280826,0.00410183238581596,0.0874253993422667,0.148167813147398,0.147676657486318,TRUE,"unstable_good_overlap_warning",19,"alpha_by_hidden_strength"
0.002,0.12,1800,897,0.498380184402686,0.501846369207165,0.000691272237221208,0.0019522983677976,3.76099746061505e-06,0.0138279563699476,9.867580039637e-05,3676.67261537747,134.990127173373,0.999728014945955,0.992592050834091,0.135064474421266,0.0522367658156173,0.082827708605649,0.143028387483647,0.142517011753558,TRUE,"unstable_good_overlap_warning",20,"alpha_by_hidden_strength"
0.002,0.12,1800,894,0.498086586539733,0.501711535992887,0.000654852868029521,0.00202690280904194,3.99994050660108e-06,0.0140990665952611,9.73615956154447e-05,3524.81907468211,139.096812604388,0.999716297495329,0.992810762653173,0.0781601307723179,-0.0111014556281903,0.0892615864005082,0.146557241697549,0.146050192899405,TRUE,"unstable_good_overlap_warning",21,"alpha_by_hidden_strength"
0.002,0.12,1800,883,0.498422259822126,0.501509428555988,0.000685850778960218,0.00195721273182689,3.55150971501767e-06,0.0133175165158259,9.27122119220133e-05,3749.81841088942,138.34408528314,0.999733320419705,0.992771646160706,0.1298408835149,0.0382793224821583,0.0915615610327419,0.144963333120937,0.1444577230222,TRUE,"unstable_good_overlap_warning",22,"alpha_by_hidden_strength"
0.002,0.12,1800,875,0.49831883112619,0.501801469948133,0.000689693521892243,0.00206001551676378,3.79765112851726e-06,0.0134976284038498,8.94899122970121e-05,3554.20441401097,144.68840119964,0.999718643081963,0.993088595964094,0.0100535922550762,-0.0881016096510034,0.0981552019060796,0.146595060702441,0.146108149222615,TRUE,"unstable_good_overlap_warning",23,"alpha_by_hidden_strength"
0.002,0.12,1800,874,0.498418612559782,0.501741606909124,0.000685862030052498,0.00202055028853948,3.63676082470799e-06,0.0133295839236004,8.90790162931447e-05,3665.23523709335,143.768238135532,0.999727166215723,0.993044360750548,-0.0293146067878889,-0.116729382463869,0.0874147756759804,0.143400975077074,0.142920880240979,TRUE,"unstable_good_overlap_warning",24,"alpha_by_hidden_strength"
0.002,0.12,1800,900,0.498399572591619,0.501582784687236,0.000644082052778661,0.00193693828847569,3.75289446672531e-06,0.0151946441260879,0.000100031039903801,4048.78001787949,146.4065148257,0.999753012019526,0.993169702856526,0.105209321670556,0.0114228485017556,0.0937864731688002,0.153993577083326,0.153485720761037,TRUE,"unstable_good_overlap_warning",25,"alpha_by_hidden_strength"
0.002,0.12,1800,927,0.498114005937393,0.501955479726794,0.000660309406656623,0.00195254130570874,4.29902579850689e-06,0.0159225233097344,0.000112763771060293,3703.75151395104,136.016939087317,0.999730003485322,0.992647974533833,0.0609467474586122,-0.0250301248135192,0.0859768722721314,0.155290542117994,0.154739529984213,TRUE,"unstable_good_overlap_warning",26,"alpha_by_hidden_strength"
0.002,0.12,1800,894,0.498306184625308,0.501549612109877,0.000669025031692139,0.00199948696858052,3.8920992304431e-06,0.0145235012485339,9.73524192050732e-05,3731.53416411751,143.449753852936,0.999732013709102,0.993028917979007,0.036756735489115,-0.061750052214214,0.098506787703329,0.157462263657586,0.156933492048479,TRUE,"unstable_good_overlap_warning",27,"alpha_by_hidden_strength"
0.002,0.12,1800,885,0.498487793740438,0.501718405553738,0.000680535721819475,0.00202136424173126,3.82214094821731e-06,0.01291072313846,9.35443455635219e-05,3377.87729792688,132.599250532711,0.999703956090823,0.992458479244924,0.0652852499063361,-0.0236666615303778,0.0889519114367139,0.143318847392999,0.142798542486565,TRUE,"unstable_good_overlap_warning",28,"alpha_by_hidden_strength"
0.002,0.12,1800,888,0.497997233967135,0.501741608954308,0.000698576046145205,0.00198716575029422,3.74395648554205e-06,0.0130296159793418,9.48118467511964e-05,3480.17292125536,132.205466866763,0.999712657956192,0.992436016273005,0.101573504662367,0.0160375858324397,0.0855359188299274,0.141213419578635,0.140698553573962,TRUE,"unstable_good_overlap_warning",29,"alpha_by_hidden_strength"
0.002,0.12,1800,881,0.498401486667296,0.501822276912462,0.000669661312078351,0.00193958248915646,3.45668311651403e-06,0.0132272279996789,9.18846698578647e-05,3826.56655349369,138.735476128952,0.999738669121255,0.992792038288242,0.114982538581063,0.0284468760835952,0.0865356624974676,0.14413224047979,0.14363061999636,TRUE,"unstable_good_overlap_warning",30,"alpha_by_hidden_strength"
0.002,0.12,1800,913,0.498457815456304,0.50189269507452,0.000658066153272407,0.00199305857218834,4.20829153980592e-06,0.0136984395634142,0.000105941396899284,3255.10707465052,124.362036402755,0.999692790443734,0.991958960878049,0.112338379960823,0.0306679814523279,0.0816703985084949,0.143068354167503,0.142513876552682,TRUE,"unstable_good_overlap_warning",31,"alpha_by_hidden_strength"
0.002,0.12,1800,875,0.498014361124238,0.501518676586439,0.000677552967622841,0.00207002037663214,3.83397584844388e-06,0.0136660696464202,8.94746754393551e-05,3564.46419764667,146.460906441236,0.999719452926288,0.993172239443969,0.0432079729574623,-0.0493463876989664,0.0925543606564286,0.146913364064934,0.146431502292503,TRUE,"unstable_good_overlap_warning",32,"alpha_by_hidden_strength"
0.002,0.12,1800,897,0.498255131561217,0.501697226332198,0.000663329400692803,0.00200961699084977,3.98414085095724e-06,0.0158030557347922,9.86525000769516e-05,3966.49022360625,153.970897643583,0.999747887945356,0.99350526615546,0.121700854267223,0.0203489569800945,0.101351897287128,0.161293356779593,0.16078899454373,TRUE,"unstable_good_overlap_warning",33,"alpha_by_hidden_strength"
0.002,0.12,1800,891,0.498179880611908,0.501891604328274,0.000672313373352884,0.00189152004903912,3.43716987769721e-06,0.0150291385534073,9.60680773904206e-05,4372.53295245225,151.038653397958,0.999771299608059,0.993379178259984,0.150747354923775,0.0563439533636634,0.0944034015601121,0.154710796554719,0.154215425282682,TRUE,"unstable_good_overlap_warning",34,"alpha_by_hidden_strength"
0.002,0.12,1800,923,0.49816672903897,0.501852914180678,0.000679543921627279,0.00206090364745055,4.70495483540222e-06,0.015497498453678,0.00011077457260448,3293.86763440697,134.201263178409,0.999696405529611,0.992548505309741,0.0251419746272412,-0.0617580628464871,0.0869000374737283,0.150482356522521,0.149943411658461,TRUE,"unstable_good_overlap_warning",35,"alpha_by_hidden_strength"
0.005,0.12,1800,914,0.495408915882483,0.504011378329704,0.00168020105555078,0.00508116577953228,2.7476583960643e-05,0.0158982858676441,0.000106423125343858,578.612169926822,118.732788519278,0.998271726638369,0.991577726654355,0.149785301499403,0.0559967209376415,0.0937885805617615,0.158720040480441,0.158186989687754,TRUE,"unstable_good_overlap_warning",1,"alpha_by_hidden_strength"
0.005,0.12,1800,933,0.496067599845183,0.503885079948579,0.00167732101042795,0.00483703682295738,2.70880535230126e-05,0.0167770970144965,0.000115776125540476,619.35410014764,117.433895077652,0.998385414741322,0.991484570963615,0.101581140157768,0.0108438045701496,0.0907373355876184,0.163753762176811,0.163186847536117,TRUE,"unstable_good_overlap_warning",2,"alpha_by_hidden_strength"
0.005,0.12,1800,876,0.494924532219588,0.504182367618817,0.00167559840776121,0.00487044640406383,2.1309760179428e-05,0.0126928724667987,8.98340594151947e-05,595.636570281639,114.202233764268,0.998321123903579,0.99124360385048,0.0646906490330851,-0.0137843949465797,0.0784750439796648,0.136026447295658,0.135543415202881,TRUE,"unstable_good_overlap_warning",3,"alpha_by_hidden_strength"
0.005,0.12,1800,922,0.495529990177365,0.50441194538159,0.00169842049235691,0.00522673308083711,3.01335508557004e-05,0.016522906148903,0.000110303594863832,548.322573334477,117.653389096222,0.998176256005806,0.991500457337594,0.107695776969652,0.0235827969798283,0.0841129799898235,0.159245181984417,0.158711773070113,TRUE,"unstable_good_overlap_warning",4,"alpha_by_hidden_strength"
0.005,0.12,1800,871,0.495631199601098,0.504661227200703,0.00166296643449215,0.00510825404321364,2.29457431131971e-05,0.0119801708306207,8.79340654503105e-05,522.108644358109,108.046460269265,0.998084689823074,0.99074472224719,0.0770372257078125,-0.00772498203870065,0.0847622077465131,0.135972584688754,0.135471687294711,TRUE,"unstable_good_overlap_warning",5,"alpha_by_hidden_strength"
0.005,0.12,1800,916,0.495610853625199,0.503941780782914,0.00171496567252249,0.00497270211403686,2.65634803960772e-05,0.0142192380701037,0.000107423695524092,535.292734915997,106.123873217356,0.998131863306239,0.990577049539533,-0.00410670115909217,-0.0886202162758726,0.0845135151167804,0.145349124883931,0.144798009670243,TRUE,"unstable_good_overlap_warning",6,"alpha_by_hidden_strength"
0.005,0.12,1800,876,0.495412415213689,0.504741011644908,0.00166328543323757,0.0051085138489417,2.34727064711955e-05,0.0135767603225421,8.99443769508813e-05,578.406258315495,119.706484357535,0.99827111137609,0.991646233657542,0.0341730230931627,-0.0633409927828683,0.097514015876031,0.148570376327197,0.148076573100633,TRUE,"unstable_good_overlap_warning",7,"alpha_by_hidden_strength"
0.005,0.12,1800,903,0.496390303773013,0.503865086924164,0.00156157945906887,0.00491763365729233,2.45130805503418e-05,0.0162153773251257,0.000101364421763051,661.498961414689,128.818708880597,0.998488281829103,0.992237152439349,0.0797802769484577,-0.015547019156303,0.0953272961047607,0.156529929233791,0.156039174784327,TRUE,"unstable_good_overlap_warning",8,"alpha_by_hidden_strength"
0.005,0.12,1800,896,0.495467373582662,0.504013046568682,0.00170971635986561,0.00480735374079693,2.27068162393946e-05,0.0144270551179097,9.82526075642648e-05,635.362305565316,119.271857158708,0.998426094857626,0.991615792494374,0.113105359544584,0.020418196181833,0.0926871633627512,0.149231387670919,0.148721560310061,TRUE,"unstable_good_overlap_warning",9,"alpha_by_hidden_strength"
0.005,0.12,1800,879,0.495921435419835,0.504435209827158,0.00167486588958199,0.00511937674078083,2.38833796793812e-05,0.0142533752459441,9.11300483856483e-05,596.790547957883,123.927922902055,0.998324370244432,0.991930793508172,0.0893668674524106,-0.00822988727549556,0.0975967547279062,0.152170282673414,0.151682227325877,TRUE,"unstable_good_overlap_warning",10,"alpha_by_hidden_strength"
0.005,0.12,1800,870,0.495674488414833,0.505492149577735,0.00168597409749438,0.00504202195942159,2.22587565882395e-05,0.0117916492537397,8.75571132765999e-05,529.753277412173,107.376550112955,0.998112328809205,0.990686979615679,0.0815309640641795,-0.00639803957427687,0.0879290036384563,0.135813207606931,0.135307080663637,TRUE,"unstable_good_overlap_warning",11,"alpha_by_hidden_strength"
0.005,0.12,1800,916,0.495695683676156,0.50432419486728,0.00166014349103411,0.00483478637361623,2.51075299830091e-05,0.0147661760468566,0.000107411161070021,588.117431577271,111.427119672859,0.998299659308995,0.991025524100992,0.11827750238922,0.039728224672817,0.0785492777164025,0.147426093072515,0.146887999131303,TRUE,"unstable_good_overlap_warning",12,"alpha_by_hidden_strength"
0.005,0.12,1800,914,0.496159646059429,0.504113841946487,0.00167224090716916,0.00498279849520402,2.642413666262e-05,0.0160017675579595,0.000106427572770148,605.573902461527,120.44833767124,0.9983486738845,0.99169768533685,0.130801596382506,0.0428922128178624,0.0879093835646437,0.151028657724167,0.15052474137185,TRUE,"unstable_good_overlap_warning",13,"alpha_by_hidden_strength"
0.005,0.12,1800,894,0.495633732719361,0.504207660642541,0.00169718916816797,0.00520343538967882,2.63514919825955e-05,0.0150871019554483,9.73251040383132e-05,572.533121290171,121.98833442099,0.998253376157965,0.99180249484718,0.0685697667906591,-0.0280059815651557,0.0965757483558147,0.158563349660938,0.158050187757698,TRUE,"unstable_good_overlap_warning",14,"alpha_by_hidden_strength"
0.005,0.12,1800,883,0.49659242365516,0.505550126171571,0.00162083591039364,0.00486683771470813,2.19580891310268e-05,0.0139974385237325,9.27044995639483e-05,637.461595141903,122.07502624041,0.998431278044637,0.991808316321549,0.0642655370940863,-0.0263891043934756,0.090654641487562,0.14373416472067,0.143256650743674,TRUE,"unstable_good_overlap_warning",15,"alpha_by_hidden_strength"
0.005,0.12,1800,859,0.496177782930255,0.504211167311074,0.00171342006606912,0.00496904424699812,2.05831168301071e-05,0.0123154801506904,8.33614789874791e-05,598.329215752033,118.481197159139,0.998328679306186,0.991559842203005,0.0432833996839539,-0.0486412484239884,0.0919246481079423,0.138314711917083,0.137845015851475,TRUE,"unstable_good_overlap_warning",16,"alpha_by_hidden_strength"
0.005,0.12,1800,918,0.495288828042188,0.504254222917777,0.00165220611508843,0.00491319252658542,2.61574345368476e-05,0.015382757919006,0.000108359647094012,588.08358661231,114.355424103083,0.998299561452207,0.991255333904419,0.0259642310072931,-0.0646466730391779,0.090610904046471,0.157922487693547,0.157364332934173,TRUE,"unstable_good_overlap_warning",17,"alpha_by_hidden_strength"
0.005,0.12,1800,929,0.496259122563305,0.503573848778258,0.00157697113261512,0.00478509539101686,2.60528167247928e-05,0.0170837880000097,0.000113781979377895,655.736697512333,122.171222586574,0.998474997657149,0.991814766367822,0.0363560042306661,-0.0566653078800849,0.093021312110751,0.164089256519122,0.163541070043807,TRUE,"unstable_good_overlap_warning",18,"alpha_by_hidden_strength"
0.005,0.12,1800,892,0.494753078485401,0.50480401992785,0.00169041808023668,0.00500842984862128,2.42063901272144e-05,0.0127959157351355,9.64998944077645e-05,528.617264610201,106.008695275741,0.99810827215275,0.990566811548818,0.14131500447864,0.0577800020984272,0.0835350023802132,0.141530111866455,0.140994414691911,TRUE,"unstable_good_overlap_warning",19,"alpha_by_hidden_strength"
0.005,0.12,1800,907,0.495355759279223,0.504188886906201,0.00158479122045813,0.00495390298896257,2.53153742123107e-05,0.0152877792311527,0.00010315477977222,603.893077105625,118.998683795409,0.99834407772185,0.991596545708696,0.143476897954454,0.0469599367648168,0.0965169611896368,0.157096533470469,0.156564747347743,TRUE,"unstable_good_overlap_warning",20,"alpha_by_hidden_strength"
0.005,0.12,1800,911,0.495360307079929,0.504358267746026,0.00170581660784191,0.00513253690720345,2.76570705167182e-05,0.0158397965087815,0.000104988568691128,572.721413108689,119.414378063056,0.998253950389995,0.991625799035088,0.141970251308187,0.0531544764892637,0.0888157748189231,0.151135101254733,0.150632516364316,TRUE,"unstable_good_overlap_warning",21,"alpha_by_hidden_strength"
0.005,0.12,1800,908,0.496121340277181,0.504025821406339,0.00169267409842511,0.00492326664648818,2.51302891472715e-05,0.0134607198710016,0.00010367899280406,535.637285831354,104.501163791035,0.99813306499295,0.990430728580213,0.138536237096088,0.0589311529755527,0.0796050841205357,0.13959032955739,0.139050695132001,TRUE,"unstable_good_overlap_warning",22,"alpha_by_hidden_strength"
0.005,0.12,1800,927,0.495606142356957,0.50501033978196,0.0017253158846528,0.00490701365133411,2.71471714579888e-05,0.017141662682203,0.000112743121140609,631.434575374836,122.53647028525,0.998416304651347,0.991839164310249,0.131643436236804,0.03860828805639,0.0930351481804141,0.159064061976618,0.15853927321353,TRUE,"unstable_good_overlap_warning",23,"alpha_by_hidden_strength"
0.005,0.12,1800,878,0.495279562303005,0.504194879748859,0.0016800271057214,0.00482253770408847,2.10843950751499e-05,0.0122711043921547,9.06587823689983e-05,581.999357743845,109.815244857236,0.998281785045474,0.990893796200154,0.156815071136862,0.076798825464196,0.0800162456726655,0.134656818779779,0.134157615765317,TRUE,"unstable_good_overlap_warning",24,"alpha_by_hidden_strength"
0.005,0.12,1800,873,0.495847857774489,0.504105593114507,0.00180313055178027,0.0052116628211155,2.40922688002245e-05,0.0127775935516317,8.87002980587603e-05,530.360741762631,113.284003613523,0.998114490909194,0.991172628366741,0.101838655066134,0.0164811322812597,0.085357522784874,0.140127325760109,0.139639184417584,TRUE,"unstable_good_overlap_warning",25,"alpha_by_hidden_strength"
0.005,0.12,1800,904,0.496113211970532,0.504057563426557,0.00170512389684097,0.00510578917866279,2.65472564911176e-05,0.0144432080232832,0.000101834254590603,544.056521551134,112.502243520794,0.998161955678522,0.991111288373417,0.0208315708403131,-0.0676772687255872,0.0885088395659003,0.149087676259401,0.148560191489074,TRUE,"unstable_good_overlap_warning",26,"alpha_by_hidden_strength"
0.005,0.12,1800,905,0.495815930580042,0.505121721523297,0.00162465144726398,0.00481194811472906,2.36808447617824e-05,0.0160569278395325,0.000102271663276898,678.055533958236,127.483986540397,0.998525194545405,0.992155877556566,0.0215199008614994,-0.0693201220802006,0.0908400229416999,0.155863504507353,0.155365604077722,TRUE,"unstable_good_overlap_warning",27,"alpha_by_hidden_strength"
0.005,0.12,1800,881,0.496345827157657,0.504303148252174,0.00171994702486084,0.0049158920056483,2.2201581410538e-05,0.013145137133935,9.18711691168548e-05,592.081117595325,115.234682017932,0.998311042236811,0.991322057018872,0.126648438747471,0.0382892464964071,0.0883591922510635,0.1411699332753,0.140674913478711,TRUE,"unstable_good_overlap_warning",28,"alpha_by_hidden_strength"
0.005,0.12,1800,916,0.495882818697083,0.504351651078329,0.00166047804583697,0.00489491543487515,2.57215209807351e-05,0.0162082682255074,0.000107351040802099,630.144237490739,121.800226946545,0.998413061739671,0.991789834673798,0.0479808173692029,-0.0409722275581157,0.0889530449273186,0.157984422653635,0.157459535781119,TRUE,"unstable_good_overlap_warning",29,"alpha_by_hidden_strength"
0.005,0.12,1800,901,0.496028406218743,0.504579660428532,0.00168277329689337,0.0050725228644327,2.58391909630101e-05,0.0144128770085542,0.000100422466732577,557.791342197472,114.150861564825,0.998207214912909,0.991239663141464,0.212710871526814,0.119759180421079,0.0929516911057355,0.149526868531507,0.149004101025858,TRUE,"unstable_good_overlap_warning",30,"alpha_by_hidden_strength"
0.005,0.12,1800,878,0.49587717744437,0.503945743249607,0.00168336575126316,0.00523807819303556,2.48737486624049e-05,0.0124699340516133,9.06561533063743e-05,501.329100846821,107.936853049379,0.998005302308781,0.990735323740238,-0.0624329420939091,-0.145272329756753,0.0828393876628435,0.137971041117077,0.137467596962688,TRUE,"unstable_good_overlap_warning",31,"alpha_by_hidden_strength"
0.005,0.12,1800,885,0.495277055921215,0.503788580788195,0.00165933520049488,0.00501828210768295,2.35493506513109e-05,0.0122880245682913,9.35123115403153e-05,521.798870390816,104.970528678947,0.998083552769574,0.99047351658999,0.0558654276265317,-0.0261455516922147,0.0820109793187463,0.135412461370187,0.13489523736634,TRUE,"unstable_good_overlap_warning",32,"alpha_by_hidden_strength"
0.005,0.12,1800,920,0.495871258715933,0.503666381431536,0.00173664686405911,0.00519873606512263,2.95429006889799e-05,0.0158006579710058,0.000109309421530024,534.837730978115,113.794697261774,0.998130274021298,0.991212244295535,0.216410228886573,0.127228738022926,0.0891814908636467,0.153989352307245,0.153454775173414,TRUE,"unstable_good_overlap_warning",33,"alpha_by_hidden_strength"
0.005,0.12,1800,941,0.495106543910553,0.504667554537858,0.0017482807708733,0.00512500985030191,3.15192309191598e-05,0.016088983722551,0.000120001369694979,510.449755700443,106.183473780724,0.998040943327267,0.990582338622062,0.091968308095477,0.00186917513119411,0.0900991329642828,0.1629787203211,0.162368588295841,TRUE,"unstable_good_overlap_warning",34,"alpha_by_hidden_strength"
0.005,0.12,1800,903,0.495582389645176,0.504141099610951,0.00165350888859894,0.00493800454007375,2.47095522221426e-05,0.0145531799029088,0.000101335567868276,588.969794841829,115.46008201245,0.998302120059878,0.991338998010653,0.0606103169129315,-0.0269728420052457,0.0875831589181773,0.144235216201196,0.143731318225126,TRUE,"unstable_good_overlap_warning",35,"alpha_by_hidden_strength"
0.01,0.12,1800,882,0.49100781401918,0.508967793129116,0.00349383911175943,0.0102696191084924,9.73785468792371e-05,0.0133664899958888,9.2332504737681e-05,137.263190140484,70.4570971588921,0.992714725637831,0.985806965652518,0.0624345680169235,-0.0294942011092487,0.0919287691261722,0.145773614961686,0.145265550068117,TRUE,"unstable_good_overlap_warning",1,"alpha_by_hidden_strength"
0.01,0.12,1800,931,0.492024868990676,0.508956547942223,0.00332630838997,0.0102326575961407,0.000120323418698722,0.0161413057530741,0.000114914089066355,134.14932793333,68.6170581657151,0.992545620500634,0.985426364424063,0.113728427824927,0.0276963974855191,0.086032030339408,0.160744858342529,0.160167331594173,TRUE,"unstable_good_overlap_warning",2,"alpha_by_hidden_strength"
0.01,0.12,1800,904,0.491741908207306,0.508769063211627,0.00349708650206781,0.0103710232650853,0.00010944939373097,0.0137688502650833,0.000101758370361386,125.801064727024,65.1910232763153,0.992050941681854,0.9846604647428,0.0373242033309349,-0.0355718403886776,0.0728960437196124,0.139108554196328,0.138589427404607,TRUE,"unstable_good_overlap_warning",3,"alpha_by_hidden_strength"
0.01,0.12,1800,941,0.491779760389455,0.508216648166624,0.00363023946919433,0.00979211460456088,0.000115162998897562,0.0193716955303566,0.000120104696512103,168.211107003107,82.3389522162197,0.994055089358745,0.987855079848794,0.132601264901523,0.0362465340105327,0.0963547308909899,0.17142518832524,0.170889755102753,TRUE,"unstable_good_overlap_warning",4,"alpha_by_hidden_strength"
0.01,0.12,1800,899,0.492725676689148,0.508764623351804,0.00335751168022552,0.0100173966599585,9.99077953449899e-05,0.0145944968982895,9.95610879511152e-05,146.079661230572,73.166784999866,0.993154420050156,0.986332596136323,0.0572230644465666,-0.0295956066567358,0.0868186711033023,0.149251987521099,0.148738509857346,TRUE,"unstable_good_overlap_warning",5,"alpha_by_hidden_strength"
0.01,0.12,1800,936,0.491142581372422,0.508248954836035,0.00351208451348917,0.0101486706135379,0.00012087929640787,0.0163278103714914,0.000117363650395088,135.075326021076,68.5342864945148,0.992596723402733,0.985408763246116,0.0980775441857356,0.0149416645595464,0.0831358796261892,0.155766072141318,0.155201051798514,TRUE,"unstable_good_overlap_warning",6,"alpha_by_hidden_strength"
0.01,0.12,1800,920,0.491276166942218,0.508282562056733,0.00332779886645873,0.0100385653581543,0.000110171238261918,0.0142928665666472,0.000109326370141151,129.733193455335,65.1162747085646,0.992291872470215,0.984642856114303,0.0498570569556207,-0.0352467068197566,0.0851037637753773,0.147813605103712,0.147242797261262,TRUE,"unstable_good_overlap_warning",7,"alpha_by_hidden_strength"
0.01,0.12,1800,889,0.490655962220355,0.508928859294715,0.00334181276189649,0.00965336044654318,8.87175904964122e-05,0.0133089105794286,9.52034513747115e-05,150.01433768613,72.3620877961008,0.993333970502924,0.986180608790369,0.232221579485489,0.145674527883772,0.0865470516017178,0.142325029778417,0.141811636493379,TRUE,"unstable_good_overlap_warning",8,"alpha_by_hidden_strength"
0.01,0.12,1800,910,0.492047526150433,0.51018885490761,0.003374564473968,0.00992742298673274,0.000103215128954349,0.0141828363475157,0.000104729807721417,137.410440612718,68.2047688885543,0.9927225326144,0.98533826862409,0.169734352136632,0.0870492455585621,0.0826851065780695,0.146421910922106,0.145876322324239,TRUE,"unstable_good_overlap_warning",9,"alpha_by_hidden_strength"
0.01,0.12,1800,906,0.491841368016258,0.509316057097616,0.00337033347197047,0.00995703380382688,0.000101832852355473,0.0142245983050271,0.000102713598692086,139.685749500295,69.5421418077783,0.992841073598579,0.985620230064756,0.224636015085145,0.145195132844242,0.0794408822409034,0.14425532422548,0.143729788961391,TRUE,"unstable_good_overlap_warning",10,"alpha_by_hidden_strength"
0.01,0.12,1800,915,0.491257593710508,0.509182420455754,0.00332246812981524,0.00990390883452953,0.00010480155998079,0.0154662556318247,0.000106845067847387,147.576578389287,73.0758424574605,0.993223856990625,0.986315587116466,0.10595624564966,0.0270176866508827,0.0789385589987769,0.148938385855542,0.148419518975538,TRUE,"unstable_good_overlap_warning",11,"alpha_by_hidden_strength"
0.01,0.12,1800,926,0.491890143345318,0.508350010143652,0.00340881069597881,0.0100604339122841,0.000113628327248979,0.0168585540054794,0.000112267276806872,148.365767706318,74.6298453922604,0.993259900747594,0.986600535017272,0.179107462666471,0.0811359198273289,0.0979715428391426,0.162156091015338,0.161611584588822,TRUE,"unstable_good_overlap_warning",12,"alpha_by_hidden_strength"
0.01,0.12,1800,897,0.491291790124503,0.509824935765549,0.00318480221545775,0.00995162816324695,9.7646772804667e-05,0.0134518628332715,9.85983423506078e-05,137.760444578958,68.5462301705087,0.992741022264727,0.985411305661705,-0.00109324017992096,-0.0850494998274415,0.0839562596475205,0.146626498085445,0.146084200659118,TRUE,"unstable_good_overlap_warning",13,"alpha_by_hidden_strength"
0.01,0.12,1800,919,0.490922041194592,0.508976778121961,0.00332766204630802,0.00998812223678423,0.000108608989431937,0.0164524082756099,0.000108867456213721,151.482933057953,75.6514491800021,0.993398596265512,0.986781482564589,0.163373863407724,0.0632998715050936,0.10007399190263,0.165846166793594,0.165292886083349,TRUE,"unstable_good_overlap_warning",14,"alpha_by_hidden_strength"
0.01,0.12,1800,904,0.491553521880096,0.507094827836631,0.00334315749278069,0.00975713351059089,9.68819920040212e-05,0.0156438187543283,0.00010176502989587,161.47292629655,78.7518413551252,0.993807011348989,0.987301884212579,0.0568792788104243,-0.039131924072684,0.0960112028831083,0.157507100687759,0.156990760044564,TRUE,"unstable_good_overlap_warning",15,"alpha_by_hidden_strength"
0.01,0.12,1800,904,0.491502015544392,0.50880480003252,0.00348524429264219,0.0102090564335946,0.000106050022899409,0.0141962133011217,0.000101751204178433,133.86336855945,68.316311220837,0.992529696430313,0.985362207324581,0.0895333715117745,0.00731136798935461,0.0822220035224199,0.143552636593114,0.143033369383559,TRUE,"unstable_good_overlap_warning",16,"alpha_by_hidden_strength"
0.01,0.12,1800,910,0.492200030716114,0.507975797403482,0.00315181954392507,0.00924707270345643,8.93312069923428e-05,0.0158212214401991,0.000104470736775001,177.107440645633,81.6360307468961,0.994353709836501,0.987750506842985,0.111061917191265,0.0156901638675002,0.0953717533237648,0.160610149783977,0.160075979716676,TRUE,"unstable_good_overlap_warning",17,"alpha_by_hidden_strength"
0.01,0.12,1800,880,0.492300772114846,0.508732111192912,0.00337716764407081,0.0096331289289901,8.49219840380628e-05,0.0120704141546892,9.15135465089419e-05,142.135329166111,68.4126044072145,0.992964451513449,0.985382810541057,0.160491871973118,0.0785307455724336,0.0819611264006841,0.132017621195205,0.131512654420822,TRUE,"unstable_good_overlap_warning",18,"alpha_by_hidden_strength"
0.01,0.12,1800,878,0.491712806123334,0.507990870012673,0.00332653191308463,0.0100163967250508,9.09481460382273e-05,0.013571241280771,9.06506276382512e-05,149.219548412418,74.732009506564,0.99329846517672,0.9866188530644,0.136227891321103,0.0470521481945587,0.0891757431265444,0.144440526398615,0.143954049169562,TRUE,"unstable_good_overlap_warning",19,"alpha_by_hidden_strength"
0.01,0.12,1800,867,0.491962803821866,0.508630793377055,0.00326537539122329,0.0100535661475382,8.73569216739461e-05,0.0128335125871952,8.642851325432e-05,146.908937967108,73.8468824645319,0.993193062220463,0.986458466943675,0.0539318250987162,-0.0425586041377102,0.0964904292364264,0.139740787796884,0.139266208153478,TRUE,"unstable_good_overlap_warning",20,"alpha_by_hidden_strength"
0.01,0.12,1800,926,0.490874349678473,0.509551181868796,0.00331320547068087,0.0101353727225391,0.0001152935112184,0.016563912433063,0.000112234252167381,143.667343096924,72.7995220740526,0.993039475927906,0.986263646085715,0.0509652973940532,-0.041105794581183,0.0920710919752362,0.162738260259587,0.162182102005497,TRUE,"unstable_good_overlap_warning",21,"alpha_by_hidden_strength"
0.01,0.12,1800,857,0.491167486485924,0.507857034320706,0.00334654994762101,0.0097660574509297,7.88125218917642e-05,0.0119035512853198,8.26336002697925e-05,151.036294735846,73.7307971597369,0.993379074865754,0.986437146504282,0.0424068940437037,-0.0468229442450769,0.0892298382887806,0.137650039944109,0.137168233952971,TRUE,"unstable_good_overlap_warning",22,"alpha_by_hidden_strength"
0.01,0.12,1800,926,0.491160410673858,0.507401473656744,0.00344670288810073,0.0101851959525354,0.000116422640057163,0.0174633718859269,0.000112227339048601,149.999792801061,76.376004731009,0.993333324124479,0.986906882553992,0.105530476042165,0.00247217342845341,0.103058302613711,0.169264421143959,0.168715998500495,TRUE,"unstable_good_overlap_warning",23,"alpha_by_hidden_strength"
0.01,0.12,1800,919,0.490807766011817,0.50852281549682,0.00355048941792846,0.0104799672332818,0.000119609807705528,0.0160902303092152,0.000108904780144614,134.522666810303,70.4122675956556,0.992566308535868,0.985797929336085,0.0749187084463733,-0.0165931647082549,0.0915118731546282,0.160344130345216,0.15979649622988,TRUE,"unstable_good_overlap_warning",24,"alpha_by_hidden_strength"
0.01,0.12,1800,888,0.4919966763322,0.507608031070001,0.00340824599218859,0.00988204817150112,9.24709288733205e-05,0.013601666971329,9.46915633919214e-05,147.091276545545,72.6730383139645,0.99320150029638,0.98623973865411,0.141892543900502,0.0587169197445978,0.0831756241559042,0.141586868003817,0.141089774820125,TRUE,"unstable_good_overlap_warning",25,"alpha_by_hidden_strength"
0.01,0.12,1800,887,0.490448960415086,0.508112535323583,0.00331580568510853,0.010524933219893,0.000104374411438567,0.0148991935344184,9.42226558796341e-05,142.747569342585,75.022223316854,0.992994626776446,0.98667061630823,0.0686928667335931,-0.0278887291316434,0.0965815958652365,0.152137612336811,0.151652384839314,TRUE,"unstable_good_overlap_warning",26,"alpha_by_hidden_strength"
0.01,0.12,1800,914,0.491689795027222,0.508027054944879,0.00341282551857758,0.00994197642265239,0.000105219305951208,0.0158221459165513,0.000106451056244829,150.373030628887,74.7489906116268,0.993349871344497,0.986621892927014,0.154066708937753,0.0614384698705617,0.0926282390671913,0.156537245378059,0.156006229768832,TRUE,"unstable_good_overlap_warning",27,"alpha_by_hidden_strength"
0.01,0.12,1800,897,0.490772890514991,0.509892075894236,0.00334315123799489,0.00998351238932643,9.83580830485099e-05,0.0141347557440553,9.86832249051926e-05,143.707108820777,71.7349874036382,0.993041402000181,0.986059800995389,0.0860046796335738,-0.00945511240218733,0.0954597920357612,0.147995455555015,0.147474295160807,TRUE,"unstable_good_overlap_warning",28,"alpha_by_hidden_strength"
0.01,0.12,1800,887,0.491082618466221,0.507647004989952,0.0034397032065217,0.0104258055448759,0.000102463590244468,0.0144855461635322,9.42649688071162e-05,141.372619571216,73.6321469204371,0.992926494514758,0.986418975382036,0.170485601207717,0.0800959171907232,0.0903896840169941,0.148689901509847,0.148201852803391,TRUE,"unstable_good_overlap_warning",29,"alpha_by_hidden_strength"
0.01,0.12,1800,886,0.491548132092464,0.508729702667033,0.00337875370574875,0.00953691136407857,8.5434982295244e-05,0.0138566725588901,9.39334430055751e-05,162.189681400115,77.25257405617,0.993834379651237,0.987055447508158,0.0483972348707689,-0.0384565825085967,0.0868538173793656,0.141819311827202,0.141334810323465,TRUE,"unstable_good_overlap_warning",30,"alpha_by_hidden_strength"
0.01,0.12,1800,886,0.489681300863999,0.507737269879097,0.00339322739656472,0.010239859437752,9.85391235792706e-05,0.0125778942725274,9.39768112994329e-05,127.643658839822,65.3343022251756,0.992165689944262,0.984694104537101,0.103350938096754,0.0121224880488227,0.0912284500479317,0.144689591188648,0.144143763207149,TRUE,"unstable_good_overlap_warning",31,"alpha_by_hidden_strength"
0.01,0.12,1800,893,0.492754201473136,0.5094895829606,0.00343995209325532,0.0097530453332551,9.21149952737974e-05,0.015112241170919,9.6838900178199e-05,164.058426383242,79.9784578919053,0.99390461055829,0.987496633138994,0.0363938110548863,-0.0593957700006125,0.0957895810554987,0.159107601852468,0.158593867148507,TRUE,"unstable_good_overlap_warning",32,"alpha_by_hidden_strength"
0.01,0.12,1800,885,0.492217293457564,0.510097730111424,0.00336018582948461,0.00987976000144805,9.1318482472668e-05,0.0141017301933219,9.35547615239374e-05,154.423615148692,76.2778317103626,0.993524306505601,0.986890031119433,0.106311963629073,0.0185236313310273,0.0877883322980459,0.145669327525424,0.145182158191812,TRUE,"unstable_good_overlap_warning",33,"alpha_by_hidden_strength"
0.01,0.12,1800,892,0.492373405971558,0.508362075514194,0.00357502021262668,0.0101560671166258,9.95254385334062e-05,0.0144124191409962,9.64901486253292e-05,144.811410563729,73.5269033953148,0.993094466823387,0.98639953603617,0.0796727476884282,-0.00622958661410244,0.0859023343025307,0.148820336683133,0.148317853396273,TRUE,"unstable_good_overlap_warning",34,"alpha_by_hidden_strength"
0.01,0.12,1800,901,0.492163544148698,0.507593623648387,0.00330808792104392,0.0103989245212185,0.000108720919406495,0.0140128997130826,0.000100539394290436,128.888716077631,66.9639620887568,0.992241368907751,0.985066594496387,0.0543842548810431,-0.0268477558080551,0.0812320106890982,0.145538810141471,0.14501166893663,TRUE,"unstable_good_overlap_warning",35,"alpha_by_hidden_strength"
0.02,0.12,1800,891,0.48447915293705,0.516154032648306,0.00685778431941592,0.0198737839159087,0.00037902374726425,0.0141555507674659,9.59633264851923e-05,37.3473980710683,29.8019705162188,0.973224373004591,0.96644517182326,0.148371861539435,0.0593469037849161,0.0890249577545191,0.144139657003415,0.143636762012192,TRUE,"unstable_good_overlap_warning",1,"alpha_by_hidden_strength"
0.02,0.12,1800,878,0.480313656682361,0.516652970785632,0.00695073009410241,0.0205490428549067,0.000383851669999081,0.0145320097498756,9.09034233417893e-05,37.8583991829717,30.609486772671,0.973585782241691,0.967330389841988,0.0899729377980973,-0.00721719803290788,0.0971901358310052,0.148173397094061,0.14769661508302,FALSE,"stable",2,"alpha_by_hidden_strength"
0.02,0.12,1800,929,0.482661870267021,0.518090245124025,0.00657860885800482,0.0192885840953786,0.000423155111250292,0.0180044965617417,0.000113736246947499,42.5482195135113,33.5347110487647,0.976497253905479,0.970180151588429,0.0615043966974407,-0.0406845844372314,0.102188981134672,0.170352739726825,0.16980082739202,TRUE,"unstable_good_overlap_warning",3,"alpha_by_hidden_strength"
0.02,0.12,1800,868,0.485060523696488,0.516283420104113,0.00701421583649897,0.0205177186206852,0.000364981165798307,0.0123720150568195,8.66986459572763e-05,33.8976808015798,27.3911180770558,0.970499456707569,0.963491815223211,0.165821948103177,0.0728951482313007,0.0929267998718759,0.136750216013809,0.136255608502243,FALSE,"stable",4,"alpha_by_hidden_strength"
0.02,0.12,1800,938,0.483350658775391,0.51749556111455,0.00691045935854828,0.0200762456704896,0.000476234741875398,0.0174235986844009,0.000118156079297952,36.5861562635839,29.3133710409693,0.972667257177946,0.965885875131783,0.148371107786644,0.0605390836744695,0.0878320241121742,0.160100366966884,0.159541285361748,FALSE,"stable",5,"alpha_by_hidden_strength"
0.02,0.12,1800,889,0.478752169392294,0.517825120920091,0.0070993223840789,0.0203667700711675,0.00039505027297591,0.0143268429808381,9.52375128634461e-05,36.2658728797076,29.2212928704946,0.972425867059178,0.965778379333458,0.163742047138429,0.0668963627216286,0.0968456844168004,0.151010183457404,0.150493146724987,FALSE,"stable",6,"alpha_by_hidden_strength"
0.02,0.12,1800,910,0.481671642498127,0.516176453947516,0.00656946155920457,0.0203793138633077,0.000435189709965992,0.0155420291225477,0.00010478509272013,35.713227511198,28.782878469946,0.971999170344197,0.965257123221913,0.134425961068999,0.0459450454198249,0.0884809156491744,0.152041686964255,0.151513468430218,FALSE,"stable",7,"alpha_by_hidden_strength"
0.02,0.12,1800,901,0.482066841548841,0.516342021875888,0.00700357068834911,0.0200717925484428,0.000404217911682563,0.0146175170692947,0.000100332869847078,36.1624674385385,28.9713495735334,0.972347019691076,0.965483140595095,0.111407827878937,0.0263983292471877,0.0850094986317496,0.148648931412897,0.148123339589089,FALSE,"stable",8,"alpha_by_hidden_strength"
0.02,0.12,1800,899,0.482882248296168,0.514127301322995,0.00692567344250095,0.020695763101134,0.000426489384286707,0.0144798171753158,9.95738585592231e-05,33.951178408656,27.5248601232468,0.970545941352508,0.963669206836207,0.0722950661452486,-0.0139024636721328,0.0861975298173814,0.146270959427533,0.145751841989671,FALSE,"stable",9,"alpha_by_hidden_strength"
0.02,0.12,1800,932,0.482189981282628,0.517556269882072,0.00680830448498004,0.0205784913271927,0.000488808755450102,0.0182246130825479,0.000115428197018933,37.2837288189865,30.1613679998855,0.973178648389623,0.96684500517338,0.103634336844464,0.0115434361855764,0.0920909006588876,0.169394607635923,0.16884248066978,FALSE,"stable",10,"alpha_by_hidden_strength"
0.02,0.12,1800,903,0.484725611678038,0.515092187418702,0.00712589959474275,0.0199882821543175,0.000404688367237339,0.0156004095257057,0.000101290747974666,38.5491918935157,30.8321214387854,0.974059118988478,0.967566292770823,0.100320759854207,0.0047538745557929,0.0955668852984143,0.158317009054901,0.157788476694647,TRUE,"unstable_good_overlap_warning",11,"alpha_by_hidden_strength"
0.02,0.12,1800,909,0.483885008755616,0.515194981844655,0.00669034641029037,0.0204822982655793,0.000436250276296984,0.0159544828428866,0.000103986830893735,36.5718572795248,29.5323713060943,0.972656570532997,0.966138851850558,0.133232391419222,0.0423474971983944,0.0908848942208281,0.155532493854844,0.155010510556155,FALSE,"stable",12,"alpha_by_hidden_strength"
0.02,0.12,1800,920,0.482592195812282,0.516633331684979,0.0065263912153215,0.0202200856548694,0.000446937127315991,0.0165353102984074,0.000109315174220646,36.9969494315845,29.7262775411964,0.972970744470454,0.966359730086818,0.11467893272755,0.0196236029397812,0.0950553297877693,0.160337177891574,0.159791530393293,FALSE,"stable",13,"alpha_by_hidden_strength"
0.02,0.12,1800,898,0.484060807521809,0.517484042421713,0.00674982353542036,0.0201435928604864,0.000402368661507827,0.0137291648467916,9.91631418677558e-05,34.1208601965751,27.374465097501,0.970692415307268,0.963469605837475,0.13604174097194,0.0555550797624129,0.0804866612095274,0.14070281365714,0.140178359591564,FALSE,"stable",14,"alpha_by_hidden_strength"
0.02,0.12,1800,922,0.481619256846257,0.517304231435018,0.00697812961650446,0.0198075058180291,0.000432098628151721,0.01633108993015,0.000110134479379142,37.7948201317032,30.1182087617556,0.973541347821863,0.96679749423645,0.217163769031209,0.134577610234379,0.0825861587968297,0.151512571100569,0.150986885030078,TRUE,"unstable_good_overlap_warning",15,"alpha_by_hidden_strength"
0.02,0.12,1800,890,0.483874782008226,0.515092953910861,0.00665361566905115,0.020684990250605,0.000408719460512772,0.0144937264380691,9.55244784884726e-05,35.4613074207075,28.7434817100168,0.971800250111025,0.965209503494091,0.134990792596706,0.0410838072177626,0.0939069853789432,0.148463629438052,0.147959332986357,FALSE,"stable",16,"alpha_by_hidden_strength"
0.02,0.12,1800,919,0.477958919546925,0.518776435158624,0.00690025883428924,0.0205303301519512,0.000458463981378597,0.0151467243780443,0.000108771058478048,33.0379811572072,26.7027304622653,0.969731806697218,0.962550646219002,0.0039383718508238,-0.0784733105968531,0.0824116824476769,0.146792435107038,0.146247903699975,FALSE,"stable",17,"alpha_by_hidden_strength"
0.02,0.12,1800,914,0.482367604846709,0.515556117226702,0.00691287891825093,0.019716011211957,0.000412940819360289,0.0161303085007947,0.000106230616595814,39.0620344236812,31.0693296735196,0.974399694876267,0.967813917760437,0.106623695976409,0.00176637679068281,0.104857319185726,0.164739769505113,0.164182103664989,TRUE,"unstable_good_overlap_warning",18,"alpha_by_hidden_strength"
0.02,0.12,1800,893,0.485448181466161,0.517735974640146,0.00671536307106296,0.019962843621135,0.000386667239610687,0.0149508120513606,9.70269921830282e-05,38.6658359431064,30.9096347829445,0.974137375395907,0.967647628093238,0.147608547580756,0.0604460020601709,0.0871625455205856,0.148406812011483,0.147911639467186,TRUE,"unstable_good_overlap_warning",19,"alpha_by_hidden_strength"
0.02,0.12,1800,881,0.480965025691537,0.516277169374109,0.0069609292994387,0.0197203691069131,0.000356925724740346,0.0136606269956405,9.17799403824256e-05,38.2730244663038,30.4445164335127,0.973871936855149,0.967153362340838,0.137888421644538,0.0452085559964814,0.0926798656480565,0.149925527153866,0.149407476946788,TRUE,"unstable_good_overlap_warning",20,"alpha_by_hidden_strength"
0.02,0.12,1800,893,0.486752608351462,0.518399233914907,0.00672804936392507,0.0194333419843534,0.000366231971661148,0.013699708329415,9.69753304859294e-05,37.407188310939,29.5757607142927,0.973267170157572,0.966188528178187,-0.000708695588060637,-0.0898297125152271,0.0891210169271665,0.147377709053687,0.146840786675756,TRUE,"unstable_good_overlap_warning",21,"alpha_by_hidden_strength"
0.02,0.12,1800,910,0.482281764801328,0.516208089040586,0.00678071545024211,0.0202172986195338,0.00042739836734056,0.0142250734155791,0.000104565063868772,33.2829381265376,26.7406979145929,0.969954575638782,0.962603818225167,0.086146634594897,-0.00202225324535499,0.088168887840252,0.147710601626573,0.147149828059286,FALSE,"stable",22,"alpha_by_hidden_strength"
0.02,0.12,1800,923,0.482229761038406,0.518938300034764,0.00690289616007089,0.0202141948858905,0.000452184013223732,0.0166564765729852,0.00011066296627279,36.8356157800385,29.5932592334151,0.97285236098749,0.966208520929967,0.036533102611105,-0.0532864908165445,0.0898195934276494,0.157478751839791,0.156940100702592,FALSE,"stable",23,"alpha_by_hidden_strength"
0.02,0.12,1800,868,0.481826156098637,0.514911955608052,0.00686264867020758,0.0195135558042494,0.000330259135344799,0.0122760341409655,8.67325290158967e-05,37.170914676286,29.4395192762098,0.973097245286838,0.966032054035335,0.0425613537802435,-0.047247765729319,0.0898091195095625,0.134845188516059,0.13435477368641,TRUE,"unstable_good_overlap_warning",24,"alpha_by_hidden_strength"
0.02,0.12,1800,902,0.48203767220515,0.515611975675689,0.00664019270863137,0.0200238554136749,0.000404892167339076,0.0131972260358062,0.00010098200142571,32.5944216766096,26.0879618898716,0.969319903573635,0.961668143942351,0.133983096300116,0.0604313243403942,0.073551771959722,0.131652026084994,0.131131369503469,FALSE,"stable",25,"alpha_by_hidden_strength"
0.02,0.12,1800,905,0.483980739532916,0.515797949395506,0.00694419956043568,0.0206213569650408,0.000434429012578307,0.015256095689566,0.000102160813106292,35.1175801980215,28.4315783850388,0.971524233891937,0.964827840844523,0.0731483119049816,-0.0169256354466853,0.090073947351667,0.153747129827964,0.153216349738159,FALSE,"stable",26,"alpha_by_hidden_strength"
0.02,0.12,1800,901,0.484815131775814,0.515601989618121,0.00680994990141248,0.0193933263042216,0.000378383125337967,0.0152855942671292,0.000100606757109924,40.3971351879824,31.9121443421972,0.975245769400562,0.968663967257202,0.0428853887965364,-0.0472555988848333,0.0901409876813697,0.153558874491129,0.153039823191816,TRUE,"unstable_good_overlap_warning",27,"alpha_by_hidden_strength"
0.02,0.12,1800,905,0.482915501341545,0.516850302032346,0.0067248991562277,0.0206067729719905,0.000434068276533319,0.013810590281706,0.000102220517230918,31.8166312267832,25.752151531582,0.96856989689222,0.961168293112379,0.176452631544155,0.0974255456971097,0.079027085847045,0.138206607275769,0.137677521896715,FALSE,"stable",28,"alpha_by_hidden_strength"
0.02,0.12,1800,868,0.482736341197791,0.517511303821551,0.00686772668410512,0.0200097699937885,0.000347820860641073,0.0122505545886578,8.6870322179424e-05,35.220873659155,28.1822016935563,0.971607745745396,0.964516611907272,0.0327760551341619,-0.0590456169344626,0.0918216720686246,0.136306868336187,0.135808549797696,FALSE,"stable",29,"alpha_by_hidden_strength"
0.02,0.12,1800,904,0.482993425190215,0.518837979064336,0.00692676560307715,0.0198815569212245,0.000402735199971076,0.0153480070419421,0.000101887007709111,38.1094253570198,30.4148466087113,0.973759772270725,0.967121320292518,0.0653936932781648,-0.0239522049166769,0.0893458981948417,0.154020814672594,0.153494910650589,TRUE,"unstable_good_overlap_warning",30,"alpha_by_hidden_strength"
0.02,0.12,1800,875,0.480401511151062,0.518588063734362,0.00694199163232712,0.0207079351366012,0.00038381196080136,0.0127954735559499,8.95045086269489e-05,33.337870787649,27.0336537653229,0.970004083153071,0.963009069780914,0.0915564807186943,0.00551078005879924,0.086045700659895,0.136507444761008,0.136014354512753,FALSE,"stable",31,"alpha_by_hidden_strength"
0.02,0.12,1800,899,0.483722167349481,0.517459897275289,0.00681273849943276,0.0202276927546345,0.000406676401864888,0.0145961721979042,9.9393109048619e-05,35.8913675122795,28.8422279610494,0.972138147155918,0.965328614649656,0.0390254331457526,-0.0549239191943971,0.0939493523401497,0.150240554116952,0.149713434688309,FALSE,"stable",32,"alpha_by_hidden_strength"
0.02,0.12,1800,927,0.482466196233357,0.514395760901268,0.00676254477754962,0.019764393609682,0.000440745175331458,0.016968431754285,0.000112828958247084,38.4994157713106,30.652501128609,0.974025579870093,0.967376234787357,0.0414678251122167,-0.0529033377852282,0.0943711628974448,0.158591888008856,0.158049634234361,TRUE,"unstable_good_overlap_warning",33,"alpha_by_hidden_strength"
0.02,0.12,1800,904,0.483515941293536,0.513811198943482,0.00690845269033968,0.01865555493832,0.000353918524116942,0.0160989922138161,0.000101692037648424,45.4878485210249,35.3349846663716,0.978016106883187,0.971699435858205,0.0516595974969924,-0.0461286366596589,0.0977882341566514,0.155915675394898,0.155411356800511,TRUE,"unstable_good_overlap_warning",34,"alpha_by_hidden_strength"
0.02,0.12,1800,883,0.483006124677332,0.514989712090136,0.00640996194636034,0.0198559661056635,0.000365554345899917,0.013473565336261,9.27192490988933e-05,36.8578994816544,29.4007018586703,0.97286877401959,0.96598720653653,0.0291391071946252,-0.0622322847931478,0.091371391987773,0.149250390941576,0.148721594371994,TRUE,"unstable_good_overlap_warning",35,"alpha_by_hidden_strength"
0.05,0.12,1800,892,0.450984047228787,0.539445356483848,0.0169853199766751,0.0492767911804657,0.00234282335609245,0.015450527263823,9.64838679932634e-05,6.59483235201848,6.33398167777496,0.848366122651483,0.842121425215223,0.0787100680162638,-0.00838845719248305,0.0870985252087468,0.142572700835705,0.142047003381469,FALSE,"stable",1,"alpha_by_hidden_strength"
0.05,0.12,1800,935,0.459138770615728,0.543605341391796,0.0168445761003961,0.0515859797048979,0.00311308287416004,0.0202170674409604,0.00011698422880705,6.49422718835113,6.25902397581441,0.846017090102156,0.840230680715697,0.0817936467476936,-0.00839512332751924,0.0901887700752129,0.160882899142366,0.160331768676012,FALSE,"stable",2,"alpha_by_hidden_strength"
0.05,0.12,1800,957,0.461775689407571,0.547906954358921,0.0171142690533833,0.0501119604864485,0.00323228662014036,0.0219354543278731,0.000128714382429164,6.78635805104454,6.52646467855951,0.852645558563465,0.846777689108598,0.119250008381734,0.0235142581088397,0.0957357502728939,0.173871835417914,0.17327251332595,FALSE,"stable",3,"alpha_by_hidden_strength"
0.05,0.12,1800,938,0.459474287159314,0.53640897342613,0.0167069272617675,0.0489251762711261,0.00284970129179781,0.0197643249091374,0.000119051409394755,6.93557776249192,6.65745075404831,0.855815905430681,0.84979235492025,0.105784472697875,0.0217789698752109,0.0840055028226645,0.161906491001132,0.161335705840151,FALSE,"stable",4,"alpha_by_hidden_strength"
0.05,0.12,1800,950,0.450978460777023,0.540854877512132,0.0167389252990611,0.0494115068137255,0.00304198366696048,0.0221353992910504,0.000124595019366381,7.27663318231022,6.99032030583354,0.862573806464363,0.856945038818109,0.146261249180554,0.0559376282882666,0.0903236208922874,0.176609808336785,0.176032627209985,FALSE,"stable",5,"alpha_by_hidden_strength"
0.05,0.12,1800,905,0.459439657407401,0.545577112115757,0.016539888002758,0.0505076823170181,0.00260504301929002,0.0167196452943999,0.000102117463594026,6.41818394959047,6.17608206093042,0.844192686302827,0.838085052929276,0.143133592866462,0.0490614211034415,0.0940721717630206,0.151946539467932,0.15139588413558,FALSE,"stable",6,"alpha_by_hidden_strength"
0.05,0.12,1800,930,0.455914688033497,0.543258251623211,0.0163260653959119,0.0499848830456792,0.00285643916635255,0.019384310373439,0.000114326687055858,6.78618001103496,6.52502126722613,0.85264169262031,0.846743794534004,0.0240142184614873,-0.0717615805621312,0.0957757990236185,0.167455434137346,0.166875267260351,FALSE,"stable",7,"alpha_by_hidden_strength"
0.05,0.12,1800,892,0.458181375581238,0.542962667221543,0.0178533107897447,0.0495897944880653,0.00236291076140774,0.0158299299109695,9.60865727877545e-05,6.69933463824024,6.43755472640581,0.850731445136069,0.844661514736619,0.0140192199444951,-0.0807575917855983,0.0947768117300933,0.148099177159756,0.147569890894552,FALSE,"stable",8,"alpha_by_hidden_strength"
0.05,0.12,1800,878,0.456957476227702,0.540546099337839,0.0173374444000585,0.0511873219551396,0.00236265388568365,0.0153666560260163,9.01727444451944e-05,6.50398101860351,6.26487654580344,0.846248013771923,0.840379935232745,0.116076232298039,0.0296053129456786,0.0864709193523602,0.142938299771216,0.142441854119022,FALSE,"stable",9,"alpha_by_hidden_strength"
0.05,0.12,1800,887,0.45959439244999,0.539880394518281,0.0172272631748854,0.0500887787782388,0.00237191949548314,0.0148443627118162,9.45407532609314e-05,6.25837543815649,6.0184885279927,0.840214124275266,0.833845325890565,0.0664362858949621,-0.0169414478457979,0.08337773374076,0.145476037632018,0.144923636798981,FALSE,"stable",10,"alpha_by_hidden_strength"
0.05,0.12,1800,894,0.456423742064586,0.546258866338879,0.0166080066069388,0.050255256293807,0.00246539948316542,0.0169068287988996,9.76167436805451e-05,6.85764271240629,6.59645796300909,0.85417729649419,0.84840349084195,0.0177326119192733,-0.0803969770648125,0.0981295889840859,0.158279324528328,0.157743473461264,FALSE,"stable",11,"alpha_by_hidden_strength"
0.05,0.12,1800,915,0.45895181876252,0.549448320303438,0.0173897948234383,0.0504874908004604,0.00272768445960031,0.0174225234045269,0.000107010539927807,6.38729430129166,6.1461721304857,0.843439185227808,0.837297104804487,0.0358958033914284,-0.0506020138509988,0.0864978172424272,0.145088320457212,0.144559075164984,FALSE,"stable",12,"alpha_by_hidden_strength"
0.05,0.12,1800,886,0.455475646706214,0.537460002443692,0.0167061297249158,0.0481695324822976,0.00217958627732902,0.016121356817825,9.39353812797347e-05,7.39652152590216,7.09091851259964,0.864801312820079,0.858974546354872,0.142319328113418,0.0545790479917379,0.0877402801216799,0.144519455263748,0.144031768483652,FALSE,"stable",13,"alpha_by_hidden_strength"
0.05,0.12,1800,882,0.462625271132575,0.5457764944545,0.0165572675181531,0.0488268746691143,0.00219612279880737,0.0152214042217506,9.21167839626924e-05,6.93103510879118,6.65201508459361,0.855721406066517,0.849669613300179,0.15394375583082,0.0721031080756938,0.0818406477551263,0.13715233140569,0.136666489754351,FALSE,"stable",14,"alpha_by_hidden_strength"
0.05,0.12,1800,914,0.44907570856783,0.538280094634874,0.0170012952156744,0.051491385104028,0.00282620770480392,0.0185067720871976,0.00010659453202081,6.54827033969947,6.31026935768926,0.847287917553218,0.841528159367481,0.00828805358495777,-0.0834636845653012,0.0917517381502589,0.15627982185645,0.155747730618016,FALSE,"stable",15,"alpha_by_hidden_strength"
0.05,0.12,1800,913,0.454691884180966,0.537664176850196,0.0171567306190625,0.0504250619191155,0.00269860395189011,0.018006241905381,0.000106131981260094,6.67242849502589,6.41994196050995,0.850129529189339,0.844235351946925,0.110349488685741,0.0240794466930279,0.0862700419927136,0.156472991096303,0.155929612893017,FALSE,"stable",16,"alpha_by_hidden_strength"
0.05,0.12,1800,907,0.449227333399003,0.539850846506289,0.0171632608811376,0.0477889268239747,0.00235122212183252,0.0171941764876922,0.000102953023047449,7.31286777545764,7.00609185272028,0.863254740724829,0.857267072567465,0.0873782613080943,0.00684929381588417,0.0805289674922102,0.150501819537528,0.149978959372209,FALSE,"stable",17,"alpha_by_hidden_strength"
0.05,0.12,1800,899,0.461332247235905,0.546772482592215,0.0177427745269388,0.0513000924210372,0.00261927652990335,0.0168907853823423,9.95279494263436e-05,6.44864533756027,6.21257817940134,0.84492867142569,0.839036230833177,0.0377419493243699,-0.0537906986847161,0.091532648009086,0.153354483121026,0.152818808816367,FALSE,"stable",18,"alpha_by_hidden_strength"
0.05,0.12,1800,886,0.463576717319389,0.542826342274732,0.0171871983369667,0.0514804633917371,0.00249835151246355,0.0158116352358426,9.42689451965686e-05,6.32882729150121,6.09870804233062,0.841992844180964,0.836030845703863,-0.0193123008257716,-0.105077606708284,0.0857653058825121,0.142348667900632,0.141843800055597,FALSE,"stable",19,"alpha_by_hidden_strength"
0.05,0.12,1800,916,0.46299266229493,0.543221767613966,0.0175192417795509,0.049123138261489,0.002593265968308,0.0181906040605974,0.000107466932430683,7.01455395740456,6.7354324656178,0.857439260418775,0.851531433934691,0.0474796498935476,-0.0435667487734968,0.0910463986670443,0.159453526719945,0.15890325331799,FALSE,"stable",20,"alpha_by_hidden_strength"
0.05,0.12,1800,898,0.460575815317924,0.542243905460876,0.0170590972432211,0.0474263180335289,0.00223183713789281,0.0172194436117037,9.9225588056881e-05,7.71536745192862,7.38694991774123,0.870388545169028,0.86462612971041,0.132536766327699,0.037257456676389,0.09527930965131,0.148431477098235,0.14793931516751,FALSE,"stable",21,"alpha_by_hidden_strength"
0.05,0.12,1800,934,0.455074914005954,0.547001405543312,0.0174462888316443,0.0505480764097985,0.00296667387283384,0.0206088398526006,0.000116107571166274,6.94678307626532,6.68514464193065,0.856048477543995,0.850414605283514,-0.00926741031822087,-0.103051029292386,0.0937836189741654,0.166174191603023,0.165626471682924,FALSE,"stable",22,"alpha_by_hidden_strength"
0.05,0.12,1800,924,0.460837702089773,0.53739219151685,0.0170904688026388,0.0508519621463899,0.00286815263134348,0.0192370838342584,0.00011091411772269,6.70713393144894,6.45741953928644,0.850905019905578,0.845139378986284,0.107409259974461,0.0146411196999245,0.0927681402745363,0.160428940356445,0.159884491883056,FALSE,"stable",23,"alpha_by_hidden_strength"
0.05,0.12,1800,912,0.453896950729241,0.542363972201442,0.0175282352172882,0.0493297135612048,0.00256126607821055,0.0173983221517999,0.000105253733615838,6.79286010142117,6.52473012750025,0.852786604601089,0.8467369560949,0.222585836785701,0.133497257071108,0.0890885797145936,0.150738357977405,0.150202739152241,FALSE,"stable",24,"alpha_by_hidden_strength"
0.05,0.12,1800,883,0.458316812716797,0.551710839189966,0.0171432181102116,0.050291445454037,0.00234735206356371,0.0162396982190152,9.28089790463956e-05,6.91830529859265,6.65517477553223,0.855455930774922,0.849740985965312,0.0210543277105304,-0.0705920942390803,0.0916464219496107,0.149192377795765,0.148693196621666,FALSE,"stable",25,"alpha_by_hidden_strength"
0.05,0.12,1800,886,0.461645156478023,0.539600855561489,0.0164889890297153,0.0491877919966408,0.00227365458359392,0.0155413825305664,9.39744583330739e-05,6.83541934764801,6.56411213722799,0.853703196667211,0.847656472178689,0.0937141349433529,-0.000582804623409761,0.0942969395667627,0.148248268051513,0.147722318636283,FALSE,"stable",26,"alpha_by_hidden_strength"
0.05,0.12,1800,907,0.447191706930887,0.537394029406128,0.0168549856690405,0.0515677845055111,0.00274095289408161,0.0185280537184875,0.000103072930835011,6.75971256510614,6.5147276639201,0.852064715715572,0.846501641881639,-0.00118653589768236,-0.0940232990855863,0.0928367631879039,0.157082853648986,0.156569222159916,FALSE,"stable",27,"alpha_by_hidden_strength"
0.05,0.12,1800,906,0.457182481676993,0.544047427953912,0.017133972811914,0.0512264316972323,0.00269454143239535,0.017208406089068,0.000102682552456003,6.3863950586094,6.15195857831258,0.843417140527203,0.837450140915238,0.0434374457558191,-0.049677717696474,0.0931151634522931,0.150304394540021,0.149771764752091,FALSE,"stable",28,"alpha_by_hidden_strength"
0.05,0.12,1800,897,0.455913350061902,0.539532975534457,0.0166196037786834,0.0490689150269551,0.00237135922457941,0.0165901985146036,9.84882537628478e-05,6.99607142715633,6.71709433885318,0.857062637165432,0.85112610459916,0.196681986642083,0.109578575442727,0.0871034111993568,0.144601126444349,0.144099458929468,FALSE,"stable",29,"alpha_by_hidden_strength"
0.05,0.12,1800,940,0.462370600753772,0.5396939800518,0.0168396138877842,0.0506109188069401,0.0030594637067297,0.0201993248208657,0.000119441943744006,6.60224364696159,6.35417563206247,0.848536338028026,0.842623172870119,0.157871144484927,0.0669895378851706,0.0908816065997566,0.162054285676103,0.16148864753409,FALSE,"stable",30,"alpha_by_hidden_strength"
0.05,0.12,1800,903,0.458697903594695,0.541220522056404,0.0175490006194448,0.0507436545859752,0.0026188918679191,0.0172580510382355,0.000101707758420596,6.58982955716621,6.34347328109228,0.84825100690009,0.842357655548001,0.0309971765436547,-0.0633095395468242,0.0943067160904789,0.153096808962083,0.152564050449845,FALSE,"stable",31,"alpha_by_hidden_strength"
0.05,0.12,1800,932,0.460095290356895,0.545516327753477,0.0167761475686775,0.0503250291334675,0.00293111496453296,0.0191704185538125,0.000115735017798247,6.54031615469819,6.29188134137962,0.847102192562716,0.841065025587286,-0.0159717833354878,-0.104297367055626,0.0883255837201387,0.161826887669875,0.161249198891324,FALSE,"stable",32,"alpha_by_hidden_strength"
0.05,0.12,1800,904,0.462276412036986,0.538242582854399,0.0163864663578834,0.0499375066333709,0.00253541399443403,0.016813600745862,0.000101670550349982,6.63150112083184,6.37582923881536,0.849204579509358,0.843157656432812,0.0835717396979456,-0.00933397448732132,0.0929057141852669,0.152203131189088,0.151660267367615,FALSE,"stable",33,"alpha_by_hidden_strength"
0.05,0.12,1800,909,0.461065123036483,0.544421212944697,0.0169892895986972,0.0499548094288007,0.00261014199432117,0.0168000395699766,0.00010459466203294,6.43644660195806,6.18846013319722,0.844634771040315,0.83840891296437,0.16832674857468,0.0780986940806547,0.0902280544940254,0.146730062992313,0.14618828433429,FALSE,"stable",34,"alpha_by_hidden_strength"
0.05,0.12,1800,928,0.463316281805543,0.538151254361026,0.0169628130802756,0.0491267261685486,0.00271869457791851,0.0179406926249882,0.000112648334243171,6.5990099699702,6.33646053536156,0.848462117112923,0.84218318816643,0.130293898821611,0.0493997097880288,0.0808941890335826,0.149628956906842,0.149074274376175,FALSE,"stable",35,"alpha_by_hidden_strength"
0.1,0.12,1800,926,0.416097102044843,0.590753614850014,0.0332662558804718,0.100915669000706,0.0113919576273647,0.026788246912968,0.000111861632650473,2.35150513978562,2.32863941161509,0.574740457470925,0.570564684677211,-0.108740947358692,-0.206507488366101,0.0977665410074091,0.166075954170244,0.165471542487076,FALSE,"stable",1,"alpha_by_hidden_strength"
0.1,0.12,1800,883,0.422519530634355,0.582847471568355,0.0332264206779036,0.100644296698908,0.00941651622024878,0.0228387363218076,9.2963383105836e-05,2.42539127928186,2.4016809830215,0.58769539226838,0.583624966400857,-0.059519700779465,-0.145229873847426,0.0857101730679612,0.144389758598763,0.143888862200489,FALSE,"stable",2,"alpha_by_hidden_strength"
0.1,0.12,1800,879,0.420241556011708,0.593447063243326,0.0335047104514338,0.0956497749739408,0.00831614345130952,0.0210381193182251,9.08979454197259e-05,2.52979273883404,2.50244031466408,0.604710700347376,0.600390069589237,0.101988846928885,0.0213243556394611,0.0806644912894242,0.134156251363977,0.133676122009622,FALSE,"stable",3,"alpha_by_hidden_strength"
0.1,0.12,1800,895,0.418149487306135,0.582719096201502,0.0349323151499676,0.099886207888094,0.00975631761029561,0.025244791798768,9.77855940691265e-05,2.58753279742838,2.56185583560624,0.613531468666272,0.60965797290332,0.0601849831089851,-0.0319969818239192,0.0921819649329043,0.15914527299257,0.158642100267217,FALSE,"stable",4,"alpha_by_hidden_strength"
0.1,0.12,1800,927,0.41791685783452,0.59410686708766,0.0337410177731953,0.0981883764918303,0.0108283456058113,0.0277736163148256,0.000112316083283628,2.56489932311729,2.53856824240428,0.610121149400658,0.606077164562297,0.183725273023402,0.0912895929505857,0.092435680072816,0.163337052639233,0.162794840049525,FALSE,"stable",5,"alpha_by_hidden_strength"
0.1,0.12,1800,861,0.411538113897485,0.575923434710173,0.0341454980418623,0.102749902386577,0.00882348526552145,0.0204288280838922,8.35751815850097e-05,2.31527876673854,2.29355444539828,0.568086567213386,0.563995525806517,0.117758327112087,0.0334368788382493,0.084321448273838,0.130453903378957,0.129983326652668,FALSE,"stable",6,"alpha_by_hidden_strength"
0.1,0.12,1800,882,0.410677332333677,0.573665022977093,0.0338226421340846,0.100284235273946,0.00917683219458871,0.0207378397883735,9.12488618442815e-05,2.25980374802996,2.23755485759152,0.557483697037065,0.553083582908715,0.196591077531738,0.109355944083137,0.0872351334486009,0.134006228178512,0.133476337528646,FALSE,"stable",7,"alpha_by_hidden_strength"
0.1,0.12,1800,923,0.416965700213931,0.592368929121637,0.0340959191163621,0.105871018616701,0.012332477773089,0.027642124216914,0.000110026211238088,2.24140880085205,2.22158853649818,0.553852023950357,0.549871642038508,0.0748958564673687,-0.0103137521508598,0.0852096086182286,0.155585087796966,0.155025006112844,FALSE,"stable",8,"alpha_by_hidden_strength"
0.1,0.12,1800,922,0.394509319861892,0.575456711229678,0.0325806838696021,0.0997970284779173,0.011014489156899,0.0262712489377955,0.000110593382094501,2.38515364294861,2.36144305857639,0.580739797221714,0.576530123659701,0.117370601885354,0.0260122437917232,0.0913583580936312,0.158145029133155,0.15757080484373,FALSE,"stable",9,"alpha_by_hidden_strength"
0.1,0.12,1800,874,0.416697101152822,0.588262113973902,0.0329426413055479,0.10451258659226,0.00964550096112321,0.023082432113147,8.83054679109641e-05,2.39307758157738,2.37136748932014,0.582128048125854,0.578302391129308,0.0826065845577453,-0.00331739002854681,0.0859239745862921,0.146715568391735,0.146232677511835,FALSE,"stable",10,"alpha_by_hidden_strength"
0.1,0.12,1800,886,0.420690689065165,0.588986401809857,0.0336838375219009,0.101915416178181,0.00970960260754246,0.0235948938558265,9.34806429992875e-05,2.43005762537571,2.40688498228581,0.588487124931702,0.584525223531743,0.0338725161426654,-0.0527908418189067,0.0866633579615721,0.150535706081,0.150028120783996,FALSE,"stable",11,"alpha_by_hidden_strength"
0.1,0.12,1800,913,0.418434627785055,0.592296281468755,0.0344149641655975,0.100607405065715,0.0109119228574013,0.0265012037218451,0.000107805617618623,2.42864654270077,2.40488717865594,0.58824802933738,0.584180077603937,0.119214429603166,0.0372834246690008,0.0819310049341656,0.153081643640944,0.152551417405718,FALSE,"stable",12,"alpha_by_hidden_strength"
0.1,0.12,1800,899,0.416899013794672,0.591159311987314,0.0335722117974792,0.100609721349579,0.0101360013197615,0.0239716290961163,0.000100135199194345,2.36499861630645,2.34186297258974,0.577166771639911,0.572989533672777,0.141907813355188,0.0677255757250512,0.0741822376301363,0.142430513063967,0.141914157476061,FALSE,"stable",13,"alpha_by_hidden_strength"
0.1,0.12,1800,878,0.419625997740637,0.568893157915839,0.0326495475901133,0.0982431865518198,0.00869438052333181,0.020722711637753,9.00811170118616e-05,2.38346039515323,2.35901896851384,0.580441948171867,0.576094972805586,0.117749843201613,0.0376732836683494,0.0800765595332631,0.13208066375525,0.131585153046613,FALSE,"stable",14,"alpha_by_hidden_strength"
0.1,0.12,1800,911,0.41447699972224,0.590107865119194,0.0337724414983018,0.0983496281022623,0.0101463906749029,0.0277111365693447,0.000104897741146326,2.73113242503939,2.70318573087462,0.633851514913057,0.630066114740681,0.0099670741073572,-0.0885424483794843,0.0985095224868415,0.16994393759079,0.169435719861817,FALSE,"stable",15,"alpha_by_hidden_strength"
0.1,0.12,1800,933,0.413932416177331,0.580429724566778,0.0344414724477251,0.101787192514503,0.0120493646691888,0.0269048036123128,0.000116299507770661,2.23288151292413,2.21153594419183,0.552148202127204,0.547825572256104,0.111482525366937,0.0265387631853053,0.0849437621816314,0.15078628166282,0.150194887918914,FALSE,"stable",16,"alpha_by_hidden_strength"
0.1,0.12,1800,917,0.418399273225874,0.567631654721148,0.033389441814859,0.0998371459016573,0.0107582517667315,0.0258534994761642,0.000107933780581546,2.40313203638836,2.3792617348189,0.583876380965363,0.579701558107008,0.0913139553469404,0.0074842507098476,0.0838297046370928,0.152119254316013,0.151574438447516,FALSE,"stable",17,"alpha_by_hidden_strength"
0.1,0.12,1800,897,0.42150681682964,0.581268116545269,0.0343334388507744,0.100457578641482,0.00999361753198239,0.0222884504401206,9.90278413899329e-05,2.23026850575292,2.20838537524808,0.551623494023018,0.547180482533459,0.0650310210705612,-0.0183565510407198,0.083387572111281,0.134956160537173,0.134411564406146,FALSE,"stable",18,"alpha_by_hidden_strength"
0.1,0.12,1800,922,0.424106681077187,0.583944475564839,0.0337367385146767,0.0986167176285447,0.0106863008055966,0.0289502288797459,0.000109881937414927,2.7090973206167,2.6815245322228,0.630873356822648,0.627077810408443,0.202049420322074,0.105300909636111,0.0967485106859632,0.172506414683639,0.171986703493978,FALSE,"stable",19,"alpha_by_hidden_strength"
0.1,0.12,1800,889,0.430315483946013,0.576457066708727,0.0328303419104687,0.0969239587944178,0.00889136971993558,0.0230722393404712,9.46468971376061e-05,2.59490270534362,2.56757140829615,0.614629096520373,0.610526898387763,0.195225397374209,0.101918908422583,0.0933064889516259,0.153559633484715,0.153046326637448,FALSE,"stable",20,"alpha_by_hidden_strength"
0.1,0.12,1800,935,0.419282507969163,0.569772055077552,0.0335729005353654,0.099574372072337,0.0117506523234266,0.0300413918630666,0.000118513227043465,2.55657226817739,2.53104497829478,0.608851268377048,0.60490627050266,-0.0101099580206765,-0.101713706216362,0.0916037481956857,0.171599806112436,0.171042969780134,FALSE,"stable",21,"alpha_by_hidden_strength"
0.1,0.12,1800,915,0.422369042281504,0.581438809796036,0.0341778317305507,0.103080093098288,0.0114496921694637,0.0261876937297883,0.000107756681026485,2.28719631429312,2.26587147981862,0.562783485724067,0.558668702569111,0.0463761126519266,-0.0381198401567564,0.0844959528086831,0.153751313069813,0.153188206666602,FALSE,"stable",22,"alpha_by_hidden_strength"
0.1,0.12,1800,887,0.414603176605042,0.580234140881213,0.0337332082623735,0.100149539046975,0.00945050741787903,0.0221736573027443,9.42230629371744e-05,2.34629277797241,2.32313079424408,0.573795730273625,0.56954640587708,0.0276383208467967,-0.0651665095136205,0.0928048303604172,0.143477675759381,0.142945416517702,FALSE,"stable",23,"alpha_by_hidden_strength"
0.1,0.12,1800,888,0.422213987463959,0.579281791000758,0.0341163400006946,0.10104625202804,0.00960544226111255,0.0238325859801406,9.40755891705538e-05,2.48115446767364,2.45708975930644,0.596961812322145,0.593014461025523,0.0175702563459057,-0.0741773048911425,0.0917475612370482,0.152503426144892,0.151998382916604,FALSE,"stable",24,"alpha_by_hidden_strength"
0.1,0.12,1800,921,0.418969368916778,0.578822781205685,0.0321413174940146,0.101527842860254,0.0114106761057537,0.0295657140761646,0.000110698327712035,2.59105716454929,2.56616207093192,0.614057144828007,0.61031299958508,0.0568466359028765,-0.0430059870039012,0.0998526229067778,0.174109284430839,0.17357766680937,FALSE,"stable",25,"alpha_by_hidden_strength"
0.1,0.12,1800,924,0.416068449899569,0.578131179051905,0.03406536712532,0.0996989616831587,0.0110710706306364,0.0300745418620341,0.000111380291643362,2.71649805745167,2.689440988479,0.631878993155587,0.628175518896384,0.0825495429316321,-0.013519803837311,0.0960693467689431,0.17139329829694,0.170890287841387,FALSE,"stable",26,"alpha_by_hidden_strength"
0.1,0.12,1800,884,0.416983017707131,0.584814265425175,0.0350337877141604,0.0967139420549878,0.00868762337542957,0.0210819980053031,9.28801299252044e-05,2.42667034403534,2.40100103512815,0.587912712388825,0.583507051696615,0.177160024845803,0.0893045745452914,0.0878554503005112,0.142505958648976,0.141971003784101,FALSE,"stable",27,"alpha_by_hidden_strength"
0.1,0.12,1800,909,0.424682762216282,0.589853496296711,0.0352426953238751,0.0995591758238045,0.0103358418077728,0.027430856298692,0.000104275737047136,2.65395473429783,2.62744707431981,0.623203822176502,0.619402419263239,0.0179196988803625,-0.0753935641141323,0.0933132629944948,0.159935159516743,0.15944662917538,FALSE,"stable",28,"alpha_by_hidden_strength"
0.1,0.12,1800,926,0.411144882755982,0.587454762211554,0.0347103023763315,0.100615229216385,0.0112216591664431,0.0283113773988055,0.00011084845184968,2.52292258915391,2.49824472679864,0.603634291317928,0.599718958966265,0.126496353603277,0.0295262031157786,0.0969701504874987,0.164486279832932,0.163951961139099,FALSE,"stable",29,"alpha_by_hidden_strength"
0.1,0.12,1800,872,0.423766940831264,0.574244235737249,0.0365519848651562,0.103379312841695,0.00944199489184072,0.0233892976771118,8.83479504510896e-05,2.47715635785014,2.45419268374266,0.596311312028815,0.592534030997519,0.00880340266486268,-0.0835404613942681,0.0923438640591308,0.147934077901358,0.147464795927314,FALSE,"stable",30,"alpha_by_hidden_strength"
0.1,0.12,1800,904,0.42433552038754,0.57610648632088,0.0349520416717088,0.100121252764187,0.0101045308768598,0.0227906850791571,0.00010080071326673,2.25549165586198,2.23321357840117,0.556637685889451,0.55221479500589,0.123429247337482,0.0431000137931012,0.0803292335443809,0.139551607822707,0.138996082645895,FALSE,"stable",31,"alpha_by_hidden_strength"
0.1,0.12,1800,889,0.427856750614297,0.587178178272151,0.031420233848227,0.0959574201467157,0.00874153957099921,0.022543774663212,9.49359720107077e-05,2.57892496854934,2.55121790961615,0.612241530019191,0.608030346513811,0.100442166713395,0.00743031235960689,0.0930118543537879,0.144730098261984,0.144231490565178,FALSE,"stable",32,"alpha_by_hidden_strength"
0.1,0.12,1800,868,0.418193993691704,0.582138172564488,0.0349665708462319,0.0998475649592234,0.00864058689410406,0.021575732692736,8.66698981401794e-05,2.4970216672965,2.47222388504828,0.599522898380498,0.595505890041803,0.135999471190944,0.0420669072170488,0.0939325639738948,0.146959584507729,0.146466417298257,FALSE,"stable",33,"alpha_by_hidden_strength"
0.1,0.12,1800,931,0.414040157432228,0.587204755950855,0.034159465311463,0.0981503905648882,0.0109548419666866,0.0280160789004976,0.000113716125112982,2.55741515812769,2.53114079251697,0.60898018578567,0.60492122644604,0.119905910485941,0.0342838183014531,0.0856220921844875,0.15757712735675,0.157051109848808,FALSE,"stable",34,"alpha_by_hidden_strength"
0.1,0.12,1800,913,0.41844625901244,0.580768071699225,0.0336877930479408,0.1021648197556,0.0110483434556882,0.0265408814520234,0.000105850867166866,2.40224985387822,2.37945302760602,0.583723567144529,0.579735347410448,0.218835324674624,0.127588883321132,0.0912464413534925,0.157201214542144,0.15666326508255,FALSE,"stable",35,"alpha_by_hidden_strength"
0.2,0.12,1800,915,0.368593589526256,0.667362059325286,0.0644397028470786,0.209766422028385,0.0480239748189305,0.0637015014695286,0.00010914055591364,1.32645208377084,1.32344438903327,0.246109217034664,0.244395904892942,0.0975415167689715,0.00658734605423605,0.0909541707147354,0.157301348090422,0.156752857869417,FALSE,"stable",1,"alpha_by_hidden_strength"
0.2,0.12,1800,880,0.335762549905369,0.700928988703576,0.0665866907657096,0.190413081575199,0.0328203914847999,0.0430720576075757,9.05211773593061e-05,1.3123566069443,1.30874698157793,0.23801198949392,0.235910367644691,0.0880620176797822,0.00937446464449332,0.0786875530352888,0.126242373326202,0.12568378381126,FALSE,"stable",2,"alpha_by_hidden_strength"
0.2,0.12,1800,910,0.334843853886509,0.711032069656342,0.0695363386548308,0.208224026933861,0.0450123770216122,0.0621285313847104,0.000103817428007876,1.38025439880414,1.37707827849017,0.27549587897245,0.273824868477046,0.24616147380859,0.154414629722889,0.091746844085701,0.162155452755734,0.161662930698582,FALSE,"stable",3,"alpha_by_hidden_strength"
0.2,0.12,1800,906,0.348212328440817,0.651168373633809,0.0677281996365116,0.193128585062091,0.0395509590084686,0.0549009376232635,0.00010603857946107,1.38810635695352,1.38439470869004,0.279594106755119,0.277662653777235,0.150675375452949,0.0618394444078534,0.0888359310450956,0.155772339016387,0.155233364222118,FALSE,"stable",4,"alpha_by_hidden_strength"
0.2,0.12,1800,907,0.342801520849505,0.643133323846753,0.0660850136051002,0.201926378945129,0.0417987158782082,0.055070129077295,0.000102512500045751,1.31750767745489,1.31428435892527,0.240991140232472,0.23912965013315,0.0847161953190148,-0.00641750272180053,0.0911336980408153,0.146550075514517,0.145982979231141,FALSE,"stable",5,"alpha_by_hidden_strength"
0.2,0.12,1800,887,0.312274138894507,0.656923748725403,0.066386472863558,0.206233178407227,0.040711071439528,0.058402016553245,9.57184070051839e-05,1.43454874775269,1.43118379987459,0.302916682638659,0.301277725413305,0.0757683343710929,-0.0158020158784171,0.09157035024951,0.166406043762332,0.165955255946024,FALSE,"stable",6,"alpha_by_hidden_strength"
0.2,0.12,1800,895,0.338500891625885,0.658993451978696,0.0661847070353964,0.199720248127945,0.038625068519911,0.0535022452265295,9.68333750219907e-05,1.38516894019099,1.38170499402899,0.278066399711419,0.276256506040378,0.113790045064412,0.0210829183601309,0.0927071267042814,0.151124974848229,0.150632346710023,FALSE,"stable",7,"alpha_by_hidden_strength"
0.2,0.12,1800,902,0.327109739793634,0.650149786795631,0.0670295756490832,0.204500248113271,0.042720383738658,0.0608534214593728,0.000102152139397331,1.42445868070015,1.42106066844485,0.297978935051677,0.296300276120962,0.106870998495299,0.00517465494851321,0.101696343546785,0.175172959824881,0.174678846099487,FALSE,"stable",8,"alpha_by_hidden_strength"
0.2,0.12,1800,885,0.351713728852814,0.675023231635358,0.068528582903893,0.199797879664944,0.0364955403125209,0.0506366560012445,9.14235429803898e-05,1.38747517005173,1.38400814566718,0.279266381420923,0.277460899973291,0.14612879860337,0.0518608896283377,0.0942679089750319,0.150051459844726,0.149565625461061,FALSE,"stable",9,"alpha_by_hidden_strength"
0.2,0.12,1800,871,0.324984484519989,0.657927448187626,0.0703944765423584,0.210525872861601,0.0385412907028289,0.0520914736518171,8.69591530558833e-05,1.35157574388119,1.34853310326409,0.260122856948883,0.258453502120546,0.194774183807001,0.10068101486816,0.0940931689388417,0.14867953550723,0.14820168747357,FALSE,"stable",10,"alpha_by_hidden_strength"
0.2,0.12,1800,912,0.352422670672472,0.658792254779003,0.0684870676645951,0.191212538606696,0.0387059764913171,0.0516193495437876,0.00010586326731822,1.33362736773654,1.32998976252608,0.250165357886124,0.248114513227022,0.0781078510095793,0.000422680847484314,0.077685170162095,0.136191672925306,0.135632277402835,FALSE,"stable",11,"alpha_by_hidden_strength"
0.2,0.12,1800,895,0.339676362004513,0.677110564349209,0.0701806955746803,0.202145511802676,0.0402367587919177,0.0527965476657673,9.846792430188e-05,1.31214713239707,1.30894386778138,0.237890343765664,0.236025299010745,-0.0309886792933584,-0.12088625812961,0.0898975788362519,0.143847042941083,0.143282057690338,FALSE,"stable",12,"alpha_by_hidden_strength"
0.2,0.12,1800,901,0.325311261632891,0.66416754730267,0.0675232832324593,0.20078465517279,0.0403844789106617,0.0516942412638628,0.000100173637764166,1.28005220466557,1.27688489365269,0.218781861899717,0.21684405151088,0.0227855626763482,-0.0718087100017668,0.094594272678115,0.129378932960362,0.128804686388448,FALSE,"stable",13,"alpha_by_hidden_strength"
0.2,0.12,1800,873,0.353348832940307,0.650724337460854,0.0684212272716547,0.191463415001552,0.0332729071405022,0.0484978353727523,9.07651534561653e-05,1.4575773366589,1.45361202883936,0.313930057191871,0.312058527199686,0.0865410722647413,-0.000129821409933006,0.0866708936746743,0.149550088307533,0.149103641937438,FALSE,"stable",14,"alpha_by_hidden_strength"
0.2,0.12,1800,884,0.349883934650022,0.673002093435112,0.0678003569680992,0.197254597583733,0.035609308341113,0.048871391407551,9.15185792131848e-05,1.37243304305145,1.36891482980542,0.271367003976664,0.269494362814271,0.102047471052201,0.0103217994849027,0.0917256715672985,0.144978319378247,0.144477222405902,FALSE,"stable",15,"alpha_by_hidden_strength"
0.2,0.12,1800,923,0.349448404388852,0.64505448699202,0.0653502817585671,0.189421530122576,0.0387003749625956,0.0567629576844081,0.000107859025446579,1.46672888154883,1.46265242839698,0.318210739162628,0.31631057345868,0.114664144278866,0.0250669799279559,0.0895971643509098,0.162732537916658,0.162245939335046,FALSE,"stable",16,"alpha_by_hidden_strength"
0.2,0.12,1800,935,0.348025416049724,0.672022802152516,0.0693198659376247,0.195649163299499,0.0449353377754597,0.0602864801901155,0.000117390248148635,1.34162739560043,1.33813162564816,0.254636568037235,0.25268936117131,0.118465757656617,0.0327888072009814,0.0856769504556353,0.152172402409371,0.15158945433063,FALSE,"stable",17,"alpha_by_hidden_strength"
0.2,0.12,1800,878,0.315252845148665,0.662326034549392,0.066458642007389,0.190614715474955,0.0331357804381362,0.0473080452072569,9.11977982615863e-05,1.42770276063302,1.42378415727959,0.299574093730397,0.297646349773485,0.0359869196647411,-0.0534956745749005,0.0894825942396416,0.150442799680258,0.149957972604977,FALSE,"stable",18,"alpha_by_hidden_strength"
0.2,0.12,1800,871,0.301249053901226,0.686345584929772,0.0702777953554963,0.206485232038905,0.0374789426482574,0.04953166337458,8.79041417321287e-05,1.32158646628424,1.31849403415404,0.243333655790533,0.241558949759214,0.00649916490331526,-0.069318352083213,0.0758175169865283,0.136348219835662,0.13585009550443,FALSE,"stable",19,"alpha_by_hidden_strength"
0.2,0.12,1800,945,0.320753750690056,0.647879964795889,0.0659456749608738,0.199936199992198,0.0484973750425246,0.0657694842035612,0.000121320827958283,1.356145237673,1.35276117604567,0.262615852476176,0.260771215416491,0.0473066594250754,-0.0392918540644869,0.0865985134895623,0.164349408892232,0.163771189318016,FALSE,"stable",20,"alpha_by_hidden_strength"
0.2,0.12,1800,901,0.352903498807327,0.682993350270934,0.0683443282272569,0.198817701480102,0.0391352747480436,0.0534238100280616,9.9005264838198e-05,1.36510629788621,1.3616615370671,0.267456313439882,0.265603108571375,0.114409660422183,0.0311910667453303,0.0832185936768531,0.146483304228162,0.145974930639798,FALSE,"stable",21,"alpha_by_hidden_strength"
0.2,0.12,1800,886,0.315498376594966,0.668249200136687,0.0643157623822334,0.200781082404501,0.0382932723258131,0.0500915143988591,9.49897835221012e-05,1.30810221630218,1.3048653845332,0.235533746875791,0.233637422025923,0.141132727165706,0.0651982201063741,0.075934507059332,0.131343934232736,0.130814128787672,FALSE,"stable",22,"alpha_by_hidden_strength"
0.2,0.12,1800,886,0.3301614600221,0.657076063031211,0.0652053478339517,0.198392278168965,0.036643539318291,0.0494760115370872,9.3099615106294e-05,1.35019740062038,1.34677567065365,0.259367556521345,0.257485844309428,0.159639527786344,0.0694023893256914,0.0902371384606524,0.142332135984767,0.141814886129762,FALSE,"stable",23,"alpha_by_hidden_strength"
0.2,0.12,1800,911,0.303420374068696,0.649706226172761,0.0717546342296528,0.213833178411983,0.0487229201420681,0.0686123584003775,0.000106557280115769,1.40821523423299,1.40514218096477,0.289881279728754,0.288328246388988,0.0152776564970083,-0.0829986211233869,0.0982762776203951,0.185663896170535,0.185165882887343,FALSE,"stable",24,"alpha_by_hidden_strength"
0.2,0.12,1800,904,0.347261162955072,0.675916654520691,0.0673510181937885,0.198006989743818,0.0390873810442544,0.0576602373857979,9.96954940453328e-05,1.4751624653623,1.47140951761082,0.322108565340699,0.320379548975777,0.0147263525174826,-0.0849840882778243,0.0997104407953069,0.176154805041506,0.17568138645156,FALSE,"stable",25,"alpha_by_hidden_strength"
0.2,0.12,1800,857,0.320065509554763,0.670853329061927,0.0667788357905481,0.201711700736213,0.0335336432122251,0.0424632700338016,8.24173330307143e-05,1.26628859754556,1.26318400624711,0.210290606787192,0.208349698021449,0.0749244346388687,-0.00690338748131691,0.0818278221201856,0.116498068326218,0.115959203844551,FALSE,"stable",26,"alpha_by_hidden_strength"
0.2,0.12,1800,890,0.331834136229925,0.652107165195994,0.0675051386453249,0.196536754530383,0.0372901366283974,0.0515994448598383,9.65398043440095e-05,1.38372903736008,1.38015597488762,0.277315158531451,0.275444211962041,-0.0329793735271652,-0.125111968434538,0.0921325949073726,0.149141445098871,0.14863749156554,FALSE,"stable",27,"alpha_by_hidden_strength"
0.2,0.12,1800,932,0.337745659531658,0.693297800516124,0.0673242171290045,0.204236200248622,0.0484024126642522,0.0640809810481932,0.000116038355701806,1.32392121633888,1.32075488192809,0.244668045455634,0.242857237415499,0.0101844936172977,-0.0758879794666691,0.0860724730839668,0.153049349128273,0.15248193198297,FALSE,"stable",28,"alpha_by_hidden_strength"
0.2,0.12,1800,910,0.333039878739578,0.648328961209653,0.0668449127112066,0.200454901562153,0.0422923962238899,0.0574520592988594,0.000105251654631202,1.35844890402323,1.35507657083885,0.263866313235363,0.262034322251651,0.0836908491958217,0.00123478982884584,0.0824560593669759,0.150330931064931,0.149808157621288,FALSE,"stable",29,"alpha_by_hidden_strength"
0.2,0.12,1800,911,0.324160271752061,0.669567089805084,0.0672877932760609,0.197090917693692,0.0398686564840681,0.053557543171265,0.00010263568318104,1.34334958572449,1.33990022006714,0.255592132809807,0.253675770013761,0.118205071449481,0.0366793555130864,0.0815257159363948,0.144053201915169,0.143512149270557,FALSE,"stable",30,"alpha_by_hidden_strength"
0.2,0.12,1800,898,0.334019008741748,0.672529221371175,0.0665227355959365,0.194170612587022,0.0374612773886312,0.0484433533260208,9.93609146613144e-05,1.29315807422847,1.28973722264391,0.226699334034144,0.224648259782685,0.116777381569969,0.044541736286364,0.0722356452836045,0.12453129089062,0.123966659124313,FALSE,"stable",31,"alpha_by_hidden_strength"
0.2,0.12,1800,936,0.339630747239972,0.650890496820099,0.0712196206758649,0.204767570998778,0.0489522664912796,0.0701979756530121,0.000116748268225895,1.43400869223322,1.43059680323851,0.302654157247351,0.300991028543997,0.0941580987907777,0.0094975569972231,0.0846605417935546,0.181287841080302,0.180789053354587,FALSE,"stable",32,"alpha_by_hidden_strength"
0.2,0.12,1800,885,0.349293889438323,0.676351736845341,0.0649634698194121,0.207269980325083,0.0399533389363417,0.0514719914404071,9.29994258131025e-05,1.28830262528041,1.28531080606985,0.223784862052625,0.221978065322781,0.0966721344214208,0.0110325623754803,0.0856395720459404,0.132725318336072,0.132188432879787,FALSE,"stable",33,"alpha_by_hidden_strength"
0.2,0.12,1800,915,0.344388663356338,0.639052776572021,0.0673923390318499,0.202997558843452,0.0445081793785529,0.0605099480277815,0.000108008565738881,1.3595242239214,1.35623303594056,0.264448560456239,0.262663588410167,0.0885962039708609,0.00413112959174988,0.084465074379111,0.158733787402719,0.158197170552307,FALSE,"stable",34,"alpha_by_hidden_strength"
0.2,0.12,1800,882,0.351064109453116,0.680405742929748,0.0711089643450153,0.208096338561267,0.040679949696978,0.0542284995964059,9.39402105884466e-05,1.33305227760482,1.32998101773809,0.249841872820798,0.248109569487909,0.156544311297167,0.0628978856183915,0.0936464256787756,0.150071787713339,0.149550613948867,FALSE,"stable",35,"alpha_by_hidden_strength"
0.4,0.12,1800,967,0.210227954956454,0.78952350053731,0.129722169892359,0.401842622542518,0.210884045488542,0.231617482681935,0.000130596556330855,1.09831676524111,1.09763701910638,0.0895158558555998,0.0889520100058883,0.149424356652596,0.0577581547306845,0.0916662019219114,0.183086676091969,0.182509148586314,FALSE,"stable",1,"alpha_by_hidden_strength"
0.4,0.12,1800,925,0.21963433616781,0.835731344032406,0.130084221174546,0.384417333654575,0.162289422989674,0.181250339760715,0.000109820721338219,1.11683396503447,1.11607871821896,0.104611758499721,0.104005852207445,-0.0500432007158611,-0.13672878586484,0.0866855851489789,0.166704225751158,0.166220753228534,FALSE,"stable",2,"alpha_by_hidden_strength"
0.4,0.12,1800,873,0.192861640947421,0.835311441964239,0.136128056708942,0.420830651924194,0.145997345795293,0.146050196220836,8.24385284109166e-05,1.00036199579694,0.999797452446927,0.00036186480340461,0,0.25083513361915,0.165281660300607,0.0855534733185437,0.00924432112730162,NA,FALSE,"stable",3,"alpha_by_hidden_strength"
0.4,0.12,1800,917,0.167136863295779,0.841773263038974,0.130862827213785,0.418950142499728,0.198313940049563,0.215920444214612,0.000112987020966819,1.08878097102326,1.08816100416585,0.0815416262646688,0.0810183454730894,-0.0470567668108348,-0.132977707217935,0.0859209404071002,0.164314513493122,0.163786433406317,FALSE,"stable",4,"alpha_by_hidden_strength"
0.4,0.12,1800,926,0.174277658988824,0.78339289239094,0.137337508943161,0.402630517383849,0.178530893198035,0.195185194377211,0.000110128569861115,1.09328526217982,1.09261127397049,0.0853256376966275,0.084761411653702,0.0929123100285174,0.00494759165969727,0.0879647183688201,0.164448921370234,0.16390430039706,FALSE,"stable",5,"alpha_by_hidden_strength"
0.4,0.12,1800,888,0.187930516112423,0.774818685228929,0.135194619035352,0.400008666652256,0.150058897123187,0.168186325776341,9.37827467456977e-05,1.12080209171651,1.12010205826516,0.107781822151583,0.107224209953844,0.0748250596741058,-0.0197437187289153,0.0945687784030211,0.167946102455917,0.167511102233223,FALSE,"stable",6,"alpha_by_hidden_strength"
0.4,0.12,1800,881,0.22265833648242,0.79596079717528,0.137906897270065,0.40952160005691,0.152128819220872,0.165549166708373,9.07105640869054e-05,1.08821699633398,1.08756850676286,0.0810656299535596,0.0805176926495519,-0.0136766752268414,-0.0945609184575913,0.0808842432307499,0.138378329705171,0.137909874648673,FALSE,"stable",7,"alpha_by_hidden_strength"
0.4,0.12,1800,880,0.204366427431533,0.780522166813154,0.13927394802753,0.419464986015718,0.16584397888985,0.173121772914188,9.42558423580276e-05,1.04388337805843,1.04329043389893,0.042038583026443,0.041494134799213,0.187141337709459,0.0995305213284059,0.0876108163810532,0.106834360614543,0.106140291832359,FALSE,"stable",8,"alpha_by_hidden_strength"
0.4,0.12,1800,875,0.205358867797617,0.801852855332966,0.134676548531264,0.435448078728917,0.169585100571157,0.185159047953013,8.9436528963554e-05,1.09183558773385,1.09126007424294,0.0841111874036442,0.0836281619725227,0.0738093839775873,-0.00607057472478911,0.0798799587023764,0.149768053202659,0.14933739742843,FALSE,"stable",9,"alpha_by_hidden_strength"
0.4,0.12,1800,890,0.231643218020865,0.768285184942327,0.130023440668665,0.414803862861794,0.164180288945529,0.162853147560409,9.54191253776817e-05,0.991916560790314,0.991340408589908,0,0,0.155869896863412,0.0630704528247612,0.0927994440386513,NA,NA,FALSE,"stable",10,"alpha_by_hidden_strength"
0.4,0.12,1800,900,0.221391921464989,0.771978875747514,0.130720908268872,0.398065181846132,0.156960109675426,0.163734180412351,9.90560279379801e-05,1.04315791286673,1.04250000106071,0.0413723678212143,0.0407673870671134,0.174479494404384,0.0872278999919494,0.0872515944124344,0.102990159891176,0.102234383452631,FALSE,"stable",11,"alpha_by_hidden_strength"
0.4,0.12,1800,875,0.222367912250159,0.799521867871566,0.131794033360834,0.409434367503315,0.151699212935625,0.170230612008012,9.04929485915634e-05,1.12215883466878,1.12148983369045,0.108860556005727,0.108328965667631,0.0843060052212281,-0.00581931658369883,0.0901253218049269,0.170178026100222,0.169762009002704,FALSE,"stable",12,"alpha_by_hidden_strength"
0.4,0.12,1800,941,0.218819165677146,0.787589256122875,0.129152409812234,0.421204491189499,0.208243212546401,0.228946185045769,0.000117377503524074,1.09941727389917,1.09879793002559,0.0904272438312483,0.0899145578325687,0.0420325440165352,-0.0610473619159544,0.10307990593249,0.185336701159723,0.184810562180751,FALSE,"stable",13,"alpha_by_hidden_strength"
0.4,0.12,1800,893,0.205504143048596,0.772496174140553,0.133440181934415,0.404336289737623,0.155385827826908,0.17254638366761,9.50442750911542e-05,1.11043835902344,1.10975955649654,0.0994547406670642,0.0989039074761799,0.145805563524016,0.0614022941105499,0.0844032694134665,0.158681283538621,0.158241242772519,FALSE,"stable",14,"alpha_by_hidden_strength"
0.4,0.12,1800,897,0.220761429462489,0.788308188985478,0.131896660410535,0.406126899402551,0.161043221922612,0.177783077970154,9.76380145897059e-05,1.10394635581487,1.10327745575788,0.0941588830538289,0.0936096855953054,0.0851522650176455,-0.00123020931058737,0.0863824743282329,0.162025649126247,0.161552437225011,FALSE,"stable",15,"alpha_by_hidden_strength"
0.4,0.12,1800,923,0.133805102202201,0.761269115059624,0.131763167030124,0.416315594628792,0.185933273804556,0.204420481332158,0.000107278269074071,1.09942925840716,1.09879528443484,0.0904371587774674,0.0899123666021678,0.100585396095908,0.0175054122405969,0.0830799838553116,0.167175435634493,0.16668968394515,FALSE,"stable",16,"alpha_by_hidden_strength"
0.4,0.12,1800,922,0.225601712517483,0.792723250936404,0.135342232603544,0.401995198379075,0.178613365526148,0.191029611672557,0.000110527977300557,1.06951465311587,1.0688532346061,0.0649964476067271,0.0644178567990883,0.151504065303365,0.0711835713862996,0.0803204939170656,0.137245639943859,0.13663340202825,FALSE,"stable",17,"alpha_by_hidden_strength"
0.4,0.12,1800,870,0.234058533122334,0.807049539997084,0.133402959990679,0.415929621796079,0.155541055704857,0.17182923529851,8.99094497904052e-05,1.10471948721089,1.10408128053287,0.0947928305992665,0.0942695817491264,0.0981509798898754,0.0132059481557485,0.0849450317341269,0.159382933366655,0.158942434117252,FALSE,"stable",18,"alpha_by_hidden_strength"
0.4,0.12,1800,873,0.203311692089704,0.805083892942293,0.141232758003125,0.416216802214386,0.151503495070132,0.165074997742303,8.74547565882361e-05,1.08957880916139,1.08895021721941,0.0822141623976121,0.0816843743752931,0.0789035812294576,-0.0148688397391734,0.093772420968631,0.145603454905938,0.145133562389549,FALSE,"stable",19,"alpha_by_hidden_strength"
0.4,0.12,1800,917,0.228695576480792,0.767526405581677,0.13819855167972,0.395965780910485,0.166367347409369,0.181757976301526,0.000106109136411172,1.09250991334427,1.09181355438212,0.0846764978645258,0.0840927043025027,0.0218608466528625,-0.0554658559530066,0.077326702605869,0.154837591203008,0.154302911969279,FALSE,"stable",20,"alpha_by_hidden_strength"
0.4,0.12,1800,893,0.225783088887082,0.807141250081781,0.133483961063914,0.387830689266738,0.145877032355292,0.150032898281025,9.69845545725672e-05,1.02848882965764,1.02780550578166,0.0276996976886253,0.027053275765942,0.0738070309600535,-0.0138885568346745,0.087695587794728,0.0823387860317935,0.0813723530644077,FALSE,"stable",21,"alpha_by_hidden_strength"
0.4,0.12,1800,878,0.221091382108816,0.787640003036459,0.130660553995172,0.386961384438215,0.139170226813351,0.147040339806597,9.29417998958506e-05,1.05655026346836,1.05584514032529,0.0535234956855923,0.052891412000135,0.0653884105846925,-0.0251114246522242,0.0904998352369166,0.111337079534298,0.110677711555581,FALSE,"stable",22,"alpha_by_hidden_strength"
0.4,0.12,1800,854,0.216781695692988,0.765869080367912,0.126172460591182,0.397442058870016,0.124642388119208,0.146885392068371,7.89074690236021e-05,1.1784545713926,1.17770899809536,0.151431014588641,0.150893810255981,0.0556466635798802,-0.0399260109946595,0.0955726745745398,0.188738730252868,0.188403655745147,FALSE,"stable",23,"alpha_by_hidden_strength"
0.4,0.12,1800,918,0.191145351317018,0.791027141048494,0.133471279946095,0.413699683330764,0.187984266935721,0.209768018503951,0.000109837623121587,1.11588071663294,1.11522909766865,0.103846867237388,0.103323252513347,0.0641175815833956,-0.0181857328393431,0.0823033144227387,0.182397437983554,0.181937016399387,FALSE,"stable",24,"alpha_by_hidden_strength"
0.4,0.12,1800,906,0.161663946836983,0.782874257885871,0.133927382626077,0.407728533721447,0.171342785468185,0.187757649968546,0.00010306794381843,1.09580131696533,1.09514255510947,0.0874258092978413,0.086876867916035,0.0716796152699861,-0.0274961155325946,0.0991757308025807,0.163885826960397,0.163370502153483,FALSE,"stable",25,"alpha_by_hidden_strength"
0.4,0.12,1800,881,0.200153508757631,0.758474882732292,0.135374037105844,0.418053646794263,0.165469071084919,0.178358093125751,9.46788112252087e-05,1.07789384418685,1.07727744290422,0.0722648566989605,0.0717340211783181,0.0565668660437115,-0.0311366136245332,0.0877034796682448,0.142284503678298,0.141760951233206,FALSE,"stable",26,"alpha_by_hidden_strength"
0.4,0.12,1800,899,0.214569664757607,0.786632467639608,0.132702726487271,0.415258543592708,0.173279674297463,0.193468480697603,0.000100487136358502,1.11650995122188,1.11586284784634,0.104351914727111,0.103832516755947,0.062821626092622,-0.0303730969562617,0.0931947230488837,0.180946829412162,0.180495948104342,FALSE,"stable",27,"alpha_by_hidden_strength"
0.4,0.12,1800,902,0.149425902089562,0.751169382100696,0.135310464963723,0.409404074022868,0.168226380743848,0.187924291639656,0.000100366731518522,1.11709168804981,1.11642560946624,0.104818332552657,0.104284251883028,0.183661101761594,0.0838754833290278,0.0997856184325661,0.177198991627314,0.176746974242452,FALSE,"stable",28,"alpha_by_hidden_strength"
0.4,0.12,1800,892,0.196241306275355,0.794584501724415,0.134973878581983,0.419452336696203,0.169379598768787,0.174226111777531,9.62710843509023e-05,1.02861332205279,1.02802901633436,0.0278173745559614,0.0272648105150798,0.161507325287766,0.0563679887650871,0.105139336522678,0.0911759439085932,0.0902658426742995,FALSE,"stable",29,"alpha_by_hidden_strength"
0.4,0.12,1800,904,0.19899564585199,0.790655935405434,0.137805637022096,0.409356511605783,0.173100621598052,0.195604889196452,0.000103298786876409,1.1300068560739,1.12933292018876,0.115049617066567,0.114521517859534,0.109323074740669,0.0170999251883102,0.0922231495523587,0.187871212530561,0.187439534632035,FALSE,"stable",30,"alpha_by_hidden_strength"
0.4,0.12,1800,921,0.178539003820347,0.766892122243189,0.143580375729007,0.443751686672208,0.212357923335667,0.232581377904066,0.000107842124795204,1.09523287029151,1.09467695842673,0.0869521659500213,0.086488491146101,0.073937020679417,-0.00507916788338525,0.0790161885628022,0.178392174925425,0.177915898560736,FALSE,"stable",31,"alpha_by_hidden_strength"
0.4,0.12,1800,849,0.15944491165735,0.782835335524871,0.135751043836039,0.423346737304142,0.14830884481534,0.169085122912193,8.27512605433906e-05,1.14008792343249,1.13945214812385,0.122874666552668,0.122385260630265,0.00768359431607712,-0.0846960425029348,0.092379636819012,0.178069404902864,0.177714428672992,FALSE,"stable",32,"alpha_by_hidden_strength"
0.4,0.12,1800,891,0.212751550519582,0.762219986108677,0.13266783056079,0.392589778661813,0.14568672591592,0.159864063879397,9.4523981558676e-05,1.09731386215419,1.09660236821829,0.0886837080169101,0.0880924307825843,-0.00347260320229048,-0.092929742429628,0.0894571392273376,0.154900574553668,0.154383329849898,FALSE,"stable",33,"alpha_by_hidden_strength"
0.4,0.12,1800,894,0.193196942222053,0.803753575066603,0.139200376261809,0.432049759198666,0.191274175053023,0.212612240081793,0.000102468128146394,1.11155748037003,1.11096232302769,0.100361413908069,0.0998794655117442,0.0615043765938803,-0.0259406557481032,0.0874450323419835,0.18499005652838,0.184545348997831,FALSE,"stable",34,"alpha_by_hidden_strength"
0.4,0.12,1800,918,0.198911463020765,0.801045686291487,0.137863219297138,0.403680098340136,0.175423946309744,0.191569571331202,0.000107650040775298,1.09203774832969,1.09136802327403,0.0842807388942997,0.0837188018391231,0.0990090496024938,0.0118810267397491,0.0871280228627447,0.158999051513846,0.15846810643489,FALSE,"stable",35,"alpha_by_hidden_strength"
0,0.24,1800,898,0.5,0.5,0,0,0,0.0606264988639013,9.91150485985812e-05,Inf,611.678042044255,0.999999999999,0.998365153019621,0.112986019252801,-0.0605882896116003,0.173574308864401,NA,0.316374152305705,TRUE,"degenerate_or_near_degenerate_observed_weight_variance",1,"alpha_by_hidden_strength"
0,0.24,1800,896,0.5,0.5,0,0,0,0.0581143984501897,9.8237919962409e-05,Inf,591.567884096359,0.999999999999,0.998309576927883,0.253991332471622,0.0602423752768686,0.193748957194753,NA,0.318435935761554,TRUE,"degenerate_or_near_degenerate_observed_weight_variance",2,"alpha_by_hidden_strength"
0,0.24,1800,932,0.5,0.5,0,0,0,0.0717815466879686,0.000115290195162352,Inf,622.616230173654,0.999999999999,0.998393874185193,0.115223229334207,-0.0693371139845118,0.184560343318719,NA,0.353523512780188,TRUE,"degenerate_or_near_degenerate_observed_weight_variance",3,"alpha_by_hidden_strength"
0,0.24,1800,914,0.5,0.5,0,0,0,0.0566826119387818,0.000106420414881095,Inf,532.629120099881,0.999999999999,0.99812252097705,0.169644754219038,0.00290237475397981,0.166742379465058,NA,0.309441787905382,TRUE,"degenerate_or_near_degenerate_observed_weight_variance",4,"alpha_by_hidden_strength"
0,0.24,1800,913,0.5,0.5,0,0,0,0.0612227416789965,0.000105948378749036,Inf,577.854445739254,0.999999999999,0.998269460402402,0.129858059678996,-0.0343869529545098,0.164245012633506,NA,0.303927855654595,TRUE,"degenerate_or_near_degenerate_observed_weight_variance",5,"alpha_by_hidden_strength"
0,0.24,1800,913,0.5,0.5,0,0,0,0.0612793232618672,0.000105948378749036,Inf,578.388494334794,0.999999999999,0.998271058276928,0.26860191164315,0.0894559712593477,0.179145940383802,NA,0.329474044904664,TRUE,"degenerate_or_near_degenerate_observed_weight_variance",6,"alpha_by_hidden_strength"
0,0.24,1800,926,0.5,0.5,0,0,0,0.0662441878275203,0.00011225329765564,Inf,590.131329867365,0.999999999999,0.998305461938066,0.177889238479032,0.00299177335013767,0.174897465128894,NA,0.332611708171595,TRUE,"degenerate_or_near_degenerate_observed_weight_variance",7,"alpha_by_hidden_strength"
0,0.24,1800,884,0.5,0.5,0,0,0,0.0523158345416616,9.3135142350451e-05,Inf,561.719596076918,0.999999999999,0.998219752333755,0.177648307891042,0.0155873390212078,0.162060968869835,NA,0.293683320091056,TRUE,"degenerate_or_near_degenerate_observed_weight_variance",8,"alpha_by_hidden_strength"
0,0.24,1800,919,0.5,0.5,0,0,0,0.0657839014647083,0.000108812604601365,Inf,604.561408172405,0.999999999999,0.998345908312237,0.121539792376067,-0.0608781256677196,0.182417918043787,NA,0.32634911992287,TRUE,"degenerate_or_near_degenerate_observed_weight_variance",9,"alpha_by_hidden_strength"
0,0.24,1800,886,0.5,0.5,0,0,0,0.0505632296747562,9.39669330473213e-05,Inf,538.095987971564,0.999999999999,0.998141595510181,0.127733875291803,-0.0369863420280259,0.164720217319829,NA,0.282857414807316,TRUE,"degenerate_or_near_degenerate_observed_weight_variance",10,"alpha_by_hidden_strength"
0,0.24,1800,903,0.5,0.5,0,0,0,0.061903877588738,0.000101342266865024,Inf,610.839677300556,0.999999999999,0.998362909226167,0.191128756571535,0.00985315410772092,0.181275602463814,NA,0.321830875017408,TRUE,"degenerate_or_near_degenerate_observed_weight_variance",11,"alpha_by_hidden_strength"
0,0.24,1800,925,0.5,0.5,0,0,0,0.0729833633010659,0.000111755102040816,Inf,653.065157368924,0.999999999999,0.998468759221471,0.218498059714022,0.0304138643010823,0.18808419541294,NA,0.340986927271443,TRUE,"degenerate_or_near_degenerate_observed_weight_variance",12,"alpha_by_hidden_strength"
0,0.24,1800,925,0.5,0.5,0,0,0,0.0644746115162714,0.000111755102040816,Inf,576.927677921347,0.999999999999,0.99826668049,0.190090785954179,0.0199534373140919,0.170137348640088,NA,0.324623075535977,TRUE,"degenerate_or_near_degenerate_observed_weight_variance",13,"alpha_by_hidden_strength"
0,0.24,1800,906,0.5,0.5,0,0,0,0.0576277369654495,0.000102702580964821,Inf,561.112840827132,0.999999999999,0.998217827276015,0.199798449292376,0.0263321166885715,0.173466332603805,NA,0.320183428670464,TRUE,"degenerate_or_near_degenerate_observed_weight_variance",14,"alpha_by_hidden_strength"
0,0.24,1800,934,0.5,0.5,0,0,0,0.0700591784184356,0.000116320957496173,Inf,602.291968072396,0.999999999999,0.998339675683871,0.174307388601982,-0.01583914170904,0.190146530311022,NA,0.346900460228545,TRUE,"degenerate_or_near_degenerate_observed_weight_variance",15,"alpha_by_hidden_strength"
0,0.24,1800,935,0.5,0.5,0,0,0,0.0671608666636856,0.000116839854321895,Inf,574.811283816365,0.999999999999,0.998260298591634,0.141594237510761,-0.0153872350925643,0.156981472603325,NA,0.32572673980494,TRUE,"degenerate_or_near_degenerate_observed_weight_variance",16,"alpha_by_hidden_strength"
0,0.24,1800,878,0.5,0.5,0,0,0,0.0441178109383595,9.06832736529566e-05,Inf,486.504392278532,0.999999999999,0.997944520099158,0.161772466519795,0.0120310617979893,0.149741404721806,NA,0.261685884482495,TRUE,"degenerate_or_near_degenerate_observed_weight_variance",17,"alpha_by_hidden_strength"
0,0.24,1800,948,0.5,0.5,0,0,0,0.0675904569761302,0.000123804800634795,Inf,545.943748784926,0.999999999999,0.998168309460039,0.17301481270205,-0.00382239188798716,0.176837204590037,NA,0.335005765792434,TRUE,"degenerate_or_near_degenerate_observed_weight_variance",18,"alpha_by_hidden_strength"
0,0.24,1800,901,0.5,0.5,0,0,0,0.0607430886313892,0.000100445433747298,Inf,604.737182819156,0.999999999999,0.998346389095279,0.139566772458963,-0.0479009772034791,0.187467749662442,NA,0.321728555744732,TRUE,"degenerate_or_near_degenerate_observed_weight_variance",19,"alpha_by_hidden_strength"
0,0.24,1800,850,0.5,0.5,0,0,0,0.0453209773994587,8.00554016620499e-05,Inf,566.12016751573,0.999999999999,0.998233590574262,0.174111733290239,0.0138194443559525,0.160292288934286,NA,0.269967987197094,TRUE,"degenerate_or_near_degenerate_observed_weight_variance",20,"alpha_by_hidden_strength"
0,0.24,1800,868,0.5,0.5,0,0,0,0.0492483767014305,8.67376448267605e-05,Inf,567.785496133696,0.999999999999,0.998238771495909,0.259598455033423,0.106504810998906,0.153093644034517,NA,0.273238980056467,TRUE,"degenerate_or_near_degenerate_observed_weight_variance",21,"alpha_by_hidden_strength"
0,0.24,1800,893,0.5,0.5,0,0,0,0.0560216926151839,9.69367251403697e-05,Inf,577.920210674143,0.999999999999,0.998269657330666,0.207540781924722,0.0280719934001341,0.179468788524587,NA,0.31169032377463,TRUE,"degenerate_or_near_degenerate_observed_weight_variance",22,"alpha_by_hidden_strength"
0,0.24,1800,893,0.5,0.5,0,0,0,0.0570380328122651,9.69367251403697e-05,Inf,588.404783942009,0.999999999999,0.998300489684498,0.112369988223498,-0.0707460271035565,0.183116015327055,NA,0.307266368869186,TRUE,"degenerate_or_near_degenerate_observed_weight_variance",23,"alpha_by_hidden_strength"
0,0.24,1800,910,0.5,0.5,0,0,0,0.0573863603156837,0.000104544880696882,Inf,548.916024707802,0.999999999999,0.998178227716102,0.198766114636509,0.0285023941997768,0.170263720436732,NA,0.296785656265448,TRUE,"degenerate_or_near_degenerate_observed_weight_variance",24,"alpha_by_hidden_strength"
0,0.24,1800,897,0.5,0.5,0,0,0,0.0586866753694476,9.86755113078222e-05,Inf,594.744071671158,0.999999999999,0.998318604509684,0.188130680586769,0.0100219130589827,0.178108767527786,NA,0.30352759880471,TRUE,"degenerate_or_near_degenerate_observed_weight_variance",25,"alpha_by_hidden_strength"
0,0.24,1800,887,0.5,0.5,0,0,0,0.0557508544228763,9.43855877557826e-05,Inf,590.671263997725,0.999999999999,0.998307010919692,0.21207811829372,0.0345250581064993,0.17755306018722,NA,0.306264598549852,TRUE,"degenerate_or_near_degenerate_observed_weight_variance",26,"alpha_by_hidden_strength"
0,0.24,1800,885,0.5,0.5,0,0,0,0.051703539978331,9.35501209352325e-05,Inf,552.682770064262,0.999999999999,0.998190643793937,0.224639796700843,0.057775351737823,0.16686444496302,NA,0.289537419691561,TRUE,"degenerate_or_near_degenerate_observed_weight_variance",27,"alpha_by_hidden_strength"
0,0.24,1800,908,0.5,0.5,0,0,0,0.0597876784841987,0.000103619618331356,Inf,576.991880948732,0.999999999999,0.998266873359889,0.22965974698751,0.0521185525876098,0.1775411943999,NA,0.313985820080538,TRUE,"degenerate_or_near_degenerate_observed_weight_variance",28,"alpha_by_hidden_strength"
0,0.24,1800,905,0.5,0.5,0,0,0,0.0609478485286487,0.000102247120876377,Inf,596.083762616048,0.999999999999,0.998322383425425,0.171195901520497,0.00319392664843998,0.168001974872057,NA,0.313619332588626,TRUE,"degenerate_or_near_degenerate_observed_weight_variance",29,"alpha_by_hidden_strength"
0,0.24,1800,910,0.5,0.5,0,0,0,0.0562837341303357,0.000104544880696882,Inf,538.36910765172,0.999999999999,0.998142538296148,0.227269324688801,0.0671556059225187,0.160113718766282,NA,0.297844315556541,TRUE,"degenerate_or_near_degenerate_observed_weight_variance",30,"alpha_by_hidden_strength"
0,0.24,1800,905,0.5,0.5,0,0,0,0.0618596901494129,0.000102247120876377,Inf,605.001780189048,0.999999999999,0.998347112301574,0.196740051828504,0.027732354266276,0.169007697562228,NA,0.31499540611365,TRUE,"degenerate_or_near_degenerate_observed_weight_variance",31,"alpha_by_hidden_strength"
0,0.24,1800,939,0.5,0.5,0,0,0,0.0639024082794886,0.000118939164005876,Inf,537.269694247486,0.999999999999,0.998138737377695,0.200912959497005,0.0329259049087605,0.167987054588244,NA,0.331028487203829,TRUE,"degenerate_or_near_degenerate_observed_weight_variance",32,"alpha_by_hidden_strength"
0,0.24,1800,882,0.5,0.5,0,0,0,0.0517556069578078,9.23106497500961e-05,Inf,560.66777883073,0.999999999999,0.998216412574866,0.200840364841726,0.0304494469761192,0.170390917865607,NA,0.294583681246464,TRUE,"degenerate_or_near_degenerate_observed_weight_variance",33,"alpha_by_hidden_strength"
0,0.24,1800,889,0.5,0.5,0,0,0,0.0518446809322365,9.52284615041673e-05,Inf,544.424220588376,0.999999999999,0.998163197076502,0.1697362135154,0.0043195750107381,0.165416638504662,NA,0.289744455708299,TRUE,"degenerate_or_near_degenerate_observed_weight_variance",34,"alpha_by_hidden_strength"
0,0.24,1800,865,0.5,0.5,0,0,0,0.0481309004328875,8.55872344076181e-05,Inf,562.360739496022,0.999999999999,0.998221781981267,0.175167174523154,-0.00489503163392957,0.180062206157084,NA,0.288206326596446,TRUE,"degenerate_or_near_degenerate_observed_weight_variance",35,"alpha_by_hidden_strength"
0.001,0.24,1800,882,0.499121853912904,0.500875165329078,0.000354692963549896,0.00102289670724808,9.65820075090668e-07,0.0596561248642412,9.23065813918905e-05,61767.327479335,639.590317456978,0.999983810210984,0.998436499157811,0.26376344589218,0.0731338742029184,0.190629571689262,0.3064121801473,0.306175027058003,TRUE,"unstable_good_overlap_warning",1,"alpha_by_hidden_strength"
0.001,0.24,1800,892,0.4990952831639,0.500733195301985,0.000336060867352495,0.00102077261661751,1.00560024661706e-06,0.0555044010218097,9.6508896311892e-05,55195.2937646267,569.191279047488,0.999981882513312,0.998243121360409,0.244042178176686,0.0707872346489755,0.173254943527711,0.295215243894236,0.294958473179414,TRUE,"unstable_good_overlap_warning",2,"alpha_by_hidden_strength"
0.001,0.24,1800,904,0.499076747329508,0.500856935714707,0.000322751485513029,0.00100676294156939,1.03181615561962e-06,0.0616251802534822,0.000101800024263983,59724.9615814314,599.281117619038,0.999983256581946,0.998331334042406,0.190741267355236,0.000128136873803086,0.190613130481432,0.318904900632068,0.318641384250838,TRUE,"unstable_good_overlap_warning",3,"alpha_by_hidden_strength"
0.001,0.24,1800,896,0.499204585148401,0.500960791676475,0.000333349750068213,0.00100667655709379,9.95571842866366e-07,0.0568686795654983,9.82409820052723e-05,57121.6230882613,573.06181402192,0.999982493494653,0.998254987550153,0.154318319061853,-0.0242384890153633,0.178556808077216,0.295996698904803,0.295740915884212,TRUE,"unstable_good_overlap_warning",4,"alpha_by_hidden_strength"
0.001,0.24,1800,926,0.499111806353225,0.500815725876874,0.000347301784956566,0.00101808910052725,1.16354607994447e-06,0.0608311461696709,0.000112256632844939,52280.822580378,536.334422554196,0.999980872527427,0.998135491667237,0.222848164850543,0.0506417757828461,0.172206389067697,0.302563029609975,0.302283723339876,TRUE,"unstable_good_overlap_warning",5,"alpha_by_hidden_strength"
0.001,0.24,1800,897,0.499126873794673,0.501274354256289,0.000334584788615699,0.00098006665872938,9.47739006269544e-07,0.0562095999467663,9.86682726668351e-05,59309.1553422672,564.262702377818,0.999983139196736,0.998227775828907,0.210710186057789,0.049612841713121,0.161097344344668,0.298112423508862,0.297850656356947,TRUE,"unstable_good_overlap_warning",6,"alpha_by_hidden_strength"
0.001,0.24,1800,852,0.499035193584868,0.500905382305049,0.000339983086623419,0.00101241027450255,8.27833934028636e-07,0.04143060645912,8.0766290517879e-05,50047.0018878048,507.764581548266,0.999980018783098,0.998030583391715,0.216926794788553,0.049516549153231,0.167410245635322,0.256113626374197,0.25586386111529,TRUE,"unstable_good_overlap_warning",7,"alpha_by_hidden_strength"
0.001,0.24,1800,893,0.499153599752905,0.500732512524395,0.000342795915221461,0.000991801562228091,9.53533316112179e-07,0.0595351712340106,9.69362680223233e-05,62436.3829013884,608.185637522943,0.999983983697429,0.998355765183682,0.20898452911376,0.0369826206745771,0.172001908439183,0.30988885151352,0.309636461310057,TRUE,"unstable_good_overlap_warning",8,"alpha_by_hidden_strength"
0.001,0.24,1800,924,0.499273011448314,0.500801643299882,0.00033619221015041,0.000985252983454363,1.0800344445037e-06,0.0629688924590019,0.000111260777110696,58302.6706041193,560.516624255129,0.99998284812703,0.998215931594662,0.145977740209477,-0.0323294318672358,0.178307172076713,0.316908850133161,0.316628745800933,TRUE,"unstable_good_overlap_warning",9,"alpha_by_hidden_strength"
0.001,0.24,1800,911,0.499192223473304,0.500922288456136,0.000342688003390157,0.00101057515448149,1.07230571904904e-06,0.0623365052444922,0.000104998087567512,58133.1463006412,587.68996053482,0.999982798109794,0.998298422523519,0.107612641741915,-0.0762434014909822,0.183856043232898,0.311493141651036,0.311230690852124,TRUE,"unstable_good_overlap_warning",10,"alpha_by_hidden_strength"
0.001,0.24,1800,904,0.499003464637456,0.500803124427178,0.000329400448417672,0.00100689553987953,1.03193792990402e-06,0.0619540954091556,0.000101785225100995,60036.6491179542,602.565696065128,0.999983343507429,0.998340429920704,0.0687293121675799,-0.0941852678437658,0.162914580011346,0.311380782009898,0.311124886742246,TRUE,"unstable_good_overlap_warning",11,"alpha_by_hidden_strength"
0.001,0.24,1800,903,0.499190437045527,0.500915135094845,0.000328677107645392,0.000978665079867374,9.70670894810552e-07,0.0654591730627359,0.000101345349081896,67437.0411358751,639.774427090095,0.999985171354153,0.998436949090716,0.173340583159656,-0.022601962325618,0.195942545485274,0.322991210738818,0.322741079085111,TRUE,"unstable_good_overlap_warning",12,"alpha_by_hidden_strength"
0.001,0.24,1800,886,0.499164533929557,0.500749749120777,0.000350294992475852,0.00102641562133354,9.90038159325653e-07,0.0549194036499,9.39735055493041e-05,55472.0069449721,578.320916692046,0.999981972889479,0.998270856247566,0.0769245635308945,-0.105586232300338,0.182510795831233,0.288102015084106,0.287855417027826,TRUE,"unstable_good_overlap_warning",13,"alpha_by_hidden_strength"
0.001,0.24,1800,909,0.499138536857491,0.500774330116648,0.000325174890616786,0.000994110028406012,1.02863724675449e-06,0.062916599470269,0.000104086243778259,61165.0022092634,598.550831782775,0.999983650781266,0.998329298119891,0.105343626020461,-0.0656285635984981,0.170972189618959,0.308129170639494,0.307874183811019,TRUE,"unstable_good_overlap_warning",14,"alpha_by_hidden_strength"
0.001,0.24,1800,863,0.499231832204892,0.50084206009058,0.000329367995689944,0.000984798148702704,8.22661601444573e-07,0.0470516967010627,8.48255686319577e-05,57194.4729381329,549.35982416497,0.999982515793072,0.998179699431934,0.144621852494384,-0.0179166287392372,0.162538481233621,0.259723035419246,0.259488809240463,TRUE,"unstable_good_overlap_warning",15,"alpha_by_hidden_strength"
0.001,0.24,1800,959,0.49896780754864,0.500867982204202,0.00034888616173212,0.00102131557361772,1.35626992115435e-06,0.0746347778716105,0.000130024808126066,55029.4426702963,568.078592297635,0.999981827909725,0.998239680189399,0.0771308037319171,-0.105561151284671,0.182691955016588,0.346490018193899,0.346188062738896,TRUE,"unstable_good_overlap_warning",16,"alpha_by_hidden_strength"
0.001,0.24,1800,923,0.499056903859622,0.500771243057987,0.000323843164041659,0.00101263443625709,1.13575687806391e-06,0.075641588393366,0.000110759246150216,66600.1587613629,676.005061407865,0.999984985020778,0.998520721134961,0.164569151027153,-0.0284389613366247,0.193008112363778,0.338473667962998,0.338225766075483,TRUE,"unstable_good_overlap_warning",17,"alpha_by_hidden_strength"
0.001,0.24,1800,857,0.499188752983664,0.500938220625662,0.000338638272701863,0.000996685190664079,8.20380838603847e-07,0.0454341288028875,8.25846813687424e-05,55381.7527969191,544.740662022858,0.999981943511184,0.998164264080661,0.120133236052021,-0.0447953086070576,0.164928544659079,0.259471392355463,0.259235462929549,TRUE,"unstable_good_overlap_warning",18,"alpha_by_hidden_strength"
0.001,0.24,1800,929,0.4992820599103,0.500865408048469,0.000347596161786479,0.000998104699444819,1.13334042920449e-06,0.0652046385740123,0.000113764871506604,57533.1444054992,567.499158389348,0.99998261871465,0.99823788284931,0.201906986294503,0.0298420290869388,0.172064957207564,0.308842687914323,0.308573141148985,TRUE,"unstable_good_overlap_warning",19,"alpha_by_hidden_strength"
0.001,0.24,1800,926,0.499129887767168,0.500942468949829,0.000332574515708894,0.001001552143331,1.12598063078593e-06,0.0645279170415493,0.000112249338528807,57308.1945437277,569.153123623993,0.999982550488495,0.998243003581123,0.187232251174057,0.0111153799214858,0.176116871252571,0.324918858711572,0.324636124969384,TRUE,"unstable_good_overlap_warning",20,"alpha_by_hidden_strength"
0.001,0.24,1800,923,0.499156040615824,0.500910707151455,0.000348317855747127,0.00103861305036932,1.19484859702582e-06,0.0636678787960658,0.000110765707897889,53285.3107536352,568.663472112675,0.999981233101846,0.998241490707527,0.230791179066351,0.0496520914279324,0.181139087638419,0.323168479271198,0.322887236665995,TRUE,"unstable_good_overlap_warning",21,"alpha_by_hidden_strength"
0.001,0.24,1800,896,0.49918862237208,0.500832488317026,0.000328644041300841,0.00100220742354121,9.86808280368216e-07,0.058021842464658,9.82466055687972e-05,58797.4823670996,584.700658921713,0.999982992469069,0.998289723151939,0.214409120017102,0.0286347535565008,0.185774366460602,0.307298927711462,0.307038643132157,TRUE,"unstable_good_overlap_warning",22,"alpha_by_hidden_strength"
0.001,0.24,1800,898,0.498975809024162,0.50097807778481,0.000357174588379361,0.00104559011915929,1.08352934883322e-06,0.0543608364106657,9.91100598170863e-05,50170.1559530467,542.558030540704,0.999980067831542,0.998156879183959,0.180687948838544,0.00911028844805384,0.17157766039049,0.289002877907728,0.288739299077972,TRUE,"unstable_good_overlap_warning",23,"alpha_by_hidden_strength"
0.001,0.24,1800,889,0.499134761689556,0.500740794389505,0.000343203469220732,0.000994766075348996,9.42256785932743e-07,0.0605415572917123,9.52198168379546e-05,64251.6543213664,629.578325530965,0.999984436198405,0.998411635281191,0.199976661119934,0.0213055891911902,0.178671071928744,0.303656152751128,0.303417259725223,TRUE,"unstable_good_overlap_warning",24,"alpha_by_hidden_strength"
0.001,0.24,1800,877,0.49909440532314,0.50074292902483,0.000355284475220707,0.000997629942676841,8.98573913541774e-07,0.0535958741451481,9.02848447235158e-05,59645.4819547312,587.780924934157,0.999983234270774,0.99829868585798,0.11952666107859,-0.0385643075644222,0.158090968643013,0.278509109510496,0.278274425661372,TRUE,"unstable_good_overlap_warning",25,"alpha_by_hidden_strength"
0.001,0.24,1800,924,0.499074392345087,0.500796157238577,0.000343448905271548,0.00101259614338905,1.14084627408115e-06,0.0620737432754422,0.000111263979861637,54410.2607736852,552.233791105142,0.999981621113632,0.998189172745118,0.256361105598871,0.0901820351148179,0.166179070484054,0.318571177394509,0.318285532893214,TRUE,"unstable_good_overlap_warning",26,"alpha_by_hidden_strength"
0.001,0.24,1800,898,0.499239063789672,0.500945326068831,0.000332144717421656,0.000962194432870031,9.17680542596466e-07,0.0578642855676433,9.91210385911222e-05,63054.9334781833,578.418896890292,0.999984140812703,0.998271149152671,0.186745905797285,0.0141026026449644,0.172643303152321,0.301104253419777,0.300846244251262,TRUE,"unstable_good_overlap_warning",27,"alpha_by_hidden_strength"
0.001,0.24,1800,863,0.499126533648768,0.500778323483005,0.000323797049141206,0.000973491290470138,8.03921070623604e-07,0.0501656383821467,8.48299616848574e-05,62401.198594326,585.815296094767,0.999983974666793,0.998292977314409,0.156340206234022,-0.0162889787060441,0.172629184940066,0.283096422035144,0.282856959271583,TRUE,"unstable_good_overlap_warning",28,"alpha_by_hidden_strength"
0.001,0.24,1800,931,0.499058392410923,0.500847435618019,0.000332908398698817,0.000973776753754718,1.08829491867569e-06,0.070648199758864,0.000114769845216782,64916.4105671222,609.781925346502,0.999984595574659,0.99836006946347,0.270359989979867,0.0679106751186913,0.202449314861176,0.337273765873528,0.33699969527806,TRUE,"unstable_good_overlap_warning",29,"alpha_by_hidden_strength"
0.001,0.24,1800,870,0.499233491781383,0.500889107341319,0.000337396935814138,0.00100181763664862,8.782713592369e-07,0.0482025175718612,8.75087286674909e-05,54883.3991509671,545.357547572437,0.999981779554192,0.998166340588021,0.204551729851576,0.0477960633254293,0.156755666526147,0.272697644604808,0.272449994678404,TRUE,"unstable_good_overlap_warning",30,"alpha_by_hidden_strength"
0.001,0.24,1800,930,0.49915944673261,0.500894311133115,0.000331641624011725,0.000986004558342059,1.11093323444799e-06,0.0620022732172892,0.000114269443886437,55810.9806194587,537.372773121803,0.999982082378971,0.998139094405192,0.140102376856195,-0.0391381423058548,0.17924051916205,0.310903874461344,0.310617241148657,TRUE,"unstable_good_overlap_warning",31,"alpha_by_hidden_strength"
0.001,0.24,1800,908,0.499131543433172,0.501049307205076,0.000319144460846243,0.00100155426593395,1.03936330118782e-06,0.0613528603517563,0.00010361399241666,59029.2732884065,586.248380961309,0.999983059252735,0.998294238359584,0.194902365033025,0.00761014229598489,0.18729222273704,0.316681507196325,0.316413980492722,TRUE,"unstable_good_overlap_warning",32,"alpha_by_hidden_strength"
0.001,0.24,1800,920,0.499206793339351,0.500960153422084,0.000336164901558744,0.000982349064372398,1.05466295248174e-06,0.0663483254671014,0.000109290400880891,62909.5061232372,601.280412210292,0.999984104151159,0.998336882460009,0.196485815670349,0.00904072959787228,0.187445086072477,0.330999238715652,0.330726507459475,TRUE,"unstable_good_overlap_warning",33,"alpha_by_hidden_strength"
0.001,0.24,1800,919,0.499195038961623,0.500759272363234,0.000327777510069238,0.000976854760014516,1.03833372095182e-06,0.0708844747187945,0.000108812042946173,68267.5264112734,645.282036069781,0.999985351746979,0.998450290037375,0.210907325799202,0.0248056772783032,0.186101648520898,0.331445073434007,0.33119057768098,TRUE,"unstable_good_overlap_warning",34,"alpha_by_hidden_strength"
0.001,0.24,1800,921,0.499124425184131,0.500795806850992,0.000335390045652695,0.00102416820663346,1.15151431489306e-06,0.0686970458222712,0.000109780893585385,59658.0041895973,619.269401273846,0.999983237789906,0.998385193910852,0.134207761866745,-0.0555293807026579,0.189737142569403,0.332425701632747,0.33215997554651,TRUE,"unstable_good_overlap_warning",35,"alpha_by_hidden_strength"
0.002,0.24,1800,919,0.498486610120817,0.501861394258558,0.000678989886077896,0.00196725611662734,4.21182367219385e-06,0.0604084303101948,0.000108829935699223,14342.5829312387,534.390393834136,0.999930277551485,0.998128708877371,0.168845892449907,-0.00582624912415897,0.174672141574066,0.311427328424016,0.311146653524353,TRUE,"unstable_good_overlap_warning",1,"alpha_by_hidden_strength"
0.002,0.24,1800,864,0.498025664066451,0.50169760638798,0.000673387789722146,0.00200432602158347,3.42268432853788e-06,0.045217433139628,8.51981406089444e-05,13211.1023977909,510.234847977625,0.99992430608969,0.998040118184864,0.271192262865531,0.114545927438691,0.15664633542684,0.258907125223006,0.25866307690063,TRUE,"unstable_good_overlap_warning",2,"alpha_by_hidden_strength"
0.002,0.24,1800,891,0.498483204556911,0.501816457378271,0.000648574446342698,0.00198058085247352,3.7689569864954e-06,0.0553169215984053,9.60806713086413e-05,14676.9840559635,554.002278655448,0.999931866111172,0.998194953272707,0.178314941264658,0.00954146573126891,0.16877347553339,0.286588216913059,0.286339202394052,TRUE,"unstable_good_overlap_warning",3,"alpha_by_hidden_strength"
0.002,0.24,1800,868,0.498155630997255,0.501661682027394,0.00065266459279717,0.00200019884545482,3.46993929816612e-06,0.047806972951362,8.67312354848578e-05,13777.4666480847,530.003883722803,0.999927417715786,0.998113221373066,0.125520999007045,-0.0497920627497352,0.17531306175678,0.271574815303771,0.271328340556651,TRUE,"unstable_good_overlap_warning",4,"alpha_by_hidden_strength"
0.002,0.24,1800,922,0.498249256072537,0.501532626201312,0.000670504128416016,0.00195971727613258,4.23450552406151e-06,0.0581057295437374,0.000110259460037009,13721.9633351677,507.500367019291,0.999927124131178,0.998029558075252,0.255141110240947,0.096265856264979,0.158875253975968,0.293165516326954,0.292887213491903,TRUE,"unstable_good_overlap_warning",5,"alpha_by_hidden_strength"
0.002,0.24,1800,909,0.498259499890806,0.501751514762968,0.000692502184553911,0.00198969935008734,4.12035914753944e-06,0.0595469827844902,0.00010407829197274,14451.8913648705,550.348661170413,0.999930804904718,0.998182970050525,0.284141474071117,0.133606049486503,0.150535424584613,0.287332409956419,0.287081177945841,TRUE,"unstable_good_overlap_warning",6,"alpha_by_hidden_strength"
0.002,0.24,1800,867,0.498652831143395,0.501693098860571,0.000686291981755849,0.00193843349781877,3.24465771981171e-06,0.0576097331864834,8.63509415353806e-05,17755.2574605085,642.997353278429,0.99994367865393,0.998444783645063,0.178344309272523,-0.0215491106165984,0.199893419889122,0.306457657310003,0.306227884308665,TRUE,"unstable_good_overlap_warning",7,"alpha_by_hidden_strength"
0.002,0.24,1800,938,0.497876864496049,0.501689439036772,0.000691244149299663,0.00206929563440962,5.0705729460315e-06,0.0697677039485022,0.000118416426722272,13759.333450297,564.980152857417,0.999927322060795,0.998230026320496,0.200453301704264,0.0244859389501475,0.175967362754117,0.322303619700357,0.322029961361916,TRUE,"unstable_good_overlap_warning",8,"alpha_by_hidden_strength"
0.002,0.24,1800,894,0.498439598688644,0.501942109954441,0.000696081727240117,0.00196903228333546,3.77505162663456e-06,0.0607046963854945,9.73682180366493e-05,16080.494358593,600.185228217226,0.999937812857136,0.998333847697368,0.0709008693292886,-0.109120953993812,0.180021823323101,0.305144411783563,0.304899577839705,TRUE,"unstable_good_overlap_warning",9,"alpha_by_hidden_strength"
0.002,0.24,1800,886,0.498076128687966,0.501447045940984,0.000709129661007613,0.00209767705770279,4.13422891149465e-06,0.049293887799568,9.39544302016612e-05,11923.3571374128,502.544210974504,0.999916131003334,0.998010125321987,0.132714467277401,-0.0309790824850058,0.163693549762407,0.266607319291329,0.266353099243537,TRUE,"unstable_good_overlap_warning",10,"alpha_by_hidden_strength"
0.002,0.24,1800,910,0.49842080901469,0.501590929951876,0.000674332287114332,0.00204492520450361,4.3715113875053e-06,0.0597066026103092,0.000104538618958256,13658.1143951639,548.218998735528,0.999926783451136,0.998175911447238,0.297673838267149,0.130177223929531,0.167496614337618,0.296495305894881,0.296235610492507,TRUE,"unstable_good_overlap_warning",11,"alpha_by_hidden_strength"
0.002,0.24,1800,913,0.498451162077916,0.501487799273034,0.00067611836139575,0.00201473641644279,4.30037693862036e-06,0.0569102307749574,0.000105942459593666,13233.7773146963,516.226111057024,0.999924435784567,0.998062864356178,0.139943583480581,-0.0185212476568239,0.158464831137405,0.296956834342492,0.29668028150014,TRUE,"unstable_good_overlap_warning",12,"alpha_by_hidden_strength"
0.002,0.24,1800,865,0.498410085574136,0.501815316192392,0.000699300373217748,0.00203564442934521,3.5467566160811e-06,0.0453233501774497,8.55908906005069e-05,12778.815995423,508.464735077899,0.999921745488756,0.998033295269048,0.150175824150453,-0.00285215144199302,0.153027975592446,0.25595376552072,0.255711954409549,TRUE,"unstable_good_overlap_warning",13,"alpha_by_hidden_strength"
0.002,0.24,1800,913,0.498171928218893,0.501704745495532,0.000684948400072938,0.00201796357251773,4.31466255986738e-06,0.063398987400359,0.000105954691582642,14693.8460472116,574.946574171673,0.999931944298532,0.998260707959795,0.123096381232889,-0.0568006346829519,0.179897015915841,0.323753673402777,0.323483007396531,TRUE,"unstable_good_overlap_warning",14,"alpha_by_hidden_strength"
0.002,0.24,1800,915,0.497934130359004,0.501883521008787,0.000695322197175885,0.00202955158284882,4.40354849210292e-06,0.06528302923088,0.000106906126862988,14825.0960215279,586.499143247158,0.999932546811262,0.998294967671285,0.162891080015874,-0.00373399964329346,0.166625079659168,0.308169478806077,0.307917032430059,TRUE,"unstable_good_overlap_warning",15,"alpha_by_hidden_strength"
0.002,0.24,1800,903,0.498429692748228,0.501600225465828,0.000668641116889745,0.00196560285636257,3.9153171432471e-06,0.065608310515717,0.000101338715880141,16756.8317240595,623.332984315562,0.999940322847632,0.998395721026863,0.107766125566876,-0.0709293548429659,0.178695480409842,0.314768635573948,0.314525431006464,TRUE,"unstable_good_overlap_warning",16,"alpha_by_hidden_strength"
0.002,0.24,1800,890,0.498501970671754,0.501982035856542,0.000680067690071062,0.00197783081525414,3.74272643632006e-06,0.051303625848568,9.56774973009551e-05,13707.5542980403,516.028066725553,0.999927047525893,0.998062120910699,0.100467132068616,-0.0627735645204623,0.163240696589079,0.277863322216501,0.277604085030954,TRUE,"unstable_good_overlap_warning",17,"alpha_by_hidden_strength"
0.002,0.24,1800,883,0.497912245655756,0.501626593638772,0.000654087607877329,0.00194527629305026,3.5082282745691e-06,0.0570595801879189,9.27097171795103e-05,16264.5004036766,593.024304547751,0.999938516402276,0.998313728472288,0.220397811295571,0.0566253121515483,0.163772499144023,0.278595290825862,0.278368855756348,TRUE,"unstable_good_overlap_warning",18,"alpha_by_hidden_strength"
0.002,0.24,1800,871,0.49833969827638,0.501688516457687,0.000696396440997005,0.00201140919681306,3.5560809388766e-06,0.0492909731823728,8.78963365080291e-05,13861.0380442984,538.979444813359,0.999927855331123,0.998144641674886,0.174013989254717,-0.0046319496752496,0.178645938929966,0.285076154392832,0.284821846778279,TRUE,"unstable_good_overlap_warning",19,"alpha_by_hidden_strength"
0.002,0.24,1800,896,0.498323412479835,0.501524046330156,0.000674176987179198,0.00202675544665475,4.03530223590218e-06,0.0596215421411142,9.82366107336666e-05,14774.9880072575,582.970831481901,0.99993231804997,0.998284648311721,0.185914024544985,-0.00855937646016436,0.194473401005149,0.324952195835781,0.324684360386853,TRUE,"unstable_good_overlap_warning",20,"alpha_by_hidden_strength"
0.002,0.24,1800,914,0.498356892426103,0.501714597950813,0.000653494404735167,0.00191986766941726,3.92314015605173e-06,0.0652255699556938,0.00010643665892733,16625.8576959272,591.026537719709,0.999939852727102,0.998308028597399,0.210122333086865,0.0291062413436256,0.18101609174324,0.308018607157493,0.307767173320702,TRUE,"unstable_good_overlap_warning",21,"alpha_by_hidden_strength"
0.002,0.24,1800,889,0.498524591164889,0.501777442199472,0.000681873020146329,0.00202325144714193,3.89713280945344e-06,0.0555857522677384,9.52018717064635e-05,14263.2430008291,560.911308234286,0.99992988971723,0.998217186950379,0.226443612406077,0.0494918163841529,0.176951796021924,0.293317187864271,0.293065880015309,TRUE,"unstable_good_overlap_warning",22,"alpha_by_hidden_strength"
0.002,0.24,1800,885,0.498379149238645,0.501939669979509,0.000673958761977733,0.00196517162219143,3.61285495197094e-06,0.0607014477821637,9.35512420145933e-05,16801.5180761821,624.731250299708,0.999940481568661,0.998399311704801,0.143981943248436,-0.0630647832418219,0.207046726490258,0.320109816793137,0.319863035184063,TRUE,"unstable_good_overlap_warning",23,"alpha_by_hidden_strength"
0.002,0.24,1800,898,0.498412546827361,0.501651140999531,0.000679600223076615,0.00198336284112124,3.89948179578796e-06,0.0563921927733297,9.91294171238167e-05,14461.4581440647,547.343447951759,0.999930850679784,0.998172993567855,0.0597037731650116,-0.115852760641819,0.175556533806831,0.296540060494012,0.296279290285168,TRUE,"unstable_good_overlap_warning",24,"alpha_by_hidden_strength"
0.002,0.24,1800,937,0.498563980638092,0.501923211131928,0.000682663704035136,0.00190859125792835,4.29428600233734e-06,0.0704419857094483,0.000117886779851138,16403.6549198417,576.537659230487,0.999939037976299,0.998265507926516,0.272449537475628,0.101454290097488,0.17099524737814,0.33034940496081,0.330072847518101,TRUE,"unstable_good_overlap_warning",25,"alpha_by_hidden_strength"
0.002,0.24,1800,900,0.498393254626943,0.501655450827545,0.000676752252548873,0.00199709168856509,3.98863599112088e-06,0.0602930488052242,0.0001000065384667,15116.2073800274,579.767754797876,0.999933845840107,0.998275171408336,0.163485242200682,-0.0107205852932917,0.174205827493974,0.289763086481399,0.289522659525907,TRUE,"unstable_good_overlap_warning",26,"alpha_by_hidden_strength"
0.002,0.24,1800,912,0.498438506893649,0.501738337693576,0.000668894931131758,0.00206734128932781,4.50823806981356e-06,0.059826455360051,0.000105483002945654,13270.4738378036,543.920177713405,0.99992464474048,0.998161494938092,0.144217367370694,-0.0329885960351362,0.17720596340583,0.31273973765255,0.312463891719802,TRUE,"unstable_good_overlap_warning",27,"alpha_by_hidden_strength"
0.002,0.24,1800,862,0.498339814965132,0.501521120580577,0.000718406821068274,0.0019772942214823,3.30122932855473e-06,0.0502907793444413,8.44370594527894e-05,15233.9550934677,573.190793243903,0.999934357165039,0.998255380212336,0.213911891650324,0.0621302266065116,0.151781665043812,0.263563507638567,0.263342141623979,TRUE,"unstable_good_overlap_warning",28,"alpha_by_hidden_strength"
0.002,0.24,1800,837,0.498463217542502,0.501650456435445,0.000666554546190246,0.00192481478843314,2.79910775286952e-06,0.0401518743606774,7.55512621003676e-05,14344.5261510621,512.465664627855,0.999930286996624,0.99804864975544,0.10548546147248,-0.0343762616832202,0.1398617231557,0.235146155184083,0.234924805697987,TRUE,"unstable_good_overlap_warning",29,"alpha_by_hidden_strength"
0.002,0.24,1800,907,0.498059050087132,0.501628398820056,0.000667981269640128,0.00200495017995146,4.14689931308487e-06,0.0607000079011618,0.000103161184427523,14637.444345377,565.661092671173,0.999931682063043,0.998232157005394,0.107892173354801,-0.0628075624879645,0.170699735842765,0.306067084556575,0.305806871833056,TRUE,"unstable_good_overlap_warning",30,"alpha_by_hidden_strength"
0.002,0.24,1800,876,0.498546571447427,0.501602529216231,0.000691956728086918,0.00197337031084174,3.50025718926954e-06,0.0574359444741904,8.9884079728361e-05,16409.0640682825,615.049015391646,0.999939058072061,0.998374113322719,0.215451343365689,0.0182351935966896,0.197216149769,0.307483312877276,0.30724260680038,TRUE,"unstable_good_overlap_warning",31,"alpha_by_hidden_strength"
0.002,0.24,1800,885,0.498015203676971,0.501628964456535,0.000646814658004646,0.00201973632971538,3.81638910935432e-06,0.0506847761794117,9.35542008089612e-05,13280.819834429,520.53475512402,0.999924703443578,0.998078898689941,0.271854238078605,0.100267927262381,0.171586310816224,0.280887138081906,0.280627767402601,TRUE,"unstable_good_overlap_warning",32,"alpha_by_hidden_strength"
0.002,0.24,1800,905,0.49804347608952,0.501680924079661,0.000646579674962067,0.0019639036779111,3.94310398086237e-06,0.0584486773489531,0.000102234590738878,14823.0119298478,550.479811256313,0.999932537327452,0.998183402952203,0.235753844772068,0.0698187169672897,0.165935127804778,0.296050915139539,0.295791867920557,TRUE,"unstable_good_overlap_warning",33,"alpha_by_hidden_strength"
0.002,0.24,1800,884,0.498266474226725,0.501691576690553,0.000633121697904304,0.00193296493831747,3.48003575262157e-06,0.0567619110643733,9.31398968704786e-05,16310.7264118231,587.476202097894,0.999938690652105,0.998297803389433,0.1898679590523,0.0107902093902865,0.179077749662014,0.290558859931206,0.290320360264835,TRUE,"unstable_good_overlap_warning",34,"alpha_by_hidden_strength"
0.002,0.24,1800,877,0.498325473438425,0.501673502507403,0.000690744113437891,0.00192940788694372,3.36052942449688e-06,0.0491049299202884,9.02733591918288e-05,14612.2600690039,524.435443683224,0.999931564316863,0.998093187613376,0.222529252981624,0.0531592098061107,0.169370043175514,0.279618382133891,0.279361224332808,TRUE,"unstable_good_overlap_warning",35,"alpha_by_hidden_strength"
0.005,0.24,1800,901,0.495775695594921,0.503706335727845,0.00170411093729406,0.0049565910875417,2.46775354623278e-05,0.0579198579381602,0.000100446683360456,2347.06816758827,462.898857496113,0.999573936533327,0.997839700868114,0.13495881987316,-0.0425395545373832,0.177498374410543,0.302432982225674,0.3021705115185,TRUE,"unstable_good_overlap_warning",1,"alpha_by_hidden_strength"
0.005,0.24,1800,901,0.495618330151716,0.504364668734657,0.00162229658943608,0.00488379303725459,2.39616093184272e-05,0.0563573640567013,0.000100461921432905,2351.98576638843,452.947796259978,0.999574827358953,0.997792240058883,0.253391258774127,0.081161189748771,0.172230069025356,0.284715580304285,0.284461593888687,TRUE,"unstable_good_overlap_warning",2,"alpha_by_hidden_strength"
0.005,0.24,1800,886,0.495779457853318,0.504529312974883,0.00170681131494788,0.00507775704525101,2.4228038358417e-05,0.0588977460060154,9.39667957537812e-05,2430.97460614486,498.31066178498,0.999588642350491,0.997993219738831,0.123003204935045,-0.0647174056570174,0.187720610592062,0.300599217903082,0.300359232030464,TRUE,"unstable_good_overlap_warning",3,"alpha_by_hidden_strength"
0.005,0.24,1800,923,0.495711086615299,0.50449474271772,0.00173368524273981,0.00484719633480081,2.60113216530126e-05,0.0658035914360634,0.000110708558847452,2529.80576357765,481.302288995491,0.9996047127355,0.997922303668892,0.283920523737189,0.10060553278606,0.18331499095113,0.317307015102243,0.317039877000204,TRUE,"unstable_good_overlap_warning",4,"alpha_by_hidden_strength"
0.005,0.24,1800,971,0.495934556234475,0.504572795093645,0.00166090277924841,0.00484545504109624,3.22137540985477e-05,0.0874501508720496,0.000137205715409575,2714.68362875447,516.175331713318,0.999631632950003,0.998062673788225,0.227386597115395,0.0243861655345188,0.203000431580877,0.370965405256108,0.370674168909256,TRUE,"unstable_good_overlap_warning",5,"alpha_by_hidden_strength"
0.005,0.24,1800,883,0.495623485337604,0.503939796590073,0.00170069126037342,0.00483546442230914,2.16698945139338e-05,0.0543107431506716,9.26788023071183e-05,2506.27630493308,474.957254962549,0.999601001694014,0.997894547373365,0.249170738223043,0.0785932749118375,0.170577463311206,0.286596567280563,0.286351833205346,TRUE,"unstable_good_overlap_warning",6,"alpha_by_hidden_strength"
0.005,0.24,1800,905,0.496334125663773,0.5046013442593,0.00162023073591716,0.00501053093257959,2.56738400055391e-05,0.0620819840289162,0.000102264131705734,2418.10278538474,485.250650753017,0.999586452649555,0.997939209358198,0.232131738284699,0.043632230334208,0.188499507950491,0.323401157758126,0.323134577494897,TRUE,"unstable_good_overlap_warning",7,"alpha_by_hidden_strength"
0.005,0.24,1800,927,0.495746796654673,0.504607574992898,0.00168015904734442,0.00509797062762168,2.93009586715086e-05,0.0697617599762654,0.000112742373112966,2380.86953940178,491.130129798113,0.999579985386242,0.99796387975543,0.177886322175837,0.000647687013304088,0.177238635162533,0.329295491022521,0.329029183381941,TRUE,"unstable_good_overlap_warning",8,"alpha_by_hidden_strength"
0.005,0.24,1800,885,0.495913913427098,0.504013817589058,0.0016680851078873,0.00501489390551505,2.35315418444635e-05,0.0576872126275653,9.35679005490591e-05,2451.48460771762,492.634392175007,0.999592083916476,0.997970097062073,0.0901872591475844,-0.102883015601157,0.193070274748741,0.310031221233614,0.309779583223965,TRUE,"unstable_good_overlap_warning",9,"alpha_by_hidden_strength"
0.005,0.24,1800,904,0.494776980415721,0.503986148436397,0.00166393095424711,0.00504854402865332,2.59579916990258e-05,0.0549514815796458,0.000101844784362076,2116.93886864553,429.970954256688,0.999527619802909,0.997674261505109,0.260490011709668,0.0917710424299016,0.168718969279766,0.293288219828752,0.293016181140359,TRUE,"unstable_good_overlap_warning",10,"alpha_by_hidden_strength"
0.005,0.24,1800,875,0.495771306332075,0.50442796516566,0.00173140029270091,0.00499100505264991,2.22852712291532e-05,0.0519559577702306,8.94626802222531e-05,2331.40342946613,464.938793914479,0.999571073805863,0.997849179261682,0.237907091046462,0.0497096605659084,0.188197430480553,0.291990379259235,0.291738774663099,TRUE,"unstable_good_overlap_warning",11,"alpha_by_hidden_strength"
0.005,0.24,1800,903,0.496069118981752,0.504424911415697,0.00167570616709867,0.00502400329260786,2.55853038979573e-05,0.0628474879817431,0.000101365635879363,2456.39013053743,495.053349679659,0.999592898543449,0.997980015687911,0.212280933343259,0.0324214285589293,0.17985950478433,0.314431505008517,0.314177728734843,TRUE,"unstable_good_overlap_warning",12,"alpha_by_hidden_strength"
0.005,0.24,1800,891,0.495296716650551,0.503743184598469,0.00161500470048193,0.0051465846195399,2.54430539212586e-05,0.0564122305967516,9.60574387948989e-05,2217.19573331632,464.296311361787,0.99954897982845,0.997846203005432,0.137295457737434,-0.0272362042102285,0.164531661947662,0.285780134870296,0.285536611430527,TRUE,"unstable_good_overlap_warning",13,"alpha_by_hidden_strength"
0.005,0.24,1800,914,0.495941082584706,0.503870343201566,0.00163709295684122,0.00503274326769267,2.69537376354178e-05,0.0594530336237598,0.000106416615784631,2205.74357545268,445.773982741975,0.999546638144556,0.997756710712794,0.169087419833192,0.000188609314357713,0.168898810518834,0.307603101903151,0.307327560012606,TRUE,"unstable_good_overlap_warning",14,"alpha_by_hidden_strength"
0.005,0.24,1800,886,0.495559508448321,0.504157417479227,0.00167247190896647,0.00492014489384743,2.2743970093635e-05,0.0550953897798456,9.39529650604072e-05,2422.41743868913,472.123708365765,0.999587189233355,0.997881911070593,0.142491731784284,-0.0429292671696131,0.185420998953897,0.295982994591222,0.295730415930241,TRUE,"unstable_good_overlap_warning",15,"alpha_by_hidden_strength"
0.005,0.24,1800,878,0.496144092057991,0.50457857060165,0.00166101327627216,0.00514260448990315,2.39928209201922e-05,0.0537352016501367,9.07225112389248e-05,2239.63667419005,468.422142348006,0.999553499006547,0.997865173505703,0.171067528744885,-0.0091404241696813,0.180207952914566,0.286039465578039,0.285797791759299,TRUE,"unstable_good_overlap_warning",16,"alpha_by_hidden_strength"
0.005,0.24,1800,924,0.495997031438633,0.503848850957468,0.00171801082731887,0.00516168486082347,2.96453418910748e-05,0.0614141573836903,0.000111268822383415,2071.62924986134,435.826715503632,0.99951728814407,0.997705510092826,0.115393287067658,-0.0460502855034182,0.161443572571076,0.298699530553337,0.298428688455881,TRUE,"unstable_good_overlap_warning",17,"alpha_by_hidden_strength"
0.005,0.24,1800,914,0.496508259088916,0.504203761551537,0.00172926334087498,0.00499137148846125,2.6519094394279e-05,0.0703120065096243,0.000106443439963373,2651.37283589868,528.810667225204,0.999622836899262,0.998108964016843,0.15107632214215,-0.0494177313483082,0.200494053490458,0.338766663992927,0.338510045213901,TRUE,"unstable_good_overlap_warning",18,"alpha_by_hidden_strength"
0.005,0.24,1800,901,0.495826392439803,0.504255204901225,0.00167283829714038,0.00506358311142943,2.57423647797315e-05,0.0562753043784849,0.000100399732282899,2186.09692077683,446.12627892609,0.999542563739743,0.997758482189377,0.248340823952068,0.0747333257260274,0.173607498226041,0.297892043627105,0.297626071430242,TRUE,"unstable_good_overlap_warning",19,"alpha_by_hidden_strength"
0.005,0.24,1800,907,0.495572067835627,0.503727979374198,0.0017028190183449,0.00503969517797781,2.61971380419431e-05,0.0575886711000854,0.000103144318328774,2198.28101099756,445.245265640316,0.999545099104711,0.997754046865469,0.264815924058441,0.104975134472357,0.159840789586084,0.296858988574235,0.296592903357175,TRUE,"unstable_good_overlap_warning",20,"alpha_by_hidden_strength"
0.005,0.24,1800,894,0.495849146174661,0.504517047932161,0.00169888227832654,0.00513919707699903,2.5737253584819e-05,0.054464668353417,9.74477143414092e-05,2116.1802743997,442.137293781123,0.999527450467194,0.997738259101719,0.0793791781238953,-0.0873031082656945,0.16668228638959,0.285201365537789,0.284945990670409,TRUE,"unstable_good_overlap_warning",21,"alpha_by_hidden_strength"
0.005,0.24,1800,883,0.495629680272585,0.504721190835003,0.00164963692198056,0.00510687218214556,2.41740891413598e-05,0.0539858449748653,9.26915496284548e-05,2233.21113193465,461.947973272101,0.999552214304461,0.997835254059203,0.168969067922586,-0.00535507875514996,0.174324146677736,0.281582211565846,0.28134026659771,TRUE,"unstable_good_overlap_warning",22,"alpha_by_hidden_strength"
0.005,0.24,1800,903,0.49542401067169,0.503744914177365,0.0016117414527359,0.00475637193212197,2.29160865372793e-05,0.0612228655180417,0.000101295193487687,2671.61085373133,492.892960331266,0.999625693989601,0.997971161934778,0.100564363445086,-0.0900927031023411,0.190657066547427,0.319946764984098,0.319681875132429,TRUE,"unstable_good_overlap_warning",23,"alpha_by_hidden_strength"
0.005,0.24,1800,888,0.495414383176264,0.504324646971181,0.00174013505525411,0.00498784126727898,2.35719637737438e-05,0.0548041559218824,9.47481015494054e-05,2324.97200691134,463.185646257077,0.999569887294545,0.997841038451686,0.201985502127419,0.00875965000301804,0.193225852124401,0.297993184495176,0.297735369540606,TRUE,"unstable_good_overlap_warning",24,"alpha_by_hidden_strength"
0.005,0.24,1800,943,0.496269142979148,0.505604996925341,0.00165248215459174,0.00480389312029232,2.79382083298108e-05,0.0592966027338957,0.000121063124581374,2122.41966392042,397.96021669981,0.999528839646089,0.997487186009967,0.0712266355281992,-0.0701175995567691,0.141344235084968,0.28712412914635,0.2868307370727,TRUE,"unstable_good_overlap_warning",25,"alpha_by_hidden_strength"
0.005,0.24,1800,895,0.495218686622156,0.504030119760644,0.00166456504969825,0.00491793617872854,2.36615514285911e-05,0.0553628714496687,9.78312133390212e-05,2339.78197147174,455.688629323443,0.999572609750741,0.997805519085511,0.234698136891985,0.030919220414706,0.203778916477279,0.312496722078303,0.312220376814993,TRUE,"unstable_good_overlap_warning",26,"alpha_by_hidden_strength"
0.005,0.24,1800,862,0.49595668673766,0.50446205232753,0.00168721303344394,0.00503337613329447,2.13994674082243e-05,0.0563510483183781,8.44664406494414e-05,2633.29209290139,532.28701621001,0.999620247217278,0.998121314310613,0.206503463886769,0.00943987490550002,0.197063588981269,0.304589629957874,0.304361177852137,TRUE,"unstable_good_overlap_warning",27,"alpha_by_hidden_strength"
0.005,0.24,1800,865,0.495486046305081,0.503838680737034,0.00174887326432671,0.0051124570319862,2.23729235183576e-05,0.0515672006809526,8.55979563570705e-05,2304.89326254748,477.602856811471,0.999566140429907,0.997906210179152,0.150734582979181,-0.0503868136362593,0.20112139661544,0.294495396819459,0.294250768217258,TRUE,"unstable_good_overlap_warning",28,"alpha_by_hidden_strength"
0.005,0.24,1800,890,0.495652057219128,0.503895044457211,0.00176492121555283,0.00517345442984823,2.56152869044216e-05,0.0578886564597674,9.57057362585802e-05,2259.92614003378,477.152722178997,0.999557507662624,0.997904234947181,0.197708288320624,0.0278836835149112,0.169824604805712,0.290498905801345,0.29025856311502,TRUE,"unstable_good_overlap_warning",29,"alpha_by_hidden_strength"
0.005,0.24,1800,883,0.496088024607022,0.504399819687836,0.00171740111969537,0.00510326130553486,2.41416212840458e-05,0.0576214887135859,9.26980973054735e-05,2386.81106109744,493.166959054578,0.999581030934413,0.997972289137299,0.181494150399513,-0.00624525303406398,0.187739403433577,0.298099352435249,0.29785937289212,TRUE,"unstable_good_overlap_warning",30,"alpha_by_hidden_strength"
0.005,0.24,1800,938,0.494933882888368,0.504308829018139,0.0016913380416923,0.00485841757852094,2.79572109547784e-05,0.0704431494518542,0.000118441572461827,2519.67728704405,481.17305217896,0.999603123778929,0.99792174562671,0.18028614140236,0.0148900656603319,0.165396075742028,0.32099665174094,0.320726572600273,TRUE,"unstable_good_overlap_warning",31,"alpha_by_hidden_strength"
0.005,0.24,1800,854,0.495011873189103,0.503672050542282,0.00165933361942694,0.00513816404028047,2.15166724668742e-05,0.0493819564436008,8.15002945276041e-05,2295.05545151679,479.357506674096,0.999564280680304,0.997913874329541,0.0909802075514263,-0.0929246105141373,0.183904818065564,0.269726173070598,0.269503405159449,TRUE,"unstable_good_overlap_warning",32,"alpha_by_hidden_strength"
0.005,0.24,1800,893,0.496029544817803,0.505171966830045,0.00164701407353729,0.00494393960542398,2.36824272492846e-05,0.0549009381692396,9.68902102259993e-05,2318.21415901945,455.33496918398,0.999568633468953,0.997803814625105,0.126850510253265,-0.0602211335753895,0.187071643828655,0.296506614362246,0.296244745581869,TRUE,"unstable_good_overlap_warning",33,"alpha_by_hidden_strength"
0.005,0.24,1800,903,0.495864297829288,0.503843541784913,0.00171065591075664,0.00502411419086091,2.55941267320804e-05,0.0666928693914218,0.000101396114376371,2605.78804229437,525.181059656901,0.999616238932803,0.99809589477455,0.17725154871722,-0.0155095585966114,0.192761107313832,0.323062831086682,0.322817059975583,TRUE,"unstable_good_overlap_warning",34,"alpha_by_hidden_strength"
0.005,0.24,1800,866,0.495435407602595,0.504173201434088,0.00167631214634578,0.00497125246486582,2.12375363745259e-05,0.0497915195193221,8.59354780129048e-05,2344.50543797756,464.590081784259,0.999573470812308,0.997847564898158,0.175415721481851,-0.00609594896335208,0.181511670445203,0.281239503964914,0.280996599044224,TRUE,"unstable_good_overlap_warning",35,"alpha_by_hidden_strength"
0.01,0.24,1800,904,0.491015318260443,0.507595563346926,0.00336792320191337,0.00992977273182872,0.00010029446130132,0.0568919709236147,0.000101718121860964,567.249379332034,281.625877126234,0.998237106929623,0.996449189931677,0.198828186052548,0.0258568254755793,0.172971360576969,0.293955679922278,0.293692313685371,TRUE,"unstable_good_overlap_warning",1,"alpha_by_hidden_strength"
0.01,0.24,1800,909,0.49154034221274,0.508464118287283,0.00333759808231576,0.0102614488688431,0.000109525169366159,0.0629771369356699,0.000104015141088881,575.001502395561,294.919197230114,0.998260874109313,0.996609240736473,0.246866800033681,0.0620714811534069,0.184795318880274,0.318886737931466,0.318622827953786,TRUE,"unstable_good_overlap_warning",2,"alpha_by_hidden_strength"
0.01,0.24,1800,879,0.491933893760747,0.50882662058724,0.003421306149757,0.0102193809390857,9.50822226274121e-05,0.0506229255375489,9.10437523172926e-05,532.412097011228,271.982057058872,0.998121755674573,0.99632328687115,0.190051497271045,0.00595317527176498,0.18409832199928,0.295396971835498,0.295130720866899,TRUE,"unstable_good_overlap_warning",3,"alpha_by_hidden_strength"
0.01,0.24,1800,913,0.492229311271121,0.508069072537115,0.00350668773088814,0.0102215677630062,0.000110795752572436,0.068039303553039,0.000106044485057045,614.096677655184,313.776189773869,0.998371591906639,0.9968130150324,0.103808276601107,-0.102898725713964,0.206707002315071,0.327912388666558,0.327656333562113,TRUE,"unstable_good_overlap_warning",4,"alpha_by_hidden_strength"
0.01,0.24,1800,909,0.493015610684321,0.508745703764659,0.00332944559943382,0.00973357073481148,9.871300677264e-05,0.0579797107044493,0.00010419095099397,587.356343404579,285.749530677663,0.9982974560312,0.996500431697548,0.112588712515974,-0.049410810463455,0.161999522979429,0.292826188416811,0.292562513093825,TRUE,"unstable_good_overlap_warning",5,"alpha_by_hidden_strength"
0.01,0.24,1800,889,0.491599527860484,0.507395482715238,0.00354129923311314,0.00984452224978736,9.22856141731026e-05,0.0590076060881969,9.52236264937265e-05,639.40199799196,314.691723343081,0.998436038668724,0.996822286937271,0.163005826344064,-0.0345843418299487,0.197590168174012,0.310196076470542,0.309945293311273,TRUE,"unstable_good_overlap_warning",6,"alpha_by_hidden_strength"
0.01,0.24,1800,893,0.491395211954479,0.508173065038689,0.00339250280363268,0.0102096370326445,0.000100961577484401,0.0525145585165848,9.68580056540989e-05,520.14399759848,265.46693549454,0.998077455464992,0.996233052533879,0.266624557061809,0.102437156241062,0.164187400820747,0.276888620101192,0.276632662844057,TRUE,"unstable_good_overlap_warning",7,"alpha_by_hidden_strength"
0.01,0.24,1800,906,0.492186370641379,0.508754476318498,0.00342487494700283,0.0100772289223445,0.000104466208108787,0.06134580310153,0.0001028711469938,587.231069377446,295.874340015464,0.998297092827428,0.996620186799748,0.247532831541722,0.0718196257222328,0.17571320581949,0.302646757298106,0.302392462520003,TRUE,"unstable_good_overlap_warning",8,"alpha_by_hidden_strength"
0.01,0.24,1800,915,0.49149835731551,0.508126234587833,0.00335019113114116,0.0100330565161936,0.000107618838225359,0.0619691534084763,0.000106910849926566,575.820687440522,288.86050197673,0.998263348257867,0.996538121365999,0.157677709071052,-0.0164990902394142,0.174176799310467,0.310916095025374,0.310647311860379,TRUE,"unstable_good_overlap_warning",9,"alpha_by_hidden_strength"
0.01,0.24,1800,918,0.490214674538082,0.508279481489292,0.00336296996607166,0.00970006113227173,0.000101961328503706,0.0612104177224845,0.000108364378079391,600.329738938812,291.026801796579,0.998334248771737,0.996563890357085,0.23451949744582,0.0632192245023433,0.171300272943477,0.308559258478096,0.308285551116101,TRUE,"unstable_good_overlap_warning",10,"alpha_by_hidden_strength"
0.01,0.24,1800,901,0.490109397985782,0.508631059868333,0.00346585730133431,0.0097117478850378,9.47683553440772e-05,0.0588868165165193,0.000100477436053807,621.376368754294,301.603512654038,0.998390669407006,0.996684388748658,0.154161469893221,-0.0364149538838823,0.190576423777103,0.306175807746121,0.305914063884439,TRUE,"unstable_good_overlap_warning",11,"alpha_by_hidden_strength"
0.01,0.24,1800,884,0.491141159084784,0.508708547458484,0.00330547044566842,0.00981225542377207,8.96225527196886e-05,0.055720305572809,9.30849822086369e-05,621.72192023011,304.969937855424,0.998391563868892,0.99672098828156,0.236738491473817,0.060360824325953,0.176377667147864,0.292082586259571,0.291838117885288,TRUE,"unstable_good_overlap_warning",12,"alpha_by_hidden_strength"
0.01,0.24,1800,885,0.491455844121341,0.508599016581702,0.00345103528553048,0.00996062684375583,9.27181685885909e-05,0.0590980495289414,9.34526248031034e-05,637.394487278661,317.439961726982,0.998431112882276,0.996849798007284,0.121036044449409,-0.0741521677242059,0.195188212173615,0.296573441912062,0.296338492386062,TRUE,"unstable_good_overlap_warning",13,"alpha_by_hidden_strength"
0.01,0.24,1800,935,0.492282208714141,0.509521818456253,0.00341276758266673,0.0100440819200148,0.000117930278862092,0.0648424402840458,0.000116897394970588,549.837080940616,276.127763077223,0.998181279446833,0.996378488027224,0.261036837294267,0.0906321269065111,0.170404710387756,0.311691395721596,0.311409799317288,TRUE,"unstable_good_overlap_warning",14,"alpha_by_hidden_strength"
0.01,0.24,1800,888,0.492356913860438,0.509582491352842,0.00340977785118174,0.00976440947182982,9.03192690948313e-05,0.0553579364180114,9.4730198594417e-05,612.913910539821,299.152097594647,0.998368449495429,0.996657218826007,0.195538204162806,0.0123266278630372,0.183211576299769,0.302253332885829,0.301994186576631,TRUE,"unstable_good_overlap_warning",15,"alpha_by_hidden_strength"
0.01,0.24,1800,907,0.49091432706728,0.507318885680679,0.00334922670172771,0.00987898981081346,0.000100792381467726,0.0662415003671308,0.000103276766377249,657.207413918895,324.603209581942,0.99847841034836,0.996919315735393,0.197663071974511,0.0157699962701121,0.181893075704399,0.313673308872595,0.313428317384497,TRUE,"unstable_good_overlap_warning",16,"alpha_by_hidden_strength"
0.01,0.24,1800,855,0.492011411753819,0.507626030322809,0.00344033720938652,0.00961901643137123,7.57541312053465e-05,0.0459124478566658,8.18738077056873e-05,606.071868637911,291.271002931651,0.998350030661797,0.99656677118582,0.240078717027604,0.0691946229664273,0.170884094061177,0.266217024842666,0.265979159264235,TRUE,"unstable_good_overlap_warning",17,"alpha_by_hidden_strength"
0.01,0.24,1800,880,0.49236480451493,0.508453652904544,0.0033482078892344,0.00999437092246308,9.1442314179058e-05,0.0533263561134919,9.15453483443235e-05,583.169363026735,291.420500038783,0.998285232278304,0.996568532413242,0.174183908906604,0.0027312303538114,0.171452678552793,0.280798204567598,0.280556663552954,TRUE,"unstable_good_overlap_warning",18,"alpha_by_hidden_strength"
0.01,0.24,1800,879,0.491698469636579,0.508806825966639,0.00367458744203841,0.0105172369900546,0.000100742827752517,0.0530207430243534,9.10774403201086e-05,526.297943061547,276.408450249267,0.998099935572268,0.996382165599141,0.163371246631602,-0.00860576851599593,0.171977015147598,0.277052570734578,0.276814058781736,TRUE,"unstable_good_overlap_warning",19,"alpha_by_hidden_strength"
0.01,0.24,1800,894,0.491885855828817,0.508737630321605,0.0033207338635543,0.0103647352605678,0.000104713778646345,0.0584825571359143,9.74736893370796e-05,558.499157340415,289.249169195337,0.998209487003057,0.996542773129541,0.190258460778844,0.015936440184003,0.174322020594841,0.298003889069304,0.297754996063317,TRUE,"unstable_good_overlap_warning",20,"alpha_by_hidden_strength"
0.01,0.24,1800,900,0.492079988352148,0.508994219161713,0.00332924445675198,0.00971736410014094,9.44582860721808e-05,0.0588479751024684,0.000100032957695442,623.004900358867,302.573904935174,0.998394876188897,0.996695022327804,0.180613720042237,-0.00359564721235417,0.184209367254592,0.304642376217023,0.304382925703136,TRUE,"unstable_good_overlap_warning",21,"alpha_by_hidden_strength"
0.01,0.24,1800,895,0.49228264142719,0.50956137128095,0.00342856462275287,0.0101165385362002,0.000100152931682066,0.0590162398260962,9.78587775187313e-05,589.261231148401,298.044191751557,0.99830295979586,0.996644792860672,0.122164870408941,-0.067637871930297,0.189802742339238,0.306550596204919,0.306295902322741,TRUE,"unstable_good_overlap_warning",22,"alpha_by_hidden_strength"
0.01,0.24,1800,919,0.488329290554705,0.508584977939561,0.0033427068188569,0.0102344025852719,0.000113996692671314,0.0661076885463188,0.000108834668400534,579.908828907225,296.671385160204,0.998275591006461,0.996629267094769,0.124675245621048,-0.0569541673428631,0.181629412963911,0.320207615328627,0.319943468341542,TRUE,"unstable_good_overlap_warning",23,"alpha_by_hidden_strength"
0.01,0.24,1800,912,0.49159094545013,0.508141990652187,0.00320766467976485,0.00930052144997007,9.12159974998334e-05,0.0635736935926894,0.000105452386886711,696.957719426414,323.253245766933,0.998565192733896,0.996906450242665,0.218126032948667,0.0541925376866768,0.16393349526199,0.295381356169438,0.295135921393963,TRUE,"unstable_good_overlap_warning",24,"alpha_by_hidden_strength"
0.01,0.24,1800,922,0.491070291185879,0.508032219655517,0.00335351021521946,0.0100559860564828,0.000111488351911888,0.0703662769532441,0.000110250399165916,631.153620504286,317.338654661015,0.9984155996773,0.996848792338052,0.169333711191815,-0.0220717588243429,0.191405470016158,0.33684262910791,0.336578222821686,TRUE,"unstable_good_overlap_warning",25,"alpha_by_hidden_strength"
0.01,0.24,1800,883,0.491675235752802,0.507421847326248,0.00332878096721156,0.0102187835698362,9.68579350814696e-05,0.054325653353154,9.27548877042944e-05,560.87973904729,286.50833079224,0.998217086604521,0.996509700094113,0.18801133731599,0.00500127433741682,0.183010062978574,0.287881826527458,0.287635519429279,TRUE,"unstable_good_overlap_warning",26,"alpha_by_hidden_strength"
0.01,0.24,1800,902,0.49142654029955,0.507557227854261,0.00333431220454439,0.00977613095461308,9.63576848643967e-05,0.0563805438294028,0.000100821309980102,585.117252544481,285.935851706041,0.998290940840231,0.996502712080232,0.263562957276961,0.097476630048666,0.166086327228295,0.288671842679567,0.288413179273691,TRUE,"unstable_good_overlap_warning",27,"alpha_by_hidden_strength"
0.01,0.24,1800,878,0.490070595874503,0.507878213170361,0.00322801480779383,0.00974280287819497,8.59524572852153e-05,0.0540318209544286,9.0550419301887e-05,628.624505465101,306.124307995425,0.998409225234928,0.996733353170977,0.188294663517813,0.0105085336275534,0.17778612989026,0.294744908750552,0.294497433967062,TRUE,"unstable_good_overlap_warning",28,"alpha_by_hidden_strength"
0.01,0.24,1800,889,0.492710280356083,0.509934709500092,0.00350320550278815,0.0103417779310594,0.00010180559781558,0.0616548158776269,9.51877897399982e-05,605.613219710315,312.979113881333,0.998348781090878,0.996804898615761,0.173631338905336,-0.0261606417247471,0.199791980630083,0.323257280487666,0.323007235436018,TRUE,"unstable_good_overlap_warning",29,"alpha_by_hidden_strength"
0.01,0.24,1800,924,0.492518239723591,0.510785567968039,0.00346726624806337,0.0103384187805199,0.000118904274247202,0.0616936585070522,0.00011124723509721,518.851478617087,268.05671917072,0.998072666184425,0.996269446245952,0.188397919179618,0.00398399951432404,0.184413919665294,0.319764262334864,0.319475272370999,TRUE,"unstable_good_overlap_warning",30,"alpha_by_hidden_strength"
0.01,0.24,1800,884,0.492151949168963,0.507952583594823,0.00325111618355323,0.00960377108645125,8.59155808500982e-05,0.0552602194759096,9.31511736395916e-05,643.192060498611,308.601223233157,0.998445254440447,0.99675957214452,0.0859807635769205,-0.0844373998701382,0.170418163447059,0.289940383212931,0.289695525604596,TRUE,"unstable_good_overlap_warning",31,"alpha_by_hidden_strength"
0.01,0.24,1800,935,0.492368757928183,0.508292368603785,0.00326642530385329,0.0100675376555656,0.000118457938591551,0.0645646483241793,0.000116873929343282,545.042815127836,274.355738093483,0.998165281749902,0.996355097192612,0.0740259018676811,-0.0938457649026778,0.167871666770359,0.30664574633245,0.306367567309064,TRUE,"unstable_good_overlap_warning",32,"alpha_by_hidden_strength"
0.01,0.24,1800,904,0.488336646135875,0.508356732248184,0.00329565447425095,0.00960249121537312,9.39562335662461e-05,0.0562090291827745,0.000101896146869451,598.246939551307,286.996916033039,0.998328449451409,0.996515642001237,0.17026110268033,-0.00068605630569496,0.170947158986025,0.28872527589419,0.288463016939244,TRUE,"unstable_good_overlap_warning",33,"alpha_by_hidden_strength"
0.01,0.24,1800,880,0.489494107693522,0.509416437539926,0.00336826301944643,0.0100504323777587,9.23897586946345e-05,0.0542674689882777,9.1464874137578e-05,587.3753731476,295.165088593675,0.998297511190091,0.996612065455422,0.101564240758996,-0.0660054753913863,0.167569716150382,0.287525385126253,0.287282565152791,TRUE,"unstable_good_overlap_warning",34,"alpha_by_hidden_strength"
0.01,0.24,1800,932,0.491768631725008,0.508891814707968,0.0033365260536149,0.0100058539489633,0.000115447523368746,0.0687556070184934,0.000115312477181388,595.55722818656,297.952881151757,0.998320900238177,0.996643764624345,0.179511662124542,-0.00425887737420139,0.183770539498743,0.334261660035342,0.333980769502546,TRUE,"unstable_good_overlap_warning",35,"alpha_by_hidden_strength"
0.02,0.24,1800,927,0.48089762154298,0.522068637118184,0.00695361778096348,0.0201836042801908,0.000460241502588939,0.071215133881965,0.000112976556464946,154.73427207535,124.237421967319,0.993537307626891,0.991950895437423,0.152371166489569,-0.0229762944595351,0.175347460949104,0.342889480401859,0.342615619842312,TRUE,"unstable_good_overlap_warning",1,"alpha_by_hidden_strength"
0.02,0.24,1800,905,0.480304507766598,0.519464069891022,0.00664852428729984,0.0201575701335009,0.000415332842690499,0.0572810627467496,0.000102216243311285,137.91604433612,110.677545948854,0.992749211994778,0.990964743648525,0.217054337462652,0.0352350360800437,0.181819301382609,0.291680105691366,0.291417840047048,TRUE,"unstable_good_overlap_warning",2,"alpha_by_hidden_strength"
0.02,0.24,1800,868,0.484661941773175,0.518466805059298,0.00678043261886763,0.0195127122386065,0.000330024673536694,0.0492313917083008,8.6678448753618e-05,149.174881928417,118.14500318047,0.993296458578866,0.991535824850142,0.175101099731919,0.0063031467415875,0.168797952990332,0.276913261420295,0.276667735998448,TRUE,"unstable_good_overlap_warning",3,"alpha_by_hidden_strength"
0.02,0.24,1800,940,0.483409778709311,0.519151001101329,0.00678951480257367,0.020663726647944,0.000510177973573104,0.0684707277119971,0.000119482529502051,134.209494056461,108.742294264286,0.992548962299349,0.990803946093232,0.12455945821673,-0.0581962285684798,0.18275568678521,0.328317487400468,0.328028750323355,TRUE,"unstable_good_overlap_warning",4,"alpha_by_hidden_strength"
0.02,0.24,1800,893,0.48236971616846,0.517555127911143,0.00674971957772258,0.0201801639978652,0.000394550990259222,0.0561315964475321,9.68843779377358e-05,142.267027160807,114.219692110226,0.992970964390296,0.99124494225536,0.152692525398823,-0.0327225130343858,0.185415038433209,0.31058985321952,0.310319795914428,TRUE,"unstable_good_overlap_warning",5,"alpha_by_hidden_strength"
0.02,0.24,1800,877,0.483531142023574,0.517390967686056,0.00674060008098304,0.0201252404927227,0.000365789510935139,0.0514390982646784,9.03127549115853e-05,140.624858632973,112.779747255114,0.992888881740248,0.991133159770806,0.146863210756004,-0.0331760302349888,0.180039240990993,0.284385739819516,0.284134189407187,TRUE,"unstable_good_overlap_warning",6,"alpha_by_hidden_strength"
0.02,0.24,1800,879,0.483551880615332,0.519281328200263,0.00660800701114672,0.019372826882633,0.000342276122782,0.0543933702376002,9.11991117772237e-05,158.916636648487,125.482071179706,0.993707392623644,0.99203073402759,0.297056927574484,0.107406939850954,0.18964998772353,0.29509391152378,0.294844853990623,TRUE,"unstable_good_overlap_warning",7,"alpha_by_hidden_strength"
0.02,0.24,1800,882,0.481626684993232,0.517317774840266,0.00646192337316953,0.0199456404995869,0.000366808732115063,0.0501402575047152,9.22027112234275e-05,136.693194885521,109.235310431553,0.992684346862787,0.990845451017173,0.221724761541802,0.0569288495051363,0.164795912036666,0.281814240926509,0.281553096858818,TRUE,"unstable_good_overlap_warning",8,"alpha_by_hidden_strength"
0.02,0.24,1800,890,0.485541776725925,0.514183402138337,0.00695026752407141,0.0204286878095916,0.000399304839293982,0.056133333515544,9.56805427848721e-05,140.577643924362,113.404022720416,0.992886493384837,0.991181970656673,0.193754612540811,0.0223758348088483,0.171378777731962,0.29816143050561,0.297905388527617,TRUE,"unstable_good_overlap_warning",9,"alpha_by_hidden_strength"
0.02,0.24,1800,916,0.483037985370409,0.517729764576397,0.00709464960476486,0.0206622009768777,0.000458503317119677,0.0602797509824701,0.000107396299894983,131.470697662883,106.52021872796,0.992393742348853,0.990612110903059,0.168092915842298,-0.0029164941631179,0.171009410005416,0.298874751884336,0.298606348407457,TRUE,"unstable_good_overlap_warning",10,"alpha_by_hidden_strength"
0.02,0.24,1800,921,0.483734371727894,0.514882614618605,0.00649392542276134,0.0195003523642307,0.000417127300994944,0.0711842205980798,0.000109694208140905,170.653468205723,135.120186559664,0.994140171831759,0.992599181325446,0.107716140168573,-0.0893150995697367,0.19703123973831,0.332105817646997,0.331848323582534,TRUE,"unstable_good_overlap_warning",11,"alpha_by_hidden_strength"
0.02,0.24,1800,866,0.480232091815138,0.516432060359693,0.00659595370842597,0.0202974331386855,0.000354514778239315,0.0562080074332841,8.60502437478755e-05,158.549123713373,127.581638641568,0.993692806515867,0.992161881516435,0.0561898125213648,-0.133012462836606,0.18920227535797,0.298098192711961,0.297868472881943,TRUE,"unstable_good_overlap_warning",12,"alpha_by_hidden_strength"
0.02,0.24,1800,921,0.483065146281159,0.518290324443303,0.00663623070441854,0.0195879824857848,0.000421153371982032,0.0692617677833615,0.000109764238346343,164.457350673465,130.456715761458,0.993919396147968,0.992334622298568,0.296677890061937,0.114510139645408,0.182167750416529,0.325425982885964,0.325166438534989,TRUE,"unstable_good_overlap_warning",13,"alpha_by_hidden_strength"
0.02,0.24,1800,914,0.481429417746179,0.51586729373611,0.00707484000967823,0.0204276262814601,0.000444540049571289,0.0643586573562246,0.00010653077481143,144.775836099113,116.788359152049,0.993092769988803,0.991437502784862,0.255473341552977,0.0630433475566803,0.192429993996297,0.321549397009404,0.321281309194033,TRUE,"unstable_good_overlap_warning",14,"alpha_by_hidden_strength"
0.02,0.24,1800,893,0.483090986797091,0.515486614814637,0.00657481432291296,0.0187473556598325,0.000340736211471232,0.0623561358859141,9.69478658469117e-05,183.00413571153,142.468367293582,0.994535642617518,0.992980898012684,0.143597470319049,-0.047287452023707,0.190884922342756,0.316196782406558,0.315949532584237,TRUE,"unstable_good_overlap_warning",15,"alpha_by_hidden_strength"
0.02,0.24,1800,909,0.483145026067177,0.516614667539214,0.00689401279408869,0.0203166129432103,0.000428896210714502,0.0580520796852294,0.000103908145930935,135.352279257772,108.955715097242,0.992611871735861,0.990821959186744,0.184946457366492,0.00678078946181548,0.178165667904676,0.301031134998499,0.300759597580235,TRUE,"unstable_good_overlap_warning",16,"alpha_by_hidden_strength"
0.02,0.24,1800,938,0.48309218400585,0.515927837330952,0.0066342990572868,0.0190774795635166,0.000431103519799404,0.072706093364305,0.000118451229979844,168.651124440218,132.2999999427,0.994070599865141,0.992441421009576,0.164641104368951,-0.00829365350844458,0.172934757877396,0.332557282952472,0.33228465771719,TRUE,"unstable_good_overlap_warning",17,"alpha_by_hidden_strength"
0.02,0.24,1800,888,0.480873745242444,0.519495262043832,0.0066783341997419,0.0199308485859147,0.000377739041792628,0.0588318443649988,9.50911926966284e-05,155.74732250551,124.42487826217,0.993579343876267,0.991963022074308,0.165031612240632,-0.0151329985676516,0.180164610808284,0.306302662766043,0.306053419872042,TRUE,"unstable_good_overlap_warning",18,"alpha_by_hidden_strength"
0.02,0.24,1800,913,0.483982644661905,0.516152696748162,0.00679541957798485,0.0200862985692682,0.000427371103637583,0.063722722283488,0.000105926671680916,149.103956119424,119.488070703897,0.993293269836522,0.991630963709523,0.137139979807036,-0.0599285430465746,0.197068522853611,0.331478426175898,0.33120094047998,TRUE,"unstable_good_overlap_warning",19,"alpha_by_hidden_strength"
0.02,0.24,1800,906,0.48127580473792,0.51687438646523,0.00697703373071679,0.0192625916794825,0.000381519920375404,0.0663131975552159,0.000102822410583251,173.813198246544,136.913900182878,0.994246696970724,0.992696139700467,0.18671684552221,-0.0108702062864579,0.197587051808668,0.330745148641642,0.330487144567057,TRUE,"unstable_good_overlap_warning",20,"alpha_by_hidden_strength"
0.02,0.24,1800,860,0.482236026242936,0.517929979364065,0.00687114062613436,0.0200940695830222,0.000337061617897822,0.0551381595707861,8.34782809996379e-05,163.584806584239,131.1127902854,0.99388696284893,0.992372979037184,0.125098762385658,-0.0634801672238876,0.188578929609545,0.285329525911729,0.285112122457025,TRUE,"unstable_good_overlap_warning",21,"alpha_by_hidden_strength"
0.02,0.24,1800,882,0.483859494135827,0.516158147702705,0.00669133277874123,0.0206704734139172,0.000394056028271678,0.0474422487201897,9.22267976399092e-05,120.394678209265,97.5610204437188,0.991693985025967,0.989750004710366,0.398604768175035,0.242630761117595,0.15597400705744,0.265646437645025,0.265385941576019,TRUE,"unstable_good_overlap_warning",22,"alpha_by_hidden_strength"
0.02,0.24,1800,884,0.482042857966968,0.515941661032026,0.00673354251991926,0.0208173197839944,0.000403040264440304,0.0596755162636775,9.30033961678941e-05,148.063410851886,120.302951136417,0.993246136947363,0.991687651960707,0.193993310245924,-0.0047168959584567,0.198710206204381,0.309708955470619,0.309465880653633,TRUE,"unstable_good_overlap_warning",23,"alpha_by_hidden_strength"
0.02,0.24,1800,895,0.483217496045797,0.517110349108435,0.00683816766415368,0.0201719089739362,0.00039731992212871,0.0607678217258212,9.76441754102025e-05,152.944310972999,122.772180907614,0.993461672463407,0.991854832319445,0.15812644028465,-0.0197643645344163,0.177890804819067,0.294190424350159,0.293952414018919,TRUE,"unstable_good_overlap_warning",24,"alpha_by_hidden_strength"
0.02,0.24,1800,932,0.483706842166875,0.519192082622733,0.00706086828295421,0.0205478549493478,0.000485965582024327,0.0731003389053263,0.000115099259430406,150.422872749179,121.618058258747,0.993352074842584,0.991777536869792,0.179646754517474,-0.0128741664055787,0.192520920923053,0.341804739513725,0.341533738933849,TRUE,"unstable_good_overlap_warning",25,"alpha_by_hidden_strength"
0.02,0.24,1800,881,0.482379177655406,0.518782082583882,0.00707639400691396,0.0210812784123617,0.000408668699248065,0.0548504957568892,9.19554529143461e-05,134.217511294142,109.564222021583,0.992549407373465,0.990872932956134,0.158134358528641,-0.0264941395291292,0.18462849805777,0.293533163234875,0.293285161066093,TRUE,"unstable_good_overlap_warning",26,"alpha_by_hidden_strength"
0.02,0.24,1800,890,0.483121474757864,0.515112729252736,0.00672098667038773,0.0196004755901496,0.000367705472899553,0.0617331008000052,9.5712106660479e-05,167.887359176917,133.212686619732,0.994043625411093,0.992493207476142,0.0721984946151614,-0.112055665285217,0.184254159900379,0.314115371932876,0.313870312188779,TRUE,"unstable_good_overlap_warning",27,"alpha_by_hidden_strength"
0.02,0.24,1800,867,0.483299230139702,0.519913638729806,0.00679298893959157,0.0202117803153493,0.000353163841285604,0.0539073837596114,8.64504172115188e-05,152.641288426854,122.624284171084,0.99344869261583,0.991845008460112,0.127729010586599,-0.0611298807814649,0.188858891368064,0.290406649398689,0.290172158857735,TRUE,"unstable_good_overlap_warning",28,"alpha_by_hidden_strength"
0.02,0.24,1800,901,0.483709699729656,0.516081117011754,0.00675931918822004,0.0195888737461647,0.000385318106871833,0.0636058986832303,0.000100415437224149,165.073734010604,130.948128776261,0.993942101049609,0.992363388393975,0.167683395498998,-0.0191082956129163,0.186791691111915,0.313112748552853,0.312863985823753,TRUE,"unstable_good_overlap_warning",29,"alpha_by_hidden_strength"
0.02,0.24,1800,877,0.482226893106261,0.515543206262847,0.00697309869716878,0.0208820155785742,0.000393479133259672,0.052441392289547,9.02353849133969e-05,133.276171102417,108.413930778038,0.992496783245434,0.990776093138368,0.242856112665641,0.0636510987934531,0.179205013872188,0.277755971037656,0.277515094045991,TRUE,"unstable_good_overlap_warning",30,"alpha_by_hidden_strength"
0.02,0.24,1800,881,0.481403514163449,0.517570827859901,0.00683814230975138,0.0196178639440191,0.000354771367925595,0.0561529619241336,9.218178766119e-05,158.279294782071,125.635004971411,0.993682054235983,0.992040434907233,0.161016952874124,-0.0202250130559836,0.181241965930107,0.303927757769653,0.3036766010155,TRUE,"unstable_good_overlap_warning",31,"alpha_by_hidden_strength"
0.02,0.24,1800,883,0.483510044094411,0.515865740212765,0.0065307918847477,0.0198225577633253,0.000363935730539625,0.0522037900821129,9.2620114122214e-05,143.442332536868,114.342616993063,0.993028557314188,0.991254354445459,0.100409636442649,-0.067950410110188,0.168360046552837,0.281384276527867,0.281132795351421,TRUE,"unstable_good_overlap_warning",32,"alpha_by_hidden_strength"
0.02,0.24,1800,914,0.483094324994149,0.519891362822956,0.00660105841451886,0.0198444673312919,0.000418106969880597,0.0616595423670364,0.000106171637442529,147.473127234988,117.608350800082,0.993219103583485,0.991497202424853,0.238986233337445,0.0599534004413831,0.179032832896061,0.312232715174053,0.311961945566192,TRUE,"unstable_good_overlap_warning",33,"alpha_by_hidden_strength"
0.02,0.24,1800,880,0.481967845149895,0.516459433159651,0.00682502590086109,0.0202853447820305,0.000376806337432633,0.0583590678267423,9.15700415451811e-05,154.878148346366,124.598657075972,0.993543311237402,0.991974231316231,0.218603211714631,0.0424398542565576,0.176163357458073,0.292635687316477,0.29240451963212,TRUE,"unstable_good_overlap_warning",34,"alpha_by_hidden_strength"
0.02,0.24,1800,921,0.480446194343185,0.514408643085581,0.00682062977845355,0.0201923131923391,0.00044796704584242,0.0675412728482188,0.000109868683182107,150.772860358968,121.077351869029,0.993367506608158,0.991740817051551,0.109773833353919,-0.0605957306317417,0.17036956398566,0.318650659891884,0.318389649704085,TRUE,"unstable_good_overlap_warning",35,"alpha_by_hidden_strength"
0.05,0.24,1800,888,0.461391112795606,0.541683038283333,0.0173185614086961,0.0509191300668957,0.00247590493801723,0.0580925793733466,9.54931051235436e-05,23.4631703670613,22.5918268578873,0.957380013682897,0.95573620467745,0.244465155642026,0.0522107848356741,0.192254370806352,0.305534483963176,0.305272071911881,FALSE,"stable",1,"alpha_by_hidden_strength"
0.05,0.24,1800,887,0.460074678996475,0.542396459399585,0.0167394750482286,0.048736193971376,0.00225207428931332,0.0584407544235968,9.48155333136234e-05,25.9497453973492,24.9013625864133,0.961463976440318,0.959841554994038,0.251154628356043,0.0549032263933138,0.196251401962729,0.309530010960911,0.309268742638065,FALSE,"stable",2,"alpha_by_hidden_strength"
0.05,0.24,1800,857,0.464321917082571,0.541043123077348,0.0170130321693745,0.0507393612150428,0.00212461682464459,0.0505504161023302,8.25259677023071e-05,23.7927213584908,22.9031018190622,0.957970339544907,0.95633779180217,0.218433577253834,0.0414816362720822,0.176951940981752,0.276694651896196,0.27645878350548,FALSE,"stable",3,"alpha_by_hidden_strength"
0.05,0.24,1800,935,0.451407281737884,0.547274139210945,0.0169515880369223,0.0514809767853253,0.003101317336482,0.0827936567546706,0.000117017994276287,26.6962866975065,25.7256153401402,0.962541606953397,0.961128237875823,0.100145851329897,-0.0827989704382017,0.182944821768098,0.33636206791717,0.336115024886588,FALSE,"stable",4,"alpha_by_hidden_strength"
0.05,0.24,1800,887,0.460761487240339,0.547460445213004,0.0174689361435361,0.050820689015925,0.00244371450072491,0.0516851238829764,9.46170423499055e-05,21.1502300565981,20.3618491146226,0.952719190414289,0.950888546793038,0.13744461943876,-0.0126373806704632,0.150082000109223,0.266303986385351,0.266048012689291,FALSE,"stable",5,"alpha_by_hidden_strength"
0.05,0.24,1800,898,0.457619574023138,0.550252393826998,0.0160192935744553,0.0479775667430408,0.00227098631286317,0.0596370969694102,9.86593114608153e-05,26.260438749286,25.1670951796531,0.961919905088136,0.96026557722051,0.223843005151846,0.0554700856558972,0.168372919495949,0.289342852661648,0.289093936964711,FALSE,"stable",6,"alpha_by_hidden_strength"
0.05,0.24,1800,914,0.455527765277026,0.538426068515296,0.0165990232152154,0.047826238386442,0.00242984198697193,0.0701770124157647,0.000106229609207156,28.881307011745,27.6715422866986,0.96537552820607,0.963861790223356,0.13532605018369,-0.0712915346302159,0.206617584813906,0.326783107857943,0.326526804454647,FALSE,"stable",7,"alpha_by_hidden_strength"
0.05,0.24,1800,895,0.457309853260314,0.538983533768231,0.0171561590286397,0.0496871604359321,0.00240988486955776,0.0534633566302034,9.7613062599112e-05,22.1850252290329,21.3213960995038,0.954924549795358,0.953098756041436,0.294221988688076,0.123335435582762,0.170886553105314,0.283057386289408,0.282786657217686,FALSE,"stable",8,"alpha_by_hidden_strength"
0.05,0.24,1800,905,0.453000777338663,0.538523611453406,0.0164929398436677,0.0484026635724343,0.00239585026440617,0.0679005391638792,0.000102263617024505,28.34089432576,27.1807220914174,0.964715298377473,0.963209218775105,0.218272333106041,0.045023628030717,0.173248705075324,0.315752306168337,0.315505739198897,FALSE,"stable",9,"alpha_by_hidden_strength"
0.05,0.24,1800,890,0.456888902687289,0.542966794634715,0.0175135000292181,0.0506800663631008,0.0024582096696438,0.0562624600994776,9.57071916580979e-05,22.8875757809668,22.0298714308175,0.956308173064288,0.954607088691353,0.0405275725673984,-0.116131073908075,0.156658646475473,0.284837846611388,0.284584398566318,FALSE,"stable",10,"alpha_by_hidden_strength"
0.05,0.24,1800,880,0.466297012122139,0.54249952537718,0.0163198027587557,0.0480796067905798,0.00212296037662918,0.0593679136498624,9.18375044808151e-05,27.964682856741,26.805115787861,0.964240610017898,0.962693688476703,0.189996014343714,0.0109238030704684,0.179072211273245,0.29779968331215,0.297560708904824,FALSE,"stable",11,"alpha_by_hidden_strength"
0.05,0.24,1800,898,0.456403997259929,0.540037397943368,0.0174132995661396,0.050927617653631,0.00258636958792816,0.0559415684615608,9.97203659100863e-05,21.6293791585964,20.8263942842361,0.953766587904926,0.951984007104056,0.28968581902182,0.109474735604387,0.180211083417433,0.298234300916428,0.297955472018736,FALSE,"stable",12,"alpha_by_hidden_strength"
0.05,0.24,1800,891,0.440819157332956,0.544722398150959,0.0165297289696149,0.0521201698461933,0.00260343933588979,0.0634629529472149,9.58375753707624e-05,24.3765821896998,23.5110939090639,0.958977021790096,0.957466887594946,0.237682669478428,0.0529428997796886,0.18473976969874,0.320274179886322,0.32002190713224,FALSE,"stable",13,"alpha_by_hidden_strength"
0.05,0.24,1800,908,0.460523958340332,0.542283026579436,0.0172310532437547,0.0518089982675745,0.00279666073761206,0.0639710221909851,0.000104190805339139,22.8740731153565,22.0524977730862,0.956282381587359,0.95465366280547,0.204358447237055,0.0268024380318639,0.177556009205191,0.299867831033075,0.299612358113503,FALSE,"stable",14,"alpha_by_hidden_strength"
0.05,0.24,1800,938,0.455455847677879,0.537632171847923,0.0159690312906373,0.0480975220786297,0.00272410930174007,0.0759637754014596,0.000117754936832924,27.885729604512,26.7302619070937,0.964139363962053,0.962589218037755,0.0117783134919824,-0.159864537903913,0.171642851395895,0.331716010123542,0.331449235893064,FALSE,"stable",15,"alpha_by_hidden_strength"
0.05,0.24,1800,927,0.455860740238544,0.546578397060277,0.0168936117707956,0.0502158198674422,0.00284512458528679,0.0689748322634226,0.000112828852941417,24.243167634949,23.3184307000917,0.958751264890055,0.957115467465996,0.102463205987078,-0.085442365189297,0.187905571176376,0.32628984717751,0.326011374558649,FALSE,"stable",16,"alpha_by_hidden_strength"
0.05,0.24,1800,916,0.460351202236439,0.541478951901212,0.0170078951585945,0.0497099053262344,0.00265754031006931,0.0612244455485776,0.000107545932280643,23.0380119980121,22.1419659939956,0.956593476898689,0.954836892068609,0.198486679017769,0.0341098033377454,0.164376875680024,0.300711242436688,0.300435018765875,FALSE,"stable",17,"alpha_by_hidden_strength"
0.05,0.24,1800,885,0.459711756231471,0.541807387852637,0.0164296701498779,0.0494583673307239,0.0022854668810108,0.0552131116395823,9.34319430485594e-05,24.1583512315711,23.2095249622119,0.958606446672853,0.956914240958049,0.151318574178773,-0.0184309576531838,0.169749531831957,0.2886084734992,0.288353624059174,FALSE,"stable",18,"alpha_by_hidden_strength"
0.05,0.24,1800,866,0.460117097510001,0.537514445747065,0.0166285824886876,0.0499779589080176,0.00214038304721931,0.0497408222654491,8.5690854036827e-05,23.2392152096654,22.3446410460053,0.956969287001392,0.955246539967185,0.226232936208269,0.0449676051612329,0.181265331047036,0.275075580028496,0.274827871396732,FALSE,"stable",19,"alpha_by_hidden_strength"
0.05,0.24,1800,911,0.456696251752707,0.543815861310326,0.016549304190769,0.0504349555429474,0.00265790551363681,0.0662245088564816,0.000104490366718555,24.9160508214856,23.9735764621696,0.959865228756971,0.958287408573435,0.215561128487759,0.044950572560557,0.170610555927202,0.308569435260201,0.30831571874343,FALSE,"stable",20,"alpha_by_hidden_strength"
0.05,0.24,1800,914,0.460250842810997,0.543027046821201,0.0168732434048597,0.0506678385040505,0.00273433274706847,0.0615474924660483,0.000106509073888784,22.5091450673056,21.665230359538,0.955573612546818,0.953843094054167,0.17795383659708,0.00908704434532148,0.168866792251759,0.301965952717595,0.301692402643874,FALSE,"stable",21,"alpha_by_hidden_strength"
0.05,0.24,1800,876,0.457276662491803,0.545398994887078,0.0170329395175063,0.0509980757697969,0.0023522700906695,0.0532882056429912,9.0443967821435e-05,22.6539485641398,21.8151631206117,0.955857584951748,0.954160324427959,0.197466570496396,0.0125044622550239,0.184962108241372,0.284461429030608,0.284208766042752,FALSE,"stable",22,"alpha_by_hidden_strength"
0.05,0.24,1800,897,0.458649681359154,0.554877494438967,0.0168685307313372,0.0493978755930374,0.00241619161737207,0.0635874592411719,9.90181548420131e-05,26.3172253326215,25.2811753292439,0.962002073267182,0.960444876989431,0.0635433532731984,-0.116934799270662,0.180478152543861,0.309154536304563,0.308904220176786,FALSE,"stable",23,"alpha_by_hidden_strength"
0.05,0.24,1800,922,0.454421072268669,0.540168222142975,0.0167466637850102,0.0503204529321722,0.00280055622147574,0.0712327062480358,0.000110600021797584,25.4351995156519,24.4688708868271,0.960684405114077,0.959131747246321,0.109474523002421,-0.0783715557471594,0.18784607874958,0.321531578397204,0.32127164370445,FALSE,"stable",24,"alpha_by_hidden_strength"
0.05,0.24,1800,918,0.455152051265944,0.54227715343032,0.0174896429588083,0.0509613502269457,0.00282265812597619,0.0643022438070955,0.000108686706392756,22.7807410381508,21.9360899124004,0.95610327169229,0.954413024199235,0.0886767186119695,-0.0852647554604737,0.173941474072443,0.303231804819074,0.302963652028665,FALSE,"stable",25,"alpha_by_hidden_strength"
0.05,0.24,1800,918,0.458407049557439,0.553209576422352,0.0156390213573769,0.049105351498841,0.00262174303631994,0.0676290645590775,0.000108725765721802,25.7954588310861,24.7682978499909,0.961233486616842,0.959625808521179,0.232234991012514,0.0560750987921299,0.176159892220384,0.316389711321108,0.316125017219122,FALSE,"stable",26,"alpha_by_hidden_strength"
0.05,0.24,1800,868,0.446909227561676,0.538681155521009,0.016848082181323,0.0484554239505377,0.0020270748613146,0.050215850250606,8.63346221072837e-05,24.7725682010776,23.7605871670927,0.959632768315217,0.957913497971761,0.0689379621174917,-0.110266687652168,0.179204649769659,0.269072300176451,0.26883115823745,FALSE,"stable",27,"alpha_by_hidden_strength"
0.05,0.24,1800,859,0.456592769988967,0.557758660719462,0.0166121984111122,0.049483070662929,0.00205055147691701,0.0493632049017458,8.3744711842986e-05,24.0731361574805,23.1285634869757,0.958459920076128,0.956763419372624,0.143489900549936,-0.0199045173123138,0.16339441786225,0.265899061992677,0.265663633401919,FALSE,"stable",28,"alpha_by_hidden_strength"
0.05,0.24,1800,899,0.459667860636333,0.549323325719754,0.0165857106978077,0.0501422860369133,0.00251567292134994,0.0631848523685126,0.000100056640071363,25.1164814918017,24.1557282145712,0.960185506065951,0.958601951838621,0.163957526813044,-0.0162104598997597,0.180167986712804,0.313618499729912,0.313359780539537,FALSE,"stable",29,"alpha_by_hidden_strength"
0.05,0.24,1800,907,0.459546120645504,0.542702525526878,0.0159258986415811,0.0494686163135283,0.00253283508328695,0.0642836372530938,0.000103501677192382,25.3801116690435,24.3836971879898,0.960599070128611,0.9589889920183,0.104748462002336,-0.0579573255948473,0.162705787597184,0.307036213854809,0.306778791364798,FALSE,"stable",30,"alpha_by_hidden_strength"
0.05,0.24,1800,874,0.457924351359465,0.543676217288195,0.0169652354738675,0.0501949755087408,0.00224809819110356,0.0560237858529534,8.92266900754391e-05,24.9205244124377,23.9691907205872,0.959872433523072,0.95827977624872,0.266165033601471,0.0852450802305282,0.180919953370943,0.29079561017891,0.290554260390512,FALSE,"stable",31,"alpha_by_hidden_strength"
0.05,0.24,1800,889,0.457455453818692,0.539617956112632,0.0171604110504462,0.0513627677061812,0.00251228959309314,0.0602762191069367,9.52297981145372e-05,23.992544200577,23.1163071347361,0.958320385214672,0.956740495176354,0.19132686212481,0.0130497339755919,0.178277128149218,0.302320650100827,0.302071343913533,FALSE,"stable",32,"alpha_by_hidden_strength"
0.05,0.24,1800,881,0.46001867637762,0.541508148745824,0.0163997281499311,0.0493704582668607,0.00223759252005125,0.0539809936091973,9.18008462489569e-05,24.1245861905013,23.1738419067174,0.958548511791935,0.956847897555125,0.204023333899666,0.0354444962346903,0.168578837664976,0.288894743693314,0.288638357808019,FALSE,"stable",33,"alpha_by_hidden_strength"
0.05,0.24,1800,916,0.465042358999298,0.547953893922114,0.0169797955852775,0.0505251044736207,0.00275407514573242,0.0644726996500345,0.000107885069461591,23.4099275576914,22.527461880061,0.95728308011481,0.955609735116893,0.113935643856458,-0.0534496300254792,0.167385273881937,0.306306928881526,0.306039097263437,FALSE,"stable",34,"alpha_by_hidden_strength"
0.05,0.24,1800,907,0.465784995681564,0.54752952120013,0.0160940805782018,0.0497447445208939,0.00256341574670753,0.0673488148711898,0.000103591623225225,26.2730752737604,25.2525792131155,0.961938220418425,0.960400084618658,0.100139921728016,-0.0901253984304804,0.190265320158497,0.321436815357557,0.32117972438119,FALSE,"stable",35,"alpha_by_hidden_strength"
0.1,0.24,1800,884,0.413480256963841,0.59126786229751,0.0338454135803151,0.100127112095492,0.00948564629504187,0.0660098144346392,9.46157738894119e-05,6.95891585891648,6.8901888027373,0.856299455220644,0.854866096034593,0.172987226877433,-0.000881801412367711,0.1738690282898,0.291532717066051,0.291288616646185,FALSE,"stable",1,"alpha_by_hidden_strength"
0.1,0.24,1800,882,0.4157221906894,0.587825643678911,0.0333908599963937,0.101985056878209,0.00949439525520804,0.0674175078658601,9.12839076041305e-05,7.10076903833121,7.03314879632187,0.859170183595351,0.857816174666606,0.262885027054186,0.0807633935100192,0.182121633544167,0.299590366955641,0.29935420421056,FALSE,"stable",2,"alpha_by_hidden_strength"
0.1,0.24,1800,880,0.417621711730787,0.587818953695748,0.0329623841642786,0.0994106378471056,0.00907848512383344,0.0650455115894422,9.18644894110663e-05,7.16479794835819,7.09302418475939,0.860428722874293,0.85901641190669,0.254394799196345,0.0557250883557867,0.198669710840558,0.30890243547949,0.308648814548838,FALSE,"stable",3,"alpha_by_hidden_strength"
0.1,0.24,1800,931,0.418826329002008,0.584174196871488,0.0325163134104816,0.10025338332874,0.0114948201095035,0.0753456489491169,0.000114367888491868,6.55474798486181,6.49017390037335,0.847438833299236,0.845920923637736,0.256722829640958,0.0620826329264843,0.194640196714474,0.326207157644837,0.32591487995956,FALSE,"stable",4,"alpha_by_hidden_strength"
0.1,0.24,1800,894,0.427115973514322,0.582718654674468,0.0336411066809491,0.0997854066400081,0.00980472421684261,0.0685190507670923,9.84694063289667e-05,6.98837103948216,6.91888428867743,0.856905136497432,0.855468026595491,0.105842768043372,-0.0664898609735485,0.172332629016921,0.298548505812911,0.298298053904872,FALSE,"stable",5,"alpha_by_hidden_strength"
0.1,0.24,1800,893,0.413944117711032,0.574297007171719,0.0327425487947395,0.0989223476171491,0.00951940374613518,0.0684737909371584,9.72794077784688e-05,7.19307561305595,7.12031267342857,0.86097741024925,0.859556729336932,0.0301079758626003,-0.149259587992351,0.179367563854951,0.303962646015763,0.303711761258927,FALSE,"stable",6,"alpha_by_hidden_strength"
0.1,0.24,1800,896,0.423510564238777,0.584735474047169,0.033014992793661,0.101917570456397,0.0100735702236506,0.0609287171231557,9.69806953677887e-05,6.04837369179283,5.99069977706148,0.834666300239199,0.833074592749745,0.257602787851533,0.0886009121241982,0.169001875727335,0.279865439570171,0.279598460722705,FALSE,"stable",7,"alpha_by_hidden_strength"
0.1,0.24,1800,861,0.408415074370674,0.581635478854027,0.034644678414211,0.102385451588815,0.0087741697094138,0.055242000427761,8.37007847725626e-05,6.29598038985864,6.23648770480644,0.841168501475836,0.839653335766331,0.156600726685265,-0.00748705156751628,0.164087778252782,0.263597036574999,0.263359525775763,FALSE,"stable",8,"alpha_by_hidden_strength"
0.1,0.24,1800,909,0.401072835552839,0.59487969314386,0.0326781102972615,0.103389413910074,0.0111059419164736,0.0760979803050047,0.000103897058221333,6.85200596917648,6.78849896745064,0.854057336713006,0.852692030330301,0.0938718200090529,-0.0833146264384508,0.177186446447504,0.308979711516641,0.308732643384663,FALSE,"stable",9,"alpha_by_hidden_strength"
0.1,0.24,1800,903,0.403242719156754,0.586427118963333,0.0353950263898045,0.100167218246861,0.00995771078890319,0.0730947371382491,9.92449191531501e-05,7.34051617764451,7.2680778617425,0.863769798226793,0.862412040841806,0.170594475967689,-0.00716196862974283,0.177756444597432,0.308112333417626,0.30787007771253,FALSE,"stable",10,"alpha_by_hidden_strength"
0.1,0.24,1800,893,0.414894078404739,0.574593748821088,0.0329605797078384,0.0977605617579061,0.0091901315483857,0.072996127027231,9.61599770503931e-05,7.94288162720078,7.86063272160767,0.874101107515508,0.87278377766574,0.159867189012829,-0.0348012126233272,0.194668401636156,0.322563296691646,0.322320142625738,FALSE,"stable",11,"alpha_by_hidden_strength"
0.1,0.24,1800,902,0.417241137645615,0.589086015816102,0.0347872194607374,0.0998296219606268,0.00993898981997901,0.06885476799227,9.97294428371864e-05,6.92774308449945,6.85891956828704,0.855652845695525,0.854204442836214,0.107664849564089,-0.0528708636946851,0.160535713258774,0.289397192024412,0.289152150324834,FALSE,"stable",12,"alpha_by_hidden_strength"
0.1,0.24,1800,880,0.407885585601708,0.573985346888484,0.0331680529637166,0.0935429125330551,0.00809861415770528,0.0628462771314335,9.25526658664307e-05,7.76012733877926,7.67244502340996,0.871136135227736,0.869663451878922,0.0791919993587331,-0.107160012691901,0.186352012050635,0.286241520195511,0.285999467655017,FALSE,"stable",13,"alpha_by_hidden_strength"
0.1,0.24,1800,873,0.424619034478627,0.576266511712327,0.0330656078954134,0.0966325858470853,0.00829969972613588,0.0602058645321001,8.88822782299084e-05,7.25398104976146,7.17712057899252,0.862144663304175,0.860668357317696,0.122875407369874,-0.0625088114267123,0.185384218796586,0.292812167043162,0.292561359036379,FALSE,"stable",14,"alpha_by_hidden_strength"
0.1,0.24,1800,886,0.413237235140248,0.612760952681319,0.0325711689923668,0.10049430087069,0.00951680837819977,0.0636977718058065,9.42341805765332e-05,6.693186336684,6.62756110133349,0.850594328366565,0.849114933123921,0.136545958771622,-0.0457700747266714,0.182316033498294,0.290643805854004,0.29039094490056,FALSE,"stable",15,"alpha_by_hidden_strength"
0.1,0.24,1800,944,0.426625670877493,0.581767946138998,0.0335494068438374,0.0993939975451249,0.0121017698810851,0.0860434275825316,0.000122497880537695,7.10998708684885,7.03873878259265,0.859352768467094,0.857929093423231,0.0788043261500491,-0.108285934907525,0.187090261057574,0.3400956240927,0.339813792013879,FALSE,"stable",16,"alpha_by_hidden_strength"
0.1,0.24,1800,874,0.393946207815302,0.578565477908736,0.032641078065842,0.0965076371584129,0.00825284784131388,0.0648716454229296,8.86095380840116e-05,7.86051635390407,7.77701575064719,0.872781894346758,0.871415973419267,0.254839697085543,0.0634923256191864,0.191347371466357,0.298712664698813,0.298478827558791,FALSE,"stable",17,"alpha_by_hidden_strength"
0.1,0.24,1800,907,0.408779276221398,0.574151188533681,0.0333330086332012,0.0995950432046029,0.0101983858075621,0.0683721618726424,0.000102814883730976,6.70421409454275,6.63730024505134,0.850840085668803,0.849336332080866,0.200678187152084,0.0316060614295386,0.169072125722545,0.291943391771245,0.291685290938847,FALSE,"stable",18,"alpha_by_hidden_strength"
0.1,0.24,1800,913,0.418565335768512,0.57879094223821,0.033144808249537,0.0948330733337437,0.00948876516235344,0.073353962522337,0.000105509131403013,7.73061207304065,7.64559780931766,0.870644136511862,0.869205780248955,0.184139023607598,0.00347453877792891,0.180664484829669,0.321861807807425,0.321595830416767,FALSE,"stable",19,"alpha_by_hidden_strength"
0.1,0.24,1800,902,0.425922278744947,0.595879601558642,0.0334517388813231,0.098077102835205,0.00986483454606206,0.0639088821451303,0.000102554459181666,6.47845453937614,6.41179772471092,0.845642198471567,0.844037500411776,0.174094945315446,0.0178698001188224,0.156225145196623,0.278625681232419,0.278361194430325,FALSE,"stable",20,"alpha_by_hidden_strength"
0.1,0.24,1800,909,0.403049261855452,0.59176248103579,0.0333043305250861,0.107008956465594,0.0118972558613878,0.0712095823736387,0.00010389784596934,5.98537874643405,5.93356139834993,0.832926195256102,0.831467152210123,0.323306616626799,0.138585182937425,0.184721433689374,0.30357799173398,0.3033119852722,FALSE,"stable",21,"alpha_by_hidden_strength"
0.1,0.24,1800,903,0.417877283414109,0.582698147453564,0.034949237389774,0.103619348899792,0.0108779396339472,0.0724363346083021,0.000101312941868478,6.65901237236576,6.5975651901715,0.849827580415693,0.848428932314346,0.230148361716726,0.0515567821684733,0.178591579548253,0.307986722264645,0.307733175287128,FALSE,"stable",22,"alpha_by_hidden_strength"
0.1,0.24,1800,898,0.41907545840752,0.606916628899366,0.0328419065370654,0.0987735768796464,0.00957542676520319,0.0668482884956684,9.81468977344251e-05,6.98123333140545,6.91040259007737,0.856758834359332,0.85529063076066,0.129844665507211,-0.050967647868869,0.18081231337608,0.300746676021343,0.300488874953128,FALSE,"stable",23,"alpha_by_hidden_strength"
0.1,0.24,1800,891,0.422522601491481,0.580595290502609,0.0338129380984587,0.0999906636890892,0.009646520611131,0.0661675979056006,9.64832212173168e-05,6.85921904621762,6.79129342902583,0.854210808364338,0.852752644183209,0.242241907341704,0.0685296019311108,0.173712305410593,0.291475659144768,0.29122677391823,FALSE,"stable",24,"alpha_by_hidden_strength"
0.1,0.24,1800,837,0.421132890738368,0.575531167867651,0.0321712260108112,0.0977454059801187,0.00722992494391291,0.0577329920935463,7.56730222405956e-05,7.98528235651374,7.90256901091746,0.874769612976267,0.873458871587392,0.129312519740327,-0.0631651973747249,0.192477717115052,0.281225847987261,0.28101507675208,FALSE,"stable",25,"alpha_by_hidden_strength"
0.1,0.24,1800,910,0.41498953357032,0.585155344598484,0.0336537839463004,0.0973422263661947,0.0100347127650251,0.0706015719211918,0.000105901569288735,7.03573421326678,6.96225786659593,0.857868422869873,0.856368434039498,0.128487315261379,-0.0486617846843003,0.177149099945679,0.322827923864802,0.322545566963811,FALSE,"stable",26,"alpha_by_hidden_strength"
0.1,0.24,1800,887,0.400955263652848,0.576049255085531,0.0328575975799252,0.10193751948091,0.00995132707903172,0.0663492966661274,9.57663373957448e-05,6.6673817611654,6.60382997510934,0.850016087900566,0.848572721622282,0.197031601728915,0.0251198969367981,0.171911704792117,0.296065455256675,0.295813982101395,FALSE,"stable",27,"alpha_by_hidden_strength"
0.1,0.24,1800,857,0.412396904740257,0.579301675854908,0.0343607763317602,0.102915128953706,0.00872544399183152,0.0614648513826792,8.23813851842334e-05,7.04432364017471,6.97843664601631,0.858041729613775,0.856701428883666,0.157924391476868,-0.0253642521960902,0.183288643672958,0.282483284769136,0.282262572589354,FALSE,"stable",28,"alpha_by_hidden_strength"
0.1,0.24,1800,890,0.416927939649543,0.58393674825834,0.0335595952683129,0.10334003676267,0.010271063047035,0.0681326239674091,9.61785381166649e-05,6.63345397213556,6.57191437160981,0.849248972827641,0.847837335751067,0.132702877192037,-0.05635601591512,0.189058893107157,0.304212873856643,0.303959934619089,FALSE,"stable",29,"alpha_by_hidden_strength"
0.1,0.24,1800,929,0.405177648454065,0.580660870865284,0.0332178126353644,0.103567008227455,0.0122265758437602,0.0758906322879647,0.000113988748252982,6.20702257588297,6.14968883490804,0.838892160005114,0.837390146583741,0.176867318411334,0.0139772716881315,0.162890046723203,0.299057292052211,0.298789445162718,FALSE,"stable",30,"alpha_by_hidden_strength"
0.1,0.24,1800,910,0.405917334299311,0.586735043672052,0.0335377764500882,0.100760936427729,0.0106532328248069,0.0717737416545835,0.000104929361119358,6.7372733549437,6.67156159334324,0.85157200141416,0.850110055043518,0.0990343107249798,-0.0614720768245085,0.160506387549488,0.297643549330306,0.29738794802829,FALSE,"stable",31,"alpha_by_hidden_strength"
0.1,0.24,1800,898,0.41072099890003,0.596637689598582,0.0335766207919441,0.099944249717931,0.00974843287020332,0.0667527844753022,9.75931152432321e-05,6.84754004711221,6.77966771304177,0.853962153836292,0.852500145681721,0.18600707079793,0.0193648792496703,0.16664219154826,0.286747655394837,0.286502090064593,FALSE,"stable",32,"alpha_by_hidden_strength"
0.1,0.24,1800,885,0.42749385733488,0.580999671295099,0.0342699162874135,0.103062438229308,0.00996742615056299,0.06448293107577,9.38387472361204e-05,6.4693663240362,6.40902826143416,0.845425355450253,0.843970106042842,0.201347042601374,0.036671691642121,0.164675350959253,0.281023654588599,0.280781684293075,FALSE,"stable",33,"alpha_by_hidden_strength"
0.1,0.24,1800,920,0.399452790799401,0.575777698798367,0.0337185399141755,0.100175943999945,0.0110006352127555,0.0733748312218541,0.000109620272200527,6.67005402895048,6.60424337867013,0.850076176945549,0.848582200463762,0.168941531398044,0.00261775920515106,0.166323772192893,0.305510729579478,0.305242149791291,FALSE,"stable",34,"alpha_by_hidden_strength"
0.1,0.24,1800,879,0.407455225077766,0.588329059367064,0.0325077921839996,0.0953908534269549,0.00824042304866677,0.0600565441259182,9.05599219659513e-05,7.28804137496737,7.20881849568311,0.862788923861663,0.861281012887364,0.132023611208026,-0.0553964640986218,0.187420075306648,0.288768420471015,0.288515967362349,FALSE,"stable",35,"alpha_by_hidden_strength"
0.2,0.24,1800,876,0.293212250562203,0.654114708478258,0.0670319405364259,0.196509086681272,0.0342736065769904,0.0849264008728857,8.87553483463667e-05,2.47789507305312,2.47149485991142,0.596431660535224,0.595386575056101,0.1268086810395,-0.044754976687307,0.171563657726807,0.28169908608144,0.281452177071647,FALSE,"stable",1,"alpha_by_hidden_strength"
0.2,0.24,1800,927,0.3318360715716,0.642684115848601,0.0664193177784173,0.191534693746239,0.0405358896677861,0.118530744556421,0.000110495554580587,2.9240938222362,2.91614479142408,0.658013709274468,0.657081499196871,0.241049909953935,0.0570884148131046,0.183961495140831,0.349581881359977,0.349334166722639,FALSE,"stable",2,"alpha_by_hidden_strength"
0.2,0.24,1800,918,0.319030937514991,0.683778955796023,0.0668508460548876,0.197354478726518,0.0423502196823235,0.111761023609757,0.000108733081014918,2.63897152005576,2.63221338106713,0.621064497134524,0.620091590145102,0.0923409764822545,-0.0923253444834868,0.184666320965741,0.339993094099901,0.339726687547665,FALSE,"stable",3,"alpha_by_hidden_strength"
0.2,0.24,1800,909,0.341811133009545,0.66812027048957,0.0701754314075684,0.206343189488922,0.044476044488748,0.104754961413433,0.000104459003257503,2.35531200262053,2.34979314291993,0.575427799422158,0.574430624664533,0.295914087411567,0.120891621651512,0.175022465760055,0.306831692239994,0.306565718396402,FALSE,"stable",4,"alpha_by_hidden_strength"
0.2,0.24,1800,921,0.323736265458852,0.659452042727553,0.0645916625789034,0.201001074872062,0.0447620047079161,0.110145893258608,0.000110793113960486,2.46070063164817,2.45462504245521,0.593611678260024,0.592605802228856,0.156638192249641,-0.0228356060094712,0.179473798259113,0.320689372164633,0.32041755261401,FALSE,"stable",5,"alpha_by_hidden_strength"
0.2,0.24,1800,912,0.337113303639971,0.642170581459888,0.0667858293367946,0.199478229744728,0.0425982767396875,0.101247374177832,0.000107053536743553,2.37679507076171,2.37083693118539,0.579265367762849,0.578208021460163,0.203071142694719,0.0405648544483712,0.162506288246348,0.286571726947492,0.286310064529979,FALSE,"stable",6,"alpha_by_hidden_strength"
0.2,0.24,1800,944,0.358064585364866,0.674658058982634,0.0681953774828478,0.204457606955044,0.0503633473369635,0.130064047101752,0.000120478080765864,2.58251395070186,2.57635086140035,0.61278040735144,0.611854109243311,0.0760261795405553,-0.127634516878554,0.203660696419109,0.36165436639,0.361380918963991,FALSE,"stable",7,"alpha_by_hidden_strength"
0.2,0.24,1800,909,0.332634417844126,0.677050141262642,0.0677269787598146,0.201194950822047,0.0421324422703539,0.0983230794775205,0.000104083641797377,2.33366674655613,2.32791588214488,0.571489801842643,0.570431213743588,0.16744883955949,0.00382130576194184,0.163627533797548,0.286930668924343,0.286664800506223,FALSE,"stable",8,"alpha_by_hidden_strength"
0.2,0.24,1800,913,0.332440537811723,0.690482408542839,0.0696577177095228,0.208648705379199,0.0461047631158099,0.104823438639914,0.000105904498078673,2.27359239167131,2.26838182723872,0.560167423297497,0.559157110151384,0.20938719531557,0.0439803191070309,0.16540687620854,0.291699702007677,0.291436529753646,FALSE,"stable",9,"alpha_by_hidden_strength"
0.2,0.24,1800,883,0.362142606650485,0.653269611468152,0.0633489998590782,0.188614597376226,0.0333653615773839,0.0946185330222845,9.37875592559247e-05,2.83583118986548,2.82788222246427,0.647369701139567,0.64637848349689,0.102245683761836,-0.0916220046197516,0.193867688381587,0.328216237070571,0.327964867294516,FALSE,"stable",10,"alpha_by_hidden_strength"
0.2,0.24,1800,883,0.346582287895425,0.642811120849189,0.0645655178476769,0.194056132220099,0.0352390084778786,0.0840064635447326,9.35769612100377e-05,2.38390542677919,2.37759174712971,0.580520272001283,0.579406346271506,0.238621220845666,0.0643005127933545,0.174320708052312,0.2821048735561,0.281834086485369,FALSE,"stable",11,"alpha_by_hidden_strength"
0.2,0.24,1800,909,0.353335072281617,0.683950648995205,0.0658622773684585,0.201071979471336,0.0425583758276749,0.11030554671923,0.00010526450162991,2.59186457598553,2.58546963802953,0.614177372820585,0.613223073560387,0.116553242863497,-0.0432569037883124,0.159810146651809,0.314805213383694,0.314560548582742,FALSE,"stable",12,"alpha_by_hidden_strength"
0.2,0.24,1800,916,0.315005305256301,0.675415440069922,0.0668401817617401,0.204583962578835,0.045438009769752,0.11053868387205,0.000108561573204388,2.432736038224,2.42693754135116,0.588940195611998,0.587958081754644,0.121425684283475,-0.0484184285790583,0.169844112862533,0.3115579243649,0.311298039720779,FALSE,"stable",13,"alpha_by_hidden_strength"
0.2,0.24,1800,894,0.336871000925507,0.661032681167669,0.0678519224978249,0.199549373713867,0.039090781265581,0.0924485572404913,9.81688293497908e-05,2.36497082553557,2.35904654287868,0.577161802926875,0.576099927736174,0.221422294956223,0.058044504819398,0.163377790136825,0.278073991760482,0.277818070619961,FALSE,"stable",14,"alpha_by_hidden_strength"
0.2,0.24,1800,888,0.350072141317767,0.682335161666692,0.0663653037587656,0.192079160456465,0.0346030450223711,0.0890031017904726,9.37894135201674e-05,2.57211761950232,2.56516489868613,0.611215291082415,0.610161514173145,0.209795006055502,0.026750859662513,0.183044146392989,0.292173792045505,0.291921819607409,FALSE,"stable",15,"alpha_by_hidden_strength"
0.2,0.24,1800,911,0.317821059574124,0.673666264331701,0.0665167534949616,0.199360847450175,0.0417174180980821,0.0962976296574993,0.00010496334918778,2.30833148473123,2.30253817035532,0.566786656676203,0.565696667757876,0.216919953731338,0.0651039632469488,0.15181599048439,0.283423334050579,0.28315067681892,FALSE,"stable",16,"alpha_by_hidden_strength"
0.2,0.24,1800,905,0.351695163883952,0.659073797703303,0.0661957450723239,0.198391456701316,0.0403032456786363,0.113533672576008,0.000102398616597753,2.81698584479487,2.80984685571268,0.645010640771317,0.644108717894391,0.15326345909946,-0.0293286154263732,0.182592074525833,0.335787893492432,0.335553044089291,FALSE,"stable",17,"alpha_by_hidden_strength"
0.2,0.24,1800,924,0.30599984470917,0.658825770204615,0.069086390028133,0.210113940685261,0.0492141163874785,0.115687378002324,0.000111475635265384,2.35069501383465,2.34538245276369,0.574593899202298,0.573630305444791,0.151172727374707,-0.0228601234691488,0.174032850843856,0.330182673173796,0.329905698892928,FALSE,"stable",18,"alpha_by_hidden_strength"
0.2,0.24,1800,878,0.336425886733354,0.65012356152413,0.0658002322519547,0.208182979993981,0.0385241373044296,0.0880284398555579,8.88878660925422e-05,2.28502040577652,2.27976024843452,0.56236714671256,0.561357383660547,0.159421341832515,-0.0118726002343519,0.171293942066867,0.282350716210974,0.282097113720727,FALSE,"stable",19,"alpha_by_hidden_strength"
0.2,0.24,1800,865,0.289569094093265,0.668403293800461,0.0668798183680054,0.200698451000384,0.034799082988395,0.0842729805107309,8.63932393876637e-05,2.4217011850236,2.41570388663968,0.587067138512279,0.586041979097434,0.192487372111753,0.0395661131842004,0.152921258927553,0.263129662515051,0.262899818517665,FALSE,"stable",20,"alpha_by_hidden_strength"
0.2,0.24,1800,891,0.327111497841771,0.668440898195549,0.0651299103264086,0.195901514140201,0.0356532341739545,0.0900528504206291,9.29016326319406e-05,2.52579751899239,2.51923315314089,0.604085445297719,0.603053810738702,0.212790457302821,0.0486337351969053,0.164156722105916,0.295440144941416,0.295187766322716,FALSE,"stable",21,"alpha_by_hidden_strength"
0.2,0.24,1800,926,0.341289234010318,0.658763963784945,0.065120521770071,0.202509573386599,0.0460412359639676,0.125600498150226,0.000112267966427705,2.72800013988596,2.72136430507304,0.633431103840851,0.632537254150117,0.259486339094898,0.0837896230380015,0.175696716056896,0.354059050090266,0.353809151327875,FALSE,"stable",22,"alpha_by_hidden_strength"
0.2,0.24,1800,924,0.304372876957478,0.66407065236111,0.0651527085681107,0.196481438555244,0.0426879803657112,0.10514313459241,0.000110576426252234,2.46306181954828,2.45669813361915,0.594001258083162,0.592949582891235,0.207767483744653,0.0255225662525806,0.182244917492072,0.323509532019801,0.323223019432176,FALSE,"stable",23,"alpha_by_hidden_strength"
0.2,0.24,1800,905,0.342553990407582,0.663190006066661,0.0623436666441097,0.199445463026782,0.0402540369962696,0.0949435053590291,0.000101195480878639,2.35860828984252,2.35269380278734,0.576021162858387,0.574955313430394,0.289644565553172,0.120492410259418,0.169152155293754,0.288951816823079,0.288684359871006,FALSE,"stable",24,"alpha_by_hidden_strength"
0.2,0.24,1800,900,0.347824936228325,0.660699469857108,0.0686074356983743,0.202743409635999,0.0409359976642494,0.0965285574489031,9.95891182631521e-05,2.35803603079654,2.35231332161769,0.57591826972118,0.574886563447978,0.232706663240567,0.064467894751042,0.168238768489525,0.293217399538863,0.292954645386287,FALSE,"stable",25,"alpha_by_hidden_strength"
0.2,0.24,1800,925,0.357761903555566,0.701266415292725,0.0707696466785688,0.206967103445325,0.0479525770450923,0.110139105878272,0.000111946187727402,2.29683392770951,2.29148441449776,0.564618064921551,0.563601657653353,0.171270277567579,-0.00206834906919684,0.173338626636776,0.308973214340776,0.308694987252446,FALSE,"stable",26,"alpha_by_hidden_strength"
0.2,0.24,1800,907,0.339034771172783,0.651662392128406,0.0662604053273474,0.196095895397136,0.0411168243691095,0.102398591859012,0.000106925812314672,2.49043046077125,2.48397080344121,0.598462990333682,0.597418778588447,0.290415798208803,0.0966215711737513,0.193794227035052,0.324629272016699,0.324345938127189,FALSE,"stable",27,"alpha_by_hidden_strength"
0.2,0.24,1800,910,0.320210595822899,0.661398430881975,0.0657643901164831,0.191839699655691,0.0381819256028374,0.0951663641455295,0.000103748268051596,2.49244538202278,2.48569123966473,0.59878759742834,0.597697419517445,0.237260588297746,0.0771334616404233,0.160127126657322,0.293856022659161,0.293588397467643,FALSE,"stable",28,"alpha_by_hidden_strength"
0.2,0.24,1800,904,0.319647848451911,0.644689561807118,0.0694500481010413,0.20106901334873,0.040308954777894,0.101218051059748,9.97036926526748e-05,2.51105620618218,2.50486046532636,0.601761204094908,0.60077616544213,0.169012948002206,-0.0114750275003617,0.180487975502568,0.306227964389026,0.305977225454894,FALSE,"stable",29,"alpha_by_hidden_strength"
0.2,0.24,1800,866,0.341278753696526,0.639825387365787,0.0665605720531395,0.196242201377756,0.032753089545491,0.0858808067476367,8.50486567042198e-05,2.62206735118396,2.61527636612162,0.618621543207705,0.617631232800467,0.316366865713666,0.142305152359681,0.174061713353985,0.292367254131071,0.292133144678672,FALSE,"stable",30,"alpha_by_hidden_strength"
0.2,0.24,1800,914,0.313858660512501,0.645496254418931,0.0661759551212477,0.197847884597668,0.0420916432183663,0.106836501886751,0.00010753084492334,2.53818795651422,2.53172021155009,0.606018144781786,0.605011645663748,0.146973860232316,-0.0326399047044286,0.179613764936745,0.306918773860189,0.306663796473422,FALSE,"stable",31,"alpha_by_hidden_strength"
0.2,0.24,1800,901,0.347381802643688,0.630317823832716,0.06533009787767,0.199989004690386,0.039683561069705,0.10395400356483,9.92198118998957e-05,2.61957346474609,2.61304014604211,0.618258463273551,0.617304004488922,0.287311832290845,0.0916755844967316,0.195636247794114,0.325952414375926,0.325700716803119,FALSE,"stable",32,"alpha_by_hidden_strength"
0.2,0.24,1800,892,0.336378570589392,0.682347926103395,0.0683969359371699,0.203252827554281,0.0408092294236946,0.100798888218326,9.87836803126804e-05,2.47000224316416,2.46403774150675,0.595142068082106,0.594162060444535,0.225202070872227,0.0566672832099158,0.168534787662311,0.309116655545119,0.308862042812965,FALSE,"stable",33,"alpha_by_hidden_strength"
0.2,0.24,1800,940,0.338192418601456,0.641987115751602,0.0650447761676008,0.196510798653094,0.0462443085656637,0.113203738328539,0.000119752737213533,2.44794963617627,2.44162687968654,0.591494863610832,0.590437012174283,0.244788783630186,0.0694178978778863,0.1753708857523,0.319152315989911,0.318866796332007,FALSE,"stable",34,"alpha_by_hidden_strength"
0.2,0.24,1800,893,0.32955800044049,0.663594588222931,0.0688422804559604,0.201753923067697,0.0391183629569716,0.0898799471270793,9.61029447676216e-05,2.29764080940563,2.29200997795798,0.564770961628816,0.563701724854213,0.0965871443953469,-0.0794189284896891,0.176006072885036,0.279356410143974,0.279091843021452,FALSE,"stable",35,"alpha_by_hidden_strength"
0.4,0.24,1800,878,0.193082232873606,0.815668396303849,0.130322235059384,0.407490950835065,0.148827292043108,0.215014505677097,8.96286060546547e-05,1.44472497433345,1.44385543791666,0.307826736738344,0.307409887624967,0.354428215006714,0.155406402505623,0.19902181250109,0.31989260535693,0.319675937817803,FALSE,"stable",1,"alpha_by_hidden_strength"
0.4,0.24,1800,888,0.189624768114742,0.799036534828087,0.134867326082731,0.436363046457874,0.181293749016429,0.257941921500126,9.52109502678094e-05,1.42278441975819,1.42203760111688,0.297152832071386,0.29678371428815,0.0717912931374801,-0.112990789594985,0.184782082732465,0.360339136024647,0.360115263156362,FALSE,"stable",2,"alpha_by_hidden_strength"
0.4,0.24,1800,906,0.182456888326708,0.780909532307057,0.135926074374676,0.391851424275412,0.153768348772745,0.225459556539178,0.000100143805669525,1.46622863767879,1.46527435708957,0.317978128170298,0.317533951807997,0.0983996090568187,-0.072743540333444,0.171143149390263,0.332372757840634,0.33214053477017,FALSE,"stable",3,"alpha_by_hidden_strength"
0.4,0.24,1800,880,0.230857936225959,0.77320693911282,0.136466833753439,0.405783285299408,0.154264834361497,0.227034126895442,9.36868483204899e-05,1.47171666073566,1.47082341237798,0.320521383851066,0.320108728495672,0.117720579623933,-0.0716068365318907,0.189327416155823,0.344242712515404,0.344021043451766,FALSE,"stable",4,"alpha_by_hidden_strength"
0.4,0.24,1800,904,0.207756204414122,0.783575298800623,0.138005114627255,0.411691942715849,0.168386927729314,0.242441945509302,9.93490316223207e-05,1.43979077698379,1.43894179496471,0.305454642448194,0.305044857617381,0.231854908857086,0.0419735736391962,0.189881335217889,0.343854704823983,0.343623977061679,FALSE,"stable",5,"alpha_by_hidden_strength"
0.4,0.24,1800,920,0.169411622442302,0.814395324239544,0.133628636509282,0.413852777513974,0.188560030944525,0.234188126600526,0.000110092540158165,1.24198179978781,1.24125708021566,0.1948352220855,0.194365119088579,0.245811280878291,0.110609689178009,0.135201591700282,0.249125748596857,0.248825018858576,FALSE,"stable",6,"alpha_by_hidden_strength"
0.4,0.24,1800,910,0.208343618639336,0.776832176492386,0.133331209296248,0.381907020863822,0.148343711651591,0.227211820766722,0.000101707705384652,1.53165791955082,1.53060850076035,0.347112702362898,0.346665068498421,0.158779179134584,-0.0209021308842956,0.179681310018879,0.35687290153102,0.356642717025005,FALSE,"stable",7,"alpha_by_hidden_strength"
0.4,0.24,1800,956,0.232284480010793,0.787231306570016,0.130495551611666,0.409717698677594,0.220322420224654,0.32984837959123,0.000131246957396586,1.49711672218786,1.49622541465297,0.332049408586782,0.331651507716209,0.173108742157293,-0.0179284963226189,0.191037238479912,0.427017709215954,0.426761780962278,FALSE,"stable",8,"alpha_by_hidden_strength"
0.4,0.24,1800,883,0.198799458853368,0.802703540474576,0.133483662652467,0.399819441379645,0.151783300383716,0.222178740742645,9.49502638360692e-05,1.46378910052006,1.46287397830406,0.316841476928119,0.316414117120791,0.0824196282575926,-0.106345453402492,0.188765081660085,0.343032338779785,0.342800917530291,FALSE,"stable",9,"alpha_by_hidden_strength"
0.4,0.24,1800,888,0.213479754594688,0.782626240217986,0.135258856456878,0.402266489705756,0.159736939278709,0.243724994789427,9.87137492534461e-05,1.52578981348938,1.52484749286061,0.34460173271634,0.344196711682947,0.0965023625723973,-0.101306041512229,0.197808404084626,0.370755492476659,0.370537548242179,FALSE,"stable",10,"alpha_by_hidden_strength"
0.4,0.24,1800,906,0.205089457115895,0.815281748152354,0.144166261726735,0.42340183902332,0.185641198294317,0.238969077277128,0.000103554477816577,1.28726316934383,1.28654550780387,0.223158073799516,0.222724735398596,0.165983552268208,-0.00783242380547722,0.173815976073686,0.286520485111026,0.286242160736834,FALSE,"stable",11,"alpha_by_hidden_strength"
0.4,0.24,1800,883,0.211527763767372,0.80696825670467,0.135975640093447,0.412694808767095,0.163331936148297,0.226118705657364,9.58987835492444e-05,1.38441208124822,1.38359971391448,0.277671718164741,0.277247610025299,0.200381961221395,0.0270492295342462,0.173332731687148,0.30756048328195,0.307325513817893,FALSE,"stable",12,"alpha_by_hidden_strength"
0.4,0.24,1800,902,0.202313674081148,0.800012242928089,0.130624759329144,0.416146879365539,0.174131309371929,0.282100889356747,0.000100550348731846,1.62004690813072,1.61911196843694,0.382733922714717,0.38237748871353,0.0826791384098009,-0.126574160189801,0.209253298599602,0.416756893531605,0.416562788803639,FALSE,"stable",13,"alpha_by_hidden_strength"
0.4,0.24,1800,903,0.206733531358363,0.779521310321282,0.134835707164012,0.414047312586931,0.166343628581729,0.233544256601855,9.70300444949316e-05,1.4039867868285,1.40316830352328,0.287742584630072,0.28732711714692,0.183603202509777,0.0122416305559541,0.171361571953823,0.31733309780837,0.317103918646239,FALSE,"stable",14,"alpha_by_hidden_strength"
0.4,0.24,1800,906,0.220798931370745,0.771436330363524,0.129851703363581,0.408947227228924,0.170966928879645,0.21212479652178,0.000102229814939329,1.24073584237516,1.23999438671756,0.194026668814785,0.193544736402283,0.12827279485523,-0.0159160402489806,0.144188835104211,0.245827209177387,0.245521720867898,FALSE,"stable",15,"alpha_by_hidden_strength"
0.4,0.24,1800,881,0.197624981768447,0.805701542967103,0.130599687938882,0.409538576019923,0.156410876421922,0.221206387942784,9.32561147239047e-05,1.4142647429842,1.41342202507648,0.292918808192923,0.292497228528831,0.17110777546904,-0.0180364026481634,0.189144178117203,0.32433343576557,0.324099955343525,FALSE,"stable",16,"alpha_by_hidden_strength"
0.4,0.24,1800,926,0.207341332322211,0.785419973390045,0.127111295245459,0.384760320430893,0.163449150546711,0.212647918899301,0.000110408399008215,1.30100351202823,1.30012528934413,0.231362566853468,0.230843359331571,0.247296774241667,0.0632465528237884,0.184050221417879,0.27692335802676,0.276612457588784,FALSE,"stable",17,"alpha_by_hidden_strength"
0.4,0.24,1800,857,0.208939035215626,0.782973544541444,0.137433580551965,0.407276860045231,0.128088205040439,0.16304491425603,7.72199770368742e-05,1.27291122710756,1.27214429502963,0.214399261547641,0.213925649859787,0.188873927436507,0.00825822220589045,0.180615705230617,0.232832230514156,0.232574923118444,FALSE,"stable",18,"alpha_by_hidden_strength"
0.4,0.24,1800,897,0.219156449601204,0.812847428582113,0.135324315079429,0.43375529636738,0.181580003273739,0.248544362048682,9.65113605458444e-05,1.36878707769375,1.36805994186427,0.269426183008036,0.269037876631861,0.187755208743874,-0.0148811575275474,0.202636366271422,0.330734278032501,0.330495859230724,FALSE,"stable",19,"alpha_by_hidden_strength"
0.4,0.24,1800,885,0.213444123765765,0.790371697136849,0.133157705191924,0.405712429942383,0.15382326138252,0.227282899640507,9.34513087816492e-05,1.47755870989701,1.47666160267046,0.323207942058896,0.322796774703457,0.0565269658042316,-0.107460497891279,0.16398746369551,0.324595485548175,0.324388953586673,FALSE,"stable",20,"alpha_by_hidden_strength"
0.4,0.24,1800,918,0.168918549020578,0.859024498251458,0.138178730409485,0.425013136372284,0.197882120762137,0.251079993878353,0.000109547343174142,1.26883617838401,1.26813414059831,0.211876192501386,0.211439887953652,0.240075869072103,0.0593682778723632,0.180707591199739,0.29495576924959,0.294651919955439,FALSE,"stable",21,"alpha_by_hidden_strength"
0.4,0.24,1800,860,0.198283907001219,0.834770251610984,0.133157736610071,0.426467628968198,0.151784387833767,0.201126917993801,8.3455499368905e-05,1.32508303959478,1.32435487052128,0.245330315067795,0.244915375584799,0.286142119116237,0.119401263208661,0.166740855907576,0.268744661016172,0.268517294165129,FALSE,"stable",22,"alpha_by_hidden_strength"
0.4,0.24,1800,865,0.205839254706049,0.80982010291656,0.134196889485572,0.400575208170976,0.135974488375864,0.191219235088933,8.47401638272804e-05,1.40628758653874,1.40541172503526,0.288907895104675,0.288464737993478,0.210341902428934,0.0110539188897263,0.199287983539208,0.306127244214886,0.305892369137469,FALSE,"stable",23,"alpha_by_hidden_strength"
0.4,0.24,1800,921,0.222685422924406,0.791615769835087,0.134426534700604,0.409102336048024,0.183155086404206,0.25721912720692,0.000109434703392655,1.40437883684683,1.403540225093,0.287941420247233,0.287515967037042,0.157857707192765,-0.00386799016727513,0.16172569736004,0.330254646780652,0.330010569633938,FALSE,"stable",24,"alpha_by_hidden_strength"
0.4,0.24,1800,886,0.214869911959244,0.812023933109532,0.129065759386721,0.406596275902766,0.157002550183436,0.215651097382439,9.49685732829632e-05,1.37355155779623,1.3727212185725,0.271960346647322,0.271519965984132,0.131785826331824,-0.0341387027309763,0.1659245290628,0.304290950240013,0.304044483901052,FALSE,"stable",25,"alpha_by_hidden_strength"
0.4,0.24,1800,906,0.195821953747421,0.785238966078451,0.128447071155829,0.423095993436901,0.181123739175965,0.226025667731398,0.00010118066975036,1.24790747341965,1.24721074741721,0.198658537351576,0.198210886114591,0.20678026033977,0.0396695088260539,0.167110751513716,0.266787177406944,0.266486422739826,FALSE,"stable",26,"alpha_by_hidden_strength"
0.4,0.24,1800,926,0.191573283004198,0.816102414378381,0.127682084575561,0.40358025493275,0.176819560156963,0.240058888245293,0.000108560162630363,1.35764893902118,1.35681590813073,0.263432562529038,0.262980339479003,0.211622952722647,0.0296635290597658,0.181959423662881,0.315320363350497,0.31504959882473,FALSE,"stable",27,"alpha_by_hidden_strength"
0.4,0.24,1800,902,0.207894756768264,0.773108536415741,0.140686721062338,0.421147748248428,0.172401729941663,0.225581189382274,9.72014298225609e-05,1.30846244674346,1.30772514118637,0.235744210704077,0.235313317374324,0.204750889741937,0.0419054036966531,0.162845486045284,0.277499635183075,0.277245912238585,FALSE,"stable",28,"alpha_by_hidden_strength"
0.4,0.24,1800,903,0.182771497025766,0.767193249514605,0.133658217076179,0.40401901546362,0.161183127103779,0.224218571971142,9.87451935146052e-05,1.39107967440523,1.39022798270742,0.2811339146138,0.28069351758225,0.189857580967621,0.0242013554674783,0.165656225500143,0.310281096815386,0.310037973479392,FALSE,"stable",29,"alpha_by_hidden_strength"
0.4,0.24,1800,911,0.1864229707309,0.774980430361187,0.135326508885347,0.406903628449589,0.177932278171838,0.229829409011009,0.000107466131124973,1.29166788270452,1.29088822223828,0.225807180475696,0.225339589615208,0.118459790485315,-0.0312358098526671,0.149695600337982,0.274185118994425,0.273901087071188,FALSE,"stable",30,"alpha_by_hidden_strength"
0.4,0.24,1800,903,0.233000933485382,0.809517091161027,0.135211112879321,0.429066849304534,0.185013562876719,0.270874899961719,0.000100497126481068,1.46408131247228,1.46328647298339,0.316977826654054,0.316606817282218,0.154645425515463,-0.0147592061199637,0.169404631635426,0.360254388491581,0.360043495368703,FALSE,"stable",31,"alpha_by_hidden_strength"
0.4,0.24,1800,931,0.205573138087923,0.764672014971675,0.129421100419624,0.410067055829766,0.200291343139732,0.288182682387407,0.000119111150260794,1.43881746394979,1.43796232291559,0.30498480519215,0.304571486982762,0.155003593839162,-0.0336944141880728,0.188698008027235,0.381466809023259,0.381208237727263,FALSE,"stable",32,"alpha_by_hidden_strength"
0.4,0.24,1800,888,0.193576125957207,0.828113673581986,0.13237040089354,0.420003792521595,0.164141322120892,0.228344235364265,9.30489556859687e-05,1.39114412150334,1.39035595209114,0.281167217297837,0.280759723079568,0.27556136160064,0.127537586317993,0.148023775282648,0.31184252332695,0.311616465499482,FALSE,"stable",33,"alpha_by_hidden_strength"
0.4,0.24,1800,893,0.218414313959435,0.806596342325305,0.134179302322804,0.406576175292124,0.16454911504845,0.239969251988569,9.95432231430111e-05,1.4583442269982,1.45746254180057,0.314290836493135,0.313876019918436,0.170140597206929,-0.0141174355130447,0.184258032719974,0.359927936152822,0.35969033238979,FALSE,"stable",34,"alpha_by_hidden_strength"
0.4,0.24,1800,894,0.205424298554581,0.755282114797391,0.135387404564857,0.407072811770095,0.159927095791063,0.208312930798005,9.65112313652647e-05,1.30254932578878,1.30176375019974,0.23227475520404,0.231811455921583,0.239980090000673,0.0661478966506228,0.173832193350051,0.271509208455292,0.271238294791589,FALSE,"stable",35,"alpha_by_hidden_strength"
0,0.36,1800,898,0.5,0.5,0,0,0,0.140790431232983,9.91150485985812e-05,Inf,1420.47482419333,0.999999999999,0.999296010050324,0.177151651072516,-0.0936651902653314,0.270816841337847,NA,0.490068101665624,TRUE,"degenerate_or_near_degenerate_observed_weight_variance",1,"alpha_by_hidden_strength"
0,0.36,1800,903,0.5,0.5,0,0,0,0.142485994214325,0.000101342266865024,Inf,1405.9878333302,0.999999999999,0.999288756291986,0.289270447250779,0.023362790798594,0.265907656452185,NA,0.495830530741841,TRUE,"degenerate_or_near_degenerate_observed_weight_variance",2,"alpha_by_hidden_strength"
0,0.36,1800,941,0.5,0.5,0,0,0,0.144450692847387,0.000120003225452343,Inf,1203.72341912387,0.999999999999,0.999169244376148,0.343878647093486,0.119904765934528,0.223973881158958,NA,0.481958989737997,TRUE,"degenerate_or_near_degenerate_observed_weight_variance",3,"alpha_by_hidden_strength"
0,0.36,1800,868,0.5,0.5,0,0,0,0.116535392689513,8.67376448267605e-05,Inf,1343.53881664953,0.999999999999,0.999255696979047,0.296956032453623,0.0492397881964202,0.247716244257203,NA,0.433553148812812,TRUE,"degenerate_or_near_degenerate_observed_weight_variance",4,"alpha_by_hidden_strength"
0,0.36,1800,865,0.5,0.5,0,0,0,0.102012287421139,8.55872344076181e-05,Inf,1191.91008013292,0.999999999999,0.999161010535385,0.252677247822473,0.00654912985734035,0.246128117965133,NA,0.408621446709262,TRUE,"degenerate_or_near_degenerate_observed_weight_variance",5,"alpha_by_hidden_strength"
0,0.36,1800,878,0.5,0.5,0,0,0,0.110395571050458,9.06832736529566e-05,Inf,1217.37522922849,0.999999999999,0.999178560581823,0.199798264118947,-0.0210143105950076,0.220812574713955,NA,0.42674363948077,TRUE,"degenerate_or_near_degenerate_observed_weight_variance",6,"alpha_by_hidden_strength"
0,0.36,1800,968,0.5,0.5,0,0,0,0.162095645607013,0.000135364275147929,Inf,1197.47729177341,0.999999999999,0.999164911095292,0.328320274814583,0.0909895550656463,0.237330719748937,NA,0.512320340235764,TRUE,"degenerate_or_near_degenerate_observed_weight_variance",7,"alpha_by_hidden_strength"
0,0.36,1800,895,0.5,0.5,0,0,0,0.132829446690995,9.78022648881292e-05,Inf,1358.14284917564,0.999999999999,0.999263700426942,0.163255998392612,-0.0917372380062782,0.25499323639889,NA,0.467309927805975,TRUE,"degenerate_or_near_degenerate_observed_weight_variance",8,"alpha_by_hidden_strength"
0,0.36,1800,904,0.5,0.5,0,0,0,0.140703720558265,0.00010179368622449,Inf,1382.2440838616,0.999999999999,0.999276538773669,0.318068846682637,0.0612717007211661,0.256797145961471,NA,0.47995370612336,TRUE,"degenerate_or_near_degenerate_observed_weight_variance",9,"alpha_by_hidden_strength"
0,0.36,1800,906,0.5,0.5,0,0,0,0.141990046534909,0.000102702580964821,Inf,1382.53630240846,0.999999999999,0.999276691687402,0.243412613968237,-0.0178713798473877,0.261283993815625,NA,0.473981862596494,TRUE,"degenerate_or_near_degenerate_observed_weight_variance",10,"alpha_by_hidden_strength"
0,0.36,1800,901,0.5,0.5,0,0,0,0.160532488823266,0.000100445433747298,Inf,1598.20593962624,0.999999999999,0.999374298408481,0.255037455507049,-0.0446433485062283,0.299680804013278,NA,0.523850948837689,TRUE,"degenerate_or_near_degenerate_observed_weight_variance",11,"alpha_by_hidden_strength"
0,0.36,1800,884,0.5,0.5,0,0,0,0.128329587188656,9.3135142350451e-05,Inf,1377.88576846508,0.999999999999,0.999274250432883,0.20928836536977,-0.0464257718750076,0.255714137244777,NA,0.448842598800448,TRUE,"degenerate_or_near_degenerate_observed_weight_variance",12,"alpha_by_hidden_strength"
0,0.36,1800,878,0.5,0.5,0,0,0,0.141646690480885,9.06832736529566e-05,Inf,1561.9935714161,0.999999999999,0.999359792499598,0.232162263585509,-0.0726662122549206,0.304828475840429,NA,0.502964023060073,TRUE,"degenerate_or_near_degenerate_observed_weight_variance",13,"alpha_by_hidden_strength"
0,0.36,1800,904,0.5,0.5,0,0,0,0.145415596369267,0.00010179368622449,Inf,1428.532571741,0.999999999999,0.999299980959635,0.269883516285595,0.0185441986679633,0.251339317617632,NA,0.481247430928306,TRUE,"degenerate_or_near_degenerate_observed_weight_variance",14,"alpha_by_hidden_strength"
0,0.36,1800,921,0.5,0.5,0,0,0,0.152349044783707,0.000109784621836014,Inf,1387.70842615162,0.999999999999,0.999279387527556,0.328255259431267,0.081588468427829,0.246666791003438,NA,0.499313815795872,TRUE,"degenerate_or_near_degenerate_observed_weight_variance",15,"alpha_by_hidden_strength"
0,0.36,1800,922,0.5,0.5,0,0,0,0.162744755735804,0.000110273919292656,Inf,1475.82272199735,0.999999999999,0.999322411841819,0.154574933021135,-0.123532876159958,0.278107809181092,NA,0.520395790762016,TRUE,"degenerate_or_near_degenerate_observed_weight_variance",16,"alpha_by_hidden_strength"
0,0.36,1800,933,0.5,0.5,0,0,0,0.140892886350471,0.000115804408472121,Inf,1216.64527464332,0.999999999999,0.999178067740169,0.447143113445564,0.168229820118683,0.278913293326881,NA,0.483541869407881,TRUE,"degenerate_or_near_degenerate_observed_weight_variance",17,"alpha_by_hidden_strength"
0,0.36,1800,883,0.5,0.5,0,0,0,0.119912715058262,9.27219882766929e-05,Inf,1293.25004011377,0.999999999999,0.999226754325164,0.270189564749713,0.0120599493671958,0.258129615382517,NA,0.441027900645357,TRUE,"degenerate_or_near_degenerate_observed_weight_variance",18,"alpha_by_hidden_strength"
0,0.36,1800,920,0.5,0.5,0,0,0,0.149456100956129,0.000109297520661157,Inf,1367.42443974984,0.999999999999,0.999268698166472,0.300876257524655,0.036278854308212,0.264597403216443,NA,0.502933692040356,TRUE,"degenerate_or_near_degenerate_observed_weight_variance",19,"alpha_by_hidden_strength"
0,0.36,1800,907,0.5,0.5,0,0,0,0.127736716569668,0.00010316007669456,Inf,1238.23789844473,0.999999999999,0.99919240074847,0.358714894785424,0.123467345757789,0.235247549027634,NA,0.452471124016477,TRUE,"degenerate_or_near_degenerate_observed_weight_variance",20,"alpha_by_hidden_strength"
0,0.36,1800,898,0.5,0.5,0,0,0,0.132845174761233,9.91150485985812e-05,Inf,1340.31286509539,0.999999999999,0.999253905542473,0.314879465761842,0.0299737489760845,0.284905716785757,NA,0.49263066651644,TRUE,"degenerate_or_near_degenerate_observed_weight_variance",21,"alpha_by_hidden_strength"
0,0.36,1800,888,0.5,0.5,0,0,0,0.129948466359153,9.48060941828255e-05,Inf,1370.67629965389,0.999999999999,0.999270433142929,0.14423709181662,-0.095794673318061,0.240031765134681,NA,0.461642809237728,TRUE,"degenerate_or_near_degenerate_observed_weight_variance",22,"alpha_by_hidden_strength"
0,0.36,1800,913,0.5,0.5,0,0,0,0.143073183920817,0.000105948378749036,Inf,1350.40465564575,0.999999999999,0.999259481226002,0.296414290074388,0.0305255313249453,0.265888758749443,NA,0.482160132004624,TRUE,"degenerate_or_near_degenerate_observed_weight_variance",23,"alpha_by_hidden_strength"
0,0.36,1800,906,0.5,0.5,0,0,0,0.143723519855577,0.000102702580964821,Inf,1399.41487843237,0.999999999999,0.999285415629481,0.305383024764137,0.0678781507488597,0.237504874015277,NA,0.468562085318812,TRUE,"degenerate_or_near_degenerate_observed_weight_variance",24,"alpha_by_hidden_strength"
0,0.36,1800,892,0.5,0.5,0,0,0,0.14964037100381,9.65068214015409e-05,Inf,1550.56781303773,0.999999999999,0.999355074965705,0.26987706251462,-0.00116286738604243,0.271039929900663,NA,0.493335460938717,TRUE,"degenerate_or_near_degenerate_observed_weight_variance",25,"alpha_by_hidden_strength"
0,0.36,1800,888,0.5,0.5,0,0,0,0.11657836217601,9.48060941828255e-05,Inf,1229.65051119181,0.999999999999,0.999186760798375,0.382918030745593,0.106032933770517,0.276885096975076,NA,0.44407328123256,TRUE,"degenerate_or_near_degenerate_observed_weight_variance",26,"alpha_by_hidden_strength"
0,0.36,1800,896,0.5,0.5,0,0,0,0.137470229775733,9.8237919962409e-05,Inf,1399.36014349995,0.999999999999,0.999285387679044,0.347063659130063,0.0813193273977308,0.265744331732332,NA,0.471589109502623,TRUE,"degenerate_or_near_degenerate_observed_weight_variance",27,"alpha_by_hidden_strength"
0,0.36,1800,892,0.5,0.5,0,0,0,0.13717169266539,9.65068214015409e-05,Inf,1421.36784398538,0.999999999999,0.999296452354518,0.141826250571847,-0.0990242512672599,0.240850501839107,NA,0.448205700210683,TRUE,"degenerate_or_near_degenerate_observed_weight_variance",28,"alpha_by_hidden_strength"
0,0.36,1800,889,0.5,0.5,0,0,0,0.140631722800348,9.52284615041673e-05,Inf,1476.78247216242,0.999999999999,0.999322852201424,0.227688377769421,-0.044120432449511,0.271808810218932,NA,0.485260017088303,TRUE,"degenerate_or_near_degenerate_observed_weight_variance",29,"alpha_by_hidden_strength"
0,0.36,1800,903,0.5,0.5,0,0,0,0.128480476056573,0.000101342266865024,Inf,1267.78766679548,0.999999999999,0.999211224382291,0.256531284671672,0.0263056261202843,0.230225658551387,NA,0.450532121863713,TRUE,"degenerate_or_near_degenerate_observed_weight_variance",30,"alpha_by_hidden_strength"
0,0.36,1800,930,0.5,0.5,0,0,0,0.14956702840793,0.000114268727705113,Inf,1308.90604465212,0.999999999999,0.999236003222626,0.289580332313376,0.0495945645538622,0.239985767759514,NA,0.49640747097677,TRUE,"degenerate_or_near_degenerate_observed_weight_variance",31,"alpha_by_hidden_strength"
0,0.36,1800,917,0.5,0.5,0,0,0,0.140031219128005,0.000107849283496368,Inf,1298.39730583579,0.999999999999,0.999229819720431,0.269885937188653,0.0200370283349096,0.249848908853743,NA,0.475699665471044,TRUE,"degenerate_or_near_degenerate_observed_weight_variance",32,"alpha_by_hidden_strength"
0,0.36,1800,859,0.5,0.5,0,0,0,0.119662394319589,8.33310934960773e-05,Inf,1435.98732837007,0.999999999999,0.999303615024838,0.405367628492284,0.0951351332622321,0.310232495230052,NA,0.457649184220006,TRUE,"degenerate_or_near_degenerate_observed_weight_variance",33,"alpha_by_hidden_strength"
0,0.36,1800,941,0.5,0.5,0,0,0,0.147033951232667,0.000120003225452343,Inf,1225.2499937267,0.999999999999,0.999183840028468,0.319657952105617,0.0994179169191225,0.220240035186495,NA,0.481410096032243,TRUE,"degenerate_or_near_degenerate_observed_weight_variance",34,"alpha_by_hidden_strength"
0,0.36,1800,889,0.5,0.5,0,0,0,0.129735618103619,9.52284615041673e-05,Inf,1362.36179871437,0.999999999999,0.999265980592715,0.239574417219822,-0.0336812581767947,0.273255675396616,NA,0.461507603103936,TRUE,"degenerate_or_near_degenerate_observed_weight_variance",35,"alpha_by_hidden_strength"
0.001,0.36,1800,865,0.499237171188922,0.500765802717945,0.000340519371705483,0.00100642420383524,8.66835682469188e-07,0.119896434678651,8.5580463622142e-05,138315.066053955,1386.93094686713,0.999992770129614,0.999278983569976,0.27892107498182,0.0182358310592634,0.260685243922557,0.422925971311008,0.422775003839412,TRUE,"unstable_good_overlap_warning",1,"alpha_by_hidden_strength"
0.001,0.36,1800,915,0.499183722438945,0.500920805094569,0.000317905879584024,0.00100720024872386,1.08441681587239e-06,0.141989403934392,0.000106896772969344,130936.187871786,1314.94572542514,0.999992362691963,0.999239512338293,0.279523832731801,0.0363141528467039,0.243209679885097,0.45461242458623,0.454441263494833,TRUE,"unstable_good_overlap_warning",2,"alpha_by_hidden_strength"
0.001,0.36,1800,921,0.499137586717281,0.501126517559547,0.000335146469874925,0.0010246556861649,1.15272017584457e-06,0.158827734651344,0.000109791314730925,137785.160683056,1431.6022919557,0.999992742324391,0.999301481978885,0.31385952636319,0.041572137498763,0.272287388864427,0.499842055900009,0.499669264282158,TRUE,"unstable_good_overlap_warning",3,"alpha_by_hidden_strength"
0.001,0.36,1800,886,0.499192328553657,0.501089500036737,0.00033470635870253,0.00102025726557561,9.78122625951532e-07,0.12353204158334,9.3966686479042e-05,126295.045534977,1301.09315872902,0.999992082033022,0.999231415526789,0.297021939065745,0.0153597438401318,0.281662195225613,0.45156806675804,0.451396286372647,TRUE,"unstable_good_overlap_warning",4,"alpha_by_hidden_strength"
0.001,0.36,1800,909,0.499203250875516,0.500748376912328,0.000337647490382786,0.00099540412122656,1.03119076651307e-06,0.134075281690109,0.000104073496749501,130019.862516302,1275.63560540228,0.999992308867425,0.999216077071097,0.259257880578695,0.017511059128037,0.241746821450658,0.444445854538201,0.444273323221905,TRUE,"unstable_good_overlap_warning",5,"alpha_by_hidden_strength"
0.001,0.36,1800,899,0.498941019775305,0.500860364666574,0.000330896486273657,0.000966331013574879,9.29645586041579e-07,0.141633268077027,9.95555728007781e-05,152351.896468524,1409.49355886164,0.999993436248428,0.999290525314066,0.25651720920283,0.0015167130625986,0.255000496140232,0.465467567195179,0.465303946242048,TRUE,"unstable_good_overlap_warning",6,"alpha_by_hidden_strength"
0.001,0.36,1800,891,0.499136694758426,0.500889571822093,0.000343703717307742,0.000976973062635423,9.1701529681507e-07,0.129060614654567,9.60752230574463e-05,140739.871082646,1330.62827340036,0.999992894692937,0.999248475310505,0.371563751823444,0.102115214838401,0.269448536985044,0.44489562474024,0.444729998269245,TRUE,"unstable_good_overlap_warning",7,"alpha_by_hidden_strength"
0.001,0.36,1800,904,0.499217563458859,0.500725527672665,0.000339911115282143,0.000993969883897511,1.00569544416188e-06,0.138859538287714,0.000101793496171303,138073.150369529,1350.78434086464,0.999992757462278,0.999259689374723,0.300240719559383,0.027320793529007,0.272919926030376,0.462127472537481,0.461958054806566,TRUE,"unstable_good_overlap_warning",8,"alpha_by_hidden_strength"
0.001,0.36,1800,868,0.49899089295777,0.500891526666707,0.000342559417353505,0.00100744851131681,8.80284646688667e-07,0.120428047802851,8.67316100138886e-05,136805.802822826,1374.56276079189,0.999992690368542,0.999272495932144,0.346466036503319,0.109776075734023,0.236689960769296,0.409945430424352,0.409797782546861,TRUE,"unstable_good_overlap_warning",9,"alpha_by_hidden_strength"
0.001,0.36,1800,860,0.499210406628074,0.500916758497245,0.000318793438966125,0.00098884364647978,8.18436907796198e-07,0.112009551610986,8.37008659165331e-05,136857.894046584,1325.25408833286,0.999992693150753,0.999245427719255,0.324604835103923,0.0712383871797932,0.25336644792413,0.417784064540885,0.417627936432341,TRUE,"unstable_good_overlap_warning",10,"alpha_by_hidden_strength"
0.001,0.36,1800,841,0.499227713931149,0.500883063693715,0.000326836137422293,0.000996845595184321,7.64270443178092e-07,0.099412300658023,7.69114990335124e-05,130074.768094699,1279.83670233039,0.999992312113912,0.999218650318295,0.112375300494417,-0.145898670827035,0.258273971321452,0.386310727912091,0.38616126092264,TRUE,"unstable_good_overlap_warning",11,"alpha_by_hidden_strength"
0.001,0.36,1800,885,0.499169109268696,0.500784907298908,0.000355548695666175,0.00103642614038712,1.00488621581961e-06,0.111595529492055,9.35492204429436e-05,111052.90105013,1180.22932515024,0.999990995282514,0.999152707038632,0.356498625777098,0.10516668686345,0.251331938913648,0.411707687355015,0.411535084764592,TRUE,"unstable_good_overlap_warning",12,"alpha_by_hidden_strength"
0.001,0.36,1800,867,0.499055558303543,0.500733762769888,0.000325237391979205,0.000970324541897943,8.1309395700442e-07,0.112680602290252,8.63588204026588e-05,138582.511061068,1292.62507446312,0.99999278408226,0.99922638047199,0.27505004771655,0.0158053715856423,0.259244676130907,0.4171437161908,0.416983834173477,TRUE,"unstable_good_overlap_warning",13,"alpha_by_hidden_strength"
0.001,0.36,1800,909,0.499278991195263,0.5010869208648,0.000338038724599476,0.000989836532952337,1.0196857954152e-06,0.135131804101974,0.000104073320708408,132522.983755943,1285.8306046945,0.999992454139111,0.99922229258166,0.326930153704612,0.0775049775257963,0.249425176178816,0.4476183421224,0.447445938401993,TRUE,"unstable_good_overlap_warning",14,"alpha_by_hidden_strength"
0.001,0.36,1800,892,0.499156564291219,0.500847535782512,0.000339902210479026,0.00102561515923791,1.01503796135004e-06,0.117561179603115,9.64969133941822e-05,115819.490580188,1205.60790722444,0.999991365874647,0.999170542931904,0.358149458083568,0.118536873707068,0.2396125843765,0.42622080397012,0.426045840642248,TRUE,"unstable_good_overlap_warning",15,"alpha_by_hidden_strength"
0.001,0.36,1800,913,0.499030819143316,0.50084753061685,0.000339684379387084,0.00101053817211798,1.08189744132426e-06,0.148875845346434,0.000105945044384289,137606.245897215,1391.01279366655,0.999992732888006,0.999281099351096,0.295110510074309,0.0145541849439896,0.28055632513032,0.479067156543437,0.478896664840034,TRUE,"unstable_good_overlap_warning",16,"alpha_by_hidden_strength"
0.001,0.36,1800,915,0.499243453519362,0.500717701869504,0.000354113854679983,0.0010056444816002,1.08103554364428e-06,0.152355764520317,0.000106893432693182,140935.018664336,1411.0350993917,0.999992904531397,0.999291300407459,0.231695476184427,-0.0297847098624922,0.261480186046919,0.475174495801176,0.475007773175951,TRUE,"unstable_good_overlap_warning",17,"alpha_by_hidden_strength"
0.001,0.36,1800,915,0.499282920938949,0.500931901617989,0.000333843136472889,0.000988066825990883,1.04377018014828e-06,0.143266759417842,0.000106913426519395,137258.912107921,1327.07002217341,0.999992714498573,0.999246460259601,0.24907442682504,-0.021189404403029,0.270263831228069,0.472508516223265,0.472332176293369,TRUE,"unstable_good_overlap_warning",18,"alpha_by_hidden_strength"
0.001,0.36,1800,861,0.499067629431418,0.500799493862498,0.000333939272545047,0.00100203067106451,8.442021813177e-07,0.131677063302913,8.4078400274802e-05,155978.113083504,1550.55379244826,0.9999935888441,0.999355069134092,0.16622412189913,-0.111422663041083,0.277646784940213,0.440979798155747,0.440838987623626,TRUE,"unstable_good_overlap_warning",19,"alpha_by_hidden_strength"
0.001,0.36,1800,892,0.499283807688898,0.500729564741856,0.000312336630551358,0.000969246164915196,9.06583846918462e-07,0.131207134828379,9.65027732749995e-05,144726.971779126,1346.9664383901,0.999993090437893,0.999257591004869,0.306615306437598,0.0340728146364273,0.272542491801171,0.45422137643182,0.454054304770354,TRUE,"unstable_good_overlap_warning",20,"alpha_by_hidden_strength"
0.001,0.36,1800,862,0.499033779281502,0.500947467808887,0.000330934265997729,0.00103093936337152,8.97521742204173e-07,0.115005944382516,8.44459320851639e-05,128137.223840482,1347.56609001493,0.999992195866509,0.999257921368451,0.19430315917931,-0.0750948746100817,0.269398033789392,0.43027269489286,0.43011469551776,TRUE,"unstable_good_overlap_warning",21,"alpha_by_hidden_strength"
0.001,0.36,1800,889,0.499135171762105,0.500764771164651,0.000329018877330611,0.00100531100905325,9.6241053828069e-07,0.121402406548026,9.52268662833754e-05,126144.095185103,1262.11996346659,0.999992072557986,0.999207682289365,0.183554592377584,-0.0816676067890292,0.265222199166614,0.432755166564983,0.432585407451657,TRUE,"unstable_good_overlap_warning",22,"alpha_by_hidden_strength"
0.001,0.36,1800,937,0.499088786598893,0.50079594142061,0.000345916972420646,0.000981908958159647,1.13661176714251e-06,0.149417990170635,0.000117888028136235,131459.126581347,1255.35343179303,0.999992393072843,0.999203411585396,0.311244775292088,0.0713291422587847,0.239915633033303,0.462183071730418,0.462000707423409,TRUE,"unstable_good_overlap_warning",23,"alpha_by_hidden_strength"
0.001,0.36,1800,901,0.499102207660351,0.501039865490364,0.000342818848758197,0.000981426157101829,9.67388545646094e-07,0.134061693719366,0.000100435138656889,138581.022405873,1322.07448293276,0.999992784004746,0.999243612963635,0.31932853044576,0.0671291864418124,0.252199344003948,0.446006945838164,0.445839845587064,TRUE,"unstable_good_overlap_warning",24,"alpha_by_hidden_strength"
0.001,0.36,1800,886,0.499128488671688,0.500783703487612,0.000340298190077915,0.00101517444131941,9.68442352366467e-07,0.139295592004954,9.39706917062793e-05,143834.676028546,1467.20942197459,0.999993047573592,0.999318434038779,0.307426194869741,0.0352182767099218,0.272207918159819,0.465500692019663,0.465343647902408,TRUE,"unstable_good_overlap_warning",25,"alpha_by_hidden_strength"
0.001,0.36,1800,888,0.49926079880811,0.500762035122843,0.000341752914077176,0.00098201030709674,9.14328242194678e-07,0.145344316899825,9.48134702519412e-05,158962.952463278,1518.30836169003,0.999993709226052,0.999341372263216,0.249375013541166,-0.051566592705157,0.300941606246323,0.492715237560655,0.492554502150315,TRUE,"unstable_good_overlap_warning",26,"alpha_by_hidden_strength"
0.001,0.36,1800,895,0.499254796128724,0.500769917142126,0.000334005811022275,0.000972452435227468,9.24950716398598e-07,0.126971538336172,9.78096841898622e-05,137273.841822135,1285.98782440143,0.999992715290934,0.999222387661045,0.298598423120612,0.0601972740317225,0.238401149088889,0.433062892456292,0.43289605894909,TRUE,"unstable_good_overlap_warning",27,"alpha_by_hidden_strength"
0.001,0.36,1800,901,0.499072557132812,0.500851088397459,0.000346909682550411,0.000992108783597882,9.88841864567406e-07,0.128837413997399,0.00010046348872515,130291.221087977,1269.93055012634,0.999992324885808,0.999212555363834,0.137667617561253,-0.119572227521664,0.257239845082917,0.433515873907494,0.433346818415467,TRUE,"unstable_good_overlap_warning",28,"alpha_by_hidden_strength"
0.001,0.36,1800,891,0.499211246912687,0.500917828340189,0.000351697625839253,0.00100002964198909,9.60837402808189e-07,0.126438025878208,9.6078044307717e-05,131591.490411045,1302.96252027494,0.999992400724417,0.999232518215651,0.251482486439223,-0.00532576010724517,0.256808246546468,0.439093172275745,0.43892630969204,TRUE,"unstable_good_overlap_warning",29,"alpha_by_hidden_strength"
0.001,0.36,1800,896,0.499149213637262,0.500737145809355,0.000333459800075264,0.000973633477017357,9.31219041947514e-07,0.138490150795956,9.82337790950479e-05,148719.199841879,1396.56283363847,0.999993275918637,0.999283956313376,0.247673398544844,-0.0208762783995073,0.268549676944352,0.457230663614467,0.457068472420441,TRUE,"unstable_good_overlap_warning",30,"alpha_by_hidden_strength"
0.001,0.36,1800,908,0.499207999042769,0.500788802299574,0.000337144725606253,0.000974670287070981,9.84310869633488e-07,0.141698806510866,0.000103613615315401,143957.372495164,1354.69996087877,0.999993053499222,0.999261829165957,0.308940779947888,0.0432458530442354,0.265694926903653,0.464856354162576,0.464686364760761,TRUE,"unstable_good_overlap_warning",31,"alpha_by_hidden_strength"
0.001,0.36,1800,897,0.499223376716505,0.500771392448073,0.000332943049373979,0.000954020197922376,8.98059466350771e-07,0.136723461681863,9.86710969195325e-05,152243.216406853,1373.15074913347,0.99999343156284,0.999271747839317,0.26993415038138,0.0132192815086218,0.256714868872758,0.460920103969318,0.460753753589366,TRUE,"unstable_good_overlap_warning",32,"alpha_by_hidden_strength"
0.001,0.36,1800,906,0.499149150680082,0.500844689262633,0.000339671630377902,0.00102976210155112,1.08896516753719e-06,0.11957021096959,0.000102692843534939,109801.685613151,1152.13072950363,0.999990892671689,0.999132042940621,0.247477584489027,0.0123319289568788,0.235145655532148,0.415128520409032,0.414950213982891,TRUE,"unstable_good_overlap_warning",33,"alpha_by_hidden_strength"
0.001,0.36,1800,900,0.499073590538153,0.50086237298894,0.000345054012339197,0.0010089993573052,1.01805557530108e-06,0.128551866578736,9.99976300734454e-05,126271.953808335,1272.59312009958,0.99999208058504,0.999214202886841,0.262769553415644,-0.0164711767334362,0.27924073014908,0.455296474876779,0.455119356535072,TRUE,"unstable_good_overlap_warning",34,"alpha_by_hidden_strength"
0.001,0.36,1800,927,0.49911856524717,0.500884800082893,0.000321121605165842,0.000979673446109804,1.08215751131306e-06,0.148438968591569,0.000112752921826238,137169.466588518,1303.98265152879,0.999992709747841,0.999233118631734,0.209297127555095,-0.0405109791259799,0.249808106681075,0.477121061896558,0.476939817690939,TRUE,"unstable_good_overlap_warning",35,"alpha_by_hidden_strength"
0.002,0.36,1800,911,0.498512350085932,0.501601893844801,0.000693702240352145,0.0020387815781516,4.36469544351642e-06,0.136111135572638,0.00010500562003155,31184.5665600393,1244.49796986887,0.999967932855566,0.999196463132756,0.189148821714756,-0.08396335055718,0.273112172271936,0.475887257507151,0.475703649895501,TRUE,"unstable_good_overlap_warning",1,"alpha_by_hidden_strength"
0.002,0.36,1800,880,0.498409179025497,0.50148671418792,0.000649150560807166,0.00193912393763137,3.4407739019662e-06,0.129972976704849,9.15050368665336e-05,37774.343914483,1368.91744514935,0.999973527005465,0.99926949575846,0.204651269451006,-0.0774606695790034,0.282111939030009,0.46397549054085,0.463812130837273,TRUE,"unstable_good_overlap_warning",2,"alpha_by_hidden_strength"
0.002,0.36,1800,894,0.498465906848635,0.501960468636869,0.00065146476866057,0.00195259027644652,3.71236000084547e-06,0.135487898030712,9.73705986527609e-05,36496.4329967608,1340.36339888907,0.999972600062036,0.999253933671399,0.356708870174147,0.0481775875866297,0.308531282587518,0.496781078358517,0.496602531449687,TRUE,"unstable_good_overlap_warning",3,"alpha_by_hidden_strength"
0.002,0.36,1800,900,0.498337825342406,0.501771344009006,0.000662796371009411,0.0019858459399176,3.94403725551992e-06,0.130074157303797,0.000100011491030026,32979.9514752935,1251.24810050032,0.999969678548474,0.999200797987545,0.274278898331426,0.0229724443370114,0.251306453994414,0.436230944068857,0.436063201986615,TRUE,"unstable_good_overlap_warning",4,"alpha_by_hidden_strength"
0.002,0.36,1800,921,0.49843138006981,0.501570500538965,0.000658837794035083,0.00193597677687668,4.11445674652337e-06,0.137215676306465,0.000109777216419518,33349.6460796213,1204.79111854314,0.99997001467429,0.999169980601111,0.300683415219608,0.0608402130807359,0.239843202138872,0.445547675926772,0.445369408257852,TRUE,"unstable_good_overlap_warning",5,"alpha_by_hidden_strength"
0.002,0.36,1800,905,0.498234336556155,0.501529795598792,0.000688803496355139,0.00202701826795748,4.20141589449007e-06,0.129312139509756,0.000102254010098199,30778.228758391,1214.70689073787,0.999967509501347,0.999176756131356,0.26088906323872,0.0195203041235024,0.241368759115218,0.433902886222593,0.433731291633873,TRUE,"unstable_good_overlap_warning",6,"alpha_by_hidden_strength"
0.002,0.36,1800,935,0.498265672233419,0.501726161919699,0.000683090551105103,0.00205014020009059,4.9104658911456e-06,0.168587915786806,0.000116830322514874,34332.3667293564,1384.8104484468,0.999970872966379,0.999277879509704,0.27872041437787,0.0122777160995091,0.26644269827836,0.511909786568909,0.511732375593627,TRUE,"unstable_good_overlap_warning",7,"alpha_by_hidden_strength"
0.002,0.36,1800,899,0.49860149352773,0.501863950912742,0.000643138283206335,0.00192440558526912,3.68726374941464e-06,0.128223242016872,9.95659831167768e-05,34774.6325543508,1241.83254191551,0.999971243405709,0.999194738448022,0.295843462951068,0.0405894607303576,0.25525400222071,0.438786020441,0.438615622695808,TRUE,"unstable_good_overlap_warning",8,"alpha_by_hidden_strength"
0.002,0.36,1800,891,0.498331996457073,0.501828205585343,0.000664977419500945,0.00197972850123331,3.76514565891932e-06,0.125588198702818,9.60661776685599e-05,33355.4688396478,1258.00394622486,0.999970019908735,0.999205089933938,0.246428223146075,-0.0297733107534794,0.276201533899554,0.448247814176493,0.448076337142478,TRUE,"unstable_good_overlap_warning",9,"alpha_by_hidden_strength"
0.002,0.36,1800,872,0.498427786621022,0.501820402184878,0.000669986513391729,0.00194076868665866,3.32590288206758e-06,0.119673453316994,8.8300265733716e-05,35982.2452911186,1306.1056150762,0.999972208515841,0.999234365132148,0.260762123350943,-0.00289182140889732,0.263653944759841,0.43822343287379,0.438061728416095,TRUE,"unstable_good_overlap_warning",10,"alpha_by_hidden_strength"
0.002,0.36,1800,857,0.498263115222956,0.501700448684511,0.000712595196206256,0.00202930735428851,3.40232516401778e-06,0.0879298157596587,8.26190427359836e-05,25844.036510556,1022.18574182494,0.999961306353998,0.999021704217656,0.300032097888369,0.0752763797514919,0.224755718136877,0.370068154073249,0.369894248070091,TRUE,"unstable_good_overlap_warning",11,"alpha_by_hidden_strength"
0.002,0.36,1800,907,0.498204976887598,0.501663366742171,0.000679281030825429,0.00196842022565972,3.99668475973408e-06,0.128895734213879,0.000103148818279331,32250.6632278037,1202.99714461076,0.99996899288573,0.999168742831619,0.316157890684625,0.0428718371541048,0.273286053530521,0.451957140453145,0.451776259286841,TRUE,"unstable_good_overlap_warning",12,"alpha_by_hidden_strength"
0.002,0.36,1800,911,0.498067534503854,0.501868460044755,0.0006838231577595,0.00204308155041825,4.38420522041043e-06,0.135709240872063,0.000105031476528773,30954.12601588,1240.30887257234,0.999967694129064,0.999193749216737,0.277264058675728,0.00623971554007552,0.271024343135653,0.455647077792436,0.455470715095831,TRUE,"unstable_good_overlap_warning",13,"alpha_by_hidden_strength"
0.002,0.36,1800,926,0.498265123409273,0.501720562211277,0.000667410149212677,0.00196386144840901,4.32883455738721e-06,0.155471496902512,0.000112240423929846,35915.3242845002,1333.72639510734,0.999972156731982,0.999250221032088,0.299407067850727,0.0421171847465545,0.257289883104173,0.48355658853509,0.483382003776929,TRUE,"unstable_good_overlap_warning",14,"alpha_by_hidden_strength"
0.002,0.36,1800,936,0.498528355438465,0.501869933115437,0.000678381569124975,0.0020326258484177,4.84887341737512e-06,0.154277440035702,0.000117361582952468,31817.1721049419,1262.39148938954,0.99996857043119,0.999207852707813,0.286876906823196,0.0197870345045548,0.267089872318641,0.503561110196462,0.503369533803903,TRUE,"unstable_good_overlap_warning",15,"alpha_by_hidden_strength"
0.002,0.36,1800,886,0.497901784585624,0.501441614400843,0.00066895395490929,0.00193388567680893,3.51316347285452e-06,0.137881884134288,9.39370170123359e-05,39247.2155650237,1414.89613921487,0.999974520485451,0.999293234342589,0.321081887394959,0.0239982674595669,0.297083619935392,0.48389865143988,0.483733782431035,TRUE,"unstable_good_overlap_warning",16,"alpha_by_hidden_strength"
0.002,0.36,1800,911,0.498281702331266,0.501545646331398,0.000686278856733225,0.00200487617173991,4.22144343043172e-06,0.137598591007353,0.000105023349585134,32595.1521736443,1259.54370189293,0.999969320591152,0.999206061688453,0.268563787988584,0.013816926122822,0.254746861865762,0.461250737600076,0.461074671730045,TRUE,"unstable_good_overlap_warning",17,"alpha_by_hidden_strength"
0.002,0.36,1800,899,0.49805692340589,0.501922794689157,0.000657542121867916,0.0019563969144857,3.81026449082079e-06,0.126939022947441,9.95499818106115e-05,33315.0161237485,1228.12229546402,0.999969983505447,0.999185748843015,0.235876925609574,-0.010472662328618,0.246349587938192,0.439954880717241,0.439782327767314,TRUE,"unstable_good_overlap_warning",18,"alpha_by_hidden_strength"
0.002,0.36,1800,903,0.498279779635429,0.501859342396604,0.000682658384210999,0.00202421512118365,4.15196223014386e-06,0.16021629551584,0.000101330471760102,38588.0907953945,1518.89077124116,0.999974085268812,0.999341624810069,0.193117507963394,-0.12057261020847,0.313690118171864,0.515471003898339,0.515307966377248,TRUE,"unstable_good_overlap_warning",19,"alpha_by_hidden_strength"
0.002,0.36,1800,876,0.498430923714973,0.501626666672985,0.000684889026867808,0.00197569007257528,3.5082989401837e-06,0.125342549838421,8.9879150092219e-05,35727.4428364014,1342.17768165967,0.999972010311385,0.999254942163273,0.151697602317756,-0.128920682368468,0.280618284686224,0.438752067850582,0.438594727669172,TRUE,"unstable_good_overlap_warning",20,"alpha_by_hidden_strength"
0.002,0.36,1800,905,0.498150899845761,0.501624387359562,0.000682939389880122,0.00203080533237314,4.21701791800533e-06,0.136616101681031,0.000102251304221246,32396.3768561958,1283.16196720325,0.999969132350681,0.999220675155936,0.295770844556962,0.0251278755697948,0.270642968987167,0.446283209036335,0.446116160677754,TRUE,"unstable_good_overlap_warning",21,"alpha_by_hidden_strength"
0.002,0.36,1800,901,0.498242906143468,0.501729285996527,0.000653627712504212,0.00205814699555893,4.25555392139166e-06,0.144566964663758,0.000100462346769006,33971.3624440415,1380.53726927907,0.999970563441438,0.999275644329021,0.251225280622284,-0.0573635434879403,0.308588824110225,0.489524066943449,0.489353942559893,TRUE,"unstable_good_overlap_warning",22,"alpha_by_hidden_strength"
0.002,0.36,1800,884,0.498299593101128,0.501749661522524,0.000671134215990576,0.00191393534047937,3.41105456269204e-06,0.115388635398403,9.3118107941799e-05,33827.8480386832,1195.37590925473,0.999970438557048,0.999163443070704,0.334679738687516,0.0908157321552683,0.243864006532247,0.406981620733846,0.40681736656765,TRUE,"unstable_good_overlap_warning",23,"alpha_by_hidden_strength"
0.002,0.36,1800,876,0.498628781161514,0.501901656620076,0.000681545017773788,0.00206521044953235,3.83363730651902e-06,0.11878882136604,8.98840008210877e-05,30985.9310801368,1267.51830006958,0.999967727288962,0.999211056755595,0.339669376099792,0.0542921803731877,0.285377195726604,0.441553150182342,0.441386058046542,TRUE,"unstable_good_overlap_warning",24,"alpha_by_hidden_strength"
0.002,0.36,1800,882,0.498560486030208,0.501633623817616,0.00067375406532727,0.00198090203859971,3.62216071026748e-06,0.125865146124144,9.23085050537135e-05,34748.63657136,1312.04287098154,0.999971221892463,0.999237829782763,0.226933611676976,-0.037866086715,0.264799698391976,0.443391159053413,0.443228534762045,TRUE,"unstable_good_overlap_warning",25,"alpha_by_hidden_strength"
0.002,0.36,1800,942,0.498312142023955,0.501683360382815,0.000690932922542797,0.00200682494605762,4.85558517514335e-06,0.148857778915784,0.000120565373229459,30657.0214601145,1186.86526406197,0.999967381045112,0.999157444378667,0.299703849429623,0.0577010785515573,0.242002770878066,0.479710585141429,0.479516271853471,TRUE,"unstable_good_overlap_warning",26,"alpha_by_hidden_strength"
0.002,0.36,1800,873,0.498407058132813,0.501846136583945,0.000688825815170047,0.00196198400675522,3.41315033163632e-06,0.127986692038247,8.86675056686827e-05,37498.1115985266,1389.94114070824,0.999973331990402,0.999280545074383,0.284552220948588,0.0140077859919403,0.270544434956648,0.445289540516286,0.445135264293882,TRUE,"unstable_good_overlap_warning",27,"alpha_by_hidden_strength"
0.002,0.36,1800,908,0.498304101664822,0.50224644166515,0.000675485290434708,0.00200994444544256,4.18581057043747e-06,0.142662828229631,0.00010361233543637,34082.4855374956,1323.42562014584,0.999970659416876,0.999244385188878,0.296916909261255,0.0133995590158402,0.283517350245415,0.473291037003652,0.4731191312002,TRUE,"unstable_good_overlap_warning",28,"alpha_by_hidden_strength"
0.002,0.36,1800,959,0.498270105425087,0.501713380559948,0.000648759008692379,0.0019934884883772,5.16719702710662e-06,0.180689203817025,0.000130025208071105,34968.5144323213,1336.53368830713,0.999971402845782,0.999251795889061,0.28212086559264,0.0186579787287862,0.263462886863853,0.514913520189187,0.514728213871145,TRUE,"unstable_good_overlap_warning",29,"alpha_by_hidden_strength"
0.002,0.36,1800,911,0.498148324135676,0.501401592575495,0.000661595153282624,0.0019459793633347,3.97677995321499e-06,0.129606865672756,0.000105015910026596,32590.9070146001,1189.1335620468,0.999969316594977,0.999159051571735,0.254946858359794,0.0173092345390524,0.237637623820741,0.444701920128045,0.444521714881838,TRUE,"unstable_good_overlap_warning",30,"alpha_by_hidden_strength"
0.002,0.36,1800,881,0.498182836193674,0.501514478337054,0.000670826179565265,0.00188838474793426,3.27716613487299e-06,0.133100621366839,9.19004187355493e-05,40614.548023821,1398.44503879822,0.999975378280723,0.999284920056022,0.332633340264289,0.0731012331728205,0.259532107091469,0.445564361139569,0.445410509000685,TRUE,"unstable_good_overlap_warning",31,"alpha_by_hidden_strength"
0.002,0.36,1800,902,0.498306923630358,0.501661367249051,0.000666994815207489,0.00202842641171216,4.15161999347446e-06,0.132750838758694,0.000100901838914116,31975.6718985245,1263.65033706759,0.999968726224013,0.999208641844452,0.238253968095475,-0.00294218238985589,0.241196150485331,0.449243470231304,0.449072700962332,TRUE,"unstable_good_overlap_warning",32,"alpha_by_hidden_strength"
0.002,0.36,1800,932,0.498132381355725,0.501608185465265,0.000657032187035889,0.0019747029834943,4.4960001990865e-06,0.158297318253702,0.000115298261024645,35208.4767002157,1321.40986251471,0.999971597748789,0.999243232528856,0.236089676587891,-0.0111303406324814,0.247220017220372,0.49624163081524,0.496060870188354,TRUE,"unstable_good_overlap_warning",33,"alpha_by_hidden_strength"
0.002,0.36,1800,890,0.498028737456691,0.501809053531595,0.000656332090985978,0.00198964886001901,3.78554287131435e-06,0.140209679662478,9.56258468250346e-05,37038.1962188153,1410.39854779968,0.999973000845017,0.999290980551873,0.315736665177812,0.0273041795604914,0.288432485617321,0.487006040070221,0.486839933257597,TRUE,"unstable_good_overlap_warning",34,"alpha_by_hidden_strength"
0.002,0.36,1800,935,0.49839531577246,0.501664732947652,0.000671225163302702,0.00196430186889526,4.50797198077491e-06,0.146503374972941,0.000116832790120159,32498.7323784912,1207.37147547397,0.999969229569069,0.999171754492869,0.381258392092829,0.144695129362669,0.23656326273016,0.46104656220014,0.460862683303529,TRUE,"unstable_good_overlap_warning",35,"alpha_by_hidden_strength"
0.005,0.36,1800,892,0.495616346477167,0.504197894094067,0.00167801908511517,0.00490890297895099,2.32555534575921e-05,0.124249216745453,9.65067704468882e-05,5342.77616621889,1037.46497808903,0.999812831387861,0.999036112041255,0.260395316018937,0.000659486074145121,0.259735829944792,0.434354193580623,0.434185443568922,TRUE,"unstable_good_overlap_warning",1,"alpha_by_hidden_strength"
0.005,0.36,1800,850,0.496104920416222,0.504036481956287,0.00170005447713317,0.00488540592057018,1.91074775543945e-05,0.114666763950391,8.00575046615068e-05,6001.14607613494,1156.32314339289,0.999833365162702,0.999135189842291,0.198863684702978,-0.0581847232926838,0.257048407995662,0.425160013657001,0.425011544883704,TRUE,"unstable_good_overlap_warning",2,"alpha_by_hidden_strength"
0.005,0.36,1800,929,0.496217379613964,0.504226419971543,0.00175937683427885,0.00509040733459806,2.94818251390064e-05,0.151362902707299,0.000113775641803669,5134.10896352668,1056.57949939787,0.999805224235188,0.999053549685026,0.235143943134314,-0.0495971261212937,0.284741069255608,0.503278941472553,0.50308971806516,TRUE,"unstable_good_overlap_warning",3,"alpha_by_hidden_strength"
0.005,0.36,1800,897,0.496161395119518,0.504379440966638,0.00169452545426951,0.00505516558118177,2.52297862805141e-05,0.123317903154218,9.87285595812544e-05,4887.79024059594,994.833403889845,0.999795408568949,0.998994806571543,0.260448219313758,0.00158733547888179,0.258860883834876,0.429158060607383,0.428986198640517,TRUE,"unstable_good_overlap_warning",4,"alpha_by_hidden_strength"
0.005,0.36,1800,893,0.495568032482041,0.504671126468525,0.00173047466139242,0.00514052621296681,2.56236283228324e-05,0.12671878983221,9.6967337264722e-05,4945.38822666635,1033.67152077538,0.99979779140602,0.999032574681704,0.290254516788104,0.0278234389214,0.262431077866704,0.438760193348549,0.438592253937139,TRUE,"unstable_good_overlap_warning",5,"alpha_by_hidden_strength"
0.005,0.36,1800,937,0.496519173886419,0.504246145852474,0.00172629395400326,0.00501741821559864,2.96856903009322e-05,0.157760840220007,0.00011791974950873,5314.37330985877,1068.80099014942,0.999811831058585,0.999064372124262,0.347722028649417,0.0852918921311905,0.262430136518227,0.489570088681015,0.489387053261764,TRUE,"unstable_good_overlap_warning",6,"alpha_by_hidden_strength"
0.005,0.36,1800,921,0.495298613023683,0.504603609158716,0.00163774906086811,0.00511105511308842,2.86704066081059e-05,0.14948210472386,0.000109752071031249,5213.81181533706,1079.89762409339,0.99980820174655,0.999073986294914,0.278361808687275,0.0110239682399713,0.267337840447304,0.487238560213061,0.487059624003199,TRUE,"unstable_good_overlap_warning",7,"alpha_by_hidden_strength"
0.005,0.36,1800,903,0.496553067036033,0.504513279728423,0.00169590896368477,0.00501475785078834,2.5493460797309e-05,0.135426079707943,0.000101374531951484,5312.18890933153,1067.45662774137,0.999811753682509,0.999063193787914,0.217759285984263,-0.0608143151118357,0.278573601096099,0.462086869384071,0.46191385458153,TRUE,"unstable_good_overlap_warning",8,"alpha_by_hidden_strength"
0.005,0.36,1800,881,0.496630663140381,0.504149701450445,0.00160468017388077,0.00468231663574533,2.01468447925602e-05,0.108170610787994,9.1893645941025e-05,5369.10925267757,965.459987543315,0.999813749366433,0.99896422429422,0.316857673915404,0.0907390977068765,0.226118576208528,0.388106460031513,0.387941541197926,TRUE,"unstable_good_overlap_warning",9,"alpha_by_hidden_strength"
0.005,0.36,1800,888,0.495922680255109,0.503668097107816,0.00164775032524306,0.00489562284036116,2.27197047279127e-05,0.135903194972384,9.47952940892821e-05,5981.73244766769,1156.47531243049,0.999832824351683,0.999135303634024,0.276799501139545,0.0267278180315775,0.250071683107968,0.445292085009321,0.445136731715398,TRUE,"unstable_good_overlap_warning",10,"alpha_by_hidden_strength"
0.005,0.36,1800,880,0.495908903631014,0.503984809304243,0.00171016554857611,0.00483370951705072,2.13879426365713e-05,0.129571539581506,9.15393691194906e-05,6058.1581774,1147.38886073369,0.999834933329451,0.999128455893009,0.132198127390809,-0.115535658774841,0.24773378616565,0.439795904203577,0.439640498157214,TRUE,"unstable_good_overlap_warning",11,"alpha_by_hidden_strength"
0.005,0.36,1800,860,0.494124752298505,0.503825300403758,0.0017020080321456,0.0051072181586005,2.18348397778213e-05,0.117899718487082,8.37107418188514e-05,5399.61454660354,1117.05025168764,0.999814801595305,0.999104785126283,0.13697636877028,-0.140584058174027,0.277560426944307,0.432969210908852,0.432815447498483,TRUE,"unstable_good_overlap_warning",12,"alpha_by_hidden_strength"
0.005,0.36,1800,834,0.495952011264249,0.504212333456284,0.00162054895693153,0.00500756637620552,1.86934202060658e-05,0.0864872547402011,7.45478871656072e-05,4626.61480814179,927.563728760802,0.999783859248831,0.998921906960144,0.276093506005987,0.0189652427329825,0.257128263273005,0.372022502463231,0.371862100397921,TRUE,"unstable_good_overlap_warning",13,"alpha_by_hidden_strength"
0.005,0.36,1800,886,0.49601767799191,0.504096036651383,0.001706492138703,0.00500656368416494,2.35495699255136e-05,0.123865170085498,9.39514507377947e-05,5259.76357433615,1054.16250332349,0.999809877385957,0.999051379652713,0.261170503790832,0.013855588219539,0.247314915571293,0.420522386768258,0.4203628435379,TRUE,"unstable_good_overlap_warning",14,"alpha_by_hidden_strength"
0.005,0.36,1800,889,0.495979919028235,0.50454024923723,0.00171581562429524,0.00512177766210536,2.49854807251638e-05,0.131462006525833,9.52458948420586e-05,5261.53600852805,1093.40848763999,0.99980994143186,0.999085428720095,0.357370771690369,0.0883637897272973,0.269006981963071,0.46348810800668,0.463320144142147,TRUE,"unstable_good_overlap_warning",15,"alpha_by_hidden_strength"
0.005,0.36,1800,909,0.495738481928197,0.503892539749936,0.00167878935867521,0.0050507613088534,2.65451508691362e-05,0.137603547491892,0.000104057049666349,5183.75458366228,1053.6081852197,0.99980708963284,0.999050880570189,0.274725843285233,0.0178195231067235,0.256906320178509,0.467078190669888,0.466901518801216,TRUE,"unstable_good_overlap_warning",16,"alpha_by_hidden_strength"
0.005,0.36,1800,891,0.495616667170825,0.504095988331046,0.00169452590158159,0.00498029605741413,2.38124099547562e-05,0.120758815470717,9.60048182527687e-05,5071.25552181238,1007.85852983981,0.999802810172807,0.99900779725488,0.264408605911332,0.0241760352405191,0.240232570670813,0.42405146184274,0.42388283187315,TRUE,"unstable_good_overlap_warning",17,"alpha_by_hidden_strength"
0.005,0.36,1800,881,0.495611973648045,0.504212676290228,0.00161797423607674,0.00489878143965746,2.20806637524345e-05,0.128695550294624,9.20102046849875e-05,5828.42761148584,1128.00920930155,0.999828427139074,0.999113482415078,0.247070006677959,-0.0271041927880713,0.27417419946603,0.44471327137721,0.444554242959466,TRUE,"unstable_good_overlap_warning",18,"alpha_by_hidden_strength"
0.005,0.36,1800,882,0.496315885344327,0.503892789939141,0.00162217582142338,0.00491613716053504,2.23237647826426e-05,0.114083002372551,9.23675566074132e-05,5110.38364197663,994.696032706466,0.999804319974769,0.99899466775063,0.324244274457051,0.0545667682661,0.269677506190951,0.431888387675515,0.431713478341346,TRUE,"unstable_good_overlap_warning",19,"alpha_by_hidden_strength"
0.005,0.36,1800,874,0.495964386665435,0.505250016475884,0.00171387522734767,0.00505476360002646,2.27652830027565e-05,0.125478435014218,8.90986973759726e-05,5511.83286405992,1121.70543716928,0.999818572147476,0.999108500354136,0.294146674194641,0.00551634884116581,0.288630325353475,0.45279788520607,0.452637067973095,TRUE,"unstable_good_overlap_warning",20,"alpha_by_hidden_strength"
0.005,0.36,1800,923,0.494941332055061,0.50340357605261,0.00170398906543823,0.0048890637043761,2.64601507167712e-05,0.148399652413307,0.000110698292316791,5608.42052646536,1081.95783745514,0.999821696679969,0.999075749566774,0.415275352483314,0.154947697299296,0.260327655184018,0.483653130955794,0.483472675292655,TRUE,"unstable_good_overlap_warning",21,"alpha_by_hidden_strength"
0.005,0.36,1800,901,0.495391111290117,0.50487076197605,0.00172875719316912,0.0050601445821924,2.57286352373685e-05,0.141300783426003,0.000100482607848875,5491.96574642935,1119.55781411208,0.999817915834481,0.999106790210032,0.240728156587888,-0.0476355177250511,0.288363674312939,0.472241891753434,0.472073919645684,TRUE,"unstable_good_overlap_warning",22,"alpha_by_hidden_strength"
0.005,0.36,1800,899,0.495890690104986,0.503919482627485,0.001675323409143,0.00492773308123621,2.41682854342827e-05,0.125278406670299,9.95294239278643e-05,5183.58685439025,1012.77871123324,0.999807083390692,0.999012617476149,0.364460955505411,0.123308847739503,0.241152107765908,0.437265253384988,0.437091489173987,TRUE,"unstable_good_overlap_warning",23,"alpha_by_hidden_strength"
0.005,0.36,1800,885,0.495742260596389,0.504099800942772,0.00169330411563895,0.0049481674559999,2.29199448420472e-05,0.109152645006634,9.36105487109097e-05,4762.34326735339,936.687399826642,0.99979001933631,0.998932407972836,0.270408277094757,0.0158964491953075,0.25451182789945,0.415050714095718,0.414872662420866,TRUE,"unstable_good_overlap_warning",24,"alpha_by_hidden_strength"
0.005,0.36,1800,869,0.495401348980032,0.50436747829057,0.00170004474864333,0.00514586843076338,2.30677079984568e-05,0.12969706357333,8.71138262196534e-05,5622.45124578507,1177.12159749552,0.999822141632486,0.99915047009406,0.114113189657538,-0.158257226873239,0.272370416530777,0.443660104167719,0.443511055693764,TRUE,"unstable_good_overlap_warning",25,"alpha_by_hidden_strength"
0.005,0.36,1800,893,0.49571704051235,0.504770293254497,0.00175620076321276,0.00507224078098647,2.49380805117257e-05,0.12872336502823,9.6931135379551e-05,5161.71904119505,1056.24184160722,0.999806266092358,0.999053247125224,0.268387990231513,0.0120895056684296,0.256298484563083,0.445535683859487,0.445367871340878,TRUE,"unstable_good_overlap_warning",26,"alpha_by_hidden_strength"
0.005,0.36,1800,888,0.49567105619111,0.503850562090005,0.00154877583776331,0.00481992093176349,2.20166780718592e-05,0.137031087693808,9.47702364867423e-05,6223.96745079157,1173.34282022708,0.999839330779297,0.999147734163655,0.316828514541714,0.0434234804108464,0.273405034130868,0.46693194697232,0.466770428813081,TRUE,"unstable_good_overlap_warning",27,"alpha_by_hidden_strength"
0.005,0.36,1800,939,0.495669103983766,0.504789247503347,0.0016606220219425,0.00489071398562746,2.84427193592656e-05,0.166643188036594,0.000118912246825503,5858.90490749815,1130.89631351575,0.999829319639798,0.999115745636405,0.328311160275519,0.064410531179973,0.263900629095546,0.510477219462858,0.510295024220929,TRUE,"unstable_good_overlap_warning",28,"alpha_by_hidden_strength"
0.005,0.36,1800,924,0.495248190104955,0.505148654247976,0.00169502528639176,0.00514794784401957,2.94923082842299e-05,0.137769680154947,0.000111285988677296,4671.37664597842,978.628688714706,0.999785930342213,0.998978161981626,0.23349700790032,-0.0136219258236536,0.247118933723973,0.451181658700504,0.450999357719311,TRUE,"unstable_good_overlap_warning",29,"alpha_by_hidden_strength"
0.005,0.36,1800,890,0.496210935703971,0.504006250147303,0.0017568894265283,0.00511735726815339,2.50400690371768e-05,0.131853755757374,9.5618966509256e-05,5265.71055221981,1092.77979191731,0.999810092106263,0.999084902550911,0.232559336697074,-0.0297011468643427,0.262260483561416,0.457043062676444,0.456877279703761,TRUE,"unstable_good_overlap_warning",30,"alpha_by_hidden_strength"
0.005,0.36,1800,903,0.495037173833277,0.504816227013757,0.00169225397902772,0.00510052887975545,2.63748736830502e-05,0.130741325518223,0.000101381792711043,4957.04082185779,1023.36206170974,0.999798266740998,0.999022828735385,0.304261701345371,0.0659847585969899,0.238276942748381,0.434304906438586,0.434136451527534,TRUE,"unstable_good_overlap_warning",31,"alpha_by_hidden_strength"
0.005,0.36,1800,905,0.495797697000541,0.505106734738052,0.0016860879338893,0.00501939724837436,2.5756772964587e-05,0.124202557602257,0.000102232342790323,4822.13194071411,970.414998726109,0.999792622845601,0.998969513042036,0.230904302710825,0.0105553869710235,0.220348915739802,0.415304155165055,0.415133164051291,TRUE,"unstable_good_overlap_warning",32,"alpha_by_hidden_strength"
0.005,0.36,1800,895,0.495594209716784,0.503937817840671,0.00170328886382931,0.00484642719377315,2.29695605090822e-05,0.143248963723389,9.77933446822671e-05,6236.46950784053,1186.20004625105,0.999839652867902,0.99915697187573,0.195812816633862,-0.0924645427257553,0.288277359359617,0.473492079520848,0.47333040397748,TRUE,"unstable_good_overlap_warning",33,"alpha_by_hidden_strength"
0.005,0.36,1800,875,0.495924015051595,0.503566608520309,0.00165317483751637,0.00488389391861629,2.13317322487468e-05,0.120815941316926,8.9432151623151e-05,5663.67231259543,1090.75212148261,0.999823436112683,0.999083201416431,0.248684076926539,-0.00349203411522558,0.252176111041764,0.429510832015333,0.429351805091966,TRUE,"unstable_good_overlap_warning",34,"alpha_by_hidden_strength"
0.005,0.36,1800,903,0.496137085403687,0.503680762671205,0.00161233920519999,0.00488700768176782,2.42120132574328e-05,0.128899632740781,0.00010137826623433,5323.78829345017,1026.35039321841,0.999812163830551,0.999025673876478,0.272531123909974,0.0184498505841784,0.254081273325796,0.444392014904305,0.444217192757965,TRUE,"unstable_good_overlap_warning",35,"alpha_by_hidden_strength"
0.01,0.36,1800,900,0.492268578087745,0.507668733889645,0.00352602696477761,0.0101169282864517,0.000102386721140185,0.137903169204069,0.000100033690701511,1346.88529594825,681.271063275562,0.999257546278805,0.998532155475396,0.219908794299567,-0.0375545010780065,0.257463295377573,0.4634873424913,0.463319082318915,TRUE,"unstable_good_overlap_warning",1,"alpha_by_hidden_strength"
0.01,0.36,1800,875,0.492282162221016,0.508834201314411,0.00336689381412275,0.0101769847405949,9.27229050312336e-05,0.126810639272518,8.95259180168608e-05,1367.63013658601,695.810470276963,0.999268808157082,0.99856282703018,0.341062582227196,0.062415284297654,0.278647297929542,0.446001921866377,0.445844344360686,TRUE,"unstable_good_overlap_warning",2,"alpha_by_hidden_strength"
0.01,0.36,1800,887,0.492265140589158,0.507116973141149,0.0035842722404843,0.010188672117941,9.79731326934764e-05,0.1397788071124,9.43782286590577e-05,1426.70549843209,726.684782106733,0.999299084498448,0.998623887516812,0.27907744631288,0.00830869509595433,0.270768751216925,0.468651833657451,0.468493479778456,TRUE,"unstable_good_overlap_warning",3,"alpha_by_hidden_strength"
0.01,0.36,1800,902,0.492437963037398,0.508492234771843,0.00334928871688428,0.0100633690745155,0.00010199322781791,0.129097331694382,0.000100712768568867,1265.74415239472,636.869821295546,0.999209950922461,0.998429820401969,0.415424829825694,0.175398339583942,0.240026490241752,0.422109155216624,0.421944342739094,TRUE,"unstable_good_overlap_warning",4,"alpha_by_hidden_strength"
0.01,0.36,1800,912,0.489551550253422,0.507941667727649,0.00344876829012281,0.00977511669815549,0.000100741504844421,0.136986547651472,0.000105430079077601,1359.78262249533,664.429816396441,0.9992645883368,0.998494950143232,0.314523908266468,0.0915383751557082,0.22298553311076,0.441410953441944,0.441240932322038,TRUE,"unstable_good_overlap_warning",5,"alpha_by_hidden_strength"
0.01,0.36,1800,921,0.491396673953605,0.5079753984382,0.00347362722956929,0.00996526940825158,0.000109060372221283,0.144427539425441,0.000109821883333367,1324.28980833109,659.841242312951,0.999244878278373,0.99848448393966,0.27223172170794,0.0133406704036325,0.258891051304308,0.472386264956232,0.472206495106834,TRUE,"unstable_good_overlap_warning",6,"alpha_by_hidden_strength"
0.01,0.36,1800,904,0.491065819183565,0.507066055296761,0.00336231303707546,0.00971158950519744,9.59922224265878e-05,0.132178418826815,0.000101778351513411,1376.97008659115,668.342191629158,0.999273767811125,0.998503760479998,0.211113553096253,-0.0399766348022381,0.251090187898492,0.460300077028523,0.460122696839827,TRUE,"unstable_good_overlap_warning",7,"alpha_by_hidden_strength"
0.01,0.36,1800,908,0.490657660310466,0.508558398593276,0.0034285548529418,0.00994294174484598,0.000102431246835482,0.135909574801617,0.000103610237528395,1326.83706388838,659.62238245962,0.999246327957504,0.998483981097986,0.126214359280497,-0.136080855904145,0.262295215184641,0.447495428802316,0.447324694211071,TRUE,"unstable_good_overlap_warning",8,"alpha_by_hidden_strength"
0.01,0.36,1800,898,0.491179962717399,0.508420689777407,0.00340538283499953,0.0100331769232771,9.9828735329339e-05,0.127071028685819,9.91696152181115e-05,1272.89029823534,638.553175623029,0.999214386344694,0.998433959710522,0.250654362297604,-0.00958627048579297,0.260240632783397,0.449344199578213,0.44916868735248,TRUE,"unstable_good_overlap_warning",9,"alpha_by_hidden_strength"
0.01,0.36,1800,873,0.491233026796047,0.50932003835494,0.003376368606681,0.0101769310222727,9.18467071056916e-05,0.120499429681671,8.86808666485262e-05,1311.96243696584,667.48490092559,0.999237783055502,0.998501838770265,0.364011700682199,0.103409206611268,0.260602494070931,0.414041345921918,0.413888845939626,TRUE,"unstable_good_overlap_warning",10,"alpha_by_hidden_strength"
0.01,0.36,1800,876,0.489967720501807,0.509787387685556,0.00349691903245292,0.0104966934073996,9.89646920357861e-05,0.118408826028199,8.98204554579843e-05,1196.4754660721,627.214733786755,0.999164211863631,0.99840564969837,0.272841566134697,0.0268620199199461,0.245979546214751,0.418131873153603,0.417973120849192,TRUE,"unstable_good_overlap_warning",11,"alpha_by_hidden_strength"
0.01,0.36,1800,858,0.492410474394657,0.507552818142708,0.0032933585953227,0.00992383726639202,8.16833794772661e-05,0.118985478517458,8.29419858852537e-05,1456.66694104611,722.765159885546,0.999313501273475,0.998616424731709,0.212044595307334,-0.0708920379094977,0.282936633216832,0.427950507708951,0.427801222074147,TRUE,"unstable_good_overlap_warning",12,"alpha_by_hidden_strength"
0.01,0.36,1800,896,0.491649508709537,0.508824649504905,0.00341425095187342,0.00973547286665302,9.30793768454663e-05,0.12395831819353,9.82063037759133e-05,1331.74847527535,648.0271695762,0.999249107456426,0.998456854825001,0.135440001239182,-0.112108264051469,0.24754826529065,0.419320932328967,0.419154670491291,TRUE,"unstable_good_overlap_warning",13,"alpha_by_hidden_strength"
0.01,0.36,1800,905,0.490514125982224,0.507666718730271,0.00330089976732245,0.00984802995396705,9.9225901372441e-05,0.141263767007371,0.000102311942664098,1423.65818857258,700.92923581022,0.99929758420383,0.998573322456947,0.266676607979026,0.0108097266494946,0.255866881329531,0.481109466629548,0.48093508797219,TRUE,"unstable_good_overlap_warning",14,"alpha_by_hidden_strength"
0.01,0.36,1800,885,0.492567963122698,0.50811586210387,0.00330936179564006,0.0099822923225519,9.32398975772721e-05,0.137999483443067,9.35709891532412e-05,1480.04756578267,738.712212431926,0.999324346039196,0.998646292855092,0.286748659004215,0.00495900715098596,0.281789651853229,0.472980508147282,0.47282001953315,TRUE,"unstable_good_overlap_warning",15,"alpha_by_hidden_strength"
0.01,0.36,1800,938,0.489708982733868,0.507882215927938,0.00335565704251173,0.010059927379507,0.000119817766536108,0.155980219892298,0.000118394500216098,1301.81211352568,654.795078435452,0.99923183999472,0.998472804648457,0.261698250527587,0.00396944523538312,0.257728805292204,0.48037143973156,0.480188955468835,TRUE,"unstable_good_overlap_warning",16,"alpha_by_hidden_strength"
0.01,0.36,1800,859,0.49087457678126,0.508385608022731,0.00314888659250229,0.0100271210558503,8.37085880391541e-05,0.0981701158467576,8.32563754836161e-05,1172.76038392667,587.968360400171,0.999147310896833,0.998299228211329,0.250417430594137,-0.0105982310327037,0.261015661626841,0.397075599488096,0.396907043546968,TRUE,"unstable_good_overlap_warning",17,"alpha_by_hidden_strength"
0.01,0.36,1800,880,0.491269473972576,0.509640315071385,0.00339100099200285,0.0099877530274061,9.12877424329413e-05,0.10533090200528,9.15117535635659e-05,1153.83401098624,576.210024163811,0.9991333242126,0.998264521688162,0.374463193771125,0.133671407954109,0.240791785817016,0.404720116964878,0.404544115262813,TRUE,"unstable_good_overlap_warning",18,"alpha_by_hidden_strength"
0.01,0.36,1800,901,0.491488268426454,0.509999684924895,0.00334644647180454,0.00980918795684074,9.65347423869532e-05,0.133178464148907,0.000100326931473561,1379.59102449427,676.507831805141,0.999275147502234,0.998521820512659,0.218447649678695,-0.0521042086874883,0.270551858366183,0.475072638223378,0.474893532139983,TRUE,"unstable_good_overlap_warning",19,"alpha_by_hidden_strength"
0.01,0.36,1800,898,0.491373568311647,0.508006801090606,0.00350040464807422,0.00997038596630759,9.85160291799807e-05,0.133192434962825,9.91021227839138e-05,1351.98744885965,673.988870147715,0.999260348163111,0.998516295974174,0.164503427546164,-0.0953644639619324,0.259867891508096,0.46541720762433,0.465243899847354,TRUE,"unstable_good_overlap_warning",20,"alpha_by_hidden_strength"
0.01,0.36,1800,896,0.491110015602816,0.509033937657052,0.00341709475038121,0.0106549629774656,0.000111522418890885,0.126299979603511,9.82331997483217e-05,1132.50753399713,602.129184538105,0.999117003666659,0.998339226820957,0.224103371940125,-0.00634610609549946,0.230449478035625,0.430851932584511,0.430684198526145,TRUE,"unstable_good_overlap_warning",21,"alpha_by_hidden_strength"
0.01,0.36,1800,917,0.490774090305968,0.507089976032222,0.00329485624747866,0.00999450925590444,0.000107654728084237,0.141849421868271,0.000107773046436203,1317.63299571272,658.454659265917,0.999241063328519,0.998481292544706,0.186003976264696,-0.0583391551906738,0.24434313145537,0.461468597823575,0.461293126136632,TRUE,"unstable_good_overlap_warning",22,"alpha_by_hidden_strength"
0.01,0.36,1800,906,0.491474868477866,0.508607162500557,0.00339339691265345,0.00987023869649856,0.000100129711315249,0.135729967860421,0.000102779772717632,1355.54138804103,668.918796513356,0.999262287371804,0.998505050231489,0.118240788996255,-0.140275370553712,0.258516159549968,0.454453714616762,0.454281490339292,TRUE,"unstable_good_overlap_warning",23,"alpha_by_hidden_strength"
0.01,0.36,1800,916,0.492354716963807,0.508907520225275,0.003210677727429,0.00988479013472765,0.00010491010429767,0.144136844385039,0.000107369866325929,1373.90812210106,678.994084847565,0.999272149291562,0.998527233119822,0.2387435480106,-0.0108988439224125,0.249642391933013,0.468437902711787,0.468263269592548,TRUE,"unstable_good_overlap_warning",24,"alpha_by_hidden_strength"
0.01,0.36,1800,878,0.491941868613941,0.509307097963373,0.00338310882501369,0.0104423090000984,9.88985675143484e-05,0.139049595588713,9.06978350190152e-05,1405.98189724577,733.397858454851,0.999288753289101,0.998636483610537,0.159032035323037,-0.126420945138595,0.285452980461632,0.46324324968257,0.463092037708996,TRUE,"unstable_good_overlap_warning",25,"alpha_by_hidden_strength"
0.01,0.36,1800,914,0.491481733888802,0.508416235329377,0.0032291788127195,0.00952643554476489,9.6480088179289e-05,0.141705143566345,0.000106310662589228,1468.75014565715,698.77518096523,0.999319149003691,0.998568924559372,0.267394704980536,0.000533966562840105,0.266860738417696,0.464030510039382,0.463856295228092,TRUE,"unstable_good_overlap_warning",26,"alpha_by_hidden_strength"
0.01,0.36,1800,904,0.491073851212118,0.507312633998255,0.00315655635270501,0.0094379178101989,9.0656856069621e-05,0.13419655598149,0.000101776678131814,1480.26924602848,697.365750405103,0.999324447222907,0.998566032244315,0.25463875004799,0.0325686500632207,0.222070099984769,0.455900935892105,0.455727905137923,TRUE,"unstable_good_overlap_warning",27,"alpha_by_hidden_strength"
0.01,0.36,1800,899,0.491871086542856,0.507084984153323,0.00333936271078117,0.0097429192338196,9.45110669199921e-05,0.136052555213623,9.95644871611004e-05,1439.54099395363,701.02881250451,0.999305334127892,0.998573525107438,0.237680214955497,-0.00912277948656581,0.246802994442062,0.456899967345726,0.456732638730718,TRUE,"unstable_good_overlap_warning",28,"alpha_by_hidden_strength"
0.01,0.36,1800,939,0.491019810984249,0.509585124829718,0.00326922822208631,0.00991371193172072,0.000116821791737331,0.151731475815034,0.000118864254932966,1298.82852812424,643.786418240075,0.999230075426936,0.998446689815648,0.194823974633311,-0.0692917980043324,0.264115772637643,0.485786513815988,0.485596050782457,TRUE,"unstable_good_overlap_warning",29,"alpha_by_hidden_strength"
0.01,0.36,1800,896,0.492022600081063,0.508566035309372,0.00325776222396795,0.00990200998201594,9.63864186190582e-05,0.118331114375111,9.83035324535924e-05,1227.67414818869,607.792614478362,0.999185451610694,0.998354701955603,0.300999444655214,0.0416283153467301,0.259371129308484,0.432942071378292,0.432762054112194,TRUE,"unstable_good_overlap_warning",30,"alpha_by_hidden_strength"
0.01,0.36,1800,930,0.492654269339664,0.509400603924617,0.00347964508834736,0.0098341192963971,0.000110536938120246,0.132915575720265,0.000114297435371685,1202.45393060982,591.171063640919,0.999168367307434,0.99830844224032,0.286694559563346,0.0615781246119009,0.225116434951445,0.443611037332201,0.443420101361599,TRUE,"unstable_good_overlap_warning",31,"alpha_by_hidden_strength"
0.01,0.36,1800,892,0.490592166674368,0.507955616040333,0.00335926347484083,0.00992677098262452,9.50354319532121e-05,0.122891780934903,9.64427416628057e-05,1293.1154034782,641.805687897071,0.999226673816343,0.998441896014857,0.299695770346992,0.0518667265030939,0.247829043843899,0.431706944875961,0.431537383462596,TRUE,"unstable_good_overlap_warning",32,"alpha_by_hidden_strength"
0.01,0.36,1800,899,0.491321297356398,0.508089309287667,0.00318863905973416,0.00991209884029283,9.76793111243342e-05,0.13853532137434,9.94194462929182e-05,1418.266772971,702.872626847994,0.999294914032354,0.99857726711526,0.236459088371255,-0.0390512405706924,0.275510328941947,0.466546927246057,0.466379371055591,TRUE,"unstable_good_overlap_warning",33,"alpha_by_hidden_strength"
0.01,0.36,1800,911,0.491561474512803,0.508643008415075,0.00328136454213884,0.0100730932428235,0.000106515330565535,0.152350941647147,0.000104975127642085,1430.31938067741,720.36792079567,0.999300855449832,0.998611820472384,0.164893102154794,-0.123662695146652,0.288555797301445,0.497024641313818,0.496853258283752,TRUE,"unstable_good_overlap_warning",34,"alpha_by_hidden_strength"
0.01,0.36,1800,866,0.49198613122123,0.509075103976116,0.00329554888564754,0.0103532607300646,9.2343385280903e-05,0.100852762515724,8.61492476993236e-05,1092.14928832137,565.024790277461,0.999084374260284,0.998230166149862,0.22212083788567,-0.00736819208468309,0.229489029970353,0.379973993744668,0.379811521843977,TRUE,"unstable_good_overlap_warning",35,"alpha_by_hidden_strength"
0.02,0.36,1800,887,0.485746408447177,0.513670201633101,0.00668468284280699,0.0202357464683103,0.000386942821185668,0.133192982234013,9.44948923673135e-05,344.218770685249,276.656727307582,0.997094870805537,0.996385412313187,0.2657789795194,-0.00849395462212454,0.274272934141525,0.470429566052085,0.470262174939384,TRUE,"unstable_good_overlap_warning",1,"alpha_by_hidden_strength"
0.02,0.36,1800,903,0.477425138207064,0.51695726585724,0.00660995739012055,0.0200813031505741,0.000408508615199741,0.137383511979736,0.000101301863667884,336.305054209352,269.479576576943,0.997026509154461,0.99628914364234,0.347500073271529,0.0530652667926286,0.294434806478901,0.467903782361292,0.467730727822137,TRUE,"unstable_good_overlap_warning",2,"alpha_by_hidden_strength"
0.02,0.36,1800,929,0.484155744606505,0.5146420346417,0.00693508335750831,0.0200538699553376,0.000457894123294292,0.153957449185573,0.000113859344998983,336.229362538953,269.272435976902,0.997025839764711,0.996286289027794,0.288110974220677,-0.013126785226766,0.301237759447443,0.512041813935619,0.511851873447585,TRUE,"unstable_good_overlap_warning",3,"alpha_by_hidden_strength"
0.02,0.36,1800,927,0.481586022544975,0.517350903102065,0.00664566738422973,0.0202169525152857,0.000460394485543124,0.184480267608427,0.000112641579343781,400.700428439747,321.934829084162,0.997504370025523,0.99689378125739,0.227333195732372,-0.0717090849742568,0.299042280706628,0.537774721878706,0.537610106324755,TRUE,"unstable_good_overlap_warning",4,"alpha_by_hidden_strength"
0.02,0.36,1800,892,0.481774125340531,0.517272916943787,0.006671561667702,0.0201617834708678,0.000392940236557258,0.138897907416898,9.66648563042906e-05,353.483544046928,283.693755318382,0.997171013992472,0.996475072216948,0.191222888796807,-0.0871723873571091,0.278395276153916,0.469007919555785,0.468844226884262,TRUE,"unstable_good_overlap_warning",5,"alpha_by_hidden_strength"
0.02,0.36,1800,896,0.485143064089312,0.516473454305516,0.00687007379984739,0.0195781344113386,0.00037663969359887,0.130005789441882,9.82615196341927e-05,345.172831359463,273.753331891533,0.997102900607613,0.996347076424274,0.229009338881629,-0.0103895817236239,0.239398920605253,0.427907926953534,0.427745714772223,TRUE,"unstable_good_overlap_warning",6,"alpha_by_hidden_strength"
0.02,0.36,1800,858,0.48347556703414,0.519124723098412,0.00707482750494443,0.0208840347492831,0.000362119140623682,0.119420362671414,8.30276348581954e-05,329.781967519682,268.271880756948,0.996967693511197,0.996272438254884,0.184316591436593,-0.0944012397836094,0.278717831220203,0.453185344975576,0.453027298508216,TRUE,"unstable_good_overlap_warning",7,"alpha_by_hidden_strength"
0.02,0.36,1800,891,0.483420515628509,0.514886707799075,0.00673698640612341,0.0193749076292435,0.000361688325332868,0.118278429038017,9.63507743626493e-05,327.017547301709,258.227800021097,0.996942060118024,0.996127450259351,0.239088521488349,-0.00523890066632959,0.244327422154679,0.429759853551539,0.429584237449316,TRUE,"unstable_good_overlap_warning",8,"alpha_by_hidden_strength"
0.02,0.36,1800,895,0.482712398334295,0.519290448003355,0.00669351109416111,0.0196566976962722,0.000376784242265895,0.134638453232009,9.75150424929425e-05,357.335679492125,283.86813465356,0.997201510911473,0.996477237569407,0.272169917219416,0.0123076237456601,0.259862293473755,0.447038851502426,0.446876478536007,TRUE,"unstable_good_overlap_warning",9,"alpha_by_hidden_strength"
0.02,0.36,1800,848,0.484643406482022,0.514582857358766,0.00640248405920613,0.0197807085836897,0.000310472033408153,0.115180811744444,7.93485137255452e-05,370.98610937696,295.471371612796,0.997304481287239,0.996615577358505,0.209435679151775,-0.0727380452469617,0.282173724398736,0.425711309816629,0.425564250988159,TRUE,"unstable_good_overlap_warning",10,"alpha_by_hidden_strength"
0.02,0.36,1800,896,0.482447997333286,0.516924365975682,0.00695547291411852,0.020707360644367,0.000420818707316791,0.13306442838541,9.81398846672614e-05,316.203690738587,256.406639066686,0.996837481568719,0.996099944979428,0.270214670568995,0.0158635766963111,0.254351093872684,0.446809965029688,0.446644642356333,TRUE,"unstable_good_overlap_warning",11,"alpha_by_hidden_strength"
0.02,0.36,1800,881,0.485020659311878,0.514326326553246,0.0065554085427888,0.0189674549916749,0.000330626511391227,0.125428743545193,9.19008546671676e-05,379.36686630908,296.853538068487,0.997364029152759,0.9966313354171,0.234732241284905,-0.0350948199980228,0.269827061282928,0.440884086748247,0.440722113612901,TRUE,"unstable_good_overlap_warning",12,"alpha_by_hidden_strength"
0.02,0.36,1800,891,0.478742147052976,0.517207427627475,0.00691444522734819,0.0198603140880673,0.000378854466611558,0.13313160320289,9.60506231552286e-05,351.405658203288,280.333073011004,0.997154286003495,0.996432814761173,0.241403770744206,-0.0366393455324172,0.278043116276623,0.45784592588221,0.457680263233606,TRUE,"unstable_good_overlap_warning",13,"alpha_by_hidden_strength"
0.02,0.36,1800,881,0.481213250933052,0.515804583936902,0.0069444639939692,0.0206285923063469,0.00039107888927362,0.123042913940088,9.19020475678329e-05,314.624279946752,254.757288651496,0.996821605757289,0.996074695231319,0.263296559649881,0.000470277552256038,0.262826282097625,0.431266798878054,0.431105196203916,TRUE,"unstable_good_overlap_warning",14,"alpha_by_hidden_strength"
0.02,0.36,1800,867,0.482766729592302,0.516864537414237,0.00646227924044074,0.0192911594078462,0.000320832068239937,0.116231496223363,8.62106881056478e-05,362.281416757998,285.551073963053,0.997239714890847,0.996497999513287,0.257544472935593,0.00523578885677778,0.252308684078815,0.415153840570867,0.414999422700867,TRUE,"unstable_good_overlap_warning",15,"alpha_by_hidden_strength"
0.02,0.36,1800,877,0.480589082864102,0.520035121591644,0.00678087139213374,0.0204744713304825,0.000378739207206619,0.128629361565226,9.03472363461627e-05,339.625153978454,274.21248968742,0.99705557733788,0.996353193098024,0.080771540964391,-0.202608986057611,0.283380527022002,0.454295386404148,0.454135342098144,TRUE,"unstable_good_overlap_warning",16,"alpha_by_hidden_strength"
0.02,0.36,1800,908,0.484402305346959,0.517366103289349,0.00679829726476749,0.0203173787252545,0.000429002751825281,0.137328832328655,0.000103926122912844,320.111774911375,257.686980079915,0.996876091170727,0.996119322754724,0.31443881399649,0.0538375687076804,0.260601245288809,0.455147789702433,0.454974996478908,TRUE,"unstable_good_overlap_warning",17,"alpha_by_hidden_strength"
0.02,0.36,1800,928,0.481781075371661,0.517802573004862,0.00669666009940661,0.0193631663238527,0.000424962737407316,0.143690362263958,0.000113343886168319,338.124615679502,266.930325526207,0.997042510501667,0.996253704040451,0.291239803709677,0.0337135879252948,0.257526215784382,0.467429324042785,0.467244384974451,TRUE,"unstable_good_overlap_warning",18,"alpha_by_hidden_strength"
0.02,0.36,1800,889,0.48362267580916,0.516921309353552,0.00687751725012076,0.0203007488653431,0.000392373147534771,0.128898266068984,9.52083767890078e-05,328.509396932066,264.362490452754,0.99695594704645,0.996217315102882,0.21758533640171,-0.0565608646708462,0.274146201072556,0.457849349041137,0.457679710243416,TRUE,"unstable_good_overlap_warning",19,"alpha_by_hidden_strength"
0.02,0.36,1800,923,0.479536957851245,0.520374932447215,0.00638060465162982,0.0195728061740619,0.000424065143795872,0.127347569886699,0.000110694587481187,300.301903492448,238.139789588457,0.996670017777542,0.995800785741315,0.298218795813254,0.0412863290161838,0.25693246679707,0.442793534943952,0.442600404682702,TRUE,"unstable_good_overlap_warning",20,"alpha_by_hidden_strength"
0.02,0.36,1800,880,0.479904816797052,0.517140236032201,0.0066798758438581,0.0202192540800011,0.000373892708651951,0.121473405472025,9.14569547386837e-05,324.888404243,261.036839667928,0.996922020032294,0.996169123096678,0.294321078913169,0.0351141538176094,0.259206925095559,0.440736043153661,0.440569585053443,TRUE,"unstable_good_overlap_warning",21,"alpha_by_hidden_strength"
0.02,0.36,1800,920,0.484372652190418,0.518604493675711,0.0068294845442724,0.0195597771332188,0.000417444269742744,0.137177479439541,0.000109111543588647,328.612678104502,260.518402734275,0.996956903775691,0.996161499573525,0.253127887564698,0.0127189100431675,0.240408977521531,0.4501741856672,0.449994568129991,TRUE,"unstable_good_overlap_warning",22,"alpha_by_hidden_strength"
0.02,0.36,1800,893,0.4834936502622,0.516978627826345,0.00675059765022246,0.020480459376458,0.000406584099797758,0.142389335172445,9.69328548072234e-05,350.208813485996,282.789554294456,0.997144560726368,0.996463801491908,0.366128160638677,0.0613254247351092,0.304802735903568,0.485159188268333,0.484993548801131,TRUE,"unstable_good_overlap_warning",23,"alpha_by_hidden_strength"
0.02,0.36,1800,861,0.480755487675006,0.51537285196939,0.00662682133518649,0.0189064860681024,0.000300420896481474,0.103564713002419,8.40443455577684e-05,344.732054978093,269.37340929209,0.997099196359725,0.996287681094329,0.348347946213519,0.0859094310429329,0.262438515170586,0.405451261301526,0.405286234158906,TRUE,"unstable_good_overlap_warning",24,"alpha_by_hidden_strength"
0.02,0.36,1800,939,0.481093515464174,0.518304015291604,0.00673459247565433,0.020179239318462,0.000483479492077714,0.159894737314363,0.00011873218915955,330.71669002387,265.512513782287,0.996976263883362,0.996233699173893,0.2142451091342,-0.049744283464618,0.263989392598818,0.496890859247892,0.496705778439079,TRUE,"unstable_good_overlap_warning",25,"alpha_by_hidden_strength"
0.02,0.36,1800,898,0.483744924979172,0.516384940992706,0.00677176547161906,0.0199379124972517,0.00039403793593199,0.12648769437164,9.91239646537644e-05,321.003849724438,256.483102651288,0.996884772563138,0.996101107676635,0.25715917428498,0.0181713429865087,0.238987831298471,0.437520739418137,0.43734873506007,TRUE,"unstable_good_overlap_warning",26,"alpha_by_hidden_strength"
0.02,0.36,1800,921,0.483372048218179,0.514802598976515,0.00694189057908251,0.0199895838681544,0.000439511234440734,0.151220618675771,0.000109992348256058,344.065422737589,275.194964032131,0.997093576006437,0.996366212573994,0.252978277168119,-0.00597004441862659,0.258948321586745,0.497145137106667,0.49696377440793,TRUE,"unstable_good_overlap_warning",27,"alpha_by_hidden_strength"
0.02,0.36,1800,887,0.482865085730792,0.515405578865524,0.00676635500214245,0.0193051089818818,0.000351251851565426,0.123755896996257,9.42484262002406e-05,352.328098612756,277.79084138159,0.997161736449811,0.996400169296344,0.327208725127993,0.0775310347948244,0.249677690333168,0.436050894926835,0.435884349492648,TRUE,"unstable_good_overlap_warning",28,"alpha_by_hidden_strength"
0.02,0.36,1800,906,0.482580198290384,0.516848455319784,0.00688579469960676,0.020104945525717,0.000414727175303868,0.135013837632379,0.000102602204556572,325.548567039176,260.982350681111,0.996928261705788,0.996168323270174,0.306718029203781,0.0311854032940344,0.275532625909747,0.469332256740732,0.469153341351344,TRUE,"unstable_good_overlap_warning",29,"alpha_by_hidden_strength"
0.02,0.36,1800,919,0.481917069873647,0.516084980338241,0.00659184041979799,0.0201176423353767,0.000441096312982938,0.155341281723142,0.000108988145337858,352.17089136982,282.395329250606,0.997160469463815,0.996458864944212,0.227494374018595,-0.0264620093759897,0.253956383394584,0.492832623571146,0.492659213949579,TRUE,"unstable_good_overlap_warning",30,"alpha_by_hidden_strength"
0.02,0.36,1800,910,0.482807471991324,0.516703747810311,0.00684804503875369,0.0195943061300321,0.00040172904712801,0.137746778220978,0.000104634151478687,342.884785667703,272.031574569402,0.997083568470229,0.996323956137875,0.299085889219557,0.0133064745254001,0.285779414694156,0.464081601998027,0.46390479170565,TRUE,"unstable_good_overlap_warning",31,"alpha_by_hidden_strength"
0.02,0.36,1800,914,0.485363200501793,0.514609081075035,0.00679750274268265,0.0200389807050052,0.000426907187699161,0.151407508005982,0.000106311981474546,354.661416740254,283.949859193187,0.997180409391044,0.996478251467208,0.22206184705152,-0.0522357226570707,0.274297569708591,0.4883736433592,0.488201670561245,TRUE,"unstable_good_overlap_warning",32,"alpha_by_hidden_strength"
0.02,0.36,1800,890,0.484585862450581,0.518360034092292,0.00654600230563174,0.0203656207307551,0.000397214083541344,0.129365316648499,9.57699664069977e-05,325.681595917113,262.4127832575,0.996929516397192,0.996189210039289,0.320690838106283,0.0525645111209256,0.268126326985357,0.452126884849212,0.45195898202196,TRUE,"unstable_good_overlap_warning",33,"alpha_by_hidden_strength"
0.02,0.36,1800,871,0.481216635638494,0.518107476835615,0.0069352526359383,0.0206546272489302,0.00037453808593926,0.131519887375605,8.77932776680032e-05,351.152238752386,284.47104766902,0.997152232309403,0.996484703774974,0.29512065142565,0.00659439508481841,0.288526256340832,0.461625357570369,0.461470817633062,TRUE,"unstable_good_overlap_warning",34,"alpha_by_hidden_strength"
0.02,0.36,1800,887,0.48397488006883,0.516353911239034,0.00700523538658182,0.0205530645119983,0.000399185881038556,0.127200225856572,9.44978660410572e-05,318.649110348386,257.655283587976,0.99686175179053,0.996118845357741,0.234797863983631,-0.059185177745573,0.293983041729204,0.461479553908304,0.46130756414812,TRUE,"unstable_good_overlap_warning",35,"alpha_by_hidden_strength"
0.05,0.36,1800,878,0.443249807896244,0.54481108100107,0.0177052616069701,0.0500535610243136,0.0022639228140269,0.136330693907177,9.03632110223817e-05,60.2187906153399,57.9074472925707,0.983393887692171,0.982731064021047,0.374214180120145,0.0877490342173579,0.286465145902787,0.455675625383666,0.455522033061438,FALSE,"stable",1,"alpha_by_hidden_strength"
0.05,0.36,1800,933,0.4627697509745,0.537854301640977,0.0166204817035547,0.0494415812309902,0.00282832717034887,0.145024011407226,0.00011570308585723,51.2755429879553,49.2603671791452,0.980497524907052,0.979699704706559,0.317373783807509,0.0708015624138152,0.246572221393693,0.448206248328896,0.448023860938415,FALSE,"stable",2,"alpha_by_hidden_strength"
0.05,0.36,1800,879,0.464558541211233,0.546258500898462,0.0169724160067031,0.0501963504022984,0.00229538438712834,0.131213349732851,9.10984816786643e-05,57.1639985305495,54.9818946734966,0.98250647215545,0.981812194615366,0.249073317799878,-0.0332588029208407,0.282332120720719,0.458535905765019,0.458373867422551,FALSE,"stable",3,"alpha_by_hidden_strength"
0.05,0.36,1800,907,0.456079824337849,0.541203717237359,0.0163998360709093,0.0481868003395594,0.00238317991810054,0.134388110535644,0.000102636220582445,56.3902496470997,54.06196719233,0.982266437792736,0.981502707875161,0.217520093199917,-0.0357269136084144,0.253247006808331,0.454208373898062,0.454031761949593,FALSE,"stable",4,"alpha_by_hidden_strength"
0.05,0.36,1800,907,0.461847778878948,0.544273256721667,0.0168700676200327,0.0506312286609606,0.0026260259623656,0.125421912433814,0.000102438233934856,47.761109079375,45.9679524488078,0.979062462759437,0.978245713660759,0.227638233840041,-0.0312393782158111,0.258877612055852,0.444718369768219,0.444532835583864,FALSE,"stable",5,"alpha_by_hidden_strength"
0.05,0.36,1800,896,0.461923872635786,0.54752859124433,0.0172173280008005,0.0504341866720528,0.00251934400244551,0.133091466119354,9.90461112483698e-05,52.8278258110694,50.8295022286025,0.981070581939595,0.98032638613098,0.224917217790458,-0.0531473703616721,0.27806458815213,0.452307584289264,0.452136001697621,FALSE,"stable",6,"alpha_by_hidden_strength"
0.05,0.36,1800,880,0.456820977119896,0.540384524261383,0.0172064327895211,0.0487259535492417,0.00216408843790879,0.135176936620455,9.11495042679392e-05,62.4636841325577,59.9391018093567,0.983990697732816,0.983316399982425,0.229701315465121,-0.0351689109443729,0.264870226409494,0.450637524067751,0.45048309377469,FALSE,"stable",7,"alpha_by_hidden_strength"
0.05,0.36,1800,924,0.458709131301321,0.538661428064231,0.0171972731571705,0.049383280348957,0.0027101494675063,0.154979581916716,0.000111130526795606,57.1848836290636,54.9323648236709,0.982512861152492,0.981795795553133,0.194107118211751,-0.0708076277014327,0.264914745913184,0.483400572185874,0.483224140302437,FALSE,"stable",8,"alpha_by_hidden_strength"
0.05,0.36,1800,936,0.460845767071366,0.53829329162471,0.0165508236027383,0.0478912480346599,0.00268311933603982,0.19027462963646,0.000116984326594145,70.915455410678,67.9527090998748,0.985898701570639,0.98528388325872,0.325566730695512,0.0396722994165,0.285894431279012,0.546318223398572,0.54614785151889,FALSE,"stable",9,"alpha_by_hidden_strength"
0.05,0.36,1800,879,0.457916165376336,0.539608979226709,0.0167195720238345,0.049850796411621,0.00225097034773143,0.127754266203741,9.05785933819941e-05,56.755197300797,54.5597249583828,0.982380468264429,0.981671461856474,0.16807304097078,-0.0891208509080399,0.25719389187882,0.435393795336258,0.435236650157085,FALSE,"stable",10,"alpha_by_hidden_strength"
0.05,0.36,1800,932,0.458472406232118,0.538931209926956,0.0163978812809531,0.0493986970867215,0.00280432044943187,0.148686523706773,0.000114920273314481,53.0205182995032,50.933286367317,0.981139377130356,0.980366474042372,0.274079104840228,0.0362088660546422,0.237870238785586,0.459344804144203,0.459163841595514,FALSE,"stable",11,"alpha_by_hidden_strength"
0.05,0.36,1800,919,0.456807183125142,0.541102216015491,0.0170685485977157,0.0501752560263942,0.00273608696171939,0.162239231098601,0.000108680268357941,59.2960799011476,57.030757871248,0.983135478742151,0.982465602118464,0.216600211630046,-0.0663317582677279,0.282931969897774,0.502343556733051,0.502172387268632,FALSE,"stable",12,"alpha_by_hidden_strength"
0.05,0.36,1800,866,0.460264674838906,0.553851392816221,0.0166477067200594,0.0494532586490661,0.00210050012501675,0.113423625581994,8.58880778742863e-05,53.9983903029235,51.8771668416502,0.981480929442709,0.980723696745961,0.383942595743199,0.122944588080502,0.260998007662697,0.419322403650457,0.419160614514863,FALSE,"stable",13,"alpha_by_hidden_strength"
0.05,0.36,1800,885,0.457390042553747,0.541144830243622,0.0166454035456257,0.0503092692523113,0.00236237706518967,0.126577995513956,9.33368627632636e-05,53.5807756429404,51.5442756068376,0.981336589700307,0.980599203534692,0.244285301580726,0.011574330897927,0.232710970682799,0.423970358377858,0.423811040652134,FALSE,"stable",14,"alpha_by_hidden_strength"
0.05,0.36,1800,940,0.45716567361613,0.542156346021458,0.0167667505753768,0.0488319430554379,0.00285428030814734,0.167515360290127,0.00011969847305294,58.6891763265037,56.3270193281334,0.982961083072001,0.982246530849174,0.333357476854327,0.0686438748525109,0.264713602001816,0.502741202358333,0.502558438178252,FALSE,"stable",15,"alpha_by_hidden_strength"
0.05,0.36,1800,934,0.453907622847472,0.540757988432365,0.0173295336731663,0.0491594544951849,0.00280138852270591,0.149287127592213,0.000115920230211573,53.290404519832,51.1728926336359,0.981234895681307,0.980458403882709,0.265434045975548,0.00413090037371022,0.261303145601838,0.483802059087183,0.4836105949013,FALSE,"stable",16,"alpha_by_hidden_strength"
0.05,0.36,1800,852,0.457641838871217,0.540833052961525,0.0165880868560097,0.0498213566122011,0.00200886495305881,0.110129572623989,8.09318828249417e-05,54.8217900144554,52.6986981380016,0.981759077918902,0.981024199167476,0.120005458852073,-0.143183191466049,0.263188650318122,0.40842237389005,0.408269486527822,FALSE,"stable",17,"alpha_by_hidden_strength"
0.05,0.36,1800,930,0.452031874964849,0.549065026584011,0.017245837991901,0.0511479614486785,0.0029990446113985,0.145389881971938,0.000114637384183026,48.4787326668476,46.6938763105074,0.979372398060153,0.978583915514956,0.262047029955293,-0.00361414686850292,0.265661176823796,0.47100294255066,0.470813304585654,FALSE,"stable",18,"alpha_by_hidden_strength"
0.05,0.36,1800,904,0.456384389228502,0.539232730164484,0.0168786692429964,0.0491012531239573,0.00245399242567099,0.134832673699849,0.000101786004268309,54.9442093990906,52.7560105055944,0.981799719917045,0.981044813843648,0.253697404828663,-0.0109877024739038,0.264685107302567,0.459047228781964,0.458870714074953,FALSE,"stable",19,"alpha_by_hidden_strength"
0.05,0.36,1800,902,0.450491827626526,0.543264410824639,0.016734956917058,0.0497271841016779,0.0024832746471597,0.132747055270142,0.000100423885426776,53.4564533254404,51.3786936037202,0.981293184680397,0.980536679120086,0.259990637665157,0.00794535712745281,0.252045280537704,0.439241947897901,0.439072603481552,FALSE,"stable",20,"alpha_by_hidden_strength"
0.05,0.36,1800,883,0.453754588120947,0.538872362374988,0.0169466535878849,0.0500150396796713,0.00232519787825961,0.135126319898348,9.29519879954167e-05,58.1139012562187,55.8800435754701,0.982792413202633,0.982104523618536,0.257170277610537,-0.00891669295224617,0.266086970562783,0.450193745538788,0.450036165060605,FALSE,"stable",21,"alpha_by_hidden_strength"
0.05,0.36,1800,879,0.45730984786737,0.554603788683596,0.0166201141700724,0.0492515000980542,0.00221961166681245,0.127149472672491,9.15035773920495e-05,57.2845577330599,55.0165003633373,0.982543288460742,0.981823634847803,0.248496922862685,-0.0166485581172564,0.265145480979942,0.44590298729428,0.445739658878981,FALSE,"stable",22,"alpha_by_hidden_strength"
0.05,0.36,1800,925,0.459840950906063,0.542967604178794,0.0164395366194944,0.0488862916894049,0.00268149712115646,0.155669206952442,0.000112202658101926,58.0530949387354,55.7215231601463,0.982774389529872,0.982053613338495,0.192096837838046,-0.0878750442900238,0.27997188212807,0.491768885934676,0.491588518842038,FALSE,"stable",23,"alpha_by_hidden_strength"
0.05,0.36,1800,905,0.462267459469809,0.539191774522137,0.0168399611613366,0.0515485859025925,0.00270971019693337,0.144787881971272,0.000101973971434807,53.4329767571202,51.4950731665225,0.981284965564514,0.980580666488884,0.231044250172065,-0.0296315897517123,0.260675839923777,0.460001664380145,0.459836555919461,FALSE,"stable",24,"alpha_by_hidden_strength"
0.05,0.36,1800,914,0.455601197384212,0.544762371595018,0.0161938389977662,0.0503139649706013,0.00268673399768133,0.143302903013743,0.000106132302147966,53.3372128157886,51.3103341260921,0.981251363781349,0.980510748623415,0.283149542350162,0.0435469212924322,0.23960262105773,0.459324313108692,0.459150939203165,FALSE,"stable",25,"alpha_by_hidden_strength"
0.05,0.36,1800,867,0.457787194590022,0.543423571761233,0.0170950810779411,0.0488520106223047,0.00204992597794076,0.117756730701564,8.58960698781947e-05,57.4443818795131,55.1341488500006,0.982591857249027,0.981862420643862,0.222778341224705,-0.0344187076999376,0.257197048924643,0.42246004685254,0.422303209080912,FALSE,"stable",26,"alpha_by_hidden_strength"
0.05,0.36,1800,938,0.461313429012634,0.539453502059324,0.0172133391391351,0.0506253765377212,0.00303788102467891,0.143082217650503,0.000118531622276646,47.0993486868453,45.3306438841289,0.978768283896051,0.977939867729297,0.286306377531185,0.0422086475953556,0.244097729935829,0.453004012658951,0.452812263858657,FALSE,"stable",27,"alpha_by_hidden_strength"
0.05,0.36,1800,908,0.461208978400368,0.539263280949051,0.0165901684610004,0.0504716891820979,0.00265627731833528,0.131994511346224,0.000104274408285308,49.6915402752247,47.8145401418753,0.979875850205863,0.979085859718973,0.260730724606429,0.00703671612461809,0.253694008481811,0.453051941059021,0.4528692756275,FALSE,"stable",28,"alpha_by_hidden_strength"
0.05,0.36,1800,927,0.452201135057149,0.540302864056471,0.0173617266391095,0.0512886607115258,0.00296569488312495,0.169879597222182,0.000112741484939223,57.2815491535596,55.1837286567038,0.982542371587765,0.981878716347332,0.233117735873539,-0.0475592614516673,0.280676997325207,0.528664243801208,0.528485671318602,FALSE,"stable",29,"alpha_by_hidden_strength"
0.05,0.36,1800,940,0.451673104929553,0.543122227899135,0.0170082525768741,0.051662382693126,0.00320589470215809,0.167520774033886,0.000120115869518621,52.2539851109635,50.3668796065897,0.980862703622002,0.980145682881074,0.298735657214877,0.0571479073333345,0.241587749881543,0.486387154193865,0.486209344682606,FALSE,"stable",30,"alpha_by_hidden_strength"
0.05,0.36,1800,903,0.457861559848349,0.53872093405612,0.0163481056953985,0.048732377649329,0.00240718140196448,0.150843312793173,0.000101361637312214,62.6638743013179,60.1318416432936,0.984041842111589,0.983369875715231,0.290440559551672,0.0548422761386413,0.23559828341303,0.467174363644119,0.467014828210487,FALSE,"stable",31,"alpha_by_hidden_strength"
0.05,0.36,1800,912,0.456702855423422,0.540309028549944,0.0173218142389596,0.0511294380958615,0.00275887944107793,0.147384720316432,0.000105533582945106,53.4219502751618,51.4537251019168,0.981281102714347,0.980565061168666,0.168490732793201,-0.110218192785873,0.278708925579073,0.482162133678173,0.481986184542163,FALSE,"stable",32,"alpha_by_hidden_strength"
0.05,0.36,1800,891,0.453870083062359,0.54603148975047,0.0179393673781986,0.0511151060901654,0.00251571288083945,0.137749928170822,9.62858659044477e-05,54.7558225821293,52.7373638071383,0.981737102049739,0.981038111733134,0.232458557810726,-0.0431694692758102,0.275628027086536,0.458043731964956,0.457880640877611,FALSE,"stable",33,"alpha_by_hidden_strength"
0.05,0.36,1800,915,0.45976970165777,0.54481763403491,0.0171775497927102,0.0501203940890859,0.00267945241546709,0.172501324255591,0.000106663810500997,64.3793199162,61.9146188690143,0.984467061762975,0.983848725579405,0.219803995459074,-0.0555202226234199,0.275324218082494,0.513710932290771,0.513549578009301,FALSE,"stable",34,"alpha_by_hidden_strength"
0.05,0.36,1800,893,0.461338095247602,0.54514671250441,0.0165934936454931,0.0524992311495768,0.00265157388848315,0.130566778781605,9.6205045027429e-05,49.2412371945238,47.5172064205295,0.979691818139143,0.978954991773928,0.358902935836172,0.10594040683724,0.252962528998932,0.435901807905428,0.435737856164632,FALSE,"stable",35,"alpha_by_hidden_strength"
0.1,0.36,1800,914,0.422682791611329,0.590281448454877,0.033492879619654,0.097118988809198,0.0100218963485878,0.164137512442152,0.000106253098325097,16.3778896461327,16.2060713363764,0.938942072415531,0.938294730459727,0.208800390545727,-0.0635055003582623,0.272305890903989,0.495747027930151,0.495576105147822,FALSE,"stable",1,"alpha_by_hidden_strength"
0.1,0.36,1800,908,0.420366036390795,0.578693838482011,0.032699682640925,0.0983442750509587,0.00996161673344665,0.159971575306737,0.000102998680725444,16.0587964370908,15.8944548523413,0.937728832673269,0.937084976534902,0.411981436039408,0.147160633076329,0.264820802963079,0.487699049185256,0.487531590355738,FALSE,"stable",2,"alpha_by_hidden_strength"
0.1,0.36,1800,882,0.407669614330545,0.581419445702503,0.0321758311529555,0.0977583995649361,0.00882190649365711,0.147588246498444,9.23111761216641e-05,16.7297450505238,16.5565001849575,0.940226225983719,0.939600761705149,0.292362392688472,0.0155790521890182,0.276783340499454,0.467905210626877,0.467749553044616,FALSE,"stable",3,"alpha_by_hidden_strength"
0.1,0.36,1800,909,0.427108048681046,0.58188094137327,0.0344011683016336,0.104101060369556,0.0112818831358011,0.138824065058274,0.00010410492851016,12.3050437047818,12.1925356213406,0.918732511318802,0.917982605828955,0.287788730851829,0.0423853348713155,0.245403395980514,0.442631398347245,0.442450714920303,FALSE,"stable",4,"alpha_by_hidden_strength"
0.1,0.36,1800,881,0.40589624591432,0.588608072896283,0.0324869174338316,0.0990541343848502,0.00897415460729358,0.125326604141938,9.1463608826116e-05,13.9652824835535,13.8243858448719,0.928393858042065,0.927664056022355,0.341910603149646,0.077590622409984,0.264319980739662,0.424219678429382,0.424052908021494,FALSE,"stable",5,"alpha_by_hidden_strength"
0.1,0.36,1800,888,0.404955905994721,0.587949269620738,0.0342251193856687,0.102470410162958,0.00995703696884293,0.15053362637962,9.48272531174961e-05,15.1183155039659,14.9756923746291,0.933855064756542,0.933225124088811,0.157098398245622,-0.130729512387208,0.28782791063283,0.470501052730998,0.470342335517717,FALSE,"stable",6,"alpha_by_hidden_strength"
0.1,0.36,1800,890,0.401292146467795,0.604665545413904,0.0340831868928504,0.104053267630896,0.0103190844958496,0.156458330650485,9.53080803753149e-05,15.1620360036216,15.023279514896,0.934045797031405,0.933436637519227,0.190520723846822,-0.0694448385016184,0.25996556234844,0.463062913663828,0.462911890456183,FALSE,"stable",7,"alpha_by_hidden_strength"
0.1,0.36,1800,875,0.399679775400606,0.590113906534393,0.0327674918651299,0.0984817975907057,0.00872888740277837,0.133874939246363,9.00009216913494e-05,15.3369992152438,15.1804778925368,0.934798197094117,0.934125920996754,0.152260433727682,-0.115334799901412,0.267595233629093,0.434508668678963,0.434352398410797,FALSE,"stable",8,"alpha_by_hidden_strength"
0.1,0.36,1800,898,0.41956068310838,0.572014248056923,0.0340631064257658,0.0978784578551382,0.00946855034956503,0.134326772004551,9.88346563767479e-05,14.1866248840005,14.0400717564024,0.929511070591019,0.92877529279407,0.355705913945441,0.0849261684638303,0.27077974548161,0.451858951775577,0.45168007622802,FALSE,"stable",9,"alpha_by_hidden_strength"
0.1,0.36,1800,901,0.421919036529721,0.590762616664039,0.0326577114226723,0.0985359705800113,0.00965067275949197,0.147546416092158,9.93957905092485e-05,15.2887181825783,15.132859357398,0.934592292953669,0.933918635177751,0.258037572499289,-0.00537515149494139,0.263412723994231,0.462854945752757,0.462688101855341,FALSE,"stable",10,"alpha_by_hidden_strength"
0.1,0.36,1800,883,0.424831538162326,0.588659179250072,0.0343801276041474,0.100948697917583,0.00956250526816035,0.14606151426987,9.38361637045694e-05,15.2743983060801,15.1259682873146,0.934530972679824,0.933888529910601,0.236110483067939,-0.0492822514474838,0.285392734515423,0.466573978962648,0.466413578386953,FALSE,"stable",11,"alpha_by_hidden_strength"
0.1,0.36,1800,920,0.421544705817245,0.578007741123395,0.0348208924871178,0.100868384683008,0.0111191833785078,0.180561615595205,0.000109285554615257,16.2387478872065,16.0806977933175,0.938418897383841,0.937813643857199,0.265477919068012,-0.0213960027334941,0.286873921801506,0.530680295884503,0.530509131424366,FALSE,"stable",12,"alpha_by_hidden_strength"
0.1,0.36,1800,946,0.403958863829087,0.591509379562137,0.0338722163603133,0.10066237267963,0.0123341953302292,0.184566210175968,0.000121724078725661,14.9637820088373,14.8175501234601,0.933171974878448,0.932512460449401,0.263201541012988,-0.0012196851182007,0.264421226131189,0.516754012339713,0.516571373461931,FALSE,"stable",13,"alpha_by_hidden_strength"
0.1,0.36,1800,964,0.429070068708115,0.578876609338274,0.0326401995517291,0.0991142295748723,0.013135543937503,0.202748930694476,0.000133713741898778,15.4351377955207,15.2795985723608,0.935212758496383,0.934553254441586,0.245840940814093,-0.00598448161801368,0.251825422432106,0.530731194084974,0.53054402752808,FALSE,"stable",14,"alpha_by_hidden_strength"
0.1,0.36,1800,943,0.418663403696212,0.584032804281627,0.0347300901125613,0.102674682065034,0.0128168297826271,0.18671796128007,0.000121577688795304,14.5681860839848,14.431293935709,0.931357274389889,0.930706144268492,0.256733488042396,-0.0110701012576124,0.267803589300008,0.509401363761868,0.509223266390769,FALSE,"stable",15,"alpha_by_hidden_strength"
0.1,0.36,1800,920,0.398853955101797,0.572472574637397,0.0324095324614957,0.0974718232055319,0.010425646011888,0.187289414935188,0.000109734905957191,17.9642983007123,17.7771849348086,0.94433403502544,0.943748124145238,0.178209321414748,-0.107087381569496,0.285296702984244,0.509815213174514,0.509657031526614,FALSE,"stable",16,"alpha_by_hidden_strength"
0.1,0.36,1800,927,0.40161990829248,0.575139793088861,0.0332885803886732,0.101850434219589,0.0117784110367874,0.144876721480622,0.000113543149399879,12.3001923628009,12.1827513974869,0.918700458455897,0.917916735934849,0.27268430510768,0.0550502580442456,0.217634047063434,0.425449281760497,0.425267772476245,FALSE,"stable",17,"alpha_by_hidden_strength"
0.1,0.36,1800,878,0.410917514248305,0.586544394023717,0.0334808980380045,0.100581897944723,0.00911782433210614,0.123816739389425,9.01263053602417e-05,13.5796364219735,13.4467205857539,0.926360325937602,0.925632425123829,0.290400250632068,0.0212861452683368,0.269114105363731,0.432783617456077,0.432613551097234,FALSE,"stable",18,"alpha_by_hidden_strength"
0.1,0.36,1800,889,0.421827788649213,0.575257387984132,0.0347955976911883,0.102496447349584,0.00988742674808298,0.132011648422632,9.41164752430301e-05,13.3514666440616,13.225574990662,0.925101861341595,0.924388920655166,0.340629250120437,0.100622898308986,0.240006351811451,0.414201779665555,0.414042144154186,FALSE,"stable",19,"alpha_by_hidden_strength"
0.1,0.36,1800,896,0.40966886931547,0.573330238133542,0.0334367191745095,0.10038040239888,0.00993611841074589,0.125241681801574,9.86095311246791e-05,12.6046889362878,12.4808248441888,0.920664444394094,0.919877090458039,0.194683423499283,-0.0284410655893896,0.223124489088673,0.415477262459676,0.415299565998224,FALSE,"stable",20,"alpha_by_hidden_strength"
0.1,0.36,1800,855,0.416092983524826,0.579862265281662,0.0351265225581416,0.102710746228022,0.00856907608645739,0.101396017274253,8.12273397403522e-05,11.8327829337985,11.7216717470479,0.915489026918286,0.914687936876252,0.314914150972383,0.113314314229522,0.201599836742862,0.368052860733904,0.367891794898464,FALSE,"stable",21,"alpha_by_hidden_strength"
0.1,0.36,1800,930,0.420071698443451,0.593466123459309,0.0331726250575782,0.104048046490254,0.0124038526584543,0.168583207322586,0.000114574702255191,13.5911971840202,13.466803973453,0.92642296433049,0.92574333138202,0.137332123108569,-0.0939563069531151,0.231288430061684,0.475377788259826,0.475203385370346,FALSE,"stable",22,"alpha_by_hidden_strength"
0.1,0.36,1800,931,0.422660952172871,0.586293394890971,0.0349646197444051,0.101954170498513,0.0119766868413537,0.169263950598695,0.000115219690135563,14.1327858731558,13.9981193336141,0.92924254220115,0.928561832045633,0.28023453156761,0.00742572267852348,0.272808808889087,0.499649258052024,0.499466217231684,FALSE,"stable",23,"alpha_by_hidden_strength"
0.1,0.36,1800,881,0.418642593102229,0.597073905617967,0.0332827040162332,0.100366545920253,0.00922872188527731,0.14890188506687,9.1614370484791e-05,16.1346161383859,15.9760207122157,0.938021457007527,0.937406190314001,0.240884868703709,-0.0492172984335471,0.290102167137256,0.462755777650503,0.462603987455043,FALSE,"stable",24,"alpha_by_hidden_strength"
0.1,0.36,1800,898,0.41761421476985,0.575767319521804,0.0328737094457299,0.0995171431928035,0.00998243957186,0.129606088780711,0.000100795440961933,12.9834082989156,12.8536217410288,0.922978621870536,0.922200915808188,0.339253053334483,0.111184588348623,0.22806846498586,0.425510561907325,0.425331255542983,FALSE,"stable",25,"alpha_by_hidden_strength"
0.1,0.36,1800,889,0.417414722892289,0.589465199880086,0.0352286695770058,0.102966972531723,0.0100854634741095,0.153719691963243,9.51261617081152e-05,15.2417082623777,15.099291638514,0.93439055630868,0.933771727578976,0.235421400688032,-0.0235584011624326,0.258979801850464,0.467826963970121,0.467672021953046,FALSE,"stable",26,"alpha_by_hidden_strength"
0.1,0.36,1800,870,0.399819879505576,0.584679935038759,0.0349448173196126,0.0981158459115855,0.00839508625401814,0.113282438858884,8.72060985999892e-05,13.4938981484155,13.3551679368748,0.925892430119059,0.925122618844881,0.20144128858482,-0.0322301008170578,0.233671389401878,0.39118392685172,0.39102127274263,FALSE,"stable",27,"alpha_by_hidden_strength"
0.1,0.36,1800,848,0.418503324119933,0.580760543856938,0.0323669957875491,0.0996477928641546,0.00785238093193504,0.110787257506597,7.90798782831782e-05,14.1087472025248,13.9680772757357,0.929121984705981,0.928408185302846,0.262234222632627,0.00227505759441726,0.259959165038209,0.395389587440117,0.395237678927195,FALSE,"stable",28,"alpha_by_hidden_strength"
0.1,0.36,1800,879,0.421812374186737,0.581711126691101,0.034531470459624,0.101838264816276,0.00944675616637311,0.124607815342472,9.10879071792991e-05,13.1905400274889,13.0645683009223,0.924188092533284,0.923457095790191,0.343500113294967,0.0673319085321489,0.276168204762818,0.439380544088136,0.43920674327541,FALSE,"stable",29,"alpha_by_hidden_strength"
0.1,0.36,1800,904,0.407281812006805,0.571321647412166,0.0341706006523045,0.100573593089086,0.0103349108971615,0.162511813479283,0.00010217362565579,15.7245490644643,15.5706139127266,0.936405171563241,0.935776456496513,0.285654455674795,0.0118538786453077,0.273800577029487,0.485631244309864,0.485468187250662,FALSE,"stable",30,"alpha_by_hidden_strength"
0.1,0.36,1800,935,0.420551498529519,0.587488493396829,0.0354027841386339,0.103018090997518,0.0124453482395318,0.170514690167288,0.000117268145634881,13.7010782571483,13.5731829214035,0.927013043701267,0.9263253132452,0.312603326517394,0.0442293850709898,0.268373941446404,0.499966042658793,0.499780551379729,FALSE,"stable",31,"alpha_by_hidden_strength"
0.1,0.36,1800,895,0.414882782759592,0.576298579735178,0.0324984277849244,0.0978090347722615,0.00923487353990477,0.135670174295555,9.65323783723896e-05,14.6910700735978,14.539092553012,0.931931438963241,0.931219916486959,0.322401130950769,0.064138071715881,0.258263059234888,0.445135849385219,0.444965888041607,FALSE,"stable",32,"alpha_by_hidden_strength"
0.1,0.36,1800,932,0.411578228225506,0.585345503786129,0.0344252317374433,0.100153406038536,0.0115596922292932,0.153378218747307,0.000115243071425536,13.2683652561816,13.1373934669997,0.924632765175491,0.92388139987495,0.310069845641366,0.0836884651280545,0.226381380513312,0.451783187956954,0.451599589012302,FALSE,"stable",33,"alpha_by_hidden_strength"
0.1,0.36,1800,918,0.413895857289926,0.597854295671884,0.0335870077399492,0.103036697570419,0.0115050905886217,0.14781095264144,0.000108369278324078,12.8474392707193,12.7275552966038,0.922163477177969,0.921430315822958,0.317621873773714,0.0646361812753051,0.252985692498409,0.450353475048362,0.45017441383763,FALSE,"stable",34,"alpha_by_hidden_strength"
0.1,0.36,1800,896,0.410734020889764,0.592548127566068,0.0333563906161577,0.0984129588202946,0.0094869563823185,0.141326877934485,9.79540338523978e-05,14.8969671872726,14.7447260118414,0.932872242555897,0.9321791399042,0.24520552057003,-0.033089347839617,0.278294868409647,0.464545468181378,0.464372862807955,FALSE,"stable",35,"alpha_by_hidden_strength"
0.2,0.36,1800,903,0.346319910481088,0.662446401373972,0.0667305120325802,0.200150849456825,0.0405401005294025,0.176804826379405,0.000101197537817226,4.36123305247291,4.35037350645084,0.770707048220461,0.77013467958161,0.239339702404701,-0.0191535486205665,0.258493251025268,0.448954129461668,0.448787389718115,FALSE,"stable",1,"alpha_by_hidden_strength"
0.2,0.36,1800,906,0.326437143201119,0.67765221349537,0.0661694642167587,0.204267873911904,0.0427753981759238,0.198846279917008,0.000102516536118343,4.64861318412996,4.63749884415817,0.78488207979663,0.784366523075322,0.313972293618944,0.0375030287615425,0.276469264857401,0.477883700056407,0.477726723211227,FALSE,"stable",2,"alpha_by_hidden_strength"
0.2,0.36,1800,910,0.345410148614319,0.655991749910826,0.0683688265460723,0.205472644802192,0.0435240275630839,0.188795359642116,0.000103091071700293,4.33772723281353,4.32747716443479,0.769464526852838,0.768918480213261,0.311587310927802,0.0548376948327181,0.256749616095084,0.481462241508676,0.481291377558484,FALSE,"stable",3,"alpha_by_hidden_strength"
0.2,0.36,1800,905,0.31534685028367,0.656714264951366,0.0659453332628733,0.19981565587375,0.040596624390633,0.169972588300119,0.000101678913698375,4.18686506209461,4.17640477611826,0.761157814935712,0.760559607220485,0.246487029976488,0.0137682429522263,0.232718787024261,0.445985074859254,0.445809786537213,FALSE,"stable",4,"alpha_by_hidden_strength"
0.2,0.36,1800,903,0.323689046767153,0.6602527733471,0.0635021654905021,0.203716406253391,0.0428369517608118,0.215505074935091,0.000103220639838863,5.03082189737506,5.0187286842804,0.801225322541875,0.800746351734018,0.192837170317639,-0.0725619368777792,0.265399107195418,0.530367115040459,0.530208565170367,FALSE,"stable",5,"alpha_by_hidden_strength"
0.2,0.36,1800,881,0.319984756900654,0.684581128196363,0.0690485363835214,0.210030321143799,0.0410090859404672,0.208085780527311,9.29642770890751e-05,5.07413846846986,5.06266182406711,0.802922209117096,0.80247544972367,0.228828757163324,-0.0636194928732734,0.292448250036597,0.495593188521435,0.49545529115259,FALSE,"stable",6,"alpha_by_hidden_strength"
0.2,0.36,1800,926,0.344658424815572,0.69713498937254,0.0667596316581943,0.198564478192208,0.044267508961442,0.192187850471685,0.00011227471626334,4.34151039849757,4.33052697749476,0.76966541405819,0.769081221477921,0.281985999444234,0.00954158771520874,0.272444411729025,0.48853031761654,0.48834487992016,FALSE,"stable",7,"alpha_by_hidden_strength"
0.2,0.36,1800,888,0.347116542985108,0.635022316562335,0.0686721804984326,0.204892705620707,0.0403255850108458,0.172324387034846,9.60567042593823e-05,4.27332640031132,4.26317140331412,0.765990259970044,0.765432842033371,0.238408939488421,-0.0238551341549798,0.262264073643401,0.439592767147435,0.43943279025141,FALSE,"stable",8,"alpha_by_hidden_strength"
0.2,0.36,1800,873,0.336695164864916,0.686914234400016,0.0678302473174387,0.203116543835854,0.0367162013327387,0.171427272464162,8.89953153727308e-05,4.66898170948054,4.65769206732274,0.785820535991935,0.785301392718561,0.256766049272697,-0.0172656709191841,0.274031720191881,0.459474002110116,0.459322203935107,FALSE,"stable",9,"alpha_by_hidden_strength"
0.2,0.36,1800,906,0.336442371760942,0.680368815461107,0.0676827052675488,0.199786696754338,0.0415235758859167,0.198351509953388,0.000104030722291466,4.7768407638674,4.76490305628758,0.790656618164013,0.790132141580417,0.166424818978852,-0.100628259158987,0.267053078137839,0.48845987550045,0.488297840389569,FALSE,"stable",10,"alpha_by_hidden_strength"
0.2,0.36,1800,914,0.323436939348181,0.652463706492611,0.0692310412370937,0.20487891270978,0.0443878626696233,0.170591636025995,0.00010574740344456,3.84320455561692,3.8340704596873,0.739800474960804,0.73918058874652,0.236474391022713,-0.0162605815948296,0.252734972617543,0.440496363273303,0.440311776445041,FALSE,"stable",11,"alpha_by_hidden_strength"
0.2,0.36,1800,963,0.346145855320291,0.660328555431802,0.0670459247234343,0.189322939312626,0.0466162889152329,0.192803091030706,0.000130056247695892,4.13595967240763,4.12445273226632,0.758218145435186,0.757543590649779,0.180450353253602,-0.0401727536044174,0.220623106858019,0.458571883529381,0.458367852083512,FALSE,"stable",12,"alpha_by_hidden_strength"
0.2,0.36,1800,899,0.331170393370181,0.686574139650518,0.0659000222567838,0.1986144903205,0.039763506162994,0.189891547493035,0.00010080052898272,4.77552323265091,4.7634478873617,0.790598861887455,0.790068029787167,0.219122049027612,-0.0514189595787593,0.270541008606372,0.490555824596978,0.490391109899993,FALSE,"stable",13,"alpha_by_hidden_strength"
0.2,0.36,1800,904,0.35140286395127,0.659176279438971,0.0665556168823358,0.196818593560511,0.0385044746474579,0.167130404136539,9.93982993996679e-05,4.34054497994751,4.32936882697269,0.769614183329557,0.769019448338558,0.244446449050445,-0.0059000610197395,0.250346510070184,0.43805631497077,0.437887023801503,FALSE,"stable",14,"alpha_by_hidden_strength"
0.2,0.36,1800,898,0.335824162040396,0.648270549932602,0.0665307978888724,0.209038656107711,0.0437985163686171,0.178675496666136,0.000100231952424106,4.07948742286992,4.07017292063643,0.754871164844406,0.754310192834845,0.220588229444175,-0.0328813581641592,0.253469587608334,0.462908616940883,0.462736582922837,FALSE,"stable",15,"alpha_by_hidden_strength"
0.2,0.36,1800,879,0.33292163756228,0.661497497007094,0.0657546540260872,0.207177480973323,0.0387660237603258,0.172041937263979,9.03163049049942e-05,4.43795676150957,4.42764133150883,0.774671080918812,0.774146114120941,0.388411507732476,0.12548899551012,0.262922512222355,0.468814292734893,0.468655416501122,FALSE,"stable",16,"alpha_by_hidden_strength"
0.2,0.36,1800,920,0.32496749670522,0.661758975700341,0.0644506281766961,0.200822073636343,0.04461279116674,0.177804356928394,0.000110620725147922,3.98550174240055,3.97564383858301,0.749090562585558,0.748468414022616,0.245703447381811,-0.00825895737251048,0.253962404754322,0.454398750948571,0.454210013920327,FALSE,"stable",17,"alpha_by_hidden_strength"
0.2,0.36,1800,919,0.338513661831026,0.662495445117322,0.0660657129021945,0.20823414085954,0.0465640917303844,0.203012555204261,0.000107385900985497,4.35985214486185,4.34982060794679,0.770634423651611,0.770105461780866,0.152310185962991,-0.100640810947754,0.252950996910744,0.487237518082037,0.487070269966276,FALSE,"stable",18,"alpha_by_hidden_strength"
0.2,0.36,1800,922,0.349303849657399,0.656969482322247,0.0668906938578696,0.205099934758331,0.0460955812960031,0.19343759756446,0.000109579231835246,4.19644556215268,4.18649335603791,0.76170309248882,0.761136608861981,0.246749064650811,-0.00521395098747934,0.25196301563829,0.471076422521203,0.470901218614797,FALSE,"stable",19,"alpha_by_hidden_strength"
0.2,0.36,1800,866,0.357945758779568,0.643658077751942,0.0702158484955965,0.20190424522604,0.0351046051379076,0.136293056581081,8.61138867214174e-05,3.8824836811483,3.8729830011627,0.742432916110999,0.741801087249856,0.214597730537082,-0.0239181039060443,0.238515834443126,0.384182797808883,0.38401928845989,FALSE,"stable",20,"alpha_by_hidden_strength"
0.2,0.36,1800,891,0.34268428241977,0.658744138157695,0.0696291431425804,0.203090731475188,0.0400940561378073,0.196188548054174,9.72075027983453e-05,4.89320779568558,4.88137297220888,0.795635084027758,0.795139604022618,0.290098996005714,0.00452051647014384,0.28557847953557,0.501917450317738,0.501761141982601,FALSE,"stable",21,"alpha_by_hidden_strength"
0.2,0.36,1800,876,0.338681989282492,0.668657708827505,0.0678483641482892,0.201243453187362,0.0365450275065363,0.163377999637109,9.02370255384081e-05,4.47059451817045,4.45958291072444,0.77631610383461,0.775763783291215,0.25648198626475,-0.0193445888396047,0.275826575104355,0.453955950529822,0.453794435260416,FALSE,"stable",22,"alpha_by_hidden_strength"
0.2,0.36,1800,896,0.333945022640171,0.662814442248899,0.0658372367439095,0.202868629838153,0.0408682949420903,0.169495064407229,9.93017099376581e-05,4.1473485656155,4.13729577175085,0.758882094384177,0.758296226528467,0.124547927072542,-0.124094867982349,0.248642795054891,0.452646966897799,0.452472208188579,FALSE,"stable",23,"alpha_by_hidden_strength"
0.2,0.36,1800,881,0.350351303902107,0.668566563178466,0.0638941781788725,0.192718765215783,0.033602363891817,0.164366523811169,9.04735896548309e-05,4.89151669032417,4.87838175996772,0.795564430562389,0.795013992507504,0.30584509225583,0.014986767372714,0.290858324883116,0.45616736846997,0.456009533783061,FALSE,"stable",24,"alpha_by_hidden_strength"
0.2,0.36,1800,908,0.331207623382408,0.683725838164619,0.0703456281052284,0.206237590157787,0.0446415290533764,0.200348195603037,0.000104955067132731,4.48793309394683,4.47740642736239,0.777180278968783,0.776656415667609,0.228657475991318,-0.0349647500747436,0.263622226066062,0.479171274963016,0.479009753519772,FALSE,"stable",25,"alpha_by_hidden_strength"
0.2,0.36,1800,882,0.307750620387251,0.679539941847267,0.0661107153103749,0.20704278002321,0.0405901733162719,0.210658637121169,9.46892605079681e-05,5.18989252595084,5.17781365793277,0.807317782593814,0.806868291123623,0.244942750584317,-0.0362085928190619,0.281151343403379,0.517416835176737,0.517272773667949,FALSE,"stable",26,"alpha_by_hidden_strength"
0.2,0.36,1800,921,0.328169001770709,0.67367913173101,0.0675808657737142,0.199703313653495,0.0434847794664524,0.201057644022174,0.000109035201281657,4.62363260177703,4.61206814669941,0.783719839760697,0.783177531599215,0.321200048767748,0.0638058017399479,0.2573942470278,0.489134340516491,0.488965078852184,FALSE,"stable",27,"alpha_by_hidden_strength"
0.2,0.36,1800,896,0.345492272049971,0.647702665693963,0.065795461302574,0.195586902348085,0.0381993864482679,0.156450194957338,9.98566173918078e-05,4.09562062388655,4.08494221907002,0.755836760326925,0.755198495750655,0.30169234443534,0.0668532238506503,0.23483912058469,0.421044887920112,0.42086707519066,FALSE,"stable",28,"alpha_by_hidden_strength"
0.2,0.36,1800,881,0.343411553153028,0.647916616124845,0.0672465003549683,0.199752495539312,0.0381018703456085,0.191278073645656,9.54908737956231e-05,5.02017543786279,5.00762533168097,0.800803774215165,0.800304548810101,0.276115073072839,-0.0301380355527818,0.30625310862562,0.499445316728227,0.499289614001781,FALSE,"stable",29,"alpha_by_hidden_strength"
0.2,0.36,1800,940,0.343818356217238,0.66969117155982,0.0686520734009319,0.204803081332973,0.0495973907322143,0.23524519015838,0.000118245836076147,4.74309609206083,4.73181490566338,0.789167248440563,0.78866459911542,0.27944336646713,-0.00449493478451535,0.283938301251646,0.531421055309696,0.53125178765239,FALSE,"stable",30,"alpha_by_hidden_strength"
0.2,0.36,1800,887,0.338584610585292,0.694905106313106,0.0699668395566094,0.193925105865432,0.0353334502297827,0.17199336718292,9.3954583778938e-05,4.8677207027449,4.85481135544765,0.794565041614631,0.794018772968823,0.251898298892639,-0.0143386813202933,0.266236980212932,0.458050472768098,0.457892989352717,FALSE,"stable",31,"alpha_by_hidden_strength"
0.2,0.36,1800,904,0.354394104978853,0.674077814829459,0.0649891206141907,0.198690106803357,0.0402727369347354,0.183603354994316,0.000102013737412092,4.55899869164237,4.54747959895081,0.780653589167899,0.780097968942902,0.216380006759416,-0.0562450498968725,0.272625056656288,0.475573804017095,0.475404532100922,FALSE,"stable",32,"alpha_by_hidden_strength"
0.2,0.36,1800,899,0.351857276922067,0.682172169598556,0.0677775617454529,0.201358519705596,0.0408974653184532,0.184673308776204,0.000100868688268995,4.51551966211651,4.5044100754417,0.778541546748291,0.777995346060507,0.253200665653282,-0.0293498158772856,0.282550481530567,0.481167848292416,0.480999032432471,FALSE,"stable",33,"alpha_by_hidden_strength"
0.2,0.36,1800,902,0.31310392890362,0.657955014759682,0.0692419802901238,0.204336755388836,0.0428447555087097,0.176396732624642,0.000102613542948252,4.11711376410547,4.10727680227557,0.757111399563847,0.756529679361769,0.230277300182089,-0.0255004978901736,0.255777798072262,0.444647882845696,0.444477029282769,FALSE,"stable",34,"alpha_by_hidden_strength"
0.2,0.36,1800,899,0.315165727220377,0.656396489278213,0.0665699471539689,0.199666424666978,0.0400144971153692,0.178398839351177,0.000100370775725119,4.45835515155472,4.44719997172876,0.775702032250329,0.775139412134132,0.21087884253345,-0.0482642901450587,0.259143132678509,0.465701544327175,0.465532625996984,FALSE,"stable",35,"alpha_by_hidden_strength"
0.4,0.36,1800,879,0.224667471792635,0.825100114707367,0.134738149950268,0.420163650564863,0.156531865233453,0.277105349002679,8.86677738232472e-05,1.7702807577831,1.76927854657349,0.435117850316416,0.434797871744575,0.313053226212837,0.067623437857615,0.245429788355222,0.435909473499503,0.435749163662462,FALSE,"stable",1,"alpha_by_hidden_strength"
0.4,0.36,1800,919,0.223879854219995,0.830293985641883,0.13316958335728,0.397885508983376,0.17454049076702,0.317064989352016,0.000110250342667332,1.81656982834568,1.81542309719079,0.449511940363623,0.449164218772246,0.158603213815081,-0.078664903300929,0.23726811711601,0.456985396663733,0.456808611113545,FALSE,"stable",2,"alpha_by_hidden_strength"
0.4,0.36,1800,883,0.214946679439461,0.786240556062067,0.134067142601824,0.407731357572459,0.146972799949952,0.284939040598032,8.84074250452193e-05,1.93871955011445,1.93755406802458,0.484195638332029,0.483885370476632,0.262365403386626,-5.03841812704575e-05,0.262415787567896,0.453322045294558,0.453176779841017,FALSE,"stable",3,"alpha_by_hidden_strength"
0.4,0.36,1800,892,0.216558765144654,0.802323670768529,0.137908005246217,0.39088702436518,0.142592830530158,0.288054197182913,9.3324394706799e-05,2.02011697300581,2.01879570820726,0.504979160433436,0.504655178364716,0.165706915086579,-0.0656632398208257,0.231370154907405,0.460851776807029,0.460703917569027,FALSE,"stable",4,"alpha_by_hidden_strength"
0.4,0.36,1800,906,0.245513677072679,0.78537460508347,0.132663376851745,0.400522328527461,0.174840488767101,0.331117764285171,0.000108990475459454,1.89382772045576,1.89264789880334,0.471968865383731,0.471639706132204,0.295940290441369,0.037836920642718,0.258103369798651,0.500831719312191,0.500657044498985,FALSE,"stable",5,"alpha_by_hidden_strength"
0.4,0.36,1800,887,0.178829938945751,0.806216004950495,0.137220453301701,0.424860055051106,0.16748540981532,0.347862876559456,9.27865822883537e-05,2.07697420893576,2.07582420647428,0.51853037187573,0.518263638664052,0.175751330568038,-0.0825467928387889,0.258298123406827,0.543202542402895,0.543062812114818,FALSE,"stable",6,"alpha_by_hidden_strength"
0.4,0.36,1800,882,0.213352630879965,0.816536392998151,0.135696270237051,0.401280042584817,0.14429983473052,0.306201673799432,8.96129371306506e-05,2.12198215175551,2.12066517841549,0.528742501828913,0.528449841974971,0.300133638148389,0.00909082601009148,0.291042812138297,0.511460845183316,0.511319278377113,FALSE,"stable",7,"alpha_by_hidden_strength"
0.4,0.36,1800,892,0.21016455647085,0.83084453347906,0.129402443657809,0.396018019116321,0.147861317527073,0.277065106196539,9.42811079430199e-05,1.87381737719068,1.87262333262573,0.466330063872474,0.465989778842586,0.22598795983994,-0.0200494638475213,0.246037423687462,0.439130015770026,0.438969768069908,FALSE,"stable",8,"alpha_by_hidden_strength"
0.4,0.36,1800,832,0.225810162269773,0.796023700802346,0.13305219097356,0.416075970729383,0.124963993599785,0.205037772452071,7.2183780836486e-05,1.64077480677141,1.63982758228378,0.390531841497662,0.390179790361068,0.319539677187423,0.0600336439434188,0.259506033244005,0.360686386614199,0.360523776720692,FALSE,"stable",9,"alpha_by_hidden_strength"
0.4,0.36,1800,871,0.201830823316443,0.763339806306319,0.133929240882245,0.376522864963486,0.12373500581546,0.226821513254528,8.72790225571241e-05,1.8331232278181,1.83183110819876,0.454482936648912,0.454098145006775,0.271311090586768,0.0440421308956116,0.227268959691157,0.383307292827618,0.383144993362551,FALSE,"stable",10,"alpha_by_hidden_strength"
0.4,0.36,1800,914,0.178742814860721,0.840383056460062,0.130747051195514,0.419577336415163,0.185489017701347,0.403113036037206,0.000105364463001902,2.17324476151064,2.17201098080781,0.53985854805195,0.539597171084245,0.268246295725404,0.00393355730178202,0.264312738423622,0.591831781807205,0.591688494342954,FALSE,"stable",11,"alpha_by_hidden_strength"
0.4,0.36,1800,895,0.214218341192185,0.775157140668766,0.133614031185211,0.410699977531238,0.161519844193655,0.331511689375638,9.57583223560713e-05,2.05245176548195,2.05123567412246,0.51277783146091,0.512488977928969,0.213308848045899,-0.0632791985563563,0.276588046602255,0.529675077495586,0.529525870509592,FALSE,"stable",12,"alpha_by_hidden_strength"
0.4,0.36,1800,894,0.183886171865734,0.809315211783738,0.135565242739145,0.396038300684338,0.147494261325981,0.243038079064071,9.40374288971123e-05,1.64777989922554,1.64672999902059,0.393122831228853,0.392735906557381,0.311062493427678,0.0591577714739959,0.251904721953683,0.384884233207959,0.384694778596054,FALSE,"stable",13,"alpha_by_hidden_strength"
0.4,0.36,1800,933,0.215826441272157,0.776587325115881,0.139654385016606,0.418666338880283,0.203096803254757,0.418771827767461,0.000115868930501993,2.06193214790372,2.06075646397527,0.515017988823416,0.514741301322445,0.390549128827382,0.148923176140874,0.241625952686509,0.556302804729975,0.556153351007066,FALSE,"stable",14,"alpha_by_hidden_strength"
0.4,0.36,1800,894,0.222554326825952,0.790778827317059,0.127644897327738,0.39539604999195,0.147568915159915,0.282593415633215,9.43909227759947e-05,1.91499283793595,1.91376871566836,0.477804835511638,0.47747081880228,0.326892876401374,0.0583843655256238,0.268508510875751,0.462444815054347,0.462283147268158,FALSE,"stable",15,"alpha_by_hidden_strength"
0.4,0.36,1800,865,0.214427726873537,0.812590753498227,0.135905682389651,0.410090350637697,0.142185183233206,0.258897175565003,8.45464235458446e-05,1.82084496905963,1.81976289819088,0.450804424872893,0.450477861157544,0.267702981629308,-0.0014884491607694,0.269191430790077,0.422757612923654,0.422604461911306,FALSE,"stable",16,"alpha_by_hidden_strength"
0.4,0.36,1800,921,0.172853824233761,0.785543492463349,0.139557240460562,0.424685623575883,0.190309973644178,0.316848147922686,0.000105517970622843,1.66490563713227,1.66398303644144,0.399365358794472,0.399032335005902,0.274965964497046,0.0389074800417946,0.236058484455251,0.430919147502775,0.430739442061076,FALSE,"stable",17,"alpha_by_hidden_strength"
0.4,0.36,1800,914,0.238166136647662,0.77149241725706,0.128437497051712,0.419100789185592,0.189024026909208,0.383467820627551,0.000107616794955928,2.02867236984501,2.02751804572356,0.507066781770978,0.506786140764961,0.272648176280979,-0.0217089678324105,0.294357144113389,0.575254494019304,0.575095281910035,FALSE,"stable",18,"alpha_by_hidden_strength"
0.4,0.36,1800,885,0.224535683114599,0.768102812779822,0.140118525174179,0.411673290979475,0.153617095030329,0.293363846664596,9.06429780366603e-05,1.90970833426238,1.90858216031147,0.476359828326222,0.476050850314557,0.281616605790563,0.00219235272455243,0.279424253066011,0.470209703308006,0.47005718412302,FALSE,"stable",19,"alpha_by_hidden_strength"
0.4,0.36,1800,918,0.22283594245313,0.798447726039875,0.139849375192421,0.426779004983848,0.202147074646945,0.322107871231913,0.000110984254146116,1.59343325543781,1.59255889719297,0.372424294153922,0.37207973798483,0.253198541317301,-0.0178816123370551,0.271080153654356,0.444821106656256,0.444615291240159,FALSE,"stable",20,"alpha_by_hidden_strength"
0.4,0.36,1800,896,0.233389890961412,0.80712030311928,0.133339801167282,0.402732611336177,0.153724276120043,0.306527676373715,9.47782881698376e-05,1.99400956121172,1.99278091750738,0.498497891157393,0.498188691383685,0.14702482186516,-0.124366750953541,0.271391572818701,0.497153132682258,0.496998925931443,FALSE,"stable",21,"alpha_by_hidden_strength"
0.4,0.36,1800,873,0.188260138816378,0.78432818273947,0.134067670731605,0.402587671584624,0.145848600362748,0.315543044680147,8.99873210639867e-05,2.1634972423139,2.16216320637416,0.53778540575791,0.537500223363365,0.11183520544966,-0.159126025962484,0.270961231412145,0.512355479582727,0.512219612992717,FALSE,"stable",22,"alpha_by_hidden_strength"
0.4,0.36,1800,908,0.19586380692889,0.769973211722193,0.138658380220471,0.398267887422304,0.158980049769245,0.303326820699161,0.00010022868854419,1.90795525060806,1.9067531414942,0.475878692814571,0.475548261472189,0.393595979028897,0.134384703670949,0.259211275357948,0.46851831852838,0.468355629987557,FALSE,"stable",23,"alpha_by_hidden_strength"
0.4,0.36,1800,909,0.191090979535434,0.79878260144745,0.135399608802576,0.405592826476254,0.172860722186658,0.312384461988717,0.000105078966491043,1.80714541763513,1.80604755336648,0.446641100244925,0.446304723186277,0.310149127488778,0.0770016160129963,0.233147511475782,0.464515142704351,0.464340190524842,FALSE,"stable",24,"alpha_by_hidden_strength"
0.4,0.36,1800,880,0.189744488814853,0.792957294958937,0.127095474543354,0.41199013672518,0.160052493082369,0.291001166571378,9.42950305559613e-05,1.81816078567185,1.81709024576992,0.449993637592135,0.449669600985454,0.233568044696284,0.0105096899828159,0.223058354713468,0.433575543067141,0.433419407916237,FALSE,"stable",25,"alpha_by_hidden_strength"
0.4,0.36,1800,895,0.184959759493213,0.788471900213436,0.1427283927844,0.433427630219337,0.184896402399346,0.343020634917149,9.84226999058239e-05,1.85520448459717,1.8542174611269,0.460975860988642,0.460688931603389,0.283944306071465,-0.00518801242559941,0.289132318497064,0.501924813597673,0.501768580475915,FALSE,"stable",26,"alpha_by_hidden_strength"
0.4,0.36,1800,901,0.246872656061552,0.790615324571948,0.130557354728038,0.415337449739976,0.178347912471389,0.339084212460229,0.000103386979297546,1.90125136740597,1.90014986443924,0.47403062154565,0.473725720947219,0.237270277568768,-0.0226126631827666,0.259882940751535,0.519083448297633,0.518916481961505,FALSE,"stable",27,"alpha_by_hidden_strength"
0.4,0.36,1800,921,0.21983250441968,0.798490779437965,0.136073275631534,0.401946675158801,0.173324181637374,0.287193688404713,0.000107280867613452,1.65697414920196,1.65594918163395,0.396490282916226,0.396116734081607,0.285389320681362,0.0484529565463829,0.23693636413498,0.437174401129455,0.436968413142539,FALSE,"stable",28,"alpha_by_hidden_strength"
0.4,0.36,1800,904,0.217547028759242,0.780449775513136,0.135724160274616,0.400522566304349,0.168669176124643,0.314202073233853,0.000105143333810564,1.86283042612163,1.86166991662022,0.463182485116492,0.462847849088383,0.292889053559753,0.0357164679443829,0.25717258561537,0.472127457608126,0.471956877535986,FALSE,"stable",29,"alpha_by_hidden_strength"
0.4,0.36,1800,929,0.232499448935987,0.796334586370088,0.132446033113782,0.417715648898042,0.199678142260527,0.379448782081323,0.000114437677790297,1.90030204500923,1.89921358540178,0.473767866205109,0.473466276944069,0.287665346015011,0.0230429895411954,0.264622356473816,0.543113671102811,0.54294077701473,FALSE,"stable",30,"alpha_by_hidden_strength"
0.4,0.36,1800,872,0.215738638949877,0.764879749190105,0.129346591323063,0.406194798551594,0.145906410075014,0.275049035760761,8.84312281080906e-05,1.88510590877639,1.88396407233109,0.469525825926093,0.469204315153065,0.376473775709913,0.103541564282781,0.272932211427132,0.443855290948293,0.443703298568319,FALSE,"stable",31,"alpha_by_hidden_strength"
0.4,0.36,1800,867,0.227274709861992,0.790652682019027,0.135641042207426,0.401483357749923,0.142287712002084,0.24511244855397,8.82738971944022e-05,1.72265366492351,1.72158561014195,0.419500262669221,0.419140126341119,0.345042200382804,0.0935213687433201,0.251520831639483,0.405388781283288,0.405214733031811,FALSE,"stable",32,"alpha_by_hidden_strength"
0.4,0.36,1800,924,0.190572860307445,0.807803540719448,0.133944342358894,0.415664930903663,0.189662336572838,0.341292739287212,0.000109772694902884,1.79947555985182,1.79843466252303,0.444282533027375,0.443960895083562,0.236766939436152,-0.015264024187027,0.252030963623179,0.489714733664216,0.489537437297533,FALSE,"stable",33,"alpha_by_hidden_strength"
0.4,0.36,1800,921,0.170500785743805,0.764523477520864,0.130722320645849,0.398985377564894,0.172122776617348,0.356507416735405,0.000108124567760928,2.07123905238856,2.06993875246719,0.517197206741156,0.516893918330634,0.282181315750092,-0.00777306912122522,0.289954384871318,0.559916577868258,0.559752384104838,FALSE,"stable",34,"alpha_by_hidden_strength"
0.4,0.36,1800,870,0.211410302738592,0.776261804930149,0.133976481174425,0.396986262707471,0.136806233074971,0.267094332051384,8.68070359628631e-05,1.95235499178618,1.95111695842929,0.487798067356022,0.487473062196623,0.326053184073269,0.0402009924562294,0.28585219161704,0.465912502857304,0.46575726526197,FALSE,"stable",35,"alpha_by_hidden_strength"
